{
"type": "FeatureCollection",
"name": "best_model_predictions",
"crs": { "type": "name", "properties": { "name": "urn:ogc:def:crs:OGC:1.3:CRS84" } },
"features": [
{ "type": "Feature", "properties": { "grid_id": "93175000687", "cluster": 4, "aktual": 35.200178571428609, "prediksi": 35.184548770240283, "selisih": -0.015629801188325132, "split": "train", "model": "M4", "algoritma": "RF" }, "geometry": { "type": "Polygon", "coordinates": [ [ [ 106.68999831854822, -6.167348111284069 ], [ 106.690026978129552, -6.176390414009558 ], [ 106.699061865468977, -6.176361632931085 ], [ 106.699033052859647, -6.167319372650995 ], [ 106.68999831854822, -6.167348111284069 ] ] ] } },
{ "type": "Feature", "properties": { "grid_id": "93185000687", "cluster": 4, "aktual": 35.004789915966427, "prediksi": 35.057630805373037, "selisih": 0.052840889406610358, "split": "train", "model": "M4", "algoritma": "RF" }, "geometry": { "type": "Polygon", "coordinates": [ [ [ 106.689969701771616, -6.158305805360579 ], [ 106.68999831854822, -6.167348111284069 ], [ 106.699033052859647, -6.167319372650995 ], [ 106.699004283270625, -6.158277109181884 ], [ 106.689969701771616, -6.158305805360579 ] ] ] } },
{ "type": "Feature", "properties": { "grid_id": "93195000687", "cluster": 4, "aktual": 35.015022321428617, "prediksi": 35.149592503132148, "selisih": 0.13457018170353052, "split": "test", "model": "M4", "algoritma": "RF" }, "geometry": { "type": "Polygon", "coordinates": [ [ [ 106.689941127781765, -6.149263496257051 ], [ 106.689969701771616, -6.158305805360579 ], [ 106.699004283270625, -6.158277109181884 ], [ 106.698975556701924, -6.149234842523754 ], [ 106.689941127781765, -6.149263496257051 ] ] ] } },
{ "type": "Feature", "properties": { "grid_id": "93205000687", "cluster": 4, "aktual": 35.079467787114879, "prediksi": 35.099070368111349, "selisih": 0.019602580996469499, "split": "train", "model": "M4", "algoritma": "RF" }, "geometry": { "type": "Polygon", "coordinates": [ [ [ 106.689912596587646, -6.140221183964505 ], [ 106.689941127781765, -6.149263496257051 ], [ 106.698975556701924, -6.149234842523754 ], [ 106.698946873153545, -6.140192572676605 ], [ 106.689912596587646, -6.140221183964505 ] ] ] } },
{ "type": "Feature", "properties": { "grid_id": "93215000687", "cluster": 1, "aktual": 34.830625583566771, "prediksi": 34.904151453342173, "selisih": 0.073525869775401986, "split": "train", "model": "M4", "algoritma": "RF" }, "geometry": { "type": "Polygon", "coordinates": [ [ [ 106.689884108171313, -6.131178868491923 ], [ 106.689912596587646, -6.140221183964505 ], [ 106.698946873153545, -6.140192572676605 ], [ 106.698918232625473, -6.131150299640437 ], [ 106.689884108171313, -6.131178868491923 ] ] ] } },
{ "type": "Feature", "properties": { "grid_id": "93225000687", "cluster": 1, "aktual": 34.246067708333342, "prediksi": 34.304633830231047, "selisih": 0.058566121897705159, "split": "train", "model": "M4", "algoritma": "RF" }, "geometry": { "type": "Polygon", "coordinates": [ [ [ 106.689855662541731, -6.122136549839304 ], [ 106.689884108171313, -6.131178868491923 ], [ 106.698918232625473, -6.131150299640437 ], [ 106.698889635099761, -6.122108023442198 ], [ 106.689855662541731, -6.122136549839304 ] ] ] } },
{ "type": "Feature", "properties": { "grid_id": "93235000687", "cluster": 1, "aktual": 33.852362204724436, "prediksi": 33.917337650451884, "selisih": 0.064975445727448289, "split": "test", "model": "M4", "algoritma": "RF" }, "geometry": { "type": "Polygon", "coordinates": [ [ [ 106.689827259689935, -6.113094228015633 ], [ 106.689855662541731, -6.122136549839304 ], [ 106.698889635099761, -6.122108023442198 ], [ 106.698861080585388, -6.113065744063924 ], [ 106.689827259689935, -6.113094228015633 ] ] ] } },
{ "type": "Feature", "properties": { "grid_id": "93255000687", "cluster": 4, "aktual": 34.991508403361379, "prediksi": 35.105335563277599, "selisih": 0.1138271599162195, "split": "train", "model": "M4", "algoritma": "RF" }, "geometry": { "type": "Polygon", "coordinates": [ [ [ 106.689770582301676, -6.095009574891064 ], [ 106.689798899606913, -6.104051903029892 ], [ 106.698832569064393, -6.104023461514597 ], [ 106.698804100554725, -6.094981175812183 ], [ 106.689770582301676, -6.095009574891064 ] ] ] } },
{ "type": "Feature", "properties": { "grid_id": "93175000688", "cluster": 4, "aktual": 35.053865546218518, "prediksi": 35.043395373514976, "selisih": -0.010470172703541891, "split": "train", "model": "M4", "algoritma": "RF" }, "geometry": { "type": "Polygon", "coordinates": [ [ [ 106.699033052859647, -6.167319372650995 ], [ 106.699061865468977, -6.176361632931085 ], [ 106.708096709779113, -6.176332698573076 ], [ 106.708067744141758, -6.167290480971944 ], [ 106.699033052859647, -6.167319372650995 ] ] ] } },
{ "type": "Feature", "properties": { "grid_id": "93185000688", "cluster": 4, "aktual": 35.033204481792744, "prediksi": 35.107832063601201, "selisih": 0.074627581808456966, "split": "train", "model": "M4", "algoritma": "RF" }, "geometry": { "type": "Polygon", "coordinates": [ [ [ 106.699004283270625, -6.158277109181884 ], [ 106.699033052859647, -6.167319372650995 ], [ 106.708067744141758, -6.167290480971944 ], [ 106.708038821749312, -6.158248260181793 ], [ 106.699004283270625, -6.158277109181884 ] ] ] } },
{ "type": "Feature", "properties": { "grid_id": "93195000688", "cluster": 4, "aktual": 34.941227678571451, "prediksi": 35.134970052480654, "selisih": 0.19374237390920257, "split": "test", "model": "M4", "algoritma": "RF" }, "geometry": { "type": "Polygon", "coordinates": [ [ [ 106.698975556701924, -6.149234842523754 ], [ 106.699004283270625, -6.158277109181884 ], [ 106.708038821749312, -6.158248260181793 ], [ 106.708009942610744, -6.149206036193639 ], [ 106.698975556701924, -6.149234842523754 ] ] ] } },
{ "type": "Feature", "properties": { "grid_id": "93205000688", "cluster": 4, "aktual": 35.039120448179297, "prediksi": 35.076371345725065, "selisih": 0.037250897545767714, "split": "train", "model": "M4", "algoritma": "RF" }, "geometry": { "type": "Polygon", "coordinates": [ [ [ 106.698946873153545, -6.140192572676605 ], [ 106.698975556701924, -6.149234842523754 ], [ 106.708009942610744, -6.149206036193639 ], [ 106.707981106717071, -6.140163809016466 ], [ 106.698946873153545, -6.140192572676605 ] ] ] } },
{ "type": "Feature", "properties": { "grid_id": "93215000688", "cluster": 1, "aktual": 35.058478422619075, "prediksi": 35.087629361617154, "selisih": 0.029150938998078857, "split": "train", "model": "M4", "algoritma": "RF" }, "geometry": { "type": "Polygon", "coordinates": [ [ [ 106.698918232625473, -6.131150299640437 ], [ 106.698946873153545, -6.140192572676605 ], [ 106.707981106717071, -6.140163809016466 ], [ 106.707952314068294, -6.131121578659257 ], [ 106.698918232625473, -6.131150299640437 ] ] ] } },
{ "type": "Feature", "properties": { "grid_id": "93225000688", "cluster": 1, "aktual": 34.597869281045789, "prediksi": 34.586980105296796, "selisih": -0.010889175748992841, "split": "train", "model": "M4", "algoritma": "RF" }, "geometry": { "type": "Polygon", "coordinates": [ [ [ 106.698889635099761, -6.122108023442198 ], [ 106.698918232625473, -6.131150299640437 ], [ 106.707952314068294, -6.131121578659257 ], [ 106.707923564655445, -6.122079345122011 ], [ 106.698889635099761, -6.122108023442198 ] ] ] } },
{ "type": "Feature", "properties": { "grid_id": "93235000688", "cluster": 4, "aktual": 34.114019252232183, "prediksi": 34.176315769555856, "selisih": 0.062296517323673584, "split": "train", "model": "M4", "algoritma": "RF" }, "geometry": { "type": "Polygon", "coordinates": [ [ [ 106.698861080585388, -6.113065744063924 ], [ 106.698889635099761, -6.122108023442198 ], [ 106.707923564655445, -6.122079345122011 ], [ 106.707894858469515, -6.113037108413714 ], [ 106.698861080585388, -6.113065744063924 ] ] ] } },
{ "type": "Feature", "properties": { "grid_id": "93245000688", "cluster": 4, "aktual": 34.620025111607177, "prediksi": 34.719938410866547, "selisih": 0.099913299259370092, "split": "train", "model": "M4", "algoritma": "RF" }, "geometry": { "type": "Polygon", "coordinates": [ [ [ 106.698832569064393, -6.104023461514597 ], [ 106.698861080585388, -6.113065744063924 ], [ 106.707894858469515, -6.113037108413714 ], [ 106.707866195528482, -6.103994868534362 ], [ 106.698832569064393, -6.104023461514597 ] ] ] } },
{ "type": "Feature", "properties": { "grid_id": "93255000688", "cluster": 4, "aktual": 35.380421568627483, "prediksi": 35.413184669196447, "selisih": 0.032763100568963921, "split": "train", "model": "M4", "algoritma": "RF" }, "geometry": { "type": "Polygon", "coordinates": [ [ [ 106.698804100554725, -6.094981175812183 ], [ 106.698832569064393, -6.104023461514597 ], [ 106.707866195528482, -6.103994868534362 ], [ 106.707837575805399, -6.094952625492941 ], [ 106.698804100554725, -6.094981175812183 ] ] ] } },
{ "type": "Feature", "properties": { "grid_id": "93175000689", "cluster": 4, "aktual": 34.929081232493033, "prediksi": 34.953351083017978, "selisih": 0.024269850524945014, "split": "train", "model": "M4", "algoritma": "RF" }, "geometry": { "type": "Polygon", "coordinates": [ [ [ 106.708067744141758, -6.167290480971944 ], [ 106.708096709779113, -6.176332698573076 ], [ 106.717131510835358, -6.176303610944514 ], [ 106.717102392170005, -6.167261436246919 ], [ 106.708067744141758, -6.167290480971944 ] ] ] } },
{ "type": "Feature", "properties": { "grid_id": "93185000689", "cluster": 4, "aktual": 34.884285714285731, "prediksi": 34.93083469762901, "selisih": 0.046548983343278394, "split": "train", "model": "M4", "algoritma": "RF" }, "geometry": { "type": "Polygon", "coordinates": [ [ [ 106.708038821749312, -6.158248260181793 ], [ 106.708067744141758, -6.167290480971944 ], [ 106.717102392170005, -6.167261436246919 ], [ 106.717073316983104, -6.158219258351322 ], [ 106.708038821749312, -6.158248260181793 ] ] ] } },
{ "type": "Feature", "properties": { "grid_id": "93195000689", "cluster": 1, "aktual": 34.815333333333356, "prediksi": 34.89664421840687, "selisih": 0.081310885073513361, "split": "train", "model": "M4", "algoritma": "RF" }, "geometry": { "type": "Polygon", "coordinates": [ [ [ 106.708009942610744, -6.149206036193639 ], [ 106.708038821749312, -6.158248260181793 ], [ 106.717073316983104, -6.158219258351322 ], [ 106.717044285265686, -6.149177077266707 ], [ 106.708009942610744, -6.149206036193639 ] ] ] } },
{ "type": "Feature", "properties": { "grid_id": "93205000689", "cluster": 1, "aktual": 34.9572209821429, "prediksi": 35.017446656283951, "selisih": 0.0602256741410514, "split": "train", "model": "M4", "algoritma": "RF" }, "geometry": { "type": "Polygon", "coordinates": [ [ [ 106.707981106717071, -6.140163809016466 ], [ 106.708009942610744, -6.149206036193639 ], [ 106.717044285265686, -6.149177077266707 ], [ 106.717015297035701, -6.140134892993072 ], [ 106.707981106717071, -6.140163809016466 ] ] ] } },
{ "type": "Feature", "properties": { "grid_id": "93215000689", "cluster": 4, "aktual": 35.021218377976233, "prediksi": 35.033539161488115, "selisih": 0.012320783511881928, "split": "train", "model": "M4", "algoritma": "RF" }, "geometry": { "type": "Polygon", "coordinates": [ [ [ 106.707952314068294, -6.131121578659257 ], [ 106.707981106717071, -6.140163809016466 ], [ 106.717015297035701, -6.140134892993072 ], [ 106.716986352266218, -6.131092705530418 ], [ 106.707952314068294, -6.131121578659257 ] ] ] } },
{ "type": "Feature", "properties": { "grid_id": "93225000689", "cluster": 4, "aktual": 34.893732959850666, "prediksi": 34.958431126349396, "selisih": 0.064698166498729393, "split": "train", "model": "M4", "algoritma": "RF" }, "geometry": { "type": "Polygon", "coordinates": [ [ [ 106.707923564655445, -6.122079345122011 ], [ 106.707952314068294, -6.131121578659257 ], [ 106.716986352266218, -6.131092705530418 ], [ 106.71695745096622, -6.122050514887727 ], [ 106.707923564655445, -6.122079345122011 ] ] ] } },
{ "type": "Feature", "properties": { "grid_id": "93235000689", "cluster": 4, "aktual": 35.048105468750045, "prediksi": 35.096646246308488, "selisih": 0.048540777558443438, "split": "train", "model": "M4", "algoritma": "RF" }, "geometry": { "type": "Polygon", "coordinates": [ [ [ 106.707894858469515, -6.113037108413714 ], [ 106.707923564655445, -6.122079345122011 ], [ 106.71695745096622, -6.122050514887727 ], [ 106.716928593135691, -6.113008321073984 ], [ 106.707894858469515, -6.113037108413714 ] ] ] } },
{ "type": "Feature", "properties": { "grid_id": "93245000689", "cluster": 4, "aktual": 35.465490196078456, "prediksi": 35.291867537443828, "selisih": -0.17362265863462767, "split": "test", "model": "M4", "algoritma": "RF" }, "geometry": { "type": "Polygon", "coordinates": [ [ [ 106.707866195528482, -6.103994868534362 ], [ 106.707894858469515, -6.113037108413714 ], [ 106.716928593135691, -6.113008321073984 ], [ 106.71689977875667, -6.103966124089188 ], [ 106.707866195528482, -6.103994868534362 ] ] ] } },
{ "type": "Feature", "properties": { "grid_id": "93255000689", "cluster": 4, "aktual": 35.533330078125026, "prediksi": 35.429080663825921, "selisih": -0.10424941429910461, "split": "train", "model": "M4", "algoritma": "RF" }, "geometry": { "type": "Polygon", "coordinates": [ [ [ 106.707837575805399, -6.094952625492941 ], [ 106.707866195528482, -6.103994868534362 ], [ 106.71689977875667, -6.103966124089188 ], [ 106.716871007838137, -6.094923923942321 ], [ 106.707837575805399, -6.094952625492941 ] ] ] } },
{ "type": "Feature", "properties": { "grid_id": "93125000690", "cluster": 2, "aktual": 35.552162464986054, "prediksi": 35.339533469307135, "selisih": -0.21262899567891935, "split": "train", "model": "M4", "algoritma": "RF" }, "geometry": { "type": "Polygon", "coordinates": [ [ [ 106.717248420407145, -6.212472277656051 ], [ 106.717277756545641, -6.221514436300751 ], [ 106.726313282659106, -6.221484979743084 ], [ 106.726283792360718, -6.212442864235484 ], [ 106.717248420407145, -6.212472277656051 ] ] ] } },
{ "type": "Feature", "properties": { "grid_id": "93155000690", "cluster": 3, "aktual": 34.3271875, "prediksi": 34.398564097322932, "selisih": 0.071376597322931445, "split": "train", "model": "M4", "algoritma": "RF" }, "geometry": { "type": "Polygon", "coordinates": [ [ [ 106.717160672997139, -6.185345782444105 ], [ 106.717189878637384, -6.194387950727728 ], [ 106.726224942944924, -6.194358623572378 ], [ 106.726195583818523, -6.185316498416872 ], [ 106.717160672997139, -6.185345782444105 ] ] ] } },
{ "type": "Feature", "properties": { "grid_id": "93165000690", "cluster": 3, "aktual": 34.607837535014042, "prediksi": 34.66011075794075, "selisih": 0.052273222926707774, "split": "train", "model": "M4", "algoritma": "RF" }, "geometry": { "type": "Polygon", "coordinates": [ [ [ 106.717131510835358, -6.176303610944514 ], [ 106.717160672997139, -6.185345782444105 ], [ 106.726195583818523, -6.185316498416872 ], [ 106.726166268413138, -6.17627437005438 ], [ 106.717131510835358, -6.176303610944514 ] ] ] } },
{ "type": "Feature", "properties": { "grid_id": "93175000690", "cluster": 4, "aktual": 34.808616071428617, "prediksi": 35.029187296637971, "selisih": 0.22057122520935479, "split": "test", "model": "M4", "algoritma": "RF" }, "geometry": { "type": "Polygon", "coordinates": [ [ [ 106.717102392170005, -6.167261436246919 ], [ 106.717131510835358, -6.176303610944514 ], [ 106.726166268413138, -6.17627437005438 ], [ 106.726136996719774, -6.167232238484902 ], [ 106.717102392170005, -6.167261436246919 ] ] ] } },
{ "type": "Feature", "properties": { "grid_id": "93185000690", "cluster": 4, "aktual": 34.842656250000012, "prediksi": 34.985587510802553, "selisih": 0.14293126080254126, "split": "test", "model": "M4", "algoritma": "RF" }, "geometry": { "type": "Polygon", "coordinates": [ [ [ 106.717073316983104, -6.158219258351322 ], [ 106.717102392170005, -6.167261436246919 ], [ 106.726136996719774, -6.167232238484902 ], [ 106.726107768729449, -6.158190103717422 ], [ 106.717073316983104, -6.158219258351322 ] ] ] } },
{ "type": "Feature", "properties": { "grid_id": "93195000690", "cluster": 1, "aktual": 34.950358543417394, "prediksi": 35.038510385137833, "selisih": 0.088151841720438995, "split": "test", "model": "M4", "algoritma": "RF" }, "geometry": { "type": "Polygon", "coordinates": [ [ [ 106.717044285265686, -6.149177077266707 ], [ 106.717073316983104, -6.158219258351322 ], [ 106.726107768729449, -6.158190103717422 ], [ 106.726078584451145, -6.149147965751941 ], [ 106.717044285265686, -6.149177077266707 ] ] ] } },
{ "type": "Feature", "properties": { "grid_id": "93215000690", "cluster": 4, "aktual": 35.097356580427466, "prediksi": 35.083671154451139, "selisih": -0.013685425976326826, "split": "train", "model": "M4", "algoritma": "RF" }, "geometry": { "type": "Polygon", "coordinates": [ [ [ 106.716986352266218, -6.131092705530418 ], [ 106.717015297035701, -6.140134892993072 ], [ 106.72604944387588, -6.140105824606422 ], [ 106.726020347003654, -6.131063680262902 ], [ 106.716986352266218, -6.131092705530418 ] ] ] } },
{ "type": "Feature", "properties": { "grid_id": "93225000690", "cluster": 4, "aktual": 35.304313616071447, "prediksi": 35.333544783622301, "selisih": 0.029231167550854309, "split": "train", "model": "M4", "algoritma": "RF" }, "geometry": { "type": "Polygon", "coordinates": [ [ [ 106.71695745096622, -6.122050514887727 ], [ 106.716986352266218, -6.131092705530418 ], [ 106.726020347003654, -6.131063680262902 ], [ 106.725991293825487, -6.122021532748328 ], [ 106.71695745096622, -6.122050514887727 ] ] ] } },
{ "type": "Feature", "properties": { "grid_id": "93235000690", "cluster": 4, "aktual": 35.481901960784349, "prediksi": 35.385150536987013, "selisih": -0.096751423797336145, "split": "train", "model": "M4", "algoritma": "RF" }, "geometry": { "type": "Polygon", "coordinates": [ [ [ 106.716928593135691, -6.113008321073984 ], [ 106.71695745096622, -6.122050514887727 ], [ 106.725991293825487, -6.122021532748328 ], [ 106.725962284332383, -6.112979382053719 ], [ 106.716928593135691, -6.113008321073984 ] ] ] } },
{ "type": "Feature", "properties": { "grid_id": "93245000690", "cluster": 4, "aktual": 35.07717647058827, "prediksi": 34.973685376494053, "selisih": -0.10349109409421686, "split": "train", "model": "M4", "algoritma": "RF" }, "geometry": { "type": "Polygon", "coordinates": [ [ [ 106.71689977875667, -6.103966124089188 ], [ 106.716928593135691, -6.113008321073984 ], [ 106.725962284332383, -6.112979382053719 ], [ 106.725933318533336, -6.103937228188055 ], [ 106.71689977875667, -6.103966124089188 ] ] ] } },
{ "type": "Feature", "properties": { "grid_id": "93255000690", "cluster": 4, "aktual": 34.300019531250044, "prediksi": 34.218936473731944, "selisih": -0.081083057518100077, "split": "train", "model": "M4", "algoritma": "RF" }, "geometry": { "type": "Polygon", "coordinates": [ [ [ 106.716871007838137, -6.094923923942321 ], [ 106.71689977875667, -6.103966124089188 ], [ 106.725933318533336, -6.103937228188055 ], [ 106.725904396419367, -6.09489507115134 ], [ 106.716871007838137, -6.094923923942321 ] ] ] } },
{ "type": "Feature", "properties": { "grid_id": "93125000691", "cluster": 2, "aktual": 35.278270089285755, "prediksi": 35.167578773669675, "selisih": -0.11069131561608003, "split": "train", "model": "M4", "algoritma": "RF" }, "geometry": { "type": "Polygon", "coordinates": [ [ [ 106.726283792360718, -6.212442864235484 ], [ 106.726313282659106, -6.221484979743084 ], [ 106.735348765051569, -6.221455368791969 ], [ 106.735319120584307, -6.212413296655031 ], [ 106.726283792360718, -6.212442864235484 ] ] ] } },
{ "type": "Feature", "properties": { "grid_id": "93135000691", "cluster": 2, "aktual": 34.837665505226504, "prediksi": 34.790501532099213, "selisih": -0.047163973127290149, "split": "train", "model": "M4", "algoritma": "RF" }, "geometry": { "type": "Polygon", "coordinates": [ [ [ 106.726254345792313, -6.203400745511916 ], [ 106.726283792360718, -6.212442864235484 ], [ 106.735319120584307, -6.212413296655031 ], [ 106.735289520080599, -6.203371221284158 ], [ 106.726254345792313, -6.203400745511916 ] ] ] } },
{ "type": "Feature", "properties": { "grid_id": "93145000691", "cluster": 3, "aktual": 34.603359375000039, "prediksi": 34.555142011318047, "selisih": -0.048217363681992254, "split": "test", "model": "M4", "algoritma": "RF" }, "geometry": { "type": "Polygon", "coordinates": [ [ [ 106.726224942944924, -6.194358623572378 ], [ 106.726254345792313, -6.203400745511916 ], [ 106.735289520080599, -6.203371221284158 ], [ 106.735259963531462, -6.1943291427063 ], [ 106.726224942944924, -6.194358623572378 ] ] ] } },
{ "type": "Feature", "properties": { "grid_id": "93155000691", "cluster": 3, "aktual": 34.497943977591078, "prediksi": 34.533541948267057, "selisih": 0.035597970675979695, "split": "train", "model": "M4", "algoritma": "RF" }, "geometry": { "type": "Polygon", "coordinates": [ [ [ 106.726195583818523, -6.185316498416872 ], [ 106.726224942944924, -6.194358623572378 ], [ 106.735259963531462, -6.1943291427063 ], [ 106.735230450927901, -6.185287060903489 ], [ 106.726195583818523, -6.185316498416872 ] ] ] } },
{ "type": "Feature", "properties": { "grid_id": "93165000691", "cluster": 3, "aktual": 34.589047619047662, "prediksi": 34.696129478765194, "selisih": 0.10708185971753181, "split": "test", "model": "M4", "algoritma": "RF" }, "geometry": { "type": "Polygon", "coordinates": [ [ [ 106.726166268413138, -6.17627437005438 ], [ 106.726195583818523, -6.185316498416872 ], [ 106.735230450927901, -6.185287060903489 ], [ 106.73520098226993, -6.176244975893693 ], [ 106.726166268413138, -6.17627437005438 ] ] ] } },
{ "type": "Feature", "properties": { "grid_id": "93175000691", "cluster": 3, "aktual": 34.747477678571471, "prediksi": 34.850337784890812, "selisih": 0.10286010631934062, "split": "train", "model": "M4", "algoritma": "RF" }, "geometry": { "type": "Polygon", "coordinates": [ [ [ 106.726136996719774, -6.167232238484902 ], [ 106.726166268413138, -6.17627437005438 ], [ 106.73520098226993, -6.176244975893693 ], [ 106.735171557548554, -6.167202887685894 ], [ 106.726136996719774, -6.167232238484902 ] ] ] } },
{ "type": "Feature", "properties": { "grid_id": "93185000691", "cluster": 3, "aktual": 35.020899887514098, "prediksi": 35.107177520278874, "selisih": 0.086277632764776513, "split": "train", "model": "M4", "algoritma": "RF" }, "geometry": { "type": "Polygon", "coordinates": [ [ [ 106.726107768729449, -6.158190103717422 ], [ 106.726136996719774, -6.167232238484902 ], [ 106.735171557548554, -6.167202887685894 ], [ 106.735142176772769, -6.15816079627111 ], [ 106.726107768729449, -6.158190103717422 ] ] ] } },
{ "type": "Feature", "properties": { "grid_id": "93195000691", "cluster": 1, "aktual": 35.302165178571464, "prediksi": 35.448611928074968, "selisih": 0.14644674950350378, "split": "train", "model": "M4", "algoritma": "RF" }, "geometry": { "type": "Polygon", "coordinates": [ [ [ 106.726078584451145, -6.149147965751941 ], [ 106.726107768729449, -6.158190103717422 ], [ 106.735142176772769, -6.15816079627111 ], [ 106.735112839933578, -6.149118701658323 ], [ 106.726078584451145, -6.149147965751941 ] ] ] } },
{ "type": "Feature", "properties": { "grid_id": "93205000691", "cluster": 1, "aktual": 35.176173669467822, "prediksi": 35.163931564577155, "selisih": -0.012242104890667349, "split": "train", "model": "M4", "algoritma": "RF" }, "geometry": { "type": "Polygon", "coordinates": [ [ [ 106.72604944387588, -6.140105824606422 ], [ 106.726078584451145, -6.149147965751941 ], [ 106.735112839933578, -6.149118701658323 ], [ 106.735083547022001, -6.140076603856517 ], [ 106.72604944387588, -6.140105824606422 ] ] ] } },
{ "type": "Feature", "properties": { "grid_id": "93215000691", "cluster": 3, "aktual": 35.106785714285735, "prediksi": 35.102463472213344, "selisih": -0.0043222420723907362, "split": "train", "model": "M4", "algoritma": "RF" }, "geometry": { "type": "Polygon", "coordinates": [ [ [ 106.726020347003654, -6.131063680262902 ], [ 106.72604944387588, -6.140105824606422 ], [ 106.735083547022001, -6.140076603856517 ], [ 106.735054298038051, -6.131034502865693 ], [ 106.726020347003654, -6.131063680262902 ] ] ] } },
{ "type": "Feature", "properties": { "grid_id": "93225000691", "cluster": 4, "aktual": 35.333080357142883, "prediksi": 35.342162400581067, "selisih": 0.0090820434381839732, "split": "train", "model": "M4", "algoritma": "RF" }, "geometry": { "type": "Polygon", "coordinates": [ [ [ 106.725991293825487, -6.122021532748328 ], [ 106.726020347003654, -6.131063680262902 ], [ 106.735054298038051, -6.131034502865693 ], [ 106.735025092981715, -6.121992398694831 ], [ 106.725991293825487, -6.122021532748328 ] ] ] } },
{ "type": "Feature", "properties": { "grid_id": "93235000691", "cluster": 4, "aktual": 34.580427170868383, "prediksi": 34.513130126203301, "selisih": -0.06729704466508224, "split": "train", "model": "M4", "algoritma": "RF" }, "geometry": { "type": "Polygon", "coordinates": [ [ [ 106.725962284332383, -6.112979382053719 ], [ 106.725991293825487, -6.122021532748328 ], [ 106.735025092981715, -6.121992398694831 ], [ 106.734995931844011, -6.112950291352917 ], [ 106.725962284332383, -6.112979382053719 ] ] ] } },
{ "type": "Feature", "properties": { "grid_id": "93245000691", "cluster": 4, "aktual": 32.914893973214312, "prediksi": 32.980299958454353, "selisih": 0.06540598524004082, "split": "test", "model": "M4", "algoritma": "RF" }, "geometry": { "type": "Polygon", "coordinates": [ [ [ 106.725933318533336, -6.103937228188055 ], [ 106.725962284332383, -6.112979382053719 ], [ 106.734995931844011, -6.112950291352917 ], [ 106.73496681462494, -6.103908180830967 ], [ 106.725933318533336, -6.103937228188055 ] ] ] } },
{ "type": "Feature", "properties": { "grid_id": "93255000691", "cluster": 4, "aktual": 32.40518596787831, "prediksi": 32.557698758803674, "selisih": 0.15251279092536407, "split": "train", "model": "M4", "algoritma": "RF" }, "geometry": { "type": "Polygon", "coordinates": [ [ [ 106.725904396419367, -6.09489507115134 ], [ 106.725933318533336, -6.103937228188055 ], [ 106.73496681462494, -6.103908180830967 ], [ 106.73493774131552, -6.094866067137964 ], [ 106.725904396419367, -6.09489507115134 ] ] ] } },
{ "type": "Feature", "properties": { "grid_id": "93115000692", "cluster": 2, "aktual": 35.799877232142876, "prediksi": 35.644816402499004, "selisih": -0.15506082964387247, "split": "train", "model": "M4", "algoritma": "RF" }, "geometry": { "type": "Polygon", "coordinates": [ [ [ 106.735348765051569, -6.221455368791969 ], [ 106.735378453473388, -6.230497437703955 ], [ 106.744414046286764, -6.230467628773136 ], [ 106.744384203480479, -6.221425603447407 ], [ 106.735348765051569, -6.221455368791969 ] ] ] } },
{ "type": "Feature", "properties": { "grid_id": "93125000692", "cluster": 3, "aktual": 35.073528822055152, "prediksi": 34.957078698983423, "selisih": -0.11645012307172919, "split": "train", "model": "M4", "algoritma": "RF" }, "geometry": { "type": "Polygon", "coordinates": [ [ [ 106.735319120584307, -6.212413296655031 ], [ 106.735348765051569, -6.221455368791969 ], [ 106.744384203480479, -6.221425603447407 ], [ 106.744354404853325, -6.212383574896727 ], [ 106.735319120584307, -6.212413296655031 ] ] ] } },
{ "type": "Feature", "properties": { "grid_id": "93135000692", "cluster": 3, "aktual": 34.707042801556447, "prediksi": 34.640673965389155, "selisih": -0.0663688361672925, "split": "train", "model": "M4", "algoritma": "RF" }, "geometry": { "type": "Polygon", "coordinates": [ [ [ 106.735289520080599, -6.203371221284158 ], [ 106.735319120584307, -6.212413296655031 ], [ 106.744354404853325, -6.212383574896727 ], [ 106.744324650414313, -6.203341543121094 ], [ 106.735289520080599, -6.203371221284158 ] ] ] } },
{ "type": "Feature", "properties": { "grid_id": "93145000692", "cluster": 3, "aktual": 34.747857142857178, "prediksi": 34.79343862541657, "selisih": 0.045581482559391873, "split": "train", "model": "M4", "algoritma": "RF" }, "geometry": { "type": "Polygon", "coordinates": [ [ [ 106.735259963531462, -6.1943291427063 ], [ 106.735289520080599, -6.203371221284158 ], [ 106.744324650414313, -6.203341543121094 ], [ 106.744294940163428, -6.194299508120509 ], [ 106.735259963531462, -6.1943291427063 ] ] ] } },
{ "type": "Feature", "properties": { "grid_id": "93155000692", "cluster": 3, "aktual": 34.729652661064449, "prediksi": 34.823513338162009, "selisih": 0.093860677097559631, "split": "test", "model": "M4", "algoritma": "RF" }, "geometry": { "type": "Polygon", "coordinates": [ [ [ 106.735230450927901, -6.185287060903489 ], [ 106.735259963531462, -6.1943291427063 ], [ 106.744294940163428, -6.194299508120509 ], [ 106.744265274082707, -6.185257469903957 ], [ 106.735230450927901, -6.185287060903489 ] ] ] } },
{ "type": "Feature", "properties": { "grid_id": "93165000692", "cluster": 3, "aktual": 34.727935267857163, "prediksi": 34.782532431239666, "selisih": 0.054597163382503311, "split": "test", "model": "M4", "algoritma": "RF" }, "geometry": { "type": "Polygon", "coordinates": [ [ [ 106.73520098226993, -6.176244975893693 ], [ 106.735230450927901, -6.185287060903489 ], [ 106.744265274082707, -6.185257469903957 ], [ 106.744235652181132, -6.176215428480418 ], [ 106.73520098226993, -6.176244975893693 ] ] ] } },
{ "type": "Feature", "properties": { "grid_id": "93175000692", "cluster": 3, "aktual": 34.84691876750702, "prediksi": 34.88395078364988, "selisih": 0.037032016142859447, "split": "train", "model": "M4", "algoritma": "RF" }, "geometry": { "type": "Polygon", "coordinates": [ [ [ 106.735171557548554, -6.167202887685894 ], [ 106.73520098226993, -6.176244975893693 ], [ 106.744235652181132, -6.176215428480418 ], [ 106.744206074449707, -6.167173383849894 ], [ 106.735171557548554, -6.167202887685894 ] ] ] } },
{ "type": "Feature", "properties": { "grid_id": "93185000692", "cluster": 3, "aktual": 35.140647321428595, "prediksi": 35.206147041231446, "selisih": 0.065499719802851075, "split": "train", "model": "M4", "algoritma": "RF" }, "geometry": { "type": "Polygon", "coordinates": [ [ [ 106.735142176772769, -6.15816079627111 ], [ 106.735171557548554, -6.167202887685894 ], [ 106.744206074449707, -6.167173383849894 ], [ 106.744176540888461, -6.158131336012384 ], [ 106.735142176772769, -6.15816079627111 ] ] ] } },
{ "type": "Feature", "properties": { "grid_id": "93195000692", "cluster": 1, "aktual": 35.599218750000027, "prediksi": 35.691918723181701, "selisih": 0.092699973181673556, "split": "train", "model": "M4", "algoritma": "RF" }, "geometry": { "type": "Polygon", "coordinates": [ [ [ 106.735112839933578, -6.149118701658323 ], [ 106.735142176772769, -6.15816079627111 ], [ 106.744176540888461, -6.158131336012384 ], [ 106.744147051488383, -6.149089284976872 ], [ 106.735112839933578, -6.149118701658323 ] ] ] } },
{ "type": "Feature", "properties": { "grid_id": "93205000692", "cluster": 1, "aktual": 35.568700280112068, "prediksi": 35.641232797971988, "selisih": 0.07253251785991921, "split": "test", "model": "M4", "algoritma": "RF" }, "geometry": { "type": "Polygon", "coordinates": [ [ [ 106.735083547022001, -6.140076603856517 ], [ 106.735112839933578, -6.149118701658323 ], [ 106.744147051488383, -6.149089284976872 ], [ 106.744117606240508, -6.140047230752341 ], [ 106.735083547022001, -6.140076603856517 ] ] ] } },
{ "type": "Feature", "properties": { "grid_id": "93215000692", "cluster": 3, "aktual": 35.276863839285753, "prediksi": 35.221045626422182, "selisih": -0.055818212863570693, "split": "train", "model": "M4", "algoritma": "RF" }, "geometry": { "type": "Polygon", "coordinates": [ [ [ 106.735054298038051, -6.131034502865693 ], [ 106.735083547022001, -6.140076603856517 ], [ 106.744117606240508, -6.140047230752341 ], [ 106.744088205162797, -6.13100517333879 ], [ 106.735054298038051, -6.131034502865693 ] ] ] } },
{ "type": "Feature", "properties": { "grid_id": "93225000692", "cluster": 3, "aktual": 34.552952380952419, "prediksi": 34.505465314757096, "selisih": -0.04748706619532328, "split": "train", "model": "M4", "algoritma": "RF" }, "geometry": { "type": "Polygon", "coordinates": [ [ [ 106.735025092981715, -6.121992398694831 ], [ 106.735054298038051, -6.131034502865693 ], [ 106.744088205162797, -6.13100517333879 ], [ 106.744058848228292, -6.121963112745203 ], [ 106.735025092981715, -6.121992398694831 ] ] ] } },
{ "type": "Feature", "properties": { "grid_id": "93235000692", "cluster": 3, "aktual": 33.1640625, "prediksi": 33.067857906582013, "selisih": -0.096204593418001139, "split": "test", "model": "M4", "algoritma": "RF" }, "geometry": { "type": "Polygon", "coordinates": [ [ [ 106.734995931844011, -6.112950291352917 ], [ 106.735025092981715, -6.121992398694831 ], [ 106.744058848228292, -6.121963112745203 ], [ 106.744029535436994, -6.112921048971581 ], [ 106.734995931844011, -6.112950291352917 ] ] ] } },
{ "type": "Feature", "properties": { "grid_id": "93245000692", "cluster": 3, "aktual": 31.705134453781522, "prediksi": 31.699587965333116, "selisih": -0.0055464884484059951, "split": "train", "model": "M4", "algoritma": "RF" }, "geometry": { "type": "Polygon", "coordinates": [ [ [ 106.73496681462494, -6.103908180830967 ], [ 106.734995931844011, -6.112950291352917 ], [ 106.744029535436994, -6.112921048971581 ], [ 106.744000266797912, -6.103878982017921 ], [ 106.73496681462494, -6.103908180830967 ] ] ] } },
{ "type": "Feature", "properties": { "grid_id": "93095000693", "cluster": 2, "aktual": 35.754944196428625, "prediksi": 35.618066895106686, "selisih": -0.13687730132193821, "split": "train", "model": "M4", "algoritma": "RF" }, "geometry": { "type": "Polygon", "coordinates": [ [ [ 106.744443933290157, -6.239509650855946 ], [ 106.744473864490672, -6.248551669704821 ], [ 106.753509722567571, -6.248521618534301 ], [ 106.753479636524446, -6.239479643505246 ], [ 106.744443933290157, -6.239509650855946 ] ] ] } },
{ "type": "Feature", "properties": { "grid_id": "93105000693", "cluster": 2, "aktual": 35.8804241071429, "prediksi": 35.741560775647301, "selisih": -0.1388633314955996, "split": "train", "model": "M4", "algoritma": "RF" }, "geometry": { "type": "Polygon", "coordinates": [ [ [ 106.744414046286764, -6.230467628773136 ], [ 106.744443933290157, -6.239509650855946 ], [ 106.753479636524446, -6.239479643505246 ], [ 106.753449594911999, -6.230437665233271 ], [ 106.744414046286764, -6.230467628773136 ] ] ] } },
{ "type": "Feature", "properties": { "grid_id": "93115000693", "cluster": 2, "aktual": 35.612823529411806, "prediksi": 35.481878235007152, "selisih": -0.13094529440465408, "split": "train", "model": "M4", "algoritma": "RF" }, "geometry": { "type": "Polygon", "coordinates": [ [ [ 106.744384203480479, -6.221425603447407 ], [ 106.744414046286764, -6.230467628773136 ], [ 106.753449594911999, -6.230437665233271 ], [ 106.753419597712266, -6.221395683727363 ], [ 106.744384203480479, -6.221425603447407 ] ] ] } },
{ "type": "Feature", "properties": { "grid_id": "93125000693", "cluster": 2, "aktual": 34.842767857142888, "prediksi": 34.817283796397675, "selisih": -0.02548406074521381, "split": "train", "model": "M4", "algoritma": "RF" }, "geometry": { "type": "Polygon", "coordinates": [ [ [ 106.744354404853325, -6.212383574896727 ], [ 106.744384203480479, -6.221425603447407 ], [ 106.753419597712266, -6.221395683727363 ], [ 106.753389644934217, -6.212353698987519 ], [ 106.744354404853325, -6.212383574896727 ] ] ] } },
{ "type": "Feature", "properties": { "grid_id": "93135000693", "cluster": 3, "aktual": 34.638738839285729, "prediksi": 34.549705650910937, "selisih": -0.089033188374791905, "split": "test", "model": "M4", "algoritma": "RF" }, "geometry": { "type": "Polygon", "coordinates": [ [ [ 106.744324650414313, -6.203341543121094 ], [ 106.744354404853325, -6.212383574896727 ], [ 106.753389644934217, -6.212353698987519 ], [ 106.753359736568882, -6.203311711022723 ], [ 106.744324650414313, -6.203341543121094 ] ] ] } },
{ "type": "Feature", "properties": { "grid_id": "93145000693", "cluster": 3, "aktual": 34.869731092436986, "prediksi": 34.966671517675898, "selisih": 0.096940425238912553, "split": "test", "model": "M4", "algoritma": "RF" }, "geometry": { "type": "Polygon", "coordinates": [ [ [ 106.744294940163428, -6.194299508120509 ], [ 106.744324650414313, -6.203341543121094 ], [ 106.753359736568882, -6.203311711022723 ], [ 106.753329872616249, -6.194269719832975 ], [ 106.744294940163428, -6.194299508120509 ] ] ] } },
{ "type": "Feature", "properties": { "grid_id": "93155000693", "cluster": 3, "aktual": 34.892232142857175, "prediksi": 34.917744294403207, "selisih": 0.025512151546031703, "split": "train", "model": "M4", "algoritma": "RF" }, "geometry": { "type": "Polygon", "coordinates": [ [ [ 106.744265274082707, -6.185257469903957 ], [ 106.744294940163428, -6.194299508120509 ], [ 106.753329872616249, -6.194269719832975 ], [ 106.753300053067349, -6.185227725427258 ], [ 106.744265274082707, -6.185257469903957 ] ] ] } },
{ "type": "Feature", "properties": { "grid_id": "93165000693", "cluster": 3, "aktual": 34.869107142857175, "prediksi": 34.84618140862333, "selisih": -0.022925734233844253, "split": "test", "model": "M4", "algoritma": "RF" }, "geometry": { "type": "Polygon", "coordinates": [ [ [ 106.744235652181132, -6.176215428480418 ], [ 106.744265274082707, -6.185257469903957 ], [ 106.753300053067349, -6.185227725427258 ], [ 106.753270277931151, -6.176185727805573 ], [ 106.744235652181132, -6.176215428480418 ] ] ] } },
{ "type": "Feature", "properties": { "grid_id": "93175000693", "cluster": 3, "aktual": 35.058795518207305, "prediksi": 35.018716923455578, "selisih": -0.040078594751726371, "split": "train", "model": "M4", "algoritma": "RF" }, "geometry": { "type": "Polygon", "coordinates": [ [ [ 106.744206074449707, -6.167173383849894 ], [ 106.744235652181132, -6.176215428480418 ], [ 106.753270277931151, -6.176185727805573 ], [ 106.75324054718071, -6.167143726985885 ], [ 106.744206074449707, -6.167173383849894 ] ] ] } },
{ "type": "Feature", "properties": { "grid_id": "93185000693", "cluster": 3, "aktual": 35.134006696428592, "prediksi": 35.138708367269743, "selisih": 0.0047016708411504737, "split": "train", "model": "M4", "algoritma": "RF" }, "geometry": { "type": "Polygon", "coordinates": [ [ [ 106.744176540888461, -6.158131336012384 ], [ 106.744206074449707, -6.167173383849894 ], [ 106.75324054718071, -6.167143726985885 ], [ 106.753210860833988, -6.158101722950229 ], [ 106.744176540888461, -6.158131336012384 ] ] ] } },
{ "type": "Feature", "properties": { "grid_id": "93195000693", "cluster": 3, "aktual": 35.493070866141757, "prediksi": 35.474399215630271, "selisih": -0.018671650511485893, "split": "train", "model": "M4", "algoritma": "RF" }, "geometry": { "type": "Polygon", "coordinates": [ [ [ 106.744147051488383, -6.149089284976872 ], [ 106.744176540888461, -6.158131336012384 ], [ 106.753210860833988, -6.158101722950229 ], [ 106.753181218873024, -6.149059715725553 ], [ 106.744147051488383, -6.149089284976872 ] ] ] } },
{ "type": "Feature", "properties": { "grid_id": "93205000693", "cluster": 1, "aktual": 35.83466517857147, "prediksi": 35.776193001164991, "selisih": -0.05847217740647892, "split": "test", "model": "M4", "algoritma": "RF" }, "geometry": { "type": "Polygon", "coordinates": [ [ [ 106.744117606240508, -6.140047230752341 ], [ 106.744147051488383, -6.149089284976872 ], [ 106.753181218873024, -6.149059715725553 ], [ 106.753151621306813, -6.140017705302875 ], [ 106.744117606240508, -6.140047230752341 ] ] ] } },
{ "type": "Feature", "properties": { "grid_id": "93215000693", "cluster": 3, "aktual": 35.467770308123292, "prediksi": 35.053573380454196, "selisih": -0.41419692766909577, "split": "test", "model": "M4", "algoritma": "RF" }, "geometry": { "type": "Polygon", "coordinates": [ [ [ 106.744088205162797, -6.13100517333879 ], [ 106.744117606240508, -6.140047230752341 ], [ 106.753151621306813, -6.140017705302875 ], [ 106.753122068126359, -6.130975691691178 ], [ 106.744088205162797, -6.13100517333879 ] ] ] } },
{ "type": "Feature", "properties": { "grid_id": "93225000693", "cluster": 3, "aktual": 33.895585434173704, "prediksi": 33.569995659327262, "selisih": -0.32558977484644203, "split": "test", "model": "M4", "algoritma": "RF" }, "geometry": { "type": "Polygon", "coordinates": [ [ [ 106.744058848228292, -6.121963112745203 ], [ 106.744088205162797, -6.13100517333879 ], [ 106.753122068126359, -6.130975691691178 ], [ 106.753092559313686, -6.12193367489046 ], [ 106.744058848228292, -6.121963112745203 ] ] ] } },
{ "type": "Feature", "properties": { "grid_id": "93235000693", "cluster": 3, "aktual": 32.333229631696462, "prediksi": 32.35114548470704, "selisih": 0.017915853010578076, "split": "train", "model": "M4", "algoritma": "RF" }, "geometry": { "type": "Polygon", "coordinates": [ [ [ 106.744029535436994, -6.112921048971581 ], [ 106.744058848228292, -6.121963112745203 ], [ 106.753092559313686, -6.12193367489046 ], [ 106.753063094895765, -6.112891654909708 ], [ 106.744029535436994, -6.112921048971581 ] ] ] } },
{ "type": "Feature", "properties": { "grid_id": "93245000693", "cluster": 3, "aktual": 31.480521008403386, "prediksi": 31.502211199413679, "selisih": 0.021690191010293347, "split": "train", "model": "M4", "algoritma": "RF" }, "geometry": { "type": "Polygon", "coordinates": [ [ [ 106.744000266797912, -6.103878982017921 ], [ 106.744029535436994, -6.112921048971581 ], [ 106.753063094895765, -6.112891654909708 ], [ 106.753033674836644, -6.103849631757902 ], [ 106.744000266797912, -6.103878982017921 ] ] ] } },
{ "type": "Feature", "properties": { "grid_id": "93065000694", "cluster": 2, "aktual": 35.546974789915986, "prediksi": 35.078772691456884, "selisih": -0.46820209845910199, "split": "test", "model": "M4", "algoritma": "RF" }, "geometry": { "type": "Polygon", "coordinates": [ [ [ 106.753570027945827, -6.266605558854676 ], [ 106.753600247289953, -6.275647524137011 ], [ 106.762636526820444, -6.275617185757128 ], [ 106.762606151959986, -6.266575264519192 ], [ 106.753570027945827, -6.266605558854676 ] ] ] } },
{ "type": "Feature", "properties": { "grid_id": "93075000694", "cluster": 2, "aktual": 35.703058035714321, "prediksi": 35.287960562939361, "selisih": -0.4150974727749599, "split": "test", "model": "M4", "algoritma": "RF" }, "geometry": { "type": "Polygon", "coordinates": [ [ [ 106.75353985304136, -6.25756359032044 ], [ 106.753570027945827, -6.266605558854676 ], [ 106.762606151959986, -6.266575264519192 ], [ 106.762575821754766, -6.257533340038337 ], [ 106.75353985304136, -6.25756359032044 ] ] ] } },
{ "type": "Feature", "properties": { "grid_id": "93085000694", "cluster": 2, "aktual": 35.544285714285735, "prediksi": 35.426379956735929, "selisih": -0.11790575754980637, "split": "train", "model": "M4", "algoritma": "RF" }, "geometry": { "type": "Polygon", "coordinates": [ [ [ 106.753509722567571, -6.248521618534301 ], [ 106.75353985304136, -6.25756359032044 ], [ 106.762575821754766, -6.257533340038337 ], [ 106.762545536222774, -6.248491412296597 ], [ 106.753509722567571, -6.248521618534301 ] ] ] } },
{ "type": "Feature", "properties": { "grid_id": "93095000694", "cluster": 2, "aktual": 35.37634420697416, "prediksi": 35.327773980852271, "selisih": -0.048570226121888993, "split": "train", "model": "M4", "algoritma": "RF" }, "geometry": { "type": "Polygon", "coordinates": [ [ [ 106.753479636524446, -6.239479643505246 ], [ 106.753509722567571, -6.248521618534301 ], [ 106.762545536222774, -6.248491412296597 ], [ 106.762515295337053, -6.23944948131194 ], [ 106.753479636524446, -6.239479643505246 ] ] ] } },
{ "type": "Feature", "properties": { "grid_id": "93105000694", "cluster": 2, "aktual": 35.580859375000024, "prediksi": 35.496154302155908, "selisih": -0.084705072844116103, "split": "train", "model": "M4", "algoritma": "RF" }, "geometry": { "type": "Polygon", "coordinates": [ [ [ 106.753449594911999, -6.230437665233271 ], [ 106.753479636524446, -6.239479643505246 ], [ 106.762515295337053, -6.23944948131194 ], [ 106.762485099115565, -6.230407547075381 ], [ 106.753449594911999, -6.230437665233271 ] ] ] } },
{ "type": "Feature", "properties": { "grid_id": "93115000694", "cluster": 2, "aktual": 35.366793206793247, "prediksi": 35.168768560068628, "selisih": -0.19802464672461895, "split": "test", "model": "M4", "algoritma": "RF" }, "geometry": { "type": "Polygon", "coordinates": [ [ [ 106.753419597712266, -6.221395683727363 ], [ 106.753449594911999, -6.230437665233271 ], [ 106.762485099115565, -6.230407547075381 ], [ 106.762454947531353, -6.22136560961387 ], [ 106.753419597712266, -6.221395683727363 ] ] ] } },
{ "type": "Feature", "properties": { "grid_id": "93125000694", "cluster": 2, "aktual": 34.991912173429711, "prediksi": 34.924623793487399, "selisih": -0.067288379942311849, "split": "train", "model": "M4", "algoritma": "RF" }, "geometry": { "type": "Polygon", "coordinates": [ [ [ 106.753389644934217, -6.212353698987519 ], [ 106.753419597712266, -6.221395683727363 ], [ 106.762454947531353, -6.22136560961387 ], [ 106.762424840602407, -6.212323668918425 ], [ 106.753389644934217, -6.212353698987519 ] ] ] } },
{ "type": "Feature", "properties": { "grid_id": "93135000694", "cluster": 3, "aktual": 34.932723214285737, "prediksi": 34.923335450365592, "selisih": -0.0093877639201451757, "split": "train", "model": "M4", "algoritma": "RF" }, "geometry": { "type": "Polygon", "coordinates": [ [ [ 106.753359736568882, -6.203311711022723 ], [ 106.753389644934217, -6.212353698987519 ], [ 106.762424840602407, -6.212323668918425 ], [ 106.762394778319731, -6.203281724989044 ], [ 106.753359736568882, -6.203311711022723 ] ] ] } },
{ "type": "Feature", "properties": { "grid_id": "93145000694", "cluster": 3, "aktual": 34.950571428571443, "prediksi": 34.988200735296459, "selisih": 0.037629306725015965, "split": "train", "model": "M4", "algoritma": "RF" }, "geometry": { "type": "Polygon", "coordinates": [ [ [ 106.753329872616249, -6.194269719832975 ], [ 106.753359736568882, -6.203311711022723 ], [ 106.762394778319731, -6.203281724989044 ], [ 106.762364760665349, -6.194239777834711 ], [ 106.753329872616249, -6.194269719832975 ] ] ] } },
{ "type": "Feature", "properties": { "grid_id": "93155000694", "cluster": 3, "aktual": 34.921696428571458, "prediksi": 34.96186064557935, "selisih": 0.040164217007891523, "split": "test", "model": "M4", "algoritma": "RF" }, "geometry": { "type": "Polygon", "coordinates": [ [ [ 106.753300053067349, -6.185227725427258 ], [ 106.753329872616249, -6.194269719832975 ], [ 106.762364760665349, -6.194239777834711 ], [ 106.762334787657238, -6.185197827464409 ], [ 106.753300053067349, -6.185227725427258 ] ] ] } },
{ "type": "Feature", "properties": { "grid_id": "93165000694", "cluster": 3, "aktual": 34.997030371203621, "prediksi": 34.974465139257845, "selisih": -0.022565231945776532, "split": "train", "model": "M4", "algoritma": "RF" }, "geometry": { "type": "Polygon", "coordinates": [ [ [ 106.753270277931151, -6.176185727805573 ], [ 106.753300053067349, -6.185227725427258 ], [ 106.762334787657238, -6.185197827464409 ], [ 106.762304859268454, -6.176155873887123 ], [ 106.753270277931151, -6.176185727805573 ] ] ] } },
{ "type": "Feature", "properties": { "grid_id": "93175000694", "cluster": 3, "aktual": 35.262276785714285, "prediksi": 35.195639377959225, "selisih": -0.066637407755059996, "split": "train", "model": "M4", "algoritma": "RF" }, "geometry": { "type": "Polygon", "coordinates": [ [ [ 106.75324054718071, -6.167143726985885 ], [ 106.753270277931151, -6.176185727805573 ], [ 106.762304859268454, -6.176155873887123 ], [ 106.762274975516959, -6.167113917093867 ], [ 106.75324054718071, -6.167143726985885 ] ] ] } },
{ "type": "Feature", "properties": { "grid_id": "93185000694", "cluster": 3, "aktual": 35.175154061624653, "prediksi": 35.183006652103806, "selisih": 0.0078525904791533208, "split": "train", "model": "M4", "algoritma": "RF" }, "geometry": { "type": "Polygon", "coordinates": [ [ [ 106.753210860833988, -6.158101722950229 ], [ 106.75324054718071, -6.167143726985885 ], [ 106.762274975516959, -6.167113917093867 ], [ 106.762245136384777, -6.158071957093626 ], [ 106.753210860833988, -6.158101722950229 ] ] ] } },
{ "type": "Feature", "properties": { "grid_id": "93195000694", "cluster": 3, "aktual": 35.199196428571447, "prediksi": 35.180519809174946, "selisih": -0.018676619396501337, "split": "train", "model": "M4", "algoritma": "RF" }, "geometry": { "type": "Polygon", "coordinates": [ [ [ 106.753181218873024, -6.149059715725553 ], [ 106.753210860833988, -6.158101722950229 ], [ 106.762245136384777, -6.158071957093626 ], [ 106.762215341880903, -6.149029993895383 ], [ 106.753181218873024, -6.149059715725553 ] ] ] } },
{ "type": "Feature", "properties": { "grid_id": "93205000694", "cluster": 3, "aktual": 35.473973214285749, "prediksi": 35.442599495360071, "selisih": -0.031373718925678418, "split": "train", "model": "M4", "algoritma": "RF" }, "geometry": { "type": "Polygon", "coordinates": [ [ [ 106.753151621306813, -6.140017705302875 ], [ 106.753181218873024, -6.149059715725553 ], [ 106.762215341880903, -6.149029993895383 ], [ 106.762185591987361, -6.139988027499136 ], [ 106.753151621306813, -6.140017705302875 ] ] ] } },
{ "type": "Feature", "properties": { "grid_id": "93215000694", "cluster": 3, "aktual": 34.934156862745127, "prediksi": 34.812719240445197, "selisih": -0.12143762229992916, "split": "train", "model": "M4", "algoritma": "RF" }, "geometry": { "type": "Polygon", "coordinates": [ [ [ 106.753122068126359, -6.130975691691178 ], [ 106.753151621306813, -6.140017705302875 ], [ 106.762185591987361, -6.139988027499136 ], [ 106.762155886704164, -6.130946057913871 ], [ 106.753122068126359, -6.130975691691178 ] ] ] } },
{ "type": "Feature", "properties": { "grid_id": "93225000694", "cluster": 3, "aktual": 33.302207031250028, "prediksi": 33.171460632332838, "selisih": -0.13074639891718931, "split": "train", "model": "M4", "algoritma": "RF" }, "geometry": { "type": "Polygon", "coordinates": [ [ [ 106.753092559313686, -6.12193367489046 ], [ 106.753122068126359, -6.130975691691178 ], [ 106.762155886704164, -6.130946057913871 ], [ 106.762126226031285, -6.121904085139587 ], [ 106.753092559313686, -6.12193367489046 ] ] ] } },
{ "type": "Feature", "properties": { "grid_id": "93235000694", "cluster": 3, "aktual": 32.043166666666707, "prediksi": 32.081967290154665, "selisih": 0.038800623487958319, "split": "train", "model": "M4", "algoritma": "RF" }, "geometry": { "type": "Polygon", "coordinates": [ [ [ 106.753063094895765, -6.112891654909708 ], [ 106.753092559313686, -6.12193367489046 ], [ 106.762126226031285, -6.121904085139587 ], [ 106.762096609968765, -6.112862109185266 ], [ 106.753063094895765, -6.112891654909708 ] ] ] } },
{ "type": "Feature", "properties": { "grid_id": "93245000694", "cluster": 3, "aktual": 31.347119140625043, "prediksi": 31.420467460340696, "selisih": 0.073348319715652366, "split": "train", "model": "M4", "algoritma": "RF" }, "geometry": { "type": "Polygon", "coordinates": [ [ [ 106.753033674836644, -6.103849631757902 ], [ 106.753063094895765, -6.112891654909708 ], [ 106.762096609968765, -6.112862109185266 ], [ 106.762067038507581, -6.103820130050909 ], [ 106.753033674836644, -6.103849631757902 ] ] ] } },
{ "type": "Feature", "properties": { "grid_id": "93045000695", "cluster": 2, "aktual": 34.779118303571444, "prediksi": 34.861298023456015, "selisih": 0.082179719884571512, "split": "train", "model": "M4", "algoritma": "RF" }, "geometry": { "type": "Polygon", "coordinates": [ [ [ 106.762666946363112, -6.284659103725198 ], [ 106.762697410570013, -6.293701018432382 ], [ 106.771733957160663, -6.293670435764642 ], [ 106.77170333697029, -6.284628565335417 ], [ 106.762666946363112, -6.284659103725198 ] ] ] } },
{ "type": "Feature", "properties": { "grid_id": "93055000695", "cluster": 2, "aktual": 34.959162946428613, "prediksi": 34.964569751947408, "selisih": 0.0054068055187954656, "split": "test", "model": "M4", "algoritma": "RF" }, "geometry": { "type": "Polygon", "coordinates": [ [ [ 106.762636526820444, -6.275617185757128 ], [ 106.762666946363112, -6.284659103725198 ], [ 106.77170333697029, -6.284628565335417 ], [ 106.771672761686702, -6.275586691636326 ], [ 106.762636526820444, -6.275617185757128 ] ] ] } },
{ "type": "Feature", "properties": { "grid_id": "93065000695", "cluster": 2, "aktual": 35.238281250000043, "prediksi": 35.137561494171997, "selisih": -0.10071975582804527, "split": "train", "model": "M4", "algoritma": "RF" }, "geometry": { "type": "Polygon", "coordinates": [ [ [ 106.762606151959986, -6.266575264519192 ], [ 106.762636526820444, -6.275617185757128 ], [ 106.771672761686702, -6.275586691636326 ], [ 106.771642231300916, -6.266544814685332 ], [ 106.762606151959986, -6.266575264519192 ] ] ] } },
{ "type": "Feature", "properties": { "grid_id": "93075000695", "cluster": 2, "aktual": 35.355647321428599, "prediksi": 35.267762934398071, "selisih": -0.087884387030527478, "split": "train", "model": "M4", "algoritma": "RF" }, "geometry": { "type": "Polygon", "coordinates": [ [ [ 106.762575821754766, -6.257533340038337 ], [ 106.762606151959986, -6.266575264519192 ], [ 106.771642231300916, -6.266544814685332 ], [ 106.771611745812919, -6.257502934464472 ], [ 106.762575821754766, -6.257533340038337 ] ] ] } },
{ "type": "Feature", "properties": { "grid_id": "93085000695", "cluster": 2, "aktual": 35.169619047619058, "prediksi": 35.144815719196473, "selisih": -0.02480332842258548, "split": "train", "model": "M4", "algoritma": "RF" }, "geometry": { "type": "Polygon", "coordinates": [ [ [ 106.762545536222774, -6.248491412296597 ], [ 106.762575821754766, -6.257533340038337 ], [ 106.771611745812919, -6.257502934464472 ], [ 106.771581305213743, -6.248461051000692 ], [ 106.762545536222774, -6.248491412296597 ] ] ] } },
{ "type": "Feature", "properties": { "grid_id": "93095000695", "cluster": 2, "aktual": 35.032410714285739, "prediksi": 35.101111195704561, "selisih": 0.06870048141882279, "split": "train", "model": "M4", "algoritma": "RF" }, "geometry": { "type": "Polygon", "coordinates": [ [ [ 106.762515295337053, -6.23944948131194 ], [ 106.762545536222774, -6.248491412296597 ], [ 106.771581305213743, -6.248461051000692 ], [ 106.771550909494394, -6.239419164285012 ], [ 106.762515295337053, -6.23944948131194 ] ] ] } },
{ "type": "Feature", "properties": { "grid_id": "93105000695", "cluster": 2, "aktual": 35.389553571428614, "prediksi": 35.393130029729441, "selisih": 0.0035764583008273121, "split": "train", "model": "M4", "algoritma": "RF" }, "geometry": { "type": "Polygon", "coordinates": [ [ [ 106.762485099115565, -6.230407547075381 ], [ 106.762515295337053, -6.23944948131194 ], [ 106.771550909494394, -6.239419164285012 ], [ 106.771520558663852, -6.230377274326414 ], [ 106.762485099115565, -6.230407547075381 ] ] ] } },
{ "type": "Feature", "properties": { "grid_id": "93115000695", "cluster": 2, "aktual": 35.341488302638176, "prediksi": 35.344289884447171, "selisih": 0.0028015818089954792, "split": "train", "model": "M4", "algoritma": "RF" }, "geometry": { "type": "Polygon", "coordinates": [ [ [ 106.762454947531353, -6.22136560961387 ], [ 106.762485099115565, -6.230407547075381 ], [ 106.771520558663852, -6.230377274326414 ], [ 106.771490252704169, -6.221335381124897 ], [ 106.762454947531353, -6.22136560961387 ] ] ] } },
{ "type": "Feature", "properties": { "grid_id": "93125000695", "cluster": 2, "aktual": 35.285368303571474, "prediksi": 35.222344056188959, "selisih": -0.063024247382514886, "split": "train", "model": "M4", "algoritma": "RF" }, "geometry": { "type": "Polygon", "coordinates": [ [ [ 106.762424840602407, -6.212323668918425 ], [ 106.762454947531353, -6.22136560961387 ], [ 106.771490252704169, -6.221335381124897 ], [ 106.771459991633307, -6.212293484689445 ], [ 106.762424840602407, -6.212323668918425 ] ] ] } },
{ "type": "Feature", "properties": { "grid_id": "93135000695", "cluster": 3, "aktual": 35.304812324930005, "prediksi": 35.19250777450597, "selisih": -0.1123045504240352, "split": "test", "model": "M4", "algoritma": "RF" }, "geometry": { "type": "Polygon", "coordinates": [ [ [ 106.762394778319731, -6.203281724989044 ], [ 106.762424840602407, -6.212323668918425 ], [ 106.771459991633307, -6.212293484689445 ], [ 106.771429775424309, -6.203251585029041 ], [ 106.762394778319731, -6.203281724989044 ] ] ] } },
{ "type": "Feature", "properties": { "grid_id": "93145000695", "cluster": 3, "aktual": 35.19794642857147, "prediksi": 35.208926439870595, "selisih": 0.010980011299125181, "split": "test", "model": "M4", "algoritma": "RF" }, "geometry": { "type": "Polygon", "coordinates": [ [ [ 106.762364760665349, -6.194239777834711 ], [ 106.762394778319731, -6.203281724989044 ], [ 106.771429775424309, -6.203251585029041 ], [ 106.771399604086142, -6.194209682143686 ], [ 106.762364760665349, -6.194239777834711 ] ] ] } },
{ "type": "Feature", "properties": { "grid_id": "93155000695", "cluster": 3, "aktual": 35.086324929972037, "prediksi": 35.071333759333733, "selisih": -0.014991170638303686, "split": "train", "model": "M4", "algoritma": "RF" }, "geometry": { "type": "Polygon", "coordinates": [ [ [ 106.762334787657238, -6.185197827464409 ], [ 106.762364760665349, -6.194239777834711 ], [ 106.771399604086142, -6.194209682143686 ], [ 106.771369477609852, -6.185167776033379 ], [ 106.762334787657238, -6.185197827464409 ] ] ] } },
{ "type": "Feature", "properties": { "grid_id": "93165000695", "cluster": 3, "aktual": 35.175055803571475, "prediksi": 35.122723227408414, "selisih": -0.052332576163060196, "split": "train", "model": "M4", "algoritma": "RF" }, "geometry": { "type": "Polygon", "coordinates": [ [ [ 106.762304859268454, -6.176155873887123 ], [ 106.762334787657238, -6.185197827464409 ], [ 106.771369477609852, -6.185167776033379 ], [ 106.771339395986445, -6.176125866707102 ], [ 106.762304859268454, -6.176155873887123 ] ] ] } },
{ "type": "Feature", "properties": { "grid_id": "93175000695", "cluster": 3, "aktual": 35.381104910714321, "prediksi": 35.32138272623331, "selisih": -0.059722184481010743, "split": "train", "model": "M4", "algoritma": "RF" }, "geometry": { "type": "Polygon", "coordinates": [ [ [ 106.762274975516959, -6.167113917093867 ], [ 106.762304859268454, -6.176155873887123 ], [ 106.771339395986445, -6.176125866707102 ], [ 106.771309359233896, -6.167083954173841 ], [ 106.762274975516959, -6.167113917093867 ] ] ] } },
{ "type": "Feature", "properties": { "grid_id": "93185000695", "cluster": 3, "aktual": 35.16850980392158, "prediksi": 35.162557937200091, "selisih": -0.005951866721488841, "split": "train", "model": "M4", "algoritma": "RF" }, "geometry": { "type": "Polygon", "coordinates": [ [ [ 106.762245136384777, -6.158071957093626 ], [ 106.762274975516959, -6.167113917093867 ], [ 106.771309359233896, -6.167083954173841 ], [ 106.771279367325235, -6.158042038433594 ], [ 106.762245136384777, -6.158071957093626 ] ] ] } },
{ "type": "Feature", "properties": { "grid_id": "93195000695", "cluster": 1, "aktual": 34.984732142857141, "prediksi": 35.047032997174306, "selisih": 0.062300854317165033, "split": "train", "model": "M4", "algoritma": "RF" }, "geometry": { "type": "Polygon", "coordinates": [ [ [ 106.762215341880903, -6.149029993895383 ], [ 106.762245136384777, -6.158071957093626 ], [ 106.771279367325235, -6.158042038433594 ], [ 106.771249420260474, -6.149000119495344 ], [ 106.762215341880903, -6.149029993895383 ] ] ] } },
{ "type": "Feature", "properties": { "grid_id": "93205000695", "cluster": 1, "aktual": 35.067422969187689, "prediksi": 35.06656059697621, "selisih": -0.00086237221147911214, "split": "train", "model": "M4", "algoritma": "RF" }, "geometry": { "type": "Polygon", "coordinates": [ [ [ 106.762185591987361, -6.139988027499136 ], [ 106.762215341880903, -6.149029993895383 ], [ 106.771249420260474, -6.149000119495344 ], [ 106.771219518048582, -6.13995819735011 ], [ 106.762185591987361, -6.139988027499136 ] ] ] } },
{ "type": "Feature", "properties": { "grid_id": "93215000695", "cluster": 3, "aktual": 34.277403738839311, "prediksi": 34.170581116800811, "selisih": -0.10682262203850001, "split": "train", "model": "M4", "algoritma": "RF" }, "geometry": { "type": "Polygon", "coordinates": [ [ [ 106.762155886704164, -6.130946057913871 ], [ 106.762185591987361, -6.139988027499136 ], [ 106.771219518048582, -6.13995819735011 ], [ 106.771189660680605, -6.130916272015855 ], [ 106.762155886704164, -6.130946057913871 ] ] ] } },
{ "type": "Feature", "properties": { "grid_id": "93225000695", "cluster": 3, "aktual": 32.917408963585473, "prediksi": 32.932109274026431, "selisih": 0.014700310440957765, "split": "test", "model": "M4", "algoritma": "RF" }, "geometry": { "type": "Polygon", "coordinates": [ [ [ 106.762126226031285, -6.121904085139587 ], [ 106.762155886704164, -6.130946057913871 ], [ 106.771189660680605, -6.130916272015855 ], [ 106.771159848147548, -6.121874343492581 ], [ 106.762126226031285, -6.121904085139587 ] ] ] } },
{ "type": "Feature", "properties": { "grid_id": "93235000695", "cluster": 3, "aktual": 32.029950980392201, "prediksi": 32.039261750975598, "selisih": 0.0093107705833972432, "split": "train", "model": "M4", "algoritma": "RF" }, "geometry": { "type": "Polygon", "coordinates": [ [ [ 106.762096609968765, -6.112862109185266 ], [ 106.762126226031285, -6.121904085139587 ], [ 106.771159848147548, -6.121874343492581 ], [ 106.771130080440415, -6.112832411789271 ], [ 106.762096609968765, -6.112862109185266 ] ] ] } },
{ "type": "Feature", "properties": { "grid_id": "93245000695", "cluster": 3, "aktual": 31.311054687500032, "prediksi": 31.417734019054222, "selisih": 0.10667933155419007, "split": "train", "model": "M4", "algoritma": "RF" }, "geometry": { "type": "Polygon", "coordinates": [ [ [ 106.762067038507581, -6.103820130050909 ], [ 106.762096609968765, -6.112862109185266 ], [ 106.771130080440415, -6.112832411789271 ], [ 106.771100357568201, -6.103790476905925 ], [ 106.762067038507581, -6.103820130050909 ] ] ] } },
{ "type": "Feature", "properties": { "grid_id": "93025000696", "cluster": 2, "aktual": 34.46924107142862, "prediksi": 34.485005969625554, "selisih": 0.015764898196934496, "split": "train", "model": "M4", "algoritma": "RF" }, "geometry": { "type": "Polygon", "coordinates": [ [ [ 106.771764622248824, -6.302712302923998 ], [ 106.771795332243784, -6.311754166804504 ], [ 106.780832146568301, -6.311723338941606 ], [ 106.780801280131755, -6.30268151956364 ], [ 106.771764622248824, -6.302712302923998 ] ] ] } },
{ "type": "Feature", "properties": { "grid_id": "93035000696", "cluster": 2, "aktual": 34.505663865546246, "prediksi": 34.50758714261292, "selisih": 0.001923277066673279, "split": "train", "model": "M4", "algoritma": "RF" }, "geometry": { "type": "Polygon", "coordinates": [ [ [ 106.771733957160663, -6.293670435764642 ], [ 106.771764622248824, -6.302712302923998 ], [ 106.780801280131755, -6.30268151956364 ], [ 106.780770458844515, -6.293639696915806 ], [ 106.771733957160663, -6.293670435764642 ] ] ] } },
{ "type": "Feature", "properties": { "grid_id": "93045000696", "cluster": 2, "aktual": 34.608352941176484, "prediksi": 34.628367564839188, "selisih": 0.020014623662703457, "split": "train", "model": "M4", "algoritma": "RF" }, "geometry": { "type": "Polygon", "coordinates": [ [ [ 106.77170333697029, -6.284628565335417 ], [ 106.771733957160663, -6.293670435764642 ], [ 106.780770458844515, -6.293639696915806 ], [ 106.780739682679666, -6.284597870989121 ], [ 106.77170333697029, -6.284628565335417 ] ] ] } },
{ "type": "Feature", "properties": { "grid_id": "93055000696", "cluster": 2, "aktual": 34.729598214285758, "prediksi": 34.794302502114618, "selisih": 0.064704287828860174, "split": "train", "model": "M4", "algoritma": "RF" }, "geometry": { "type": "Polygon", "coordinates": [ [ [ 106.771672761686702, -6.275586691636326 ], [ 106.77170333697029, -6.284628565335417 ], [ 106.780739682679666, -6.284597870989121 ], [ 106.780708951655157, -6.275556041792568 ], [ 106.771672761686702, -6.275586691636326 ] ] ] } },
{ "type": "Feature", "properties": { "grid_id": "93065000696", "cluster": 2, "aktual": 34.824843750000035, "prediksi": 34.901291717486984, "selisih": 0.076447967486949153, "split": "train", "model": "M4", "algoritma": "RF" }, "geometry": { "type": "Polygon", "coordinates": [ [ [ 106.771642231300916, -6.266544814685332 ], [ 106.771672761686702, -6.275586691636326 ], [ 106.780708951655157, -6.275556041792568 ], [ 106.780678265753025, -6.26651420933513 ], [ 106.771642231300916, -6.266544814685332 ] ] ] } },
{ "type": "Feature", "properties": { "grid_id": "93075000696", "cluster": 2, "aktual": 34.880095238095265, "prediksi": 34.990495147516292, "selisih": 0.11039990942102662, "split": "train", "model": "M4", "algoritma": "RF" }, "geometry": { "type": "Polygon", "coordinates": [ [ [ 106.771611745812919, -6.257502934464472 ], [ 106.771642231300916, -6.266544814685332 ], [ 106.780678265753025, -6.26651420933513 ], [ 106.78064762497327, -6.257472373616809 ], [ 106.771611745812919, -6.257502934464472 ] ] ] } },
{ "type": "Feature", "properties": { "grid_id": "93085000696", "cluster": 2, "aktual": 34.858381696428587, "prediksi": 34.994595157987192, "selisih": 0.13621346155860437, "split": "train", "model": "M4", "algoritma": "RF" }, "geometry": { "type": "Polygon", "coordinates": [ [ [ 106.771581305213743, -6.248461051000692 ], [ 106.771611745812919, -6.257502934464472 ], [ 106.78064762497327, -6.257472373616809 ], [ 106.780617029315891, -6.248430534646586 ], [ 106.771581305213743, -6.248461051000692 ] ] ] } },
{ "type": "Feature", "properties": { "grid_id": "93095000696", "cluster": 2, "aktual": 35.036420168067252, "prediksi": 35.147031408897334, "selisih": 0.11061124083008167, "split": "train", "model": "M4", "algoritma": "RF" }, "geometry": { "type": "Polygon", "coordinates": [ [ [ 106.771550909494394, -6.239419164285012 ], [ 106.771581305213743, -6.248461051000692 ], [ 106.780617029315891, -6.248430534646586 ], [ 106.780586478771909, -6.239388692433445 ], [ 106.771550909494394, -6.239419164285012 ] ] ] } },
{ "type": "Feature", "properties": { "grid_id": "93105000696", "cluster": 2, "aktual": 35.435594823295212, "prediksi": 35.49951166013259, "selisih": 0.06391683683737881, "split": "train", "model": "M4", "algoritma": "RF" }, "geometry": { "type": "Polygon", "coordinates": [ [ [ 106.771520558663852, -6.230377274326414 ], [ 106.771550909494394, -6.239419164285012 ], [ 106.780586478771909, -6.239388692433445 ], [ 106.780555973332326, -6.230346846968402 ], [ 106.771520558663852, -6.230377274326414 ] ] ] } },
{ "type": "Feature", "properties": { "grid_id": "93115000696", "cluster": 2, "aktual": 35.521071428571481, "prediksi": 35.506723031147665, "selisih": -0.01434839742381655, "split": "train", "model": "M4", "algoritma": "RF" }, "geometry": { "type": "Polygon", "coordinates": [ [ [ 106.771490252704169, -6.221335381124897 ], [ 106.771520558663852, -6.230377274326414 ], [ 106.780555973332326, -6.230346846968402 ], [ 106.78052551300614, -6.221304998260441 ], [ 106.771490252704169, -6.221335381124897 ] ] ] } },
{ "type": "Feature", "properties": { "grid_id": "93125000696", "cluster": 2, "aktual": 35.573932773109291, "prediksi": 35.561680358320707, "selisih": -0.012252414788584076, "split": "test", "model": "M4", "algoritma": "RF" }, "geometry": { "type": "Polygon", "coordinates": [ [ [ 106.771459991633307, -6.212293484689445 ], [ 106.771490252704169, -6.221335381124897 ], [ 106.78052551300614, -6.221304998260441 ], [ 106.780495097784367, -6.212263146318546 ], [ 106.771459991633307, -6.212293484689445 ] ] ] } },
{ "type": "Feature", "properties": { "grid_id": "93135000696", "cluster": 3, "aktual": 35.619187675070073, "prediksi": 35.712203099314024, "selisih": 0.093015424243951372, "split": "test", "model": "M4", "algoritma": "RF" }, "geometry": { "type": "Polygon", "coordinates": [ [ [ 106.771429775424309, -6.203251585029041 ], [ 106.771459991633307, -6.212293484689445 ], [ 106.780495097784367, -6.212263146318546 ], [ 106.780464727658028, -6.203221291151698 ], [ 106.771429775424309, -6.203251585029041 ] ] ] } },
{ "type": "Feature", "properties": { "grid_id": "93145000696", "cluster": 3, "aktual": 35.550736607142909, "prediksi": 35.504088121735485, "selisih": -0.046648485407423834, "split": "train", "model": "M4", "algoritma": "RF" }, "geometry": { "type": "Polygon", "coordinates": [ [ [ 106.771399604086142, -6.194209682143686 ], [ 106.771429775424309, -6.203251585029041 ], [ 106.780464727658028, -6.203221291151698 ], [ 106.780434402636089, -6.194179432750916 ], [ 106.771399604086142, -6.194209682143686 ] ] ] } },
{ "type": "Feature", "properties": { "grid_id": "93155000696", "cluster": 3, "aktual": 35.361865546218532, "prediksi": 35.278339514726305, "selisih": -0.083526031492226593, "split": "train", "model": "M4", "algoritma": "RF" }, "geometry": { "type": "Polygon", "coordinates": [ [ [ 106.771369477609852, -6.185167776033379 ], [ 106.771399604086142, -6.194209682143686 ], [ 106.780434402636089, -6.194179432750916 ], [ 106.780404122700602, -6.185137571125181 ], [ 106.771369477609852, -6.185167776033379 ] ] ] } },
{ "type": "Feature", "properties": { "grid_id": "93165000696", "cluster": 3, "aktual": 35.44049107142861, "prediksi": 35.305910357148619, "selisih": -0.1345807142799913, "split": "test", "model": "M4", "algoritma": "RF" }, "geometry": { "type": "Polygon", "coordinates": [ [ [ 106.771339395986445, -6.176125866707102 ], [ 106.771369477609852, -6.185167776033379 ], [ 106.780404122700602, -6.185137571125181 ], [ 106.780373887851553, -6.176095706292461 ], [ 106.771339395986445, -6.176125866707102 ] ] ] } },
{ "type": "Feature", "properties": { "grid_id": "93175000696", "cluster": 3, "aktual": 35.455915966386598, "prediksi": 35.382810490487891, "selisih": -0.073105475898707084, "split": "train", "model": "M4", "algoritma": "RF" }, "geometry": { "type": "Polygon", "coordinates": [ [ [ 106.771309359233896, -6.167083954173841 ], [ 106.771339395986445, -6.176125866707102 ], [ 106.780373887851553, -6.176095706292461 ], [ 106.780343698088956, -6.167053838243772 ], [ 106.771309359233896, -6.167083954173841 ] ] ] } },
{ "type": "Feature", "properties": { "grid_id": "93185000696", "cluster": 3, "aktual": 35.089419642857159, "prediksi": 35.142075026558139, "selisih": 0.052655383700979996, "split": "train", "model": "M4", "algoritma": "RF" }, "geometry": { "type": "Polygon", "coordinates": [ [ [ 106.771279367325235, -6.158042038433594 ], [ 106.771309359233896, -6.167083954173841 ], [ 106.780343698088956, -6.167053838243772 ], [ 106.780313553412796, -6.158011966979115 ], [ 106.771279367325235, -6.158042038433594 ] ] ] } },
{ "type": "Feature", "properties": { "grid_id": "93195000696", "cluster": 3, "aktual": 34.89639775910365, "prediksi": 34.947403892582123, "selisih": 0.051006133478473714, "split": "train", "model": "M4", "algoritma": "RF" }, "geometry": { "type": "Polygon", "coordinates": [ [ [ 106.771249420260474, -6.149000119495344 ], [ 106.771279367325235, -6.158042038433594 ], [ 106.780313553412796, -6.158011966979115 ], [ 106.780283453805126, -6.148970092525438 ], [ 106.771249420260474, -6.149000119495344 ] ] ] } },
{ "type": "Feature", "properties": { "grid_id": "93205000696", "cluster": 1, "aktual": 34.886089635854368, "prediksi": 34.963869420741851, "selisih": 0.077779784887482606, "split": "train", "model": "M4", "algoritma": "RF" }, "geometry": { "type": "Polygon", "coordinates": [ [ [ 106.771219518048582, -6.13995819735011 ], [ 106.771249420260474, -6.149000119495344 ], [ 106.780283453805126, -6.148970092525438 ], [ 106.780253399274898, -6.139928214864776 ], [ 106.771219518048582, -6.13995819735011 ] ] ] } },
{ "type": "Feature", "properties": { "grid_id": "93215000696", "cluster": 3, "aktual": 34.254023437500024, "prediksi": 34.207640660314496, "selisih": -0.046382777185527857, "split": "train", "model": "M4", "algoritma": "RF" }, "geometry": { "type": "Polygon", "coordinates": [ [ [ 106.771189660680605, -6.130916272015855 ], [ 106.771219518048582, -6.13995819735011 ], [ 106.780253399274898, -6.139928214864776 ], [ 106.780223389813159, -6.130886334006111 ], [ 106.771189660680605, -6.130916272015855 ] ] ] } },
{ "type": "Feature", "properties": { "grid_id": "93225000696", "cluster": 3, "aktual": 33.242705882352972, "prediksi": 33.20749177920387, "selisih": -0.035214103149101561, "split": "train", "model": "M4", "algoritma": "RF" }, "geometry": { "type": "Polygon", "coordinates": [ [ [ 106.771159848147548, -6.121874343492581 ], [ 106.771189660680605, -6.130916272015855 ], [ 106.780223389813159, -6.130886334006111 ], [ 106.780193425419895, -6.12184444996741 ], [ 106.771159848147548, -6.121874343492581 ] ] ] } },
{ "type": "Feature", "properties": { "grid_id": "93235000696", "cluster": 3, "aktual": 32.541601562500041, "prediksi": 32.540010265100051, "selisih": -0.0015912973999903102, "split": "train", "model": "M4", "algoritma": "RF" }, "geometry": { "type": "Polygon", "coordinates": [ [ [ 106.771130080440415, -6.112832411789271 ], [ 106.771159848147548, -6.121874343492581 ], [ 106.780193425419895, -6.12184444996741 ], [ 106.780163506086126, -6.112802562739691 ], [ 106.771130080440415, -6.112832411789271 ] ] ] } },
{ "type": "Feature", "properties": { "grid_id": "93025000697", "cluster": 2, "aktual": 34.597854341736756, "prediksi": 34.5331399444403, "selisih": -0.064714397296455672, "split": "train", "model": "M4", "algoritma": "RF" }, "geometry": { "type": "Polygon", "coordinates": [ [ [ 106.780801280131755, -6.30268151956364 ], [ 106.780832146568301, -6.311723338941606 ], [ 106.789868915743511, -6.311692354439472 ], [ 106.789837892883313, -6.302650579797607 ], [ 106.780801280131755, -6.30268151956364 ] ] ] } },
{ "type": "Feature", "properties": { "grid_id": "93035000697", "cluster": 2, "aktual": 34.668571428571475, "prediksi": 34.706547180290535, "selisih": 0.037975751719059758, "split": "train", "model": "M4", "algoritma": "RF" }, "geometry": { "type": "Polygon", "coordinates": [ [ [ 106.780770458844515, -6.293639696915806 ], [ 106.780801280131755, -6.30268151956364 ], [ 106.789837892883313, -6.302650579797607 ], [ 106.789806915397023, -6.293608801876891 ], [ 106.780770458844515, -6.293639696915806 ] ] ] } },
{ "type": "Feature", "properties": { "grid_id": "93045000697", "cluster": 2, "aktual": 34.459642857142903, "prediksi": 34.621457275373217, "selisih": 0.16181441823031406, "split": "test", "model": "M4", "algoritma": "RF" }, "geometry": { "type": "Polygon", "coordinates": [ [ [ 106.780739682679666, -6.284597870989121 ], [ 106.780770458844515, -6.293639696915806 ], [ 106.789806915397023, -6.293608801876891 ], [ 106.789775983266665, -6.284567020686307 ], [ 106.780739682679666, -6.284597870989121 ] ] ] } },
{ "type": "Feature", "properties": { "grid_id": "93055000697", "cluster": 2, "aktual": 34.387997750281265, "prediksi": 34.486425763760302, "selisih": 0.098428013479036736, "split": "train", "model": "M4", "algoritma": "RF" }, "geometry": { "type": "Polygon", "coordinates": [ [ [ 106.780708951655157, -6.275556041792568 ], [ 106.780739682679666, -6.284597870989121 ], [ 106.789775983266665, -6.284567020686307 ], [ 106.789745096492254, -6.275525236216873 ], [ 106.780708951655157, -6.275556041792568 ] ] ] } },
{ "type": "Feature", "properties": { "grid_id": "93065000697", "cluster": 2, "aktual": 34.638303571428608, "prediksi": 34.712526317647374, "selisih": 0.074222746218765678, "split": "train", "model": "M4", "algoritma": "RF" }, "geometry": { "type": "Polygon", "coordinates": [ [ [ 106.780678265753025, -6.26651420933513 ], [ 106.780708951655157, -6.275556041792568 ], [ 106.789745096492254, -6.275525236216873 ], [ 106.789714255082771, -6.266483448486553 ], [ 106.780678265753025, -6.26651420933513 ] ] ] } },
{ "type": "Feature", "properties": { "grid_id": "93075000697", "cluster": 2, "aktual": 35.007154061624682, "prediksi": 35.070369758368166, "selisih": 0.063215696743483818, "split": "test", "model": "M4", "algoritma": "RF" }, "geometry": { "type": "Polygon", "coordinates": [ [ [ 106.78064762497327, -6.257472373616809 ], [ 106.780678265753025, -6.26651420933513 ], [ 106.789714255082771, -6.266483448486553 ], [ 106.789683459020225, -6.25744165749535 ], [ 106.78064762497327, -6.257472373616809 ] ] ] } },
{ "type": "Feature", "properties": { "grid_id": "93085000697", "cluster": 2, "aktual": 35.189484593837591, "prediksi": 35.249005080964494, "selisih": 0.059520487126903276, "split": "train", "model": "M4", "algoritma": "RF" }, "geometry": { "type": "Polygon", "coordinates": [ [ [ 106.780617029315891, -6.248430534646586 ], [ 106.78064762497327, -6.257472373616809 ], [ 106.789683459020225, -6.25744165749535 ], [ 106.789652708304644, -6.248399863252245 ], [ 106.780617029315891, -6.248430534646586 ] ] ] } },
{ "type": "Feature", "properties": { "grid_id": "93095000697", "cluster": 2, "aktual": 35.129569773855529, "prediksi": 35.197442645672602, "selisih": 0.067872871817073133, "split": "train", "model": "M4", "algoritma": "RF" }, "geometry": { "type": "Polygon", "coordinates": [ [ [ 106.780586478771909, -6.239388692433445 ], [ 106.780617029315891, -6.248430534646586 ], [ 106.789652708304644, -6.248399863252245 ], [ 106.789622002927032, -6.239358065757238 ], [ 106.780586478771909, -6.239388692433445 ] ] ] } },
{ "type": "Feature", "properties": { "grid_id": "93105000697", "cluster": 2, "aktual": 35.339614035087756, "prediksi": 35.402541674831781, "selisih": 0.062927639744025043, "split": "train", "model": "M4", "algoritma": "RF" }, "geometry": { "type": "Polygon", "coordinates": [ [ [ 106.780555973332326, -6.230346846968402 ], [ 106.780586478771909, -6.239388692433445 ], [ 106.789622002927032, -6.239358065757238 ], [ 106.789591342896387, -6.23031626501033 ], [ 106.780555973332326, -6.230346846968402 ] ] ] } },
{ "type": "Feature", "properties": { "grid_id": "93115000697", "cluster": 2, "aktual": 35.276875, "prediksi": 35.292576070722731, "selisih": 0.015701070722698773, "split": "train", "model": "M4", "algoritma": "RF" }, "geometry": { "type": "Polygon", "coordinates": [ [ [ 106.78052551300614, -6.221304998260441 ], [ 106.780555973332326, -6.230346846968402 ], [ 106.789591342896387, -6.23031626501033 ], [ 106.78956072820371, -6.221274461029488 ], [ 106.78052551300614, -6.221304998260441 ] ] ] } },
{ "type": "Feature", "properties": { "grid_id": "93125000697", "cluster": 2, "aktual": 35.335277310924404, "prediksi": 35.335333582120732, "selisih": 5.6271196328339101e-05, "split": "train", "model": "M4", "algoritma": "RF" }, "geometry": { "type": "Polygon", "coordinates": [ [ [ 106.780495097784367, -6.212263146318546 ], [ 106.78052551300614, -6.221304998260441 ], [ 106.78956072820371, -6.221274461029488 ], [ 106.789530158840009, -6.212232653805727 ], [ 106.780495097784367, -6.212263146318546 ] ] ] } },
{ "type": "Feature", "properties": { "grid_id": "93135000697", "cluster": 3, "aktual": 35.712857142857182, "prediksi": 35.763256365623199, "selisih": 0.050399222766017715, "split": "train", "model": "M4", "algoritma": "RF" }, "geometry": { "type": "Polygon", "coordinates": [ [ [ 106.780464727658028, -6.203221291151698 ], [ 106.780495097784367, -6.212263146318546 ], [ 106.789530158840009, -6.212232653805727 ], [ 106.78949963480531, -6.203190843348031 ], [ 106.780464727658028, -6.203221291151698 ] ] ] } },
{ "type": "Feature", "properties": { "grid_id": "93145000697", "cluster": 3, "aktual": 35.734504201680693, "prediksi": 35.747665857571789, "selisih": 0.013161655891096302, "split": "test", "model": "M4", "algoritma": "RF" }, "geometry": { "type": "Polygon", "coordinates": [ [ [ 106.780434402636089, -6.194179432750916 ], [ 106.780464727658028, -6.203221291151698 ], [ 106.78949963480531, -6.203190843348031 ], [ 106.789469156090618, -6.194149029665383 ], [ 106.780434402636089, -6.194179432750916 ] ] ] } },
{ "type": "Feature", "properties": { "grid_id": "93155000697", "cluster": 3, "aktual": 35.545658482142883, "prediksi": 35.504933511677287, "selisih": -0.040724970465596755, "split": "train", "model": "M4", "algoritma": "RF" }, "geometry": { "type": "Polygon", "coordinates": [ [ [ 106.780404122700602, -6.185137571125181 ], [ 106.780434402636089, -6.194179432750916 ], [ 106.789469156090618, -6.194149029665383 ], [ 106.789438722704915, -6.185107212757784 ], [ 106.780404122700602, -6.185137571125181 ] ] ] } },
{ "type": "Feature", "properties": { "grid_id": "93165000697", "cluster": 3, "aktual": 35.387478991596666, "prediksi": 35.394493379790056, "selisih": 0.0070143881933901753, "split": "train", "model": "M4", "algoritma": "RF" }, "geometry": { "type": "Polygon", "coordinates": [ [ [ 106.780373887851553, -6.176095706292461 ], [ 106.780404122700602, -6.185137571125181 ], [ 106.789438722704915, -6.185107212757784 ], [ 106.789408334630224, -6.176065392634215 ], [ 106.780373887851553, -6.176095706292461 ] ] ] } },
{ "type": "Feature", "properties": { "grid_id": "93175000697", "cluster": 3, "aktual": 35.206481792717113, "prediksi": 35.298864093414139, "selisih": 0.092382300697025244, "split": "test", "model": "M4", "algoritma": "RF" }, "geometry": { "type": "Polygon", "coordinates": [ [ [ 106.780343698088956, -6.167053838243772 ], [ 106.780373887851553, -6.176095706292461 ], [ 106.789408334630224, -6.176065392634215 ], [ 106.789377991866559, -6.167023569294678 ], [ 106.780343698088956, -6.167053838243772 ] ] ] } },
{ "type": "Feature", "properties": { "grid_id": "93185000697", "cluster": 3, "aktual": 35.141540178571447, "prediksi": 35.200155394349807, "selisih": 0.058615215778360152, "split": "train", "model": "M4", "algoritma": "RF" }, "geometry": { "type": "Polygon", "coordinates": [ [ [ 106.780313553412796, -6.158011966979115 ], [ 106.780343698088956, -6.167053838243772 ], [ 106.789377991866559, -6.167023569294678 ], [ 106.789347694413919, -6.157981742739173 ], [ 106.780313553412796, -6.158011966979115 ] ] ] } },
{ "type": "Feature", "properties": { "grid_id": "93195000697", "cluster": 3, "aktual": 35.134571428571455, "prediksi": 35.218967227220432, "selisih": 0.08439579864897695, "split": "train", "model": "M4", "algoritma": "RF" }, "geometry": { "type": "Polygon", "coordinates": [ [ [ 106.780283453805126, -6.148970092525438 ], [ 106.780313553412796, -6.158011966979115 ], [ 106.789347694413919, -6.157981742739173 ], [ 106.789317442272306, -6.148939912985664 ], [ 106.780283453805126, -6.148970092525438 ] ] ] } },
{ "type": "Feature", "properties": { "grid_id": "93205000697", "cluster": 1, "aktual": 35.035535714285757, "prediksi": 35.083055493701771, "selisih": 0.047519779416013819, "split": "train", "model": "M4", "algoritma": "RF" }, "geometry": { "type": "Polygon", "coordinates": [ [ [ 106.780253399274898, -6.139928214864776 ], [ 106.780283453805126, -6.148970092525438 ], [ 106.789317442272306, -6.148939912985664 ], [ 106.789287235432738, -6.139898080034154 ], [ 106.780253399274898, -6.139928214864776 ] ] ] } },
{ "type": "Feature", "properties": { "grid_id": "93215000697", "cluster": 3, "aktual": 34.51499159663868, "prediksi": 34.516693816056204, "selisih": 0.0017022194175240202, "split": "train", "model": "M4", "algoritma": "RF" }, "geometry": { "type": "Polygon", "coordinates": [ [ [ 106.780223389813159, -6.130886334006111 ], [ 106.780253399274898, -6.139928214864776 ], [ 106.789287235432738, -6.139898080034154 ], [ 106.789257073886219, -6.130856243884641 ], [ 106.780223389813159, -6.130886334006111 ] ] ] } },
{ "type": "Feature", "properties": { "grid_id": "93225000697", "cluster": 3, "aktual": 33.757193080357155, "prediksi": 34.081446563373952, "selisih": 0.32425348301679691, "split": "test", "model": "M4", "algoritma": "RF" }, "geometry": { "type": "Polygon", "coordinates": [ [ [ 106.780193425419895, -6.12184444996741 ], [ 106.780223389813159, -6.130886334006111 ], [ 106.789257073886219, -6.130856243884641 ], [ 106.789226957632749, -6.121814404546108 ], [ 106.780193425419895, -6.12184444996741 ] ] ] } },
{ "type": "Feature", "properties": { "grid_id": "93235000697", "cluster": 3, "aktual": 33.038764705882386, "prediksi": 33.108669345657496, "selisih": 0.069904639775110411, "split": "train", "model": "M4", "algoritma": "RF" }, "geometry": { "type": "Polygon", "coordinates": [ [ [ 106.780163506086126, -6.112802562739691 ], [ 106.780193425419895, -6.12184444996741 ], [ 106.789226957632749, -6.121814404546108 ], [ 106.789196886672343, -6.112772562018558 ], [ 106.780163506086126, -6.112802562739691 ] ] ] } },
{ "type": "Feature", "properties": { "grid_id": "92965000698", "cluster": 1, "aktual": 33.461383928571472, "prediksi": 33.679811428281113, "selisih": 0.21842749970964093, "split": "test", "model": "M4", "algoritma": "RF" }, "geometry": { "type": "Polygon", "coordinates": [ [ [ 106.790024710671034, -6.356901178304342 ], [ 106.790056005810598, -6.365942933174288 ], [ 106.799093672968709, -6.365911522268838 ], [ 106.799062220031075, -6.356869812359572 ], [ 106.790024710671034, -6.356901178304342 ] ] ] } },
{ "type": "Feature", "properties": { "grid_id": "92975000698", "cluster": 1, "aktual": 33.706473214285758, "prediksi": 33.777898628477566, "selisih": 0.07142541419180759, "split": "train", "model": "M4", "algoritma": "RF" }, "geometry": { "type": "Polygon", "coordinates": [ [ [ 106.789993460923341, -6.347859420128596 ], [ 106.790024710671034, -6.356901178304342 ], [ 106.799062220031075, -6.356869812359572 ], [ 106.799030812709915, -6.347828099153489 ], [ 106.789993460923341, -6.347859420128596 ] ] ] } },
{ "type": "Feature", "properties": { "grid_id": "93025000698", "cluster": 2, "aktual": 34.873761160714331, "prediksi": 34.82055669953759, "selisih": -0.053204461176740381, "split": "train", "model": "M4", "algoritma": "RF" }, "geometry": { "type": "Polygon", "coordinates": [ [ [ 106.789837892883313, -6.302650579797607 ], [ 106.789868915743511, -6.311692354439472 ], [ 106.798905639544813, -6.31166121331607 ], [ 106.798874460269957, -6.302619483634884 ], [ 106.789837892883313, -6.302650579797607 ] ] ] } },
{ "type": "Feature", "properties": { "grid_id": "93035000698", "cluster": 2, "aktual": 34.788984375000055, "prediksi": 34.779125186182284, "selisih": -0.0098591888177708142, "split": "train", "model": "M4", "algoritma": "RF" }, "geometry": { "type": "Polygon", "coordinates": [ [ [ 106.789806915397023, -6.293608801876891 ], [ 106.789837892883313, -6.302650579797607 ], [ 106.798874460269957, -6.302619483634884 ], [ 106.798843326584603, -6.293577750665865 ], [ 106.789806915397023, -6.293608801876891 ] ] ] } },
{ "type": "Feature", "properties": { "grid_id": "93045000698", "cluster": 2, "aktual": 34.573271708683521, "prediksi": 34.617429611188719, "selisih": 0.04415790250519791, "split": "train", "model": "M4", "algoritma": "RF" }, "geometry": { "type": "Polygon", "coordinates": [ [ [ 106.789775983266665, -6.284567020686307 ], [ 106.789806915397023, -6.293608801876891 ], [ 106.798843326584603, -6.293577750665865 ], [ 106.79881223848875, -6.284536014426977 ], [ 106.789775983266665, -6.284567020686307 ] ] ] } },
{ "type": "Feature", "properties": { "grid_id": "93055000698", "cluster": 2, "aktual": 34.474196428571467, "prediksi": 34.535395690501481, "selisih": 0.061199261930013904, "split": "train", "model": "M4", "algoritma": "RF" }, "geometry": { "type": "Polygon", "coordinates": [ [ [ 106.789745096492254, -6.275525236216873 ], [ 106.789775983266665, -6.284567020686307 ], [ 106.79881223848875, -6.284536014426977 ], [ 106.7987811959824, -6.275494274918223 ], [ 106.789745096492254, -6.275525236216873 ] ] ] } },
{ "type": "Feature", "properties": { "grid_id": "93065000698", "cluster": 2, "aktual": 34.660290178571451, "prediksi": 34.658493118512666, "selisih": -0.0017970600587844388, "split": "train", "model": "M4", "algoritma": "RF" }, "geometry": { "type": "Polygon", "coordinates": [ [ [ 106.789714255082771, -6.266483448486553 ], [ 106.789745096492254, -6.275525236216873 ], [ 106.7987811959824, -6.275494274918223 ], [ 106.79875019905657, -6.2664525321396 ], [ 106.789714255082771, -6.266483448486553 ] ] ] } },
{ "type": "Feature", "properties": { "grid_id": "93075000698", "cluster": 2, "aktual": 35.242395950506214, "prediksi": 35.208631306151801, "selisih": -0.033764644354413065, "split": "train", "model": "M4", "algoritma": "RF" }, "geometry": { "type": "Polygon", "coordinates": [ [ [ 106.789683459020225, -6.25744165749535 ], [ 106.789714255082771, -6.266483448486553 ], [ 106.79875019905657, -6.2664525321396 ], [ 106.798719247711247, -6.257410786100094 ], [ 106.789683459020225, -6.25744165749535 ] ] ] } },
{ "type": "Feature", "properties": { "grid_id": "93085000698", "cluster": 2, "aktual": 35.355424107142888, "prediksi": 35.334074918004816, "selisih": -0.021349189138071267, "split": "train", "model": "M4", "algoritma": "RF" }, "geometry": { "type": "Polygon", "coordinates": [ [ [ 106.789652708304644, -6.248399863252245 ], [ 106.789683459020225, -6.25744165749535 ], [ 106.798719247711247, -6.257410786100094 ], [ 106.798688341946445, -6.248369036808685 ], [ 106.789652708304644, -6.248399863252245 ] ] ] } },
{ "type": "Feature", "properties": { "grid_id": "93095000698", "cluster": 2, "aktual": 35.072906918865115, "prediksi": 35.089469488626968, "selisih": 0.01656256976185233, "split": "test", "model": "M4", "algoritma": "RF" }, "geometry": { "type": "Polygon", "coordinates": [ [ [ 106.789622002927032, -6.239358065757238 ], [ 106.789652708304644, -6.248399863252245 ], [ 106.798688341946445, -6.248369036808685 ], [ 106.798657481753182, -6.239327284256392 ], [ 106.789622002927032, -6.239358065757238 ] ] ] } },
{ "type": "Feature", "properties": { "grid_id": "93105000698", "cluster": 2, "aktual": 34.929955357142887, "prediksi": 34.908988033430504, "selisih": -0.020967323712383745, "split": "train", "model": "M4", "algoritma": "RF" }, "geometry": { "type": "Polygon", "coordinates": [ [ [ 106.789591342896387, -6.23031626501033 ], [ 106.789622002927032, -6.239358065757238 ], [ 106.798657481753182, -6.239327284256392 ], [ 106.798626667122477, -6.230285528461182 ], [ 106.789591342896387, -6.23031626501033 ] ] ] } },
{ "type": "Feature", "properties": { "grid_id": "93115000698", "cluster": 2, "aktual": 34.633719887955216, "prediksi": 34.648315924246965, "selisih": 0.014596036291749215, "split": "train", "model": "M4", "algoritma": "RF" }, "geometry": { "type": "Polygon", "coordinates": [ [ [ 106.78956072820371, -6.221274461029488 ], [ 106.789591342896387, -6.23031626501033 ], [ 106.798626667122477, -6.230285528461182 ], [ 106.798595898063297, -6.221243769423053 ], [ 106.78956072820371, -6.221274461029488 ] ] ] } },
{ "type": "Feature", "properties": { "grid_id": "93125000698", "cluster": 2, "aktual": 34.791160714285745, "prediksi": 34.749579132225058, "selisih": -0.041581582060686628, "split": "train", "model": "M4", "algoritma": "RF" }, "geometry": { "type": "Polygon", "coordinates": [ [ [ 106.789530158840009, -6.212232653805727 ], [ 106.78956072820371, -6.221274461029488 ], [ 106.798595898063297, -6.221243769423053 ], [ 106.798565174566662, -6.212202007142006 ], [ 106.789530158840009, -6.212232653805727 ] ] ] } },
{ "type": "Feature", "properties": { "grid_id": "93135000698", "cluster": 2, "aktual": 35.449383753501444, "prediksi": 35.436748519590893, "selisih": -0.01263523391055088, "split": "train", "model": "M4", "algoritma": "RF" }, "geometry": { "type": "Polygon", "coordinates": [ [ [ 106.78949963480531, -6.203190843348031 ], [ 106.789530158840009, -6.212232653805727 ], [ 106.798565174566662, -6.212202007142006 ], [ 106.798534496623603, -6.203160241627023 ], [ 106.78949963480531, -6.203190843348031 ] ] ] } },
{ "type": "Feature", "properties": { "grid_id": "93145000698", "cluster": 3, "aktual": 35.709092436974828, "prediksi": 35.705535256354544, "selisih": -0.0035571806202838729, "split": "train", "model": "M4", "algoritma": "RF" }, "geometry": { "type": "Polygon", "coordinates": [ [ [ 106.789469156090618, -6.194149029665383 ], [ 106.78949963480531, -6.203190843348031 ], [ 106.798534496623603, -6.203160241627023 ], [ 106.798503864225125, -6.194118472887089 ], [ 106.789469156090618, -6.194149029665383 ] ] ] } },
{ "type": "Feature", "properties": { "grid_id": "93155000698", "cluster": 3, "aktual": 35.628928571428588, "prediksi": 35.586568879211001, "selisih": -0.042359692217587508, "split": "train", "model": "M4", "algoritma": "RF" }, "geometry": { "type": "Polygon", "coordinates": [ [ [ 106.789438722704915, -6.185107212757784 ], [ 106.789469156090618, -6.194149029665383 ], [ 106.798503864225125, -6.194118472887089 ], [ 106.798473277389206, -6.185076700922203 ], [ 106.789438722704915, -6.185107212757784 ] ] ] } },
{ "type": "Feature", "properties": { "grid_id": "93165000698", "cluster": 3, "aktual": 35.364274509803941, "prediksi": 35.40632735272272, "selisih": 0.04205284291877831, "split": "test", "model": "M4", "algoritma": "RF" }, "geometry": { "type": "Polygon", "coordinates": [ [ [ 106.789408334630224, -6.176065392634215 ], [ 106.789438722704915, -6.185107212757784 ], [ 106.798473277389206, -6.185076700922203 ], [ 106.798442736088887, -6.176034925732365 ], [ 106.789408334630224, -6.176065392634215 ] ] ] } },
{ "type": "Feature", "properties": { "grid_id": "93175000698", "cluster": 3, "aktual": 35.207220982142893, "prediksi": 35.252496999829411, "selisih": 0.045276017686518344, "split": "train", "model": "M4", "algoritma": "RF" }, "geometry": { "type": "Polygon", "coordinates": [ [ [ 106.789377991866559, -6.167023569294678 ], [ 106.789408334630224, -6.176065392634215 ], [ 106.798442736088887, -6.176034925732365 ], [ 106.79841224033315, -6.166993147326559 ], [ 106.789377991866559, -6.167023569294678 ] ] ] } },
{ "type": "Feature", "properties": { "grid_id": "93185000698", "cluster": 3, "aktual": 35.298885154061658, "prediksi": 35.344581055214981, "selisih": 0.045695901153322893, "split": "train", "model": "M4", "algoritma": "RF" }, "geometry": { "type": "Polygon", "coordinates": [ [ [ 106.789347694413919, -6.157981742739173 ], [ 106.789377991866559, -6.167023569294678 ], [ 106.79841224033315, -6.166993147326559 ], [ 106.798381790121994, -6.157951365713767 ], [ 106.789347694413919, -6.157981742739173 ] ] ] } },
{ "type": "Feature", "properties": { "grid_id": "93195000698", "cluster": 3, "aktual": 35.311450892857167, "prediksi": 35.382858297881761, "selisih": 0.071407405024594084, "split": "train", "model": "M4", "algoritma": "RF" }, "geometry": { "type": "Polygon", "coordinates": [ [ [ 106.789317442272306, -6.148939912985664 ], [ 106.789347694413919, -6.157981742739173 ], [ 106.798381790121994, -6.157951365713767 ], [ 106.798351385437456, -6.148909580893989 ], [ 106.789317442272306, -6.148939912985664 ] ] ] } },
{ "type": "Feature", "properties": { "grid_id": "93205000698", "cluster": 3, "aktual": 35.32582072829134, "prediksi": 35.33646047079246, "selisih": 0.010639742501119542, "split": "train", "model": "M4", "algoritma": "RF" }, "geometry": { "type": "Polygon", "coordinates": [ [ [ 106.789287235432738, -6.139898080034154 ], [ 106.789317442272306, -6.148939912985664 ], [ 106.798351385437456, -6.148909580893989 ], [ 106.798321026288534, -6.139867792876209 ], [ 106.789287235432738, -6.139898080034154 ] ] ] } },
{ "type": "Feature", "properties": { "grid_id": "93215000698", "cluster": 3, "aktual": 34.882504201680703, "prediksi": 34.93670255072098, "selisih": 0.054198349040277094, "split": "train", "model": "M4", "algoritma": "RF" }, "geometry": { "type": "Polygon", "coordinates": [ [ [ 106.789257073886219, -6.130856243884641 ], [ 106.789287235432738, -6.139898080034154 ], [ 106.798321026288534, -6.139867792876209 ], [ 106.798290712657234, -6.130826001660426 ], [ 106.789257073886219, -6.130856243884641 ] ] ] } },
{ "type": "Feature", "properties": { "grid_id": "93225000698", "cluster": 3, "aktual": 34.041787109375043, "prediksi": 34.186664512035492, "selisih": 0.14487740266044824, "split": "train", "model": "M4", "algoritma": "RF" }, "geometry": { "type": "Polygon", "coordinates": [ [ [ 106.789226957632749, -6.121814404546108 ], [ 106.789257073886219, -6.130856243884641 ], [ 106.798290712657234, -6.130826001660426 ], [ 106.798260444561535, -6.121784207246642 ], [ 106.789226957632749, -6.121814404546108 ] ] ] } },
{ "type": "Feature", "properties": { "grid_id": "93235000698", "cluster": 3, "aktual": 33.162196078431414, "prediksi": 33.09892133854148, "selisih": -0.06327473988993404, "split": "train", "model": "M4", "algoritma": "RF" }, "geometry": { "type": "Polygon", "coordinates": [ [ [ 106.789196886672343, -6.112772562018558 ], [ 106.789226957632749, -6.121814404546108 ], [ 106.798260444561535, -6.121784207246642 ], [ 106.798230221974492, -6.112742409652821 ], [ 106.789196886672343, -6.112772562018558 ] ] ] } },
{ "type": "Feature", "properties": { "grid_id": "93245000698", "cluster": 3, "aktual": 32.06313636363641, "prediksi": 32.069834371046063, "selisih": 0.0066980074096534281, "split": "train", "model": "M4", "algoritma": "RF" }, "geometry": { "type": "Polygon", "coordinates": [ [ [ 106.789166861005, -6.103730716310969 ], [ 106.789196886672343, -6.112772562018558 ], [ 106.798230221974492, -6.112742409652821 ], [ 106.798200044905087, -6.10370060886998 ], [ 106.789166861005, -6.103730716310969 ] ] ] } },
{ "type": "Feature", "properties": { "grid_id": "92965000699", "cluster": 1, "aktual": 33.510459383753528, "prediksi": 33.768587926243342, "selisih": 0.25812854248981409, "split": "train", "model": "M4", "algoritma": "RF" }, "geometry": { "type": "Polygon", "coordinates": [ [ [ 106.799062220031075, -6.356869812359572 ], [ 106.799093672968709, -6.365911522268838 ], [ 106.808131294492398, -6.365879953376679 ], [ 106.80809968376569, -6.356838288670638 ], [ 106.799062220031075, -6.356869812359572 ] ] ] } },
{ "type": "Feature", "properties": { "grid_id": "92975000699", "cluster": 4, "aktual": 33.989252232142888, "prediksi": 34.078069499682549, "selisih": 0.088817267539660349, "split": "train", "model": "M4", "algoritma": "RF" }, "geometry": { "type": "Polygon", "coordinates": [ [ [ 106.799030812709915, -6.347828099153489 ], [ 106.799062220031075, -6.356869812359572 ], [ 106.80809968376569, -6.356838288670638 ], [ 106.80806811888003, -6.347796620649814 ], [ 106.799030812709915, -6.347828099153489 ] ] ] } },
{ "type": "Feature", "properties": { "grid_id": "92985000699", "cluster": 4, "aktual": 34.775267857142879, "prediksi": 34.658256703134334, "selisih": -0.11701115400854434, "split": "test", "model": "M4", "algoritma": "RF" }, "geometry": { "type": "Polygon", "coordinates": [ [ [ 106.798999451005187, -6.338786382641605 ], [ 106.799030812709915, -6.347828099153489 ], [ 106.80806811888003, -6.347796620649814 ], [ 106.808036599844357, -6.33875494932319 ], [ 106.798999451005187, -6.338786382641605 ] ] ] } },
{ "type": "Feature", "properties": { "grid_id": "92995000699", "cluster": 4, "aktual": 34.884980392156891, "prediksi": 34.815714667808493, "selisih": -0.069265724348397839, "split": "train", "model": "M4", "algoritma": "RF" }, "geometry": { "type": "Polygon", "coordinates": [ [ [ 106.798968134916919, -6.329744662823922 ], [ 106.798999451005187, -6.338786382641605 ], [ 106.808036599844357, -6.33875494932319 ], [ 106.808005126649732, -6.329713274699747 ], [ 106.798968134916919, -6.329744662823922 ] ] ] } },
{ "type": "Feature", "properties": { "grid_id": "93025000699", "cluster": 3, "aktual": 35.045703125000017, "prediksi": 34.964906534468511, "selisih": -0.080796590531505785, "split": "train", "model": "M4", "algoritma": "RF" }, "geometry": { "type": "Polygon", "coordinates": [ [ [ 106.798874460269957, -6.302619483634884 ], [ 106.798905639544813, -6.31166121331607 ], [ 106.807942317756613, -6.311629915571396 ], [ 106.807910982058118, -6.302588231066486 ], [ 106.798874460269957, -6.302619483634884 ] ] ] } },
{ "type": "Feature", "properties": { "grid_id": "93035000699", "cluster": 2, "aktual": 34.829025210084069, "prediksi": 34.825015639509367, "selisih": -0.0040095705747020816, "split": "train", "model": "M4", "algoritma": "RF" }, "geometry": { "type": "Polygon", "coordinates": [ [ [ 106.798843326584603, -6.293577750665865 ], [ 106.798874460269957, -6.302619483634884 ], [ 106.807910982058118, -6.302588231066486 ], [ 106.807879692173699, -6.293546543291709 ], [ 106.798843326584603, -6.293577750665865 ] ] ] } },
{ "type": "Feature", "properties": { "grid_id": "93045000699", "cluster": 2, "aktual": 34.742466517857153, "prediksi": 34.784343412203306, "selisih": 0.041876894346152937, "split": "train", "model": "M4", "algoritma": "RF" }, "geometry": { "type": "Polygon", "coordinates": [ [ [ 106.79881223848875, -6.284536014426977 ], [ 106.798843326584603, -6.293577750665865 ], [ 106.807879692173699, -6.293546543291709 ], [ 106.807848448121334, -6.284504852229097 ], [ 106.79881223848875, -6.284536014426977 ] ] ] } },
{ "type": "Feature", "properties": { "grid_id": "93055000699", "cluster": 2, "aktual": 34.801081232493011, "prediksi": 34.806367755818194, "selisih": 0.0052865233251822019, "split": "train", "model": "M4", "algoritma": "RF" }, "geometry": { "type": "Polygon", "coordinates": [ [ [ 106.7987811959824, -6.275494274918223 ], [ 106.79881223848875, -6.284536014426977 ], [ 106.807848448121334, -6.284504852229097 ], [ 106.807817249883044, -6.275463157896618 ], [ 106.7987811959824, -6.275494274918223 ] ] ] } },
{ "type": "Feature", "properties": { "grid_id": "93065000699", "cluster": 2, "aktual": 34.946112044817937, "prediksi": 34.968066971128522, "selisih": 0.02195492631058471, "split": "train", "model": "M4", "algoritma": "RF" }, "geometry": { "type": "Polygon", "coordinates": [ [ [ 106.79875019905657, -6.2664525321396 ], [ 106.7987811959824, -6.275494274918223 ], [ 106.807817249883044, -6.275463157896618 ], [ 106.807786097449849, -6.266421460303254 ], [ 106.79875019905657, -6.2664525321396 ] ] ] } },
{ "type": "Feature", "properties": { "grid_id": "93075000699", "cluster": 2, "aktual": 35.135747767857161, "prediksi": 35.113882338517357, "selisih": -0.021865429339804621, "split": "train", "model": "M4", "algoritma": "RF" }, "geometry": { "type": "Polygon", "coordinates": [ [ [ 106.798719247711247, -6.257410786100094 ], [ 106.79875019905657, -6.2664525321396 ], [ 106.807786097449849, -6.266421460303254 ], [ 106.80775499083073, -6.257379759440023 ], [ 106.798719247711247, -6.257410786100094 ] ] ] } },
{ "type": "Feature", "properties": { "grid_id": "93085000699", "cluster": 2, "aktual": 34.89309705561616, "prediksi": 34.94463413102963, "selisih": 0.051537075413470745, "split": "train", "model": "M4", "algoritma": "RF" }, "geometry": { "type": "Polygon", "coordinates": [ [ [ 106.798688341946445, -6.248369036808685 ], [ 106.798719247711247, -6.257410786100094 ], [ 106.80775499083073, -6.257379759440023 ], [ 106.807723930016721, -6.248338055324891 ], [ 106.798688341946445, -6.248369036808685 ] ] ] } },
{ "type": "Feature", "properties": { "grid_id": "93095000699", "cluster": 2, "aktual": 34.709523809523837, "prediksi": 34.722444621803149, "selisih": 0.012920812279311633, "split": "train", "model": "M4", "algoritma": "RF" }, "geometry": { "type": "Polygon", "coordinates": [ [ [ 106.798657481753182, -6.239327284256392 ], [ 106.798688341946445, -6.248369036808685 ], [ 106.807723930016721, -6.248338055324891 ], [ 106.807692915007792, -6.239296347948874 ], [ 106.798657481753182, -6.239327284256392 ] ] ] } },
{ "type": "Feature", "properties": { "grid_id": "93105000699", "cluster": 2, "aktual": 34.425814732142889, "prediksi": 34.47116564502263, "selisih": 0.04535091287974069, "split": "train", "model": "M4", "algoritma": "RF" }, "geometry": { "type": "Polygon", "coordinates": [ [ [ 106.798626667122477, -6.230285528461182 ], [ 106.798657481753182, -6.239327284256392 ], [ 106.807692915007792, -6.239296347948874 ], [ 106.807661945786009, -6.230254637320956 ], [ 106.798626667122477, -6.230285528461182 ] ] ] } },
{ "type": "Feature", "properties": { "grid_id": "93115000699", "cluster": 2, "aktual": 33.965843137254943, "prediksi": 34.153845986371202, "selisih": 0.18800284911625909, "split": "test", "model": "M4", "algoritma": "RF" }, "geometry": { "type": "Polygon", "coordinates": [ [ [ 106.798595898063297, -6.221243769423053 ], [ 106.798626667122477, -6.230285528461182 ], [ 106.807661945786009, -6.230254637320956 ], [ 106.807631022369307, -6.221212923450119 ], [ 106.798595898063297, -6.221243769423053 ] ] ] } },
{ "type": "Feature", "properties": { "grid_id": "93125000699", "cluster": 2, "aktual": 34.150156250000045, "prediksi": 34.127085292995055, "selisih": -0.023070957004989623, "split": "test", "model": "M4", "algoritma": "RF" }, "geometry": { "type": "Polygon", "coordinates": [ [ [ 106.798565174566662, -6.212202007142006 ], [ 106.798595898063297, -6.221243769423053 ], [ 106.807631022369307, -6.221212923450119 ], [ 106.80760014473077, -6.212171206345348 ], [ 106.798565174566662, -6.212202007142006 ] ] ] } },
{ "type": "Feature", "properties": { "grid_id": "93135000699", "cluster": 3, "aktual": 34.946896358543448, "prediksi": 34.975347534699296, "selisih": 0.028451176155847691, "split": "train", "model": "M4", "algoritma": "RF" }, "geometry": { "type": "Polygon", "coordinates": [ [ [ 106.798534496623603, -6.203160241627023 ], [ 106.798565174566662, -6.212202007142006 ], [ 106.80760014473077, -6.212171206345348 ], [ 106.807569312888333, -6.203129485997658 ], [ 106.798534496623603, -6.203160241627023 ] ] ] } },
{ "type": "Feature", "properties": { "grid_id": "93145000699", "cluster": 3, "aktual": 35.454341517857152, "prediksi": 35.48787808838739, "selisih": 0.033536570530237952, "split": "train", "model": "M4", "algoritma": "RF" }, "geometry": { "type": "Polygon", "coordinates": [ [ [ 106.798503864225125, -6.194118472887089 ], [ 106.798534496623603, -6.203160241627023 ], [ 106.807569312888333, -6.203129485997658 ], [ 106.807538526815065, -6.194087762425016 ], [ 106.798503864225125, -6.194118472887089 ] ] ] } },
{ "type": "Feature", "properties": { "grid_id": "93155000699", "cluster": 3, "aktual": 35.780868347338945, "prediksi": 35.777235536287535, "selisih": -0.003632811051410556, "split": "train", "model": "M4", "algoritma": "RF" }, "geometry": { "type": "Polygon", "coordinates": [ [ [ 106.798473277389206, -6.185076700922203 ], [ 106.798503864225125, -6.194118472887089 ], [ 106.807538526815065, -6.194087762425016 ], [ 106.807507786528916, -6.185046035627423 ], [ 106.798473277389206, -6.185076700922203 ] ] ] } },
{ "type": "Feature", "properties": { "grid_id": "93165000699", "cluster": 3, "aktual": 35.828214285714303, "prediksi": 35.823763597064286, "selisih": -0.0044506886500172982, "split": "train", "model": "M4", "algoritma": "RF" }, "geometry": { "type": "Polygon", "coordinates": [ [ [ 106.798442736088887, -6.176034925732365 ], [ 106.798473277389206, -6.185076700922203 ], [ 106.807507786528916, -6.185046035627423 ], [ 106.807477092011936, -6.176004305604877 ], [ 106.798442736088887, -6.176034925732365 ] ] ] } },
{ "type": "Feature", "properties": { "grid_id": "93175000699", "cluster": 3, "aktual": 35.666414565826351, "prediksi": 35.564313106808079, "selisih": -0.10210145901827161, "split": "test", "model": "M4", "algoritma": "RF" }, "geometry": { "type": "Polygon", "coordinates": [ [ [ 106.79841224033315, -6.166993147326559 ], [ 106.798442736088887, -6.176034925732365 ], [ 106.807477092011936, -6.176004305604877 ], [ 106.807446443273108, -6.16696257235738 ], [ 106.79841224033315, -6.166993147326559 ] ] ] } },
{ "type": "Feature", "properties": { "grid_id": "93185000699", "cluster": 3, "aktual": 35.672420168067234, "prediksi": 35.663701933402429, "selisih": -0.0087182346648049247, "split": "train", "model": "M4", "algoritma": "RF" }, "geometry": { "type": "Polygon", "coordinates": [ [ [ 106.798381790121994, -6.157951365713767 ], [ 106.79841224033315, -6.166993147326559 ], [ 106.807446443273108, -6.16696257235738 ], [ 106.807415840294468, -6.157920835911881 ], [ 106.798381790121994, -6.157951365713767 ] ] ] } },
{ "type": "Feature", "properties": { "grid_id": "93195000699", "cluster": 3, "aktual": 35.731607142857143, "prediksi": 35.725347066881291, "selisih": -0.0062600759758524305, "split": "train", "model": "M4", "algoritma": "RF" }, "geometry": { "type": "Polygon", "coordinates": [ [ [ 106.798351385437456, -6.148909580893989 ], [ 106.798381790121994, -6.157951365713767 ], [ 106.807415840294468, -6.157920835911881 ], [ 106.807385283075988, -6.148879096250412 ], [ 106.798351385437456, -6.148909580893989 ] ] ] } },
{ "type": "Feature", "properties": { "grid_id": "93205000699", "cluster": 3, "aktual": 35.70787114845939, "prediksi": 35.642737569073311, "selisih": -0.065133579386078111, "split": "train", "model": "M4", "algoritma": "RF" }, "geometry": { "type": "Polygon", "coordinates": [ [ [ 106.798321026288534, -6.139867792876209 ], [ 106.798351385437456, -6.148909580893989 ], [ 106.807385283075988, -6.148879096250412 ], [ 106.80735477161771, -6.139837353390941 ], [ 106.798321026288534, -6.139867792876209 ] ] ] } },
{ "type": "Feature", "properties": { "grid_id": "93215000699", "cluster": 3, "aktual": 35.224946986607158, "prediksi": 35.2105606651985, "selisih": -0.014386321408657921, "split": "test", "model": "M4", "algoritma": "RF" }, "geometry": { "type": "Polygon", "coordinates": [ [ [ 106.798290712657234, -6.130826001660426 ], [ 106.798321026288534, -6.139867792876209 ], [ 106.80735477161771, -6.139837353390941 ], [ 106.807324305910612, -6.130795607324485 ], [ 106.798290712657234, -6.130826001660426 ] ] ] } },
{ "type": "Feature", "properties": { "grid_id": "93225000699", "cluster": 3, "aktual": 33.941442577030834, "prediksi": 33.919923540554265, "selisih": -0.021519036476568942, "split": "train", "model": "M4", "algoritma": "RF" }, "geometry": { "type": "Polygon", "coordinates": [ [ [ 106.798260444561535, -6.121784207246642 ], [ 106.798290712657234, -6.130826001660426 ], [ 106.807324305910612, -6.130795607324485 ], [ 106.807293885963702, -6.12175385806901 ], [ 106.798260444561535, -6.121784207246642 ] ] ] } },
{ "type": "Feature", "properties": { "grid_id": "93235000699", "cluster": 3, "aktual": 32.760058593750024, "prediksi": 32.819501327707258, "selisih": 0.059442733957233429, "split": "train", "model": "M4", "algoritma": "RF" }, "geometry": { "type": "Polygon", "coordinates": [ [ [ 106.798230221974492, -6.112742409652821 ], [ 106.798260444561535, -6.121784207246642 ], [ 106.807293885963702, -6.12175385806901 ], [ 106.807263511759004, -6.112712105624515 ], [ 106.798230221974492, -6.112742409652821 ] ] ] } },
{ "type": "Feature", "properties": { "grid_id": "93245000699", "cluster": 3, "aktual": 32.066176470588282, "prediksi": 32.174587867564128, "selisih": 0.10841139697584623, "split": "train", "model": "M4", "algoritma": "RF" }, "geometry": { "type": "Polygon", "coordinates": [ [ [ 106.798200044905087, -6.10370060886998 ], [ 106.798230221974492, -6.112742409652821 ], [ 106.807263511759004, -6.112712105624515 ], [ 106.807233183296532, -6.103670349999984 ], [ 106.798200044905087, -6.10370060886998 ] ] ] } },
{ "type": "Feature", "properties": { "grid_id": "92975000700", "cluster": 4, "aktual": 34.2434375, "prediksi": 34.325871642770252, "selisih": 0.08243414277024641, "split": "train", "model": "M4", "algoritma": "RF" }, "geometry": { "type": "Polygon", "coordinates": [ [ [ 106.80806811888003, -6.347796620649814 ], [ 106.80809968376569, -6.356838288670638 ], [ 106.817137101650303, -6.356806607219575 ], [ 106.81710537920911, -6.347764984617571 ], [ 106.80806811888003, -6.347796620649814 ] ] ] } },
{ "type": "Feature", "properties": { "grid_id": "92985000700", "cluster": 4, "aktual": 34.64757812500001, "prediksi": 34.616085237579462, "selisih": -0.031492887420547788, "split": "train", "model": "M4", "algoritma": "RF" }, "geometry": { "type": "Polygon", "coordinates": [ [ [ 106.808036599844357, -6.33875494932319 ], [ 106.80806811888003, -6.347796620649814 ], [ 106.81710537920911, -6.347764984617571 ], [ 106.817073702842507, -6.338723358709768 ], [ 106.808036599844357, -6.33875494932319 ] ] ] } },
{ "type": "Feature", "properties": { "grid_id": "92995000700", "cluster": 4, "aktual": 34.840095238095259, "prediksi": 34.766007327325184, "selisih": -0.074087910770074927, "split": "train", "model": "M4", "algoritma": "RF" }, "geometry": { "type": "Polygon", "coordinates": [ [ [ 106.808005126649732, -6.329713274699747 ], [ 106.808036599844357, -6.33875494932319 ], [ 106.817073702842507, -6.338723358709768 ], [ 106.817042072541511, -6.329681729505146 ], [ 106.808005126649732, -6.329713274699747 ] ] ] } },
{ "type": "Feature", "properties": { "grid_id": "93005000700", "cluster": 4, "aktual": 34.876272321428601, "prediksi": 34.77986244127549, "selisih": -0.096409880153110805, "split": "test", "model": "M4", "algoritma": "RF" }, "geometry": { "type": "Polygon", "coordinates": [ [ [ 106.807973699287146, -6.320671596779489 ], [ 106.808005126649732, -6.329713274699747 ], [ 106.817042072541511, -6.329681729505146 ], [ 106.817010488306138, -6.320640096994725 ], [ 106.807973699287146, -6.320671596779489 ] ] ] } },
{ "type": "Feature", "properties": { "grid_id": "93015000700", "cluster": 4, "aktual": 34.742980877390345, "prediksi": 34.691334212985133, "selisih": -0.051646664405211595, "split": "train", "model": "M4", "algoritma": "RF" }, "geometry": { "type": "Polygon", "coordinates": [ [ [ 106.807942317756613, -6.311629915571396 ], [ 106.807973699287146, -6.320671596779489 ], [ 106.817010488306138, -6.320640096994725 ], [ 106.81697895013636, -6.31159846119647 ], [ 106.807942317756613, -6.311629915571396 ] ] ] } },
{ "type": "Feature", "properties": { "grid_id": "93025000700", "cluster": 4, "aktual": 34.578727678571447, "prediksi": 34.568127953611508, "selisih": -0.010599724959938328, "split": "train", "model": "M4", "algoritma": "RF" }, "geometry": { "type": "Polygon", "coordinates": [ [ [ 106.807910982058118, -6.302588231066486 ], [ 106.807942317756613, -6.311629915571396 ], [ 106.81697895013636, -6.31159846119647 ], [ 106.816947458014226, -6.302556822110381 ], [ 106.807910982058118, -6.302588231066486 ] ] ] } },
{ "type": "Feature", "properties": { "grid_id": "93035000700", "cluster": 4, "aktual": 34.805736607142869, "prediksi": 34.864669108468149, "selisih": 0.058932501325280384, "split": "train", "model": "M4", "algoritma": "RF" }, "geometry": { "type": "Polygon", "coordinates": [ [ [ 106.807879692173699, -6.293546543291709 ], [ 106.807910982058118, -6.302588231066486 ], [ 106.816947458014226, -6.302556822110381 ], [ 106.81691601194872, -6.293515179736458 ], [ 106.807879692173699, -6.293546543291709 ] ] ] } },
{ "type": "Feature", "properties": { "grid_id": "93045000700", "cluster": 2, "aktual": 34.822997198879563, "prediksi": 34.840893360240919, "selisih": 0.017896161361356633, "split": "train", "model": "M4", "algoritma": "RF" }, "geometry": { "type": "Polygon", "coordinates": [ [ [ 106.807848448121334, -6.284504852229097 ], [ 106.807879692173699, -6.293546543291709 ], [ 106.81691601194872, -6.293515179736458 ], [ 106.816884611939827, -6.284473534092667 ], [ 106.807848448121334, -6.284504852229097 ] ] ] } },
{ "type": "Feature", "properties": { "grid_id": "93055000700", "cluster": 2, "aktual": 34.930714285714309, "prediksi": 34.908598643734571, "selisih": -0.022115641979738143, "split": "train", "model": "M4", "algoritma": "RF" }, "geometry": { "type": "Polygon", "coordinates": [ [ [ 106.807817249883044, -6.275463157896618 ], [ 106.807848448121334, -6.284504852229097 ], [ 106.816884611939827, -6.284473534092667 ], [ 106.816853257969598, -6.275431885161042 ], [ 106.807817249883044, -6.275463157896618 ] ] ] } },
{ "type": "Feature", "properties": { "grid_id": "93065000700", "cluster": 2, "aktual": 35.02254464285717, "prediksi": 35.008341636738962, "selisih": -0.01420300611820835, "split": "train", "model": "M4", "algoritma": "RF" }, "geometry": { "type": "Polygon", "coordinates": [ [ [ 106.807786097449849, -6.266421460303254 ], [ 106.807817249883044, -6.275463157896618 ], [ 106.816853257969598, -6.275431885161042 ], [ 106.816821950038033, -6.266390232968534 ], [ 106.807786097449849, -6.266421460303254 ] ] ] } },
{ "type": "Feature", "properties": { "grid_id": "93075000700", "cluster": 2, "aktual": 34.832455357142891, "prediksi": 34.829810141007144, "selisih": -0.002645216135746864, "split": "train", "model": "M4", "algoritma": "RF" }, "geometry": { "type": "Polygon", "coordinates": [ [ [ 106.80775499083073, -6.257379759440023 ], [ 106.807786097449849, -6.266421460303254 ], [ 106.816821950038033, -6.266390232968534 ], [ 106.816790688145119, -6.25734857751514 ], [ 106.80775499083073, -6.257379759440023 ] ] ] } },
{ "type": "Feature", "properties": { "grid_id": "93085000700", "cluster": 2, "aktual": 34.669265873015881, "prediksi": 34.723809393871043, "selisih": 0.054543520855162342, "split": "test", "model": "M4", "algoritma": "RF" }, "geometry": { "type": "Polygon", "coordinates": [ [ [ 106.807723930016721, -6.248338055324891 ], [ 106.80775499083073, -6.257379759440023 ], [ 106.816790688145119, -6.25734857751514 ], [ 106.816759472290869, -6.248306918791878 ], [ 106.807723930016721, -6.248338055324891 ] ] ] } },
{ "type": "Feature", "properties": { "grid_id": "93095000700", "cluster": 2, "aktual": 34.556964285714301, "prediksi": 34.600401011672773, "selisih": 0.043436725958471811, "split": "train", "model": "M4", "algoritma": "RF" }, "geometry": { "type": "Polygon", "coordinates": [ [ [ 106.807692915007792, -6.239296347948874 ], [ 106.807723930016721, -6.248338055324891 ], [ 106.816759472290869, -6.248306918791878 ], [ 106.816728302466302, -6.239265256825699 ], [ 106.807692915007792, -6.239296347948874 ] ] ] } },
{ "type": "Feature", "properties": { "grid_id": "93105000700", "cluster": 2, "aktual": 34.158065241844788, "prediksi": 34.269546699620683, "selisih": 0.11148145777589491, "split": "train", "model": "M4", "algoritma": "RF" }, "geometry": { "type": "Polygon", "coordinates": [ [ [ 106.807661945786009, -6.230254637320956 ], [ 106.807692915007792, -6.239296347948874 ], [ 106.816728302466302, -6.239265256825699 ], [ 106.816697178662409, -6.230223591598635 ], [ 106.807661945786009, -6.230254637320956 ] ] ] } },
{ "type": "Feature", "properties": { "grid_id": "93115000700", "cluster": 2, "aktual": 33.716595982142884, "prediksi": 33.92098668458933, "selisih": 0.20439070244644597, "split": "train", "model": "M4", "algoritma": "RF" }, "geometry": { "type": "Polygon", "coordinates": [ [ [ 106.807631022369307, -6.221212923450119 ], [ 106.807661945786009, -6.230254637320956 ], [ 106.816697178662409, -6.230223591598635 ], [ 106.816666100879218, -6.221181923128653 ], [ 106.807631022369307, -6.221212923450119 ] ] ] } },
{ "type": "Feature", "properties": { "grid_id": "93125000700", "cluster": 2, "aktual": 33.93731652661068, "prediksi": 34.063600493135887, "selisih": 0.12628396652520735, "split": "train", "model": "M4", "algoritma": "RF" }, "geometry": { "type": "Polygon", "coordinates": [ [ [ 106.80760014473077, -6.212171206345348 ], [ 106.807631022369307, -6.221212923450119 ], [ 106.816666100879218, -6.221181923128653 ], [ 106.816635069116714, -6.212140251415753 ], [ 106.80760014473077, -6.212171206345348 ] ] ] } },
{ "type": "Feature", "properties": { "grid_id": "93135000700", "cluster": 3, "aktual": 34.620691964285761, "prediksi": 34.702705990315629, "selisih": 0.082014026029867182, "split": "train", "model": "M4", "algoritma": "RF" }, "geometry": { "type": "Polygon", "coordinates": [ [ [ 106.807569312888333, -6.203129485997658 ], [ 106.80760014473077, -6.212171206345348 ], [ 106.816635069116714, -6.212140251415753 ], [ 106.816604083365931, -6.203098576459935 ], [ 106.807569312888333, -6.203129485997658 ] ] ] } },
{ "type": "Feature", "properties": { "grid_id": "93145000700", "cluster": 3, "aktual": 35.214605042016842, "prediksi": 35.319829024748479, "selisih": 0.10522398273163702, "split": "train", "model": "M4", "algoritma": "RF" }, "geometry": { "type": "Polygon", "coordinates": [ [ [ 106.807538526815065, -6.194087762425016 ], [ 106.807569312888333, -6.203129485997658 ], [ 106.816604083365931, -6.203098576459935 ], [ 106.81657314362684, -6.194056898279165 ], [ 106.807538526815065, -6.194087762425016 ] ] ] } },
{ "type": "Feature", "properties": { "grid_id": "93155000700", "cluster": 3, "aktual": 35.604733893557444, "prediksi": 35.581674341315491, "selisih": -0.02305955224195344, "split": "train", "model": "M4", "algoritma": "RF" }, "geometry": { "type": "Polygon", "coordinates": [ [ [ 106.807507786528916, -6.185046035627423 ], [ 106.807538526815065, -6.194087762425016 ], [ 106.81657314362684, -6.194056898279165 ], [ 106.81654224989947, -6.185015216873442 ], [ 106.807507786528916, -6.185046035627423 ] ] ] } },
{ "type": "Feature", "properties": { "grid_id": "93165000700", "cluster": 3, "aktual": 35.635736607142881, "prediksi": 35.328584163529925, "selisih": -0.30715244361295646, "split": "test", "model": "M4", "algoritma": "RF" }, "geometry": { "type": "Polygon", "coordinates": [ [ [ 106.807477092011936, -6.176004305604877 ], [ 106.807507786528916, -6.185046035627423 ], [ 106.81654224989947, -6.185015216873442 ], [ 106.81651140216583, -6.175973532242768 ], [ 106.807477092011936, -6.176004305604877 ] ] ] } },
{ "type": "Feature", "properties": { "grid_id": "93175000700", "cluster": 3, "aktual": 35.470280112044854, "prediksi": 35.445116371569242, "selisih": -0.025163740475612428, "split": "train", "model": "M4", "algoritma": "RF" }, "geometry": { "type": "Polygon", "coordinates": [ [ [ 106.807446443273108, -6.16696257235738 ], [ 106.807477092011936, -6.176004305604877 ], [ 106.81651140216583, -6.175973532242768 ], [ 106.816480600434929, -6.166931844387142 ], [ 106.807446443273108, -6.16696257235738 ] ] ] } },
{ "type": "Feature", "properties": { "grid_id": "93185000700", "cluster": 3, "aktual": 35.696428571428598, "prediksi": 35.733288093273501, "selisih": 0.036859521844903043, "split": "train", "model": "M4", "algoritma": "RF" }, "geometry": { "type": "Polygon", "coordinates": [ [ [ 106.807415840294468, -6.157920835911881 ], [ 106.807446443273108, -6.16696257235738 ], [ 106.816480600434929, -6.166931844387142 ], [ 106.816449844697772, -6.157890153324531 ], [ 106.807415840294468, -6.157920835911881 ] ] ] } },
{ "type": "Feature", "properties": { "grid_id": "93195000700", "cluster": 3, "aktual": 36.014817927170888, "prediksi": 35.973894071092715, "selisih": -0.04092385607817306, "split": "train", "model": "M4", "algoritma": "RF" }, "geometry": { "type": "Polygon", "coordinates": [ [ [ 106.807385283075988, -6.148879096250412 ], [ 106.807415840294468, -6.157920835911881 ], [ 106.816449844697772, -6.157890153324531 ], [ 106.816419134954344, -6.148848459045951 ], [ 106.807385283075988, -6.148879096250412 ] ] ] } },
{ "type": "Feature", "properties": { "grid_id": "93205000700", "cluster": 3, "aktual": 35.74536830357146, "prediksi": 35.740993460561107, "selisih": -0.004374843010353402, "split": "train", "model": "M4", "algoritma": "RF" }, "geometry": { "type": "Polygon", "coordinates": [ [ [ 106.80735477161771, -6.139837353390941 ], [ 106.807385283075988, -6.148879096250412 ], [ 106.816419134954344, -6.148848459045951 ], [ 106.81638847119568, -6.139806761569368 ], [ 106.80735477161771, -6.139837353390941 ] ] ] } },
{ "type": "Feature", "properties": { "grid_id": "93215000700", "cluster": 1, "aktual": 35.131915966386586, "prediksi": 35.187200950852933, "selisih": 0.055284984466346998, "split": "train", "model": "M4", "algoritma": "RF" }, "geometry": { "type": "Polygon", "coordinates": [ [ [ 106.807324305910612, -6.130795607324485 ], [ 106.80735477161771, -6.139837353390941 ], [ 106.81638847119568, -6.139806761569368 ], [ 106.816357853412796, -6.130765060894783 ], [ 106.807324305910612, -6.130795607324485 ] ] ] } },
{ "type": "Feature", "properties": { "grid_id": "93225000700", "cluster": 3, "aktual": 33.849739495798332, "prediksi": 33.820143849279319, "selisih": -0.02959564651901303, "split": "train", "model": "M4", "algoritma": "RF" }, "geometry": { "type": "Polygon", "coordinates": [ [ [ 106.807293885963702, -6.12175385806901 ], [ 106.807324305910612, -6.130795607324485 ], [ 106.816357853412796, -6.130765060894783 ], [ 106.816327281623657, -6.121723357022195 ], [ 106.807293885963702, -6.12175385806901 ] ] ] } },
{ "type": "Feature", "properties": { "grid_id": "92975000701", "cluster": 4, "aktual": 34.145058823529439, "prediksi": 34.224355885262831, "selisih": 0.079297061733392127, "split": "train", "model": "M4", "algoritma": "RF" }, "geometry": { "type": "Polygon", "coordinates": [ [ [ 106.81710537920911, -6.347764984617571 ], [ 106.817137101650303, -6.356806607219575 ], [ 106.826174473460313, -6.356774768024347 ], [ 106.826142593463601, -6.347733191065744 ], [ 106.81710537920911, -6.347764984617571 ] ] ] } },
{ "type": "Feature", "properties": { "grid_id": "92985000701", "cluster": 4, "aktual": 34.448292410714309, "prediksi": 34.462070864934795, "selisih": 0.013778454220485514, "split": "train", "model": "M4", "algoritma": "RF" }, "geometry": { "type": "Polygon", "coordinates": [ [ [ 106.817073702842507, -6.338723358709768 ], [ 106.81710537920911, -6.347764984617571 ], [ 106.826142593463601, -6.347733191065744 ], [ 106.826110759775048, -6.338691610801339 ], [ 106.817073702842507, -6.338723358709768 ] ] ] } },
{ "type": "Feature", "properties": { "grid_id": "92995000701", "cluster": 4, "aktual": 34.939486607142889, "prediksi": 34.90609005834223, "selisih": -0.033396548800659787, "split": "train", "model": "M4", "algoritma": "RF" }, "geometry": { "type": "Polygon", "coordinates": [ [ [ 106.817042072541511, -6.329681729505146 ], [ 106.817073702842507, -6.338723358709768 ], [ 106.826110759775048, -6.338691610801339 ], [ 106.826078972376678, -6.329650027231135 ], [ 106.817042072541511, -6.329681729505146 ] ] ] } },
{ "type": "Feature", "properties": { "grid_id": "93005000701", "cluster": 4, "aktual": 34.923176470588267, "prediksi": 34.850591631176954, "selisih": -0.072584839411312885, "split": "train", "model": "M4", "algoritma": "RF" }, "geometry": { "type": "Polygon", "coordinates": [ [ [ 106.817010488306138, -6.320640096994725 ], [ 106.817042072541511, -6.329681729505146 ], [ 106.826078972376678, -6.329650027231135 ], [ 106.826047231268504, -6.320608440364112 ], [ 106.817010488306138, -6.320640096994725 ] ] ] } },
{ "type": "Feature", "properties": { "grid_id": "93015000701", "cluster": 4, "aktual": 34.476319327731147, "prediksi": 33.989452760753309, "selisih": -0.48686656697783803, "split": "test", "model": "M4", "algoritma": "RF" }, "geometry": { "type": "Polygon", "coordinates": [ [ [ 106.81697895013636, -6.31159846119647 ], [ 106.817010488306138, -6.320640096994725 ], [ 106.826047231268504, -6.320608440364112 ], [ 106.826015536450498, -6.311566850209257 ], [ 106.81697895013636, -6.31159846119647 ] ] ] } },
{ "type": "Feature", "properties": { "grid_id": "93025000701", "cluster": 4, "aktual": 34.163370535714336, "prediksi": 33.832113539186452, "selisih": -0.33125699652788398, "split": "test", "model": "M4", "algoritma": "RF" }, "geometry": { "type": "Polygon", "coordinates": [ [ [ 106.816947458014226, -6.302556822110381 ], [ 106.81697895013636, -6.31159846119647 ], [ 106.826015536450498, -6.311566850209257 ], [ 106.825983887922689, -6.302525256757584 ], [ 106.816947458014226, -6.302556822110381 ] ] ] } },
{ "type": "Feature", "properties": { "grid_id": "93035000701", "cluster": 4, "aktual": 34.574240719910037, "prediksi": 34.690515454346126, "selisih": 0.11627473443608949, "split": "test", "model": "M4", "algoritma": "RF" }, "geometry": { "type": "Polygon", "coordinates": [ [ [ 106.81691601194872, -6.293515179736458 ], [ 106.816947458014226, -6.302556822110381 ], [ 106.825983887922689, -6.302525256757584 ], [ 106.825952285676095, -6.293483660027061 ], [ 106.81691601194872, -6.293515179736458 ] ] ] } },
{ "type": "Feature", "properties": { "grid_id": "93045000701", "cluster": 4, "aktual": 34.8246875, "prediksi": 34.977506086183645, "selisih": 0.15281858618361355, "split": "test", "model": "M4", "algoritma": "RF" }, "geometry": { "type": "Polygon", "coordinates": [ [ [ 106.816884611939827, -6.284473534092667 ], [ 106.81691601194872, -6.293515179736458 ], [ 106.825952285676095, -6.293483660027061 ], [ 106.825920729710688, -6.284442060008703 ], [ 106.816884611939827, -6.284473534092667 ] ] ] } },
{ "type": "Feature", "properties": { "grid_id": "93055000701", "cluster": 2, "aktual": 34.907979910714296, "prediksi": 34.8968536443329, "selisih": -0.011126266381396022, "split": "train", "model": "M4", "algoritma": "RF" }, "geometry": { "type": "Polygon", "coordinates": [ [ [ 106.816853257969598, -6.275431885161042 ], [ 106.816884611939827, -6.284473534092667 ], [ 106.825920729710688, -6.284442060008703 ], [ 106.825889220017501, -6.275400456720479 ], [ 106.816853257969598, -6.275431885161042 ] ] ] } },
{ "type": "Feature", "properties": { "grid_id": "93065000701", "cluster": 2, "aktual": 34.867523809523838, "prediksi": 34.817439349544571, "selisih": -0.050084459979267137, "split": "train", "model": "M4", "algoritma": "RF" }, "geometry": { "type": "Polygon", "coordinates": [ [ [ 106.816821950038033, -6.266390232968534 ], [ 106.816853257969598, -6.275431885161042 ], [ 106.825889220017501, -6.275400456720479 ], [ 106.825857756587567, -6.266358850153403 ], [ 106.816821950038033, -6.266390232968534 ] ] ] } },
{ "type": "Feature", "properties": { "grid_id": "93075000701", "cluster": 2, "aktual": 34.868711063372757, "prediksi": 34.909789359052183, "selisih": 0.041078295679426446, "split": "train", "model": "M4", "algoritma": "RF" }, "geometry": { "type": "Polygon", "coordinates": [ [ [ 106.816790688145119, -6.25734857751514 ], [ 106.816821950038033, -6.266390232968534 ], [ 106.825857756587567, -6.266358850153403 ], [ 106.825826339429838, -6.257317240325443 ], [ 106.816790688145119, -6.25734857751514 ] ] ] } },
{ "type": "Feature", "properties": { "grid_id": "93085000701", "cluster": 2, "aktual": 34.940985043837067, "prediksi": 34.978791421812168, "selisih": 0.037806377975101668, "split": "train", "model": "M4", "algoritma": "RF" }, "geometry": { "type": "Polygon", "coordinates": [ [ [ 106.816759472290869, -6.248306918791878 ], [ 106.816790688145119, -6.25734857751514 ], [ 106.825826339429838, -6.257317240325443 ], [ 106.825794968535348, -6.248275627236597 ], [ 106.816759472290869, -6.248306918791878 ] ] ] } },
{ "type": "Feature", "properties": { "grid_id": "93095000701", "cluster": 2, "aktual": 34.822179271708713, "prediksi": 34.850193787303759, "selisih": 0.028014515595046419, "split": "train", "model": "M4", "algoritma": "RF" }, "geometry": { "type": "Polygon", "coordinates": [ [ [ 106.816728302466302, -6.239265256825699 ], [ 106.816759472290869, -6.248306918791878 ], [ 106.825794968535348, -6.248275627236597 ], [ 106.825763643895115, -6.239234010886868 ], [ 106.816728302466302, -6.239265256825699 ] ] ] } },
{ "type": "Feature", "properties": { "grid_id": "93105000701", "cluster": 2, "aktual": 34.263839285714312, "prediksi": 34.59478946272489, "selisih": 0.33095017701057827, "split": "test", "model": "M4", "algoritma": "RF" }, "geometry": { "type": "Polygon", "coordinates": [ [ [ 106.816697178662409, -6.230223591598635 ], [ 106.816728302466302, -6.239265256825699 ], [ 106.825763643895115, -6.239234010886868 ], [ 106.82573236550914, -6.230192391294221 ], [ 106.816697178662409, -6.230223591598635 ] ] ] } },
{ "type": "Feature", "properties": { "grid_id": "93115000701", "cluster": 2, "aktual": 33.843392857142881, "prediksi": 34.311365932000975, "selisih": 0.4679730748580937, "split": "test", "model": "M4", "algoritma": "RF" }, "geometry": { "type": "Polygon", "coordinates": [ [ [ 106.816666100879218, -6.221181923128653 ], [ 106.816697178662409, -6.230223591598635 ], [ 106.82573236550914, -6.230192391294221 ], [ 106.825701133377422, -6.221150768440689 ], [ 106.816666100879218, -6.221181923128653 ] ] ] } },
{ "type": "Feature", "properties": { "grid_id": "93125000701", "cluster": 3, "aktual": 33.991535014005628, "prediksi": 34.136260895426943, "selisih": 0.14472588142131571, "split": "train", "model": "M4", "algoritma": "RF" }, "geometry": { "type": "Polygon", "coordinates": [ [ [ 106.816635069116714, -6.212140251415753 ], [ 106.816666100879218, -6.221181923128653 ], [ 106.825701133377422, -6.221150768440689 ], [ 106.825669947481984, -6.212109142353222 ], [ 106.816635069116714, -6.212140251415753 ] ] ] } },
{ "type": "Feature", "properties": { "grid_id": "93135000701", "cluster": 3, "aktual": 34.243214285714323, "prediksi": 34.301359272960582, "selisih": 0.058144987246258495, "split": "train", "model": "M4", "algoritma": "RF" }, "geometry": { "type": "Polygon", "coordinates": [ [ [ 106.816604083365931, -6.203098576459935 ], [ 106.816635069116714, -6.212140251415753 ], [ 106.825669947481984, -6.212109142353222 ], [ 106.825638807840789, -6.203067513022837 ], [ 106.816604083365931, -6.203098576459935 ] ] ] } },
{ "type": "Feature", "properties": { "grid_id": "93145000701", "cluster": 3, "aktual": 34.723299719887997, "prediksi": 35.00018760476398, "selisih": 0.27688788487598259, "split": "test", "model": "M4", "algoritma": "RF" }, "geometry": { "type": "Polygon", "coordinates": [ [ [ 106.81657314362684, -6.194056898279165 ], [ 106.816604083365931, -6.203098576459935 ], [ 106.825638807840789, -6.203067513022837 ], [ 106.825607714435904, -6.194025880458517 ], [ 106.81657314362684, -6.194056898279165 ] ] ] } },
{ "type": "Feature", "properties": { "grid_id": "93155000701", "cluster": 3, "aktual": 35.033348214285738, "prediksi": 34.979240563615356, "selisih": -0.054107650670381702, "split": "test", "model": "M4", "algoritma": "RF" }, "geometry": { "type": "Polygon", "coordinates": [ [ [ 106.81654224989947, -6.185015216873442 ], [ 106.81657314362684, -6.194056898279165 ], [ 106.825607714435904, -6.194025880458517 ], [ 106.825576667258304, -6.184984244669245 ], [ 106.81654224989947, -6.185015216873442 ] ] ] } },
{ "type": "Feature", "properties": { "grid_id": "93165000701", "cluster": 3, "aktual": 34.868487394958002, "prediksi": 34.845843281650247, "selisih": -0.022644113307755731, "split": "train", "model": "M4", "algoritma": "RF" }, "geometry": { "type": "Polygon", "coordinates": [ [ [ 106.81651140216583, -6.175973532242768 ], [ 106.81654224989947, -6.185015216873442 ], [ 106.825576667258304, -6.184984244669245 ], [ 106.825545666316998, -6.17594260565502 ], [ 106.81651140216583, -6.175973532242768 ] ] ] } },
{ "type": "Feature", "properties": { "grid_id": "93175000701", "cluster": 4, "aktual": 34.841439732142874, "prediksi": 34.87113297396548, "selisih": 0.029693241822606353, "split": "train", "model": "M4", "algoritma": "RF" }, "geometry": { "type": "Polygon", "coordinates": [ [ [ 106.816480600434929, -6.166931844387142 ], [ 106.81651140216583, -6.175973532242768 ], [ 106.825545666316998, -6.17594260565502 ], [ 106.825514711603006, -6.166900963415845 ], [ 106.816480600434929, -6.166931844387142 ] ] ] } },
{ "type": "Feature", "properties": { "grid_id": "93185000701", "cluster": 4, "aktual": 35.308756302521026, "prediksi": 35.440502138443328, "selisih": 0.13174583592230249, "split": "train", "model": "M4", "algoritma": "RF" }, "geometry": { "type": "Polygon", "coordinates": [ [ [ 106.816449844697772, -6.157890153324531 ], [ 106.816480600434929, -6.166931844387142 ], [ 106.825514711603006, -6.166900963415845 ], [ 106.825483803116313, -6.157859317960701 ], [ 106.816449844697772, -6.157890153324531 ] ] ] } },
{ "type": "Feature", "properties": { "grid_id": "93195000701", "cluster": 1, "aktual": 35.768476190476221, "prediksi": 35.801711472498809, "selisih": 0.033235282022587853, "split": "train", "model": "M4", "algoritma": "RF" }, "geometry": { "type": "Polygon", "coordinates": [ [ [ 106.816419134954344, -6.148848459045951 ], [ 106.816449844697772, -6.157890153324531 ], [ 106.825483803116313, -6.157859317960701 ], [ 106.825452940838957, -6.148817669298571 ], [ 106.816419134954344, -6.148848459045951 ] ] ] } },
{ "type": "Feature", "properties": { "grid_id": "93205000701", "cluster": 1, "aktual": 35.4975, "prediksi": 35.403626652654175, "selisih": -0.093873347345876823, "split": "train", "model": "M4", "algoritma": "RF" }, "geometry": { "type": "Polygon", "coordinates": [ [ [ 106.81638847119568, -6.139806761569368 ], [ 106.816419134954344, -6.148848459045951 ], [ 106.825452940838957, -6.148817669298571 ], [ 106.825422124779919, -6.139776017429455 ], [ 106.81638847119568, -6.139806761569368 ] ] ] } },
{ "type": "Feature", "properties": { "grid_id": "93215000701", "cluster": 1, "aktual": 34.854459383753564, "prediksi": 34.965399468620518, "selisih": 0.11094008486695373, "split": "train", "model": "M4", "algoritma": "RF" }, "geometry": { "type": "Polygon", "coordinates": [ [ [ 106.816357853412796, -6.130765060894783 ], [ 106.81638847119568, -6.139806761569368 ], [ 106.825422124779919, -6.139776017429455 ], [ 106.825391354939214, -6.130734362362337 ], [ 106.816357853412796, -6.130765060894783 ] ] ] } },
{ "type": "Feature", "properties": { "grid_id": "93225000701", "cluster": 3, "aktual": 33.655246930803614, "prediksi": 33.763236234525387, "selisih": 0.10798930372177296, "split": "train", "model": "M4", "algoritma": "RF" }, "geometry": { "type": "Polygon", "coordinates": [ [ [ 106.816327281623657, -6.121723357022195 ], [ 106.816357853412796, -6.130765060894783 ], [ 106.825391354939214, -6.130734362362337 ], [ 106.82536063129885, -6.121692704097216 ], [ 106.816327281623657, -6.121723357022195 ] ] ] } },
{ "type": "Feature", "properties": { "grid_id": "93235000701", "cluster": 3, "aktual": 32.77107421875003, "prediksi": 32.776608195167327, "selisih": 0.0055339764172970263, "split": "train", "model": "M4", "algoritma": "RF" }, "geometry": { "type": "Polygon", "coordinates": [ [ [ 106.816296755801304, -6.112681649951606 ], [ 106.816327281623657, -6.121723357022195 ], [ 106.82536063129885, -6.121692704097216 ], [ 106.825329953867822, -6.112651042643077 ], [ 106.816296755801304, -6.112681649951606 ] ] ] } },
{ "type": "Feature", "properties": { "grid_id": "92975000702", "cluster": 4, "aktual": 33.718593750000018, "prediksi": 33.834338416922762, "selisih": 0.11574466692274399, "split": "train", "model": "M4", "algoritma": "RF" }, "geometry": { "type": "Polygon", "coordinates": [ [ [ 106.826142593463601, -6.347733191065744 ], [ 106.826174473460313, -6.356774768024347 ], [ 106.835211798971159, -6.356742771075973 ], [ 106.835179761418928, -6.34770123999433 ], [ 106.826142593463601, -6.347733191065744 ] ] ] } },
{ "type": "Feature", "properties": { "grid_id": "92985000702", "cluster": 4, "aktual": 34.500825892857165, "prediksi": 34.496260190576592, "selisih": -0.0045657022805727365, "split": "train", "model": "M4", "algoritma": "RF" }, "geometry": { "type": "Polygon", "coordinates": [ [ [ 106.826110759775048, -6.338691610801339 ], [ 106.826142593463601, -6.347733191065744 ], [ 106.835179761418928, -6.34770123999433 ], [ 106.835147770399431, -6.338659705597904 ], [ 106.826110759775048, -6.338691610801339 ] ] ] } },
{ "type": "Feature", "properties": { "grid_id": "92995000702", "cluster": 4, "aktual": 35.17281232493, "prediksi": 35.170969697279048, "selisih": -0.001842627650951556, "split": "train", "model": "M4", "algoritma": "RF" }, "geometry": { "type": "Polygon", "coordinates": [ [ [ 106.826078972376678, -6.329650027231135 ], [ 106.826110759775048, -6.338691610801339 ], [ 106.835147770399431, -6.338659705597904 ], [ 106.835115825912666, -6.329618167904662 ], [ 106.826078972376678, -6.329650027231135 ] ] ] } },
{ "type": "Feature", "properties": { "grid_id": "93005000702", "cluster": 4, "aktual": 35.149029017857174, "prediksi": 35.113993198845826, "selisih": -0.035035819011348224, "split": "train", "model": "M4", "algoritma": "RF" }, "geometry": { "type": "Polygon", "coordinates": [ [ [ 106.826047231268504, -6.320608440364112 ], [ 106.826078972376678, -6.329650027231135 ], [ 106.835115825912666, -6.329618167904662 ], [ 106.835083927940673, -6.320576626905618 ], [ 106.826047231268504, -6.320608440364112 ] ] ] } },
{ "type": "Feature", "properties": { "grid_id": "93015000702", "cluster": 4, "aktual": 34.695445378151305, "prediksi": 34.576426809686055, "selisih": -0.1190185684652505, "split": "test", "model": "M4", "algoritma": "RF" }, "geometry": { "type": "Polygon", "coordinates": [ [ [ 106.826015536450498, -6.311566850209257 ], [ 106.826047231268504, -6.320608440364112 ], [ 106.835083927940673, -6.320576626905618 ], [ 106.835052076492431, -6.311535082609757 ], [ 106.826015536450498, -6.311566850209257 ] ] ] } },
{ "type": "Feature", "properties": { "grid_id": "93025000702", "cluster": 4, "aktual": 34.518739495798343, "prediksi": 34.500979632077218, "selisih": -0.017759863721124702, "split": "train", "model": "M4", "algoritma": "RF" }, "geometry": { "type": "Polygon", "coordinates": [ [ [ 106.825983887922689, -6.302525256757584 ], [ 106.826015536450498, -6.311566850209257 ], [ 106.835052076492431, -6.311535082609757 ], [ 106.835020271549965, -6.302493535017081 ], [ 106.825983887922689, -6.302525256757584 ] ] ] } },
{ "type": "Feature", "properties": { "grid_id": "93035000702", "cluster": 4, "aktual": 34.656272321428609, "prediksi": 34.667061013400691, "selisih": 0.01078869197208121, "split": "train", "model": "M4", "algoritma": "RF" }, "geometry": { "type": "Polygon", "coordinates": [ [ [ 106.825952285676095, -6.293483660027061 ], [ 106.825983887922689, -6.302525256757584 ], [ 106.835020271549965, -6.302493535017081 ], [ 106.83498851313125, -6.293451984145552 ], [ 106.825952285676095, -6.293483660027061 ] ] ] } },
{ "type": "Feature", "properties": { "grid_id": "93045000702", "cluster": 4, "aktual": 34.952341736694713, "prediksi": 35.114786320137149, "selisih": 0.1624445834424364, "split": "test", "model": "M4", "algoritma": "RF" }, "geometry": { "type": "Polygon", "coordinates": [ [ [ 106.825920729710688, -6.284442060008703 ], [ 106.825952285676095, -6.293483660027061 ], [ 106.83498851313125, -6.293451984145552 ], [ 106.83495680120933, -6.284410429995173 ], [ 106.825920729710688, -6.284442060008703 ] ] ] } },
{ "type": "Feature", "properties": { "grid_id": "93055000702", "cluster": 3, "aktual": 35.179154061624658, "prediksi": 35.108085076753156, "selisih": -0.071068984871502039, "split": "train", "model": "M4", "algoritma": "RF" }, "geometry": { "type": "Polygon", "coordinates": [ [ [ 106.825889220017501, -6.275400456720479 ], [ 106.825920729710688, -6.284442060008703 ], [ 106.83495680120933, -6.284410429995173 ], [ 106.834925135793185, -6.27536887255696 ], [ 106.825889220017501, -6.275400456720479 ] ] ] } },
{ "type": "Feature", "properties": { "grid_id": "93065000702", "cluster": 3, "aktual": 35.201886160714324, "prediksi": 35.145624067661153, "selisih": -0.056262093053170759, "split": "train", "model": "M4", "algoritma": "RF" }, "geometry": { "type": "Polygon", "coordinates": [ [ [ 106.825857756587567, -6.266358850153403 ], [ 106.825889220017501, -6.275400456720479 ], [ 106.834925135793185, -6.27536887255696 ], [ 106.834893516873848, -6.266327311857863 ], [ 106.825857756587567, -6.266358850153403 ] ] ] } },
{ "type": "Feature", "properties": { "grid_id": "93075000702", "cluster": 2, "aktual": 35.321170634920684, "prediksi": 35.337953649695734, "selisih": 0.016783014775050731, "split": "train", "model": "M4", "algoritma": "RF" }, "geometry": { "type": "Polygon", "coordinates": [ [ [ 106.825826339429838, -6.257317240325443 ], [ 106.825857756587567, -6.266358850153403 ], [ 106.834893516873848, -6.266327311857863 ], [ 106.834861944451319, -6.257285747879915 ], [ 106.825826339429838, -6.257317240325443 ] ] ] } },
{ "type": "Feature", "properties": { "grid_id": "93085000702", "cluster": 2, "aktual": 35.431830357142907, "prediksi": 35.462407993632866, "selisih": 0.030577636489958593, "split": "test", "model": "M4", "algoritma": "RF" }, "geometry": { "type": "Polygon", "coordinates": [ [ [ 106.825794968535348, -6.248275627236597 ], [ 106.825826339429838, -6.257317240325443 ], [ 106.834861944451319, -6.257285747879915 ], [ 106.834830418516589, -6.248244180650065 ], [ 106.825794968535348, -6.248275627236597 ] ] ] } },
{ "type": "Feature", "properties": { "grid_id": "93095000702", "cluster": 2, "aktual": 35.055826330532241, "prediksi": 35.089738131221971, "selisih": 0.033911800689729432, "split": "train", "model": "M4", "algoritma": "RF" }, "geometry": { "type": "Polygon", "coordinates": [ [ [ 106.825763643895115, -6.239234010886868 ], [ 106.825794968535348, -6.248275627236597 ], [ 106.834830418516589, -6.248244180650065 ], [ 106.834798939069685, -6.239202610150348 ], [ 106.825763643895115, -6.239234010886868 ] ] ] } },
{ "type": "Feature", "properties": { "grid_id": "93105000702", "cluster": 2, "aktual": 34.417310267857182, "prediksi": 34.470182002058586, "selisih": 0.052871734201403342, "split": "train", "model": "M4", "algoritma": "RF" }, "geometry": { "type": "Polygon", "coordinates": [ [ [ 106.82573236550914, -6.230192391294221 ], [ 106.825763643895115, -6.239234010886868 ], [ 106.834798939069685, -6.239202610150348 ], [ 106.834767506110595, -6.230161036407712 ], [ 106.82573236550914, -6.230192391294221 ] ] ] } },
{ "type": "Feature", "properties": { "grid_id": "93115000702", "cluster": 2, "aktual": 34.087680672268938, "prediksi": 34.402636538453969, "selisih": 0.31495586618503069, "split": "test", "model": "M4", "algoritma": "RF" }, "geometry": { "type": "Polygon", "coordinates": [ [ [ 106.825701133377422, -6.221150768440689 ], [ 106.82573236550914, -6.230192391294221 ], [ 106.834767506110595, -6.230161036407712 ], [ 106.834736119621354, -6.221119459404193 ], [ 106.825701133377422, -6.221150768440689 ] ] ] } },
{ "type": "Feature", "properties": { "grid_id": "93125000702", "cluster": 3, "aktual": 34.162901785714318, "prediksi": 34.239570700291885, "selisih": 0.076668914577567193, "split": "train", "model": "M4", "algoritma": "RF" }, "geometry": { "type": "Polygon", "coordinates": [ [ [ 106.825669947481984, -6.212109142353222 ], [ 106.825701133377422, -6.221150768440689 ], [ 106.834736119621354, -6.221119459404193 ], [ 106.834704779610945, -6.212077879166737 ], [ 106.825669947481984, -6.212109142353222 ] ] ] } },
{ "type": "Feature", "properties": { "grid_id": "93135000702", "cluster": 3, "aktual": 34.119512605042061, "prediksi": 34.327208592479778, "selisih": 0.20769598743771667, "split": "test", "model": "M4", "algoritma": "RF" }, "geometry": { "type": "Polygon", "coordinates": [ [ [ 106.825638807840789, -6.203067513022837 ], [ 106.825669947481984, -6.212109142353222 ], [ 106.834704779610945, -6.212077879166737 ], [ 106.834673486070386, -6.203036295677381 ], [ 106.825638807840789, -6.203067513022837 ] ] ] } },
{ "type": "Feature", "properties": { "grid_id": "93145000702", "cluster": 3, "aktual": 34.342176339285757, "prediksi": 34.376976938340349, "selisih": 0.03480059905459143, "split": "train", "model": "M4", "algoritma": "RF" }, "geometry": { "type": "Polygon", "coordinates": [ [ [ 106.825607714435904, -6.194025880458517 ], [ 106.825638807840789, -6.203067513022837 ], [ 106.834673486070386, -6.203036295677381 ], [ 106.834642238999692, -6.193994708963073 ], [ 106.825607714435904, -6.194025880458517 ] ] ] } },
{ "type": "Feature", "properties": { "grid_id": "93155000702", "cluster": 3, "aktual": 34.654598214285755, "prediksi": 34.633432831233527, "selisih": -0.021165383052228037, "split": "train", "model": "M4", "algoritma": "RF" }, "geometry": { "type": "Polygon", "coordinates": [ [ [ 106.825576667258304, -6.184984244669245 ], [ 106.825607714435904, -6.194025880458517 ], [ 106.834642238999692, -6.193994708963073 ], [ 106.834611038389838, -6.18495311901483 ], [ 106.825576667258304, -6.184984244669245 ] ] ] } },
{ "type": "Feature", "properties": { "grid_id": "93165000702", "cluster": 3, "aktual": 34.475333333333353, "prediksi": 34.482509597897263, "selisih": 0.00717626456390974, "split": "train", "model": "M4", "algoritma": "RF" }, "geometry": { "type": "Polygon", "coordinates": [ [ [ 106.825545666316998, -6.17594260565502 ], [ 106.825576667258304, -6.184984244669245 ], [ 106.834611038389838, -6.18495311901483 ], [ 106.834579884240867, -6.175911525841635 ], [ 106.825545666316998, -6.17594260565502 ] ] ] } },
{ "type": "Feature", "properties": { "grid_id": "93175000702", "cluster": 4, "aktual": 34.456964285714299, "prediksi": 34.506216647934053, "selisih": 0.04925236221975382, "split": "train", "model": "M4", "algoritma": "RF" }, "geometry": { "type": "Polygon", "coordinates": [ [ [ 106.825514711603006, -6.166900963415845 ], [ 106.825545666316998, -6.17594260565502 ], [ 106.834579884240867, -6.175911525841635 ], [ 106.834548776552765, -6.166869929443489 ], [ 106.825514711603006, -6.166900963415845 ] ] ] } },
{ "type": "Feature", "properties": { "grid_id": "93185000702", "cluster": 1, "aktual": 34.964711484593849, "prediksi": 35.10095188662887, "selisih": 0.13624040203502119, "split": "train", "model": "M4", "algoritma": "RF" }, "geometry": { "type": "Polygon", "coordinates": [ [ [ 106.825483803116313, -6.157859317960701 ], [ 106.825514711603006, -6.166900963415845 ], [ 106.834548776552765, -6.166869929443489 ], [ 106.834517715307555, -6.157828329829373 ], [ 106.825483803116313, -6.157859317960701 ] ] ] } },
{ "type": "Feature", "properties": { "grid_id": "93195000702", "cluster": 1, "aktual": 35.384542410714296, "prediksi": 35.604999901878251, "selisih": 0.22045749116395541, "split": "test", "model": "M4", "algoritma": "RF" }, "geometry": { "type": "Polygon", "coordinates": [ [ [ 106.825452940838957, -6.148817669298571 ], [ 106.825483803116313, -6.157859317960701 ], [ 106.834517715307555, -6.157828329829373 ], [ 106.834486700514233, -6.148786727008272 ], [ 106.825452940838957, -6.148817669298571 ] ] ] } },
{ "type": "Feature", "properties": { "grid_id": "93205000702", "cluster": 1, "aktual": 35.352498599439798, "prediksi": 35.289161720187543, "selisih": -0.063336879252254619, "split": "train", "model": "M4", "algoritma": "RF" }, "geometry": { "type": "Polygon", "coordinates": [ [ [ 106.825422124779919, -6.139776017429455 ], [ 106.825452940838957, -6.148817669298571 ], [ 106.834486700514233, -6.148786727008272 ], [ 106.834455732163804, -6.139745120980185 ], [ 106.825422124779919, -6.139776017429455 ] ] ] } },
{ "type": "Feature", "properties": { "grid_id": "93215000702", "cluster": 1, "aktual": 34.490357142857178, "prediksi": 34.565183814673873, "selisih": 0.074826671816694557, "split": "train", "model": "M4", "algoritma": "RF" }, "geometry": { "type": "Polygon", "coordinates": [ [ [ 106.825391354939214, -6.130734362362337 ], [ 106.825422124779919, -6.139776017429455 ], [ 106.834455732163804, -6.139745120980185 ], [ 106.83442481025628, -6.130703511745113 ], [ 106.825391354939214, -6.130734362362337 ] ] ] } },
{ "type": "Feature", "properties": { "grid_id": "93225000702", "cluster": 1, "aktual": 33.1731148459384, "prediksi": 33.259182878599411, "selisih": 0.086068032661010818, "split": "train", "model": "M4", "algoritma": "RF" }, "geometry": { "type": "Polygon", "coordinates": [ [ [ 106.82536063129885, -6.121692704097216 ], [ 106.825391354939214, -6.130734362362337 ], [ 106.83442481025628, -6.130703511745113 ], [ 106.834393934782668, -6.121661899312039 ], [ 106.82536063129885, -6.121692704097216 ] ] ] } },
{ "type": "Feature", "properties": { "grid_id": "92995000703", "cluster": 4, "aktual": 35.179241071428592, "prediksi": 35.105068928855928, "selisih": -0.074172142572663802, "split": "test", "model": "M4", "algoritma": "RF" }, "geometry": { "type": "Polygon", "coordinates": [ [ [ 106.835115825912666, -6.329618167904662 ], [ 106.835147770399431, -6.338659705597904 ], [ 106.844184734509057, -6.338627643117429 ], [ 106.844152632924917, -6.329586151507761 ], [ 106.835115825912666, -6.329618167904662 ] ] ] } },
{ "type": "Feature", "properties": { "grid_id": "93005000703", "cluster": 4, "aktual": 35.338078431372587, "prediksi": 35.266638885527641, "selisih": -0.07143954584494594, "split": "train", "model": "M4", "algoritma": "RF" }, "geometry": { "type": "Polygon", "coordinates": [ [ [ 106.835083927940673, -6.320576626905618 ], [ 106.835115825912666, -6.329618167904662 ], [ 106.844152632924917, -6.329586151507761 ], [ 106.844120578098085, -6.320544656601275 ], [ 106.835083927940673, -6.320576626905618 ] ] ] } },
{ "type": "Feature", "properties": { "grid_id": "93015000703", "cluster": 4, "aktual": 35.050725446428608, "prediksi": 34.931381506643319, "selisih": -0.11934393978528846, "split": "test", "model": "M4", "algoritma": "RF" }, "geometry": { "type": "Polygon", "coordinates": [ [ [ 106.835052076492431, -6.311535082609757 ], [ 106.835083927940673, -6.320576626905618 ], [ 106.844120578098085, -6.320544656601275 ], [ 106.844088570010598, -6.311503158397971 ], [ 106.835052076492431, -6.311535082609757 ] ] ] } },
{ "type": "Feature", "properties": { "grid_id": "93025000703", "cluster": 4, "aktual": 34.906886160714315, "prediksi": 34.948586858952872, "selisih": 0.041700698238557266, "split": "train", "model": "M4", "algoritma": "RF" }, "geometry": { "type": "Polygon", "coordinates": [ [ [ 106.835020271549965, -6.302493535017081 ], [ 106.835052076492431, -6.311535082609757 ], [ 106.844088570010598, -6.311503158397971 ], [ 106.844056608671451, -6.302461656897852 ], [ 106.835020271549965, -6.302493535017081 ] ] ] } },
{ "type": "Feature", "properties": { "grid_id": "93035000703", "cluster": 4, "aktual": 34.961082589285752, "prediksi": 34.986254137816225, "selisih": 0.025171548530472876, "split": "train", "model": "M4", "algoritma": "RF" }, "geometry": { "type": "Polygon", "coordinates": [ [ [ 106.83498851313125, -6.293451984145552 ], [ 106.835020271549965, -6.302493535017081 ], [ 106.844056608671451, -6.302461656897852 ], [ 106.844024694071635, -6.293420152109897 ], [ 106.83498851313125, -6.293451984145552 ] ] ] } },
{ "type": "Feature", "properties": { "grid_id": "93045000703", "cluster": 4, "aktual": 35.270446428571454, "prediksi": 35.30592851752062, "selisih": 0.035482088949166268, "split": "train", "model": "M4", "algoritma": "RF" }, "geometry": { "type": "Polygon", "coordinates": [ [ [ 106.83495680120933, -6.284410429995173 ], [ 106.83498851313125, -6.293451984145552 ], [ 106.844024694071635, -6.293420152109897 ], [ 106.843992826202182, -6.284378644043092 ], [ 106.83495680120933, -6.284410429995173 ] ] ] } },
{ "type": "Feature", "properties": { "grid_id": "93055000703", "cluster": 2, "aktual": 35.577678571428592, "prediksi": 35.489562455100838, "selisih": -0.088116116327753957, "split": "train", "model": "M4", "algoritma": "RF" }, "geometry": { "type": "Polygon", "coordinates": [ [ [ 106.834925135793185, -6.27536887255696 ], [ 106.83495680120933, -6.284410429995173 ], [ 106.843992826202182, -6.284378644043092 ], [ 106.843961005072074, -6.275337132697437 ], [ 106.834925135793185, -6.27536887255696 ] ] ] } },
{ "type": "Feature", "properties": { "grid_id": "93065000703", "cluster": 2, "aktual": 35.644539682539694, "prediksi": 35.61606867555895, "selisih": -0.028471006980744562, "split": "train", "model": "M4", "algoritma": "RF" }, "geometry": { "type": "Polygon", "coordinates": [ [ [ 106.834893516873848, -6.266327311857863 ], [ 106.834925135793185, -6.27536887255696 ], [ 106.843961005072074, -6.275337132697437 ], [ 106.843929230663349, -6.26629561807293 ], [ 106.834893516873848, -6.266327311857863 ] ] ] } },
{ "type": "Feature", "properties": { "grid_id": "93075000703", "cluster": 2, "aktual": 35.599806384092119, "prediksi": 35.630420749798077, "selisih": 0.03061436570595788, "split": "test", "model": "M4", "algoritma": "RF" }, "geometry": { "type": "Polygon", "coordinates": [ [ [ 106.834861944451319, -6.257285747879915 ], [ 106.834893516873848, -6.266327311857863 ], [ 106.843929230663349, -6.26629561807293 ], [ 106.843897502975992, -6.257254100187539 ], [ 106.834861944451319, -6.257285747879915 ] ] ] } },
{ "type": "Feature", "properties": { "grid_id": "93085000703", "cluster": 2, "aktual": 35.538425770308159, "prediksi": 35.552361311719125, "selisih": 0.013935541410965868, "split": "train", "model": "M4", "algoritma": "RF" }, "geometry": { "type": "Polygon", "coordinates": [ [ [ 106.834830418516589, -6.248244180650065 ], [ 106.834861944451319, -6.257285747879915 ], [ 106.843897502975992, -6.257254100187539 ], [ 106.843865822010017, -6.24821257903228 ], [ 106.834830418516589, -6.248244180650065 ] ] ] } },
{ "type": "Feature", "properties": { "grid_id": "93095000703", "cluster": 3, "aktual": 35.029129464285759, "prediksi": 35.056400682343401, "selisih": 0.027271218057641988, "split": "train", "model": "M4", "algoritma": "RF" }, "geometry": { "type": "Polygon", "coordinates": [ [ [ 106.834798939069685, -6.239202610150348 ], [ 106.834830418516589, -6.248244180650065 ], [ 106.843865822010017, -6.24821257903228 ], [ 106.843834187765424, -6.239171054616137 ], [ 106.834798939069685, -6.239202610150348 ] ] ] } },
{ "type": "Feature", "properties": { "grid_id": "93105000703", "cluster": 2, "aktual": 34.559736694677909, "prediksi": 34.735102057234201, "selisih": 0.17536536255629187, "split": "train", "model": "M4", "algoritma": "RF" }, "geometry": { "type": "Polygon", "coordinates": [ [ [ 106.834767506110595, -6.230161036407712 ], [ 106.834798939069685, -6.239202610150348 ], [ 106.843834187765424, -6.239171054616137 ], [ 106.843802600224237, -6.23012952693911 ], [ 106.834767506110595, -6.230161036407712 ] ] ] } },
{ "type": "Feature", "properties": { "grid_id": "93115000703", "cluster": 3, "aktual": 34.49100840336137, "prediksi": 34.555248349085062, "selisih": 0.06423994572369196, "split": "train", "model": "M4", "algoritma": "RF" }, "geometry": { "type": "Polygon", "coordinates": [ [ [ 106.834736119621354, -6.221119459404193 ], [ 106.834767506110595, -6.230161036407712 ], [ 106.843802600224237, -6.23012952693911 ], [ 106.843771059395451, -6.221087996019164 ], [ 106.834736119621354, -6.221119459404193 ] ] ] } },
{ "type": "Feature", "properties": { "grid_id": "93125000703", "cluster": 3, "aktual": 34.495412946428587, "prediksi": 34.550537309283008, "selisih": 0.055124362854421349, "split": "train", "model": "M4", "algoritma": "RF" }, "geometry": { "type": "Polygon", "coordinates": [ [ [ 106.834704779610945, -6.212077879166737 ], [ 106.834736119621354, -6.221119459404193 ], [ 106.843771059395451, -6.221087996019164 ], [ 106.84373956527007, -6.2120464618563 ], [ 106.834704779610945, -6.212077879166737 ] ] ] } },
{ "type": "Feature", "properties": { "grid_id": "93135000703", "cluster": 3, "aktual": 34.405070028011238, "prediksi": 34.458258128934069, "selisih": 0.053188100922831438, "split": "train", "model": "M4", "algoritma": "RF" }, "geometry": { "type": "Polygon", "coordinates": [ [ [ 106.834673486070386, -6.203036295677381 ], [ 106.834704779610945, -6.212077879166737 ], [ 106.84373956527007, -6.2120464618563 ], [ 106.843708117839128, -6.203004924441535 ], [ 106.834673486070386, -6.203036295677381 ] ] ] } },
{ "type": "Feature", "properties": { "grid_id": "93145000703", "cluster": 3, "aktual": 34.537857142857163, "prediksi": 34.547674693511524, "selisih": 0.0098175506543611846, "split": "train", "model": "M4", "algoritma": "RF" }, "geometry": { "type": "Polygon", "coordinates": [ [ [ 106.834642238999692, -6.193994708963073 ], [ 106.834673486070386, -6.203036295677381 ], [ 106.843708117839128, -6.203004924441535 ], [ 106.843676717111592, -6.193963383792835 ], [ 106.834642238999692, -6.193994708963073 ] ] ] } },
{ "type": "Feature", "properties": { "grid_id": "93155000703", "cluster": 3, "aktual": 34.812407199100143, "prediksi": 34.823821921616741, "selisih": 0.011414722516597919, "split": "train", "model": "M4", "algoritma": "RF" }, "geometry": { "type": "Polygon", "coordinates": [ [ [ 106.834611038389838, -6.18495311901483 ], [ 106.834642238999692, -6.193994708963073 ], [ 106.843676717111592, -6.193963383792835 ], [ 106.843645363069498, -6.184921839919182 ], [ 106.834611038389838, -6.18495311901483 ] ] ] } },
{ "type": "Feature", "properties": { "grid_id": "93165000703", "cluster": 3, "aktual": 34.773247767857178, "prediksi": 34.774968551574396, "selisih": 0.0017207837172179552, "split": "train", "model": "M4", "algoritma": "RF" }, "geometry": { "type": "Polygon", "coordinates": [ [ [ 106.834579884240867, -6.175911525841635 ], [ 106.834611038389838, -6.18495311901483 ], [ 106.843645363069498, -6.184921839919182 ], [ 106.843614055712848, -6.175880292811596 ], [ 106.834579884240867, -6.175911525841635 ] ] ] } },
{ "type": "Feature", "properties": { "grid_id": "93175000703", "cluster": 3, "aktual": 34.651927170868376, "prediksi": 34.674528929887593, "selisih": 0.022601759019217127, "split": "train", "model": "M4", "algoritma": "RF" }, "geometry": { "type": "Polygon", "coordinates": [ [ [ 106.834548776552765, -6.166869929443489 ], [ 106.834579884240867, -6.175911525841635 ], [ 106.843614055712848, -6.175880292811596 ], [ 106.843582795041641, -6.166838742479056 ], [ 106.834548776552765, -6.166869929443489 ] ] ] } },
{ "type": "Feature", "properties": { "grid_id": "93185000703", "cluster": 1, "aktual": 34.926093750000021, "prediksi": 35.031070230159877, "selisih": 0.10497648015985561, "split": "train", "model": "M4", "algoritma": "RF" }, "geometry": { "type": "Polygon", "coordinates": [ [ [ 106.834517715307555, -6.157828329829373 ], [ 106.834548776552765, -6.166869929443489 ], [ 106.843582795041641, -6.166838742479056 ], [ 106.843551581055891, -6.157797188939532 ], [ 106.834517715307555, -6.157828329829373 ] ] ] } },
{ "type": "Feature", "properties": { "grid_id": "93195000703", "cluster": 1, "aktual": 35.246997198879569, "prediksi": 35.311750516074277, "selisih": 0.064753317194707449, "split": "train", "model": "M4", "algoritma": "RF" }, "geometry": { "type": "Polygon", "coordinates": [ [ [ 106.834486700514233, -6.148786727008272 ], [ 106.834517715307555, -6.157828329829373 ], [ 106.843551581055891, -6.157797188939532 ], [ 106.843520413746603, -6.148755632175055 ], [ 106.834486700514233, -6.148786727008272 ] ] ] } },
{ "type": "Feature", "properties": { "grid_id": "93205000703", "cluster": 1, "aktual": 35.365943977591073, "prediksi": 35.305610887909978, "selisih": -0.060333089681094521, "split": "train", "model": "M4", "algoritma": "RF" }, "geometry": { "type": "Polygon", "coordinates": [ [ [ 106.834455732163804, -6.139745120980185 ], [ 106.834486700514233, -6.148786727008272 ], [ 106.843520413746603, -6.148755632175055 ], [ 106.843489293104781, -6.139714072203593 ], [ 106.834455732163804, -6.139745120980185 ] ] ] } },
{ "type": "Feature", "properties": { "grid_id": "93215000703", "cluster": 1, "aktual": 34.509776785714308, "prediksi": 34.564663256042572, "selisih": 0.054886470328263215, "split": "train", "model": "M4", "algoritma": "RF" }, "geometry": { "type": "Polygon", "coordinates": [ [ [ 106.83442481025628, -6.130703511745113 ], [ 106.834455732163804, -6.139745120980185 ], [ 106.843489293104781, -6.139714072203593 ], [ 106.84345821913044, -6.130672509034128 ], [ 106.83442481025628, -6.130703511745113 ] ] ] } },
{ "type": "Feature", "properties": { "grid_id": "93225000703", "cluster": 1, "aktual": 33.352336028751139, "prediksi": 33.237925801533407, "selisih": -0.11441022721773209, "split": "train", "model": "M4", "algoritma": "RF" }, "geometry": { "type": "Polygon", "coordinates": [ [ [ 106.834393934782668, -6.121661899312039 ], [ 106.83442481025628, -6.130703511745113 ], [ 106.84345821913044, -6.130672509034128 ], [ 106.843427191823594, -6.121630942657679 ], [ 106.834393934782668, -6.121661899312039 ] ] ] } },
{ "type": "Feature", "properties": { "grid_id": "92995000704", "cluster": 2, "aktual": 35.176704161979785, "prediksi": 35.184201479799903, "selisih": 0.0074973178201176438, "split": "train", "model": "M4", "algoritma": "RF" }, "geometry": { "type": "Polygon", "coordinates": [ [ [ 106.844152632924917, -6.329586151507761 ], [ 106.844184734509057, -6.338627643117429 ], [ 106.85322165185238, -6.338595423341949 ], [ 106.853189393188828, -6.329553978058399 ], [ 106.844152632924917, -6.329586151507761 ] ] ] } },
{ "type": "Feature", "properties": { "grid_id": "93005000704", "cluster": 4, "aktual": 35.25, "prediksi": 35.263082701622707, "selisih": 0.013082701622657567, "split": "train", "model": "M4", "algoritma": "RF" }, "geometry": { "type": "Polygon", "coordinates": [ [ [ 106.844120578098085, -6.320544656601275 ], [ 106.844152632924917, -6.329586151507761 ], [ 106.853189393188828, -6.329553978058399 ], [ 106.85315718149819, -6.320512529469049 ], [ 106.844120578098085, -6.320544656601275 ] ] ] } },
{ "type": "Feature", "properties": { "grid_id": "93015000704", "cluster": 4, "aktual": 35.029709821428632, "prediksi": 34.910403318765582, "selisih": -0.11930650266305065, "split": "test", "model": "M4", "algoritma": "RF" }, "geometry": { "type": "Polygon", "coordinates": [ [ [ 106.844088570010598, -6.311503158397971 ], [ 106.844120578098085, -6.320544656601275 ], [ 106.85315718149819, -6.320512529469049 ], [ 106.853125016789434, -6.311471077582882 ], [ 106.844088570010598, -6.311503158397971 ] ] ] } },
{ "type": "Feature", "properties": { "grid_id": "93025000704", "cluster": 4, "aktual": 35.034268907563074, "prediksi": 35.03244511473342, "selisih": -0.0018237928296542805, "split": "train", "model": "M4", "algoritma": "RF" }, "geometry": { "type": "Polygon", "coordinates": [ [ [ 106.844056608671451, -6.302461656897852 ], [ 106.844088570010598, -6.311503158397971 ], [ 106.853125016789434, -6.311471077582882 ], [ 106.853092899053593, -6.302429622399898 ], [ 106.844056608671451, -6.302461656897852 ] ] ] } },
{ "type": "Feature", "properties": { "grid_id": "93035000704", "cluster": 4, "aktual": 35.312377232142879, "prediksi": 35.226483092791966, "selisih": -0.085894139350912724, "split": "train", "model": "M4", "algoritma": "RF" }, "geometry": { "type": "Polygon", "coordinates": [ [ [ 106.844024694071635, -6.293420152109897 ], [ 106.844056608671451, -6.302461656897852 ], [ 106.853092899053593, -6.302429622399898 ], [ 106.853060828281656, -6.29338816392908 ], [ 106.844024694071635, -6.293420152109897 ] ] ] } },
{ "type": "Feature", "properties": { "grid_id": "93045000704", "cluster": 4, "aktual": 35.654531250000019, "prediksi": 35.500773298131023, "selisih": -0.15375795186899666, "split": "train", "model": "M4", "algoritma": "RF" }, "geometry": { "type": "Polygon", "coordinates": [ [ [ 106.843992826202182, -6.284378644043092 ], [ 106.844024694071635, -6.293420152109897 ], [ 106.853060828281656, -6.29338816392908 ], [ 106.853028804473666, -6.284346702170428 ], [ 106.843992826202182, -6.284378644043092 ] ] ] } },
{ "type": "Feature", "properties": { "grid_id": "93055000704", "cluster": 2, "aktual": 35.750436974789935, "prediksi": 35.586052686447395, "selisih": -0.16438428834253926, "split": "test", "model": "M4", "algoritma": "RF" }, "geometry": { "type": "Polygon", "coordinates": [ [ [ 106.843961005072074, -6.275337132697437 ], [ 106.843992826202182, -6.284378644043092 ], [ 106.853028804473666, -6.284346702170428 ], [ 106.852996827620601, -6.275305237132925 ], [ 106.843961005072074, -6.275337132697437 ] ] ] } },
{ "type": "Feature", "properties": { "grid_id": "93065000704", "cluster": 2, "aktual": 35.639706321553028, "prediksi": 35.630410775049796, "selisih": -0.009295546503231833, "split": "train", "model": "M4", "algoritma": "RF" }, "geometry": { "type": "Polygon", "coordinates": [ [ [ 106.843929230663349, -6.26629561807293 ], [ 106.843961005072074, -6.275337132697437 ], [ 106.852996827620601, -6.275305237132925 ], [ 106.852964897731454, -6.266263768825555 ], [ 106.843929230663349, -6.26629561807293 ] ] ] } },
{ "type": "Feature", "properties": { "grid_id": "93075000704", "cluster": 2, "aktual": 35.436517857142881, "prediksi": 35.476708327066689, "selisih": 0.04019046992380737, "split": "test", "model": "M4", "algoritma": "RF" }, "geometry": { "type": "Polygon", "coordinates": [ [ [ 106.843897502975992, -6.257254100187539 ], [ 106.843929230663349, -6.26629561807293 ], [ 106.852964897731454, -6.266263768825555 ], [ 106.852933014788277, -6.257222297239333 ], [ 106.843897502975992, -6.257254100187539 ] ] ] } },
{ "type": "Feature", "properties": { "grid_id": "93085000704", "cluster": 2, "aktual": 35.275030812324971, "prediksi": 35.25177257784069, "selisih": -0.023258234484281104, "split": "test", "model": "M4", "algoritma": "RF" }, "geometry": { "type": "Polygon", "coordinates": [ [ [ 106.843865822010017, -6.24821257903228 ], [ 106.843897502975992, -6.257254100187539 ], [ 106.852933014788277, -6.257222297239333 ], [ 106.852901178800039, -6.248180822392228 ], [ 106.843865822010017, -6.24821257903228 ] ] ] } },
{ "type": "Feature", "properties": { "grid_id": "93095000704", "cluster": 3, "aktual": 35.04591517857147, "prediksi": 35.138112596771776, "selisih": 0.092197418200306913, "split": "train", "model": "M4", "algoritma": "RF" }, "geometry": { "type": "Polygon", "coordinates": [ [ [ 106.843834187765424, -6.239171054616137 ], [ 106.843865822010017, -6.24821257903228 ], [ 106.852901178800039, -6.248180822392228 ], [ 106.852869389748761, -6.239139344275254 ], [ 106.843834187765424, -6.239171054616137 ] ] ] } },
{ "type": "Feature", "properties": { "grid_id": "93105000704", "cluster": 2, "aktual": 34.915422969187695, "prediksi": 35.073041278507603, "selisih": 0.15761830931990772, "split": "train", "model": "M4", "algoritma": "RF" }, "geometry": { "type": "Polygon", "coordinates": [ [ [ 106.843802600224237, -6.23012952693911 ], [ 106.843834187765424, -6.239171054616137 ], [ 106.852869389748761, -6.239139344275254 ], [ 106.852837647634473, -6.230097862915363 ], [ 106.843802600224237, -6.23012952693911 ] ] ] } },
{ "type": "Feature", "properties": { "grid_id": "93115000704", "cluster": 2, "aktual": 35.008616071428598, "prediksi": 35.232667981563054, "selisih": 0.22405191013445602, "split": "test", "model": "M4", "algoritma": "RF" }, "geometry": { "type": "Polygon", "coordinates": [ [ [ 106.843771059395451, -6.221087996019164 ], [ 106.843802600224237, -6.23012952693911 ], [ 106.852837647634473, -6.230097862915363 ], [ 106.852805952466127, -6.221056378294587 ], [ 106.843771059395451, -6.221087996019164 ] ] ] } },
{ "type": "Feature", "properties": { "grid_id": "93125000704", "cluster": 3, "aktual": 35.133394957983214, "prediksi": 35.382445951974006, "selisih": 0.24905099399079234, "split": "test", "model": "M4", "algoritma": "RF" }, "geometry": { "type": "Polygon", "coordinates": [ [ [ 106.84373956527007, -6.2120464618563 ], [ 106.843771059395451, -6.221087996019164 ], [ 106.852805952466127, -6.221056378294587 ], [ 106.85277430422579, -6.212014890421909 ], [ 106.84373956527007, -6.2120464618563 ] ] ] } },
{ "type": "Feature", "properties": { "grid_id": "93135000704", "cluster": 3, "aktual": 35.030468750000033, "prediksi": 35.130484766361896, "selisih": 0.10001601636186308, "split": "train", "model": "M4", "algoritma": "RF" }, "geometry": { "type": "Polygon", "coordinates": [ [ [ 106.843708117839128, -6.203004924441535 ], [ 106.84373956527007, -6.2120464618563 ], [ 106.85277430422579, -6.212014890421909 ], [ 106.852742702913432, -6.202973399315297 ], [ 106.843708117839128, -6.203004924441535 ] ] ] } },
{ "type": "Feature", "properties": { "grid_id": "93145000704", "cluster": 3, "aktual": 35.054873949579871, "prediksi": 35.079106249269422, "selisih": 0.024232299689550985, "split": "test", "model": "M4", "algoritma": "RF" }, "geometry": { "type": "Polygon", "coordinates": [ [ [ 106.843676717111592, -6.193963383792835 ], [ 106.843708117839128, -6.203004924441535 ], [ 106.852742702913432, -6.202973399315297 ], [ 106.852711148520086, -6.193931904965766 ], [ 106.843676717111592, -6.193963383792835 ] ] ] } },
{ "type": "Feature", "properties": { "grid_id": "93155000704", "cluster": 3, "aktual": 35.353392857142879, "prediksi": 35.402173362925375, "selisih": 0.048780505782495709, "split": "train", "model": "M4", "algoritma": "RF" }, "geometry": { "type": "Polygon", "coordinates": [ [ [ 106.843645363069498, -6.184921839919182 ], [ 106.843676717111592, -6.193963383792835 ], [ 106.852711148520086, -6.193931904965766 ], [ 106.852679641054721, -6.184890407382301 ], [ 106.843645363069498, -6.184921839919182 ] ] ] } },
{ "type": "Feature", "properties": { "grid_id": "93165000704", "cluster": 3, "aktual": 35.513303571428594, "prediksi": 35.534009186336753, "selisih": 0.020705614908159475, "split": "train", "model": "M4", "algoritma": "RF" }, "geometry": { "type": "Polygon", "coordinates": [ [ [ 106.843614055712848, -6.175880292811596 ], [ 106.843645363069498, -6.184921839919182 ], [ 106.852679641054721, -6.184890407382301 ], [ 106.852648180499386, -6.175848906564901 ], [ 106.843614055712848, -6.175880292811596 ] ] ] } },
{ "type": "Feature", "properties": { "grid_id": "93175000704", "cluster": 3, "aktual": 35.356039215686295, "prediksi": 35.361529158087848, "selisih": 0.005489942401553094, "split": "train", "model": "M4", "algoritma": "RF" }, "geometry": { "type": "Polygon", "coordinates": [ [ [ 106.843582795041641, -6.166838742479056 ], [ 106.843614055712848, -6.175880292811596 ], [ 106.852648180499386, -6.175848906564901 ], [ 106.852616766863051, -6.166807402531531 ], [ 106.843582795041641, -6.166838742479056 ] ] ] } },
{ "type": "Feature", "properties": { "grid_id": "93185000704", "cluster": 1, "aktual": 35.057578125000042, "prediksi": 35.164344318873475, "selisih": 0.10676619387343322, "split": "train", "model": "M4", "algoritma": "RF" }, "geometry": { "type": "Polygon", "coordinates": [ [ [ 106.843551581055891, -6.157797188939532 ], [ 106.843582795041641, -6.166838742479056 ], [ 106.852616766863051, -6.166807402531531 ], [ 106.852585400127765, -6.15776589527321 ], [ 106.843551581055891, -6.157797188939532 ] ] ] } },
{ "type": "Feature", "properties": { "grid_id": "93195000704", "cluster": 1, "aktual": 34.982481792717124, "prediksi": 34.905124683369706, "selisih": -0.077357109347417463, "split": "test", "model": "M4", "algoritma": "RF" }, "geometry": { "type": "Polygon", "coordinates": [ [ [ 106.843520413746603, -6.148755632175055 ], [ 106.843551581055891, -6.157797188939532 ], [ 106.852585400127765, -6.15776589527321 ], [ 106.852554080302511, -6.148724384807903 ], [ 106.843520413746603, -6.148755632175055 ] ] ] } },
{ "type": "Feature", "properties": { "grid_id": "93205000704", "cluster": 1, "aktual": 35.08620535714288, "prediksi": 34.795807006160032, "selisih": -0.29039835098284783, "split": "test", "model": "M4", "algoritma": "RF" }, "geometry": { "type": "Polygon", "coordinates": [ [ [ 106.843489293104781, -6.139714072203593 ], [ 106.843520413746603, -6.148755632175055 ], [ 106.852554080302511, -6.148724384807903 ], [ 106.852522807378278, -6.139682871126627 ], [ 106.843489293104781, -6.139714072203593 ] ] ] } },
{ "type": "Feature", "properties": { "grid_id": "93215000704", "cluster": 1, "aktual": 34.381574229691907, "prediksi": 34.352278991604116, "selisih": -0.029295238087790665, "split": "train", "model": "M4", "algoritma": "RF" }, "geometry": { "type": "Polygon", "coordinates": [ [ [ 106.84345821913044, -6.130672509034128 ], [ 106.843489293104781, -6.139714072203593 ], [ 106.852522807378278, -6.139682871126627 ], [ 106.852491581346115, -6.130641354238366 ], [ 106.84345821913044, -6.130672509034128 ] ] ] } },
{ "type": "Feature", "properties": { "grid_id": "93225000704", "cluster": 1, "aktual": 33.627767857142899, "prediksi": 33.581496589179835, "selisih": -0.046271267963064133, "split": "train", "model": "M4", "algoritma": "RF" }, "geometry": { "type": "Polygon", "coordinates": [ [ [ 106.843427191823594, -6.121630942657679 ], [ 106.84345821913044, -6.130672509034128 ], [ 106.852491581346115, -6.130641354238366 ], [ 106.85246040220602, -6.12159983414312 ], [ 106.843427191823594, -6.121630942657679 ] ] ] } },
{ "type": "Feature", "properties": { "grid_id": "92985000705", "cluster": 4, "aktual": 35.382829131652692, "prediksi": 35.379157029342075, "selisih": -0.003672102310616765, "split": "train", "model": "M4", "algoritma": "RF" }, "geometry": { "type": "Polygon", "coordinates": [ [ [ 106.85322165185238, -6.338595423341949 ], [ 106.853253957506809, -6.347636865319698 ], [ 106.862290985181218, -6.347604441725463 ], [ 106.862258522222803, -6.338563046289428 ], [ 106.85322165185238, -6.338595423341949 ] ] ] } },
{ "type": "Feature", "properties": { "grid_id": "92995000705", "cluster": 4, "aktual": 35.463828125000035, "prediksi": 35.464129129561748, "selisih": 0.00030100456171311407, "split": "train", "model": "M4", "algoritma": "RF" }, "geometry": { "type": "Polygon", "coordinates": [ [ [ 106.853189393188828, -6.329553978058399 ], [ 106.85322165185238, -6.338595423341949 ], [ 106.862258522222803, -6.338563046289428 ], [ 106.862226106470857, -6.329521647556576 ], [ 106.853189393188828, -6.329553978058399 ] ] ] } },
{ "type": "Feature", "properties": { "grid_id": "93005000705", "cluster": 4, "aktual": 35.48056919642859, "prediksi": 35.454499549526496, "selisih": -0.026069646902094235, "split": "train", "model": "M4", "algoritma": "RF" }, "geometry": { "type": "Polygon", "coordinates": [ [ [ 106.85315718149819, -6.320512529469049 ], [ 106.853189393188828, -6.329553978058399 ], [ 106.862226106470857, -6.329521647556576 ], [ 106.862193737934362, -6.320480245508941 ], [ 106.85315718149819, -6.320512529469049 ] ] ] } },
{ "type": "Feature", "properties": { "grid_id": "93015000705", "cluster": 4, "aktual": 35.278773109243723, "prediksi": 35.223798462461602, "selisih": -0.054974646782120828, "split": "train", "model": "M4", "algoritma": "RF" }, "geometry": { "type": "Polygon", "coordinates": [ [ [ 106.853125016789434, -6.311471077582882 ], [ 106.85315718149819, -6.320512529469049 ], [ 106.862193737934362, -6.320480245508941 ], [ 106.862161416595356, -6.311438840164489 ], [ 106.853125016789434, -6.311471077582882 ] ] ] } },
{ "type": "Feature", "properties": { "grid_id": "93025000705", "cluster": 4, "aktual": 35.163772321428603, "prediksi": 35.103875237776606, "selisih": -0.059897083651996752, "split": "train", "model": "M4", "algoritma": "RF" }, "geometry": { "type": "Polygon", "coordinates": [ [ [ 106.853092899053593, -6.302429622399898 ], [ 106.853125016789434, -6.311471077582882 ], [ 106.862161416595356, -6.311438840164489 ], [ 106.86212914246282, -6.30239743152322 ], [ 106.853092899053593, -6.302429622399898 ] ] ] } },
{ "type": "Feature", "properties": { "grid_id": "93035000705", "cluster": 4, "aktual": 35.398337053571439, "prediksi": 35.104562611761281, "selisih": -0.29377444181015733, "split": "test", "model": "M4", "algoritma": "RF" }, "geometry": { "type": "Polygon", "coordinates": [ [ [ 106.853060828281656, -6.29338816392908 ], [ 106.853092899053593, -6.302429622399898 ], [ 106.86212914246282, -6.30239743152322 ], [ 106.862096915518777, -6.293356019594117 ], [ 106.853060828281656, -6.29338816392908 ] ] ] } },
{ "type": "Feature", "properties": { "grid_id": "93045000705", "cluster": 4, "aktual": 35.790997198879595, "prediksi": 35.684757923703145, "selisih": -0.10623927517644915, "split": "train", "model": "M4", "algoritma": "RF" }, "geometry": { "type": "Polygon", "coordinates": [ [ [ 106.853028804473666, -6.284346702170428 ], [ 106.853060828281656, -6.29338816392908 ], [ 106.862096915518777, -6.293356019594117 ], [ 106.862064735772236, -6.28431460437718 ], [ 106.853028804473666, -6.284346702170428 ] ] ] } },
{ "type": "Feature", "properties": { "grid_id": "93055000705", "cluster": 3, "aktual": 35.868664596273334, "prediksi": 35.808241782267565, "selisih": -0.060422814005768544, "split": "train", "model": "M4", "algoritma": "RF" }, "geometry": { "type": "Polygon", "coordinates": [ [ [ 106.852996827620601, -6.275305237132925 ], [ 106.853028804473666, -6.284346702170428 ], [ 106.862064735772236, -6.28431460437718 ], [ 106.862032603214175, -6.275273185872408 ], [ 106.852996827620601, -6.275305237132925 ] ] ] } },
{ "type": "Feature", "properties": { "grid_id": "93065000705", "cluster": 2, "aktual": 35.480882825040148, "prediksi": 35.489101606242436, "selisih": 0.008218781202288028, "split": "train", "model": "M4", "algoritma": "RF" }, "geometry": { "type": "Polygon", "coordinates": [ [ [ 106.852964897731454, -6.266263768825555 ], [ 106.852996827620601, -6.275305237132925 ], [ 106.862032603214175, -6.275273185872408 ], [ 106.862000517844635, -6.266231764097769 ], [ 106.852964897731454, -6.266263768825555 ] ] ] } },
{ "type": "Feature", "properties": { "grid_id": "93075000705", "cluster": 2, "aktual": 35.255434173669485, "prediksi": 35.239988993228415, "selisih": -0.015445180441069795, "split": "train", "model": "M4", "algoritma": "RF" }, "geometry": { "type": "Polygon", "coordinates": [ [ [ 106.852933014788277, -6.257222297239333 ], [ 106.852964897731454, -6.266263768825555 ], [ 106.862000517844635, -6.266231764097769 ], [ 106.861968479654607, -6.257190339053263 ], [ 106.852933014788277, -6.257222297239333 ] ] ] } },
{ "type": "Feature", "properties": { "grid_id": "93085000705", "cluster": 2, "aktual": 35.182678571428582, "prediksi": 35.176817072000532, "selisih": -0.0058614994280503652, "split": "train", "model": "M4", "algoritma": "RF" }, "geometry": { "type": "Polygon", "coordinates": [ [ [ 106.852901178800039, -6.248180822392228 ], [ 106.852933014788277, -6.257222297239333 ], [ 106.861968479654607, -6.257190339053263 ], [ 106.861936488635109, -6.248148910729906 ], [ 106.852901178800039, -6.248180822392228 ] ] ] } },
{ "type": "Feature", "properties": { "grid_id": "93095000705", "cluster": 3, "aktual": 35.275333333333364, "prediksi": 35.345409231229269, "selisih": 0.070075897895904404, "split": "train", "model": "M4", "algoritma": "RF" }, "geometry": { "type": "Polygon", "coordinates": [ [ [ 106.852869389748761, -6.239139344275254 ], [ 106.852901178800039, -6.248180822392228 ], [ 106.861936488635109, -6.248148910729906 ], [ 106.861904544786157, -6.239107479154647 ], [ 106.852869389748761, -6.239139344275254 ] ] ] } },
{ "type": "Feature", "properties": { "grid_id": "93105000705", "cluster": 2, "aktual": 35.378794642857187, "prediksi": 35.697648338483866, "selisih": 0.31885369562667876, "split": "test", "model": "M4", "algoritma": "RF" }, "geometry": { "type": "Polygon", "coordinates": [ [ [ 106.852837647634473, -6.230097862915363 ], [ 106.852869389748761, -6.239139344275254 ], [ 106.861904544786157, -6.239107479154647 ], [ 106.861872648116716, -6.230066044309521 ], [ 106.852837647634473, -6.230097862915363 ] ] ] } },
{ "type": "Feature", "properties": { "grid_id": "93115000705", "cluster": 2, "aktual": 35.516037946428618, "prediksi": 35.82201880417955, "selisih": 0.30598085775093153, "split": "test", "model": "M4", "algoritma": "RF" }, "geometry": { "type": "Polygon", "coordinates": [ [ [ 106.852805952466127, -6.221056378294587 ], [ 106.852837647634473, -6.230097862915363 ], [ 106.861872648116716, -6.230066044309521 ], [ 106.861840798599843, -6.221024606221477 ], [ 106.852805952466127, -6.221056378294587 ] ] ] } },
{ "type": "Feature", "properties": { "grid_id": "93125000705", "cluster": 3, "aktual": 35.564128851540652, "prediksi": 35.657509944165945, "selisih": 0.093381092625293149, "split": "train", "model": "M4", "algoritma": "RF" }, "geometry": { "type": "Polygon", "coordinates": [ [ [ 106.85277430422579, -6.212014890421909 ], [ 106.852805952466127, -6.221056378294587 ], [ 106.861840798599843, -6.221024606221477 ], [ 106.861808996253501, -6.211983164881532 ], [ 106.85277430422579, -6.212014890421909 ] ] ] } },
{ "type": "Feature", "properties": { "grid_id": "93135000705", "cluster": 3, "aktual": 35.648147321428588, "prediksi": 35.69441781859954, "selisih": 0.04627049717095133, "split": "train", "model": "M4", "algoritma": "RF" }, "geometry": { "type": "Polygon", "coordinates": [ [ [ 106.852742702913432, -6.202973399315297 ], [ 106.85277430422579, -6.212014890421909 ], [ 106.861808996253501, -6.211983164881532 ], [ 106.861777241059741, -6.202941720289685 ], [ 106.852742702913432, -6.202973399315297 ] ] ] } },
{ "type": "Feature", "properties": { "grid_id": "93145000705", "cluster": 3, "aktual": 35.80740056022411, "prediksi": 35.779334459754757, "selisih": -0.028066100469352762, "split": "train", "model": "M4", "algoritma": "RF" }, "geometry": { "type": "Polygon", "coordinates": [ [ [ 106.852711148520086, -6.193931904965766 ], [ 106.852742702913432, -6.202973399315297 ], [ 106.861777241059741, -6.202941720289685 ], [ 106.861745533018549, -6.193900272463902 ], [ 106.852711148520086, -6.193931904965766 ] ] ] } },
{ "type": "Feature", "properties": { "grid_id": "93155000705", "cluster": 3, "aktual": 35.882801339285734, "prediksi": 35.908887325839871, "selisih": 0.026085986554136298, "split": "test", "model": "M4", "algoritma": "RF" }, "geometry": { "type": "Polygon", "coordinates": [ [ [ 106.852679641054721, -6.184890407382301 ], [ 106.852711148520086, -6.193931904965766 ], [ 106.861745533018549, -6.193900272463902 ], [ 106.86171387212093, -6.184858821404186 ], [ 106.852679641054721, -6.184890407382301 ] ] ] } },
{ "type": "Feature", "properties": { "grid_id": "93165000705", "cluster": 3, "aktual": 36.039010123734563, "prediksi": 36.031918637248815, "selisih": -0.0070914864857485327, "split": "train", "model": "M4", "algoritma": "RF" }, "geometry": { "type": "Polygon", "coordinates": [ [ [ 106.852648180499386, -6.175848906564901 ], [ 106.852679641054721, -6.184890407382301 ], [ 106.86171387212093, -6.184858821404186 ], [ 106.861682258375893, -6.175817367110533 ], [ 106.852648180499386, -6.175848906564901 ] ] ] } },
{ "type": "Feature", "properties": { "grid_id": "93175000705", "cluster": 3, "aktual": 36.158794642857188, "prediksi": 36.082115046675035, "selisih": -0.07667959618215292, "split": "train", "model": "M4", "algoritma": "RF" }, "geometry": { "type": "Polygon", "coordinates": [ [ [ 106.852616766863051, -6.166807402531531 ], [ 106.852648180499386, -6.175848906564901 ], [ 106.861682258375893, -6.175817367110533 ], [ 106.861650691765462, -6.16677590959193 ], [ 106.852616766863051, -6.166807402531531 ] ] ] } },
{ "type": "Feature", "properties": { "grid_id": "93185000705", "cluster": 1, "aktual": 35.684857142857176, "prediksi": 35.722879194484442, "selisih": 0.038022051627265796, "split": "train", "model": "M4", "algoritma": "RF" }, "geometry": { "type": "Polygon", "coordinates": [ [ [ 106.852585400127765, -6.15776589527321 ], [ 106.852616766863051, -6.166807402531531 ], [ 106.861650691765462, -6.16677590959193 ], [ 106.861619172298603, -6.157734448857357 ], [ 106.852585400127765, -6.15776589527321 ] ] ] } },
{ "type": "Feature", "properties": { "grid_id": "93195000705", "cluster": 1, "aktual": 34.890569196428594, "prediksi": 34.959634349971097, "selisih": 0.06906515354250331, "split": "train", "model": "M4", "algoritma": "RF" }, "geometry": { "type": "Polygon", "coordinates": [ [ [ 106.852554080302511, -6.148724384807903 ], [ 106.852585400127765, -6.15776589527321 ], [ 106.861619172298603, -6.157734448857357 ], [ 106.861587699957369, -6.148692984897832 ], [ 106.852554080302511, -6.148724384807903 ] ] ] } },
{ "type": "Feature", "properties": { "grid_id": "93205000705", "cluster": 1, "aktual": 34.681137254901998, "prediksi": 34.778610255369372, "selisih": 0.097473000467374504, "split": "train", "model": "M4", "algoritma": "RF" }, "geometry": { "type": "Polygon", "coordinates": [ [ [ 106.852522807378278, -6.139682871126627 ], [ 106.852554080302511, -6.148724384807903 ], [ 106.861587699957369, -6.148692984897832 ], [ 106.86155627475074, -6.139651517731322 ], [ 106.852522807378278, -6.139682871126627 ] ] ] } },
{ "type": "Feature", "properties": { "grid_id": "93215000705", "cluster": 1, "aktual": 34.291535014005653, "prediksi": 34.325878425062434, "selisih": 0.034343411056781292, "split": "train", "model": "M4", "algoritma": "RF" }, "geometry": { "type": "Polygon", "coordinates": [ [ [ 106.852491581346115, -6.130641354238366 ], [ 106.852522807378278, -6.139682871126627 ], [ 106.86155627475074, -6.139651517731322 ], [ 106.861524896669735, -6.130610047357827 ], [ 106.852491581346115, -6.130641354238366 ] ] ] } },
{ "type": "Feature", "properties": { "grid_id": "93225000705", "cluster": 1, "aktual": 33.007850821744682, "prediksi": 32.968554273321956, "selisih": -0.039296548422726119, "split": "train", "model": "M4", "algoritma": "RF" }, "geometry": { "type": "Polygon", "coordinates": [ [ [ 106.85246040220602, -6.12159983414312 ], [ 106.852491581346115, -6.130641354238366 ], [ 106.861524896669735, -6.130610047357827 ], [ 106.861493565705359, -6.121568573786329 ], [ 106.85246040220602, -6.12159983414312 ] ] ] } },
{ "type": "Feature", "properties": { "grid_id": "93235000705", "cluster": 3, "aktual": 31.932857142857188, "prediksi": 31.998398997909803, "selisih": 0.065541855052615006, "split": "train", "model": "M4", "algoritma": "RF" }, "geometry": { "type": "Polygon", "coordinates": [ [ [ 106.852429269957966, -6.112558310858854 ], [ 106.85246040220602, -6.12159983414312 ], [ 106.861493565705359, -6.121568573786329 ], [ 106.861462281857627, -6.112527097007845 ], [ 106.852429269957966, -6.112558310858854 ] ] ] } },
{ "type": "Feature", "properties": { "grid_id": "92975000706", "cluster": 4, "aktual": 35.406436974789962, "prediksi": 35.397996112153599, "selisih": -0.0084408626363625672, "split": "train", "model": "M4", "algoritma": "RF" }, "geometry": { "type": "Polygon", "coordinates": [ [ [ 106.862290985181218, -6.347604441725463 ], [ 106.862323495364052, -6.356645833837731 ], [ 106.871360633360567, -6.356613205957617 ], [ 106.871327965649158, -6.347571860620625 ], [ 106.862290985181218, -6.347604441725463 ] ] ] } },
{ "type": "Feature", "properties": { "grid_id": "92985000706", "cluster": 4, "aktual": 35.487979910714323, "prediksi": 35.536716259261297, "selisih": 0.048736348546974284, "split": "train", "model": "M4", "algoritma": "RF" }, "geometry": { "type": "Polygon", "coordinates": [ [ [ 106.862258522222803, -6.338563046289428 ], [ 106.862290985181218, -6.347604441725463 ], [ 106.871327965649158, -6.347571860620625 ], [ 106.871295345377774, -6.338530511968851 ], [ 106.862258522222803, -6.338563046289428 ] ] ] } },
{ "type": "Feature", "properties": { "grid_id": "92995000706", "cluster": 4, "aktual": 35.698168067226945, "prediksi": 35.711319944871214, "selisih": 0.01315187764426895, "split": "train", "model": "M4", "algoritma": "RF" }, "geometry": { "type": "Polygon", "coordinates": [ [ [ 106.862226106470857, -6.329521647556576 ], [ 106.862258522222803, -6.338563046289428 ], [ 106.871295345377774, -6.338530511968851 ], [ 106.871262772546416, -6.329489160002293 ], [ 106.862226106470857, -6.329521647556576 ] ] ] } },
{ "type": "Feature", "properties": { "grid_id": "93005000706", "cluster": 4, "aktual": 35.763568627451008, "prediksi": 35.749930852882855, "selisih": -0.013637774568152849, "split": "train", "model": "M4", "algoritma": "RF" }, "geometry": { "type": "Polygon", "coordinates": [ [ [ 106.862193737934362, -6.320480245508941 ], [ 106.862226106470857, -6.329521647556576 ], [ 106.871262772546416, -6.329489160002293 ], [ 106.871230247155097, -6.320447804729934 ], [ 106.862193737934362, -6.320480245508941 ] ] ] } },
{ "type": "Feature", "properties": { "grid_id": "93015000706", "cluster": 4, "aktual": 35.560111607142893, "prediksi": 35.407486592524279, "selisih": -0.15262501461861433, "split": "test", "model": "M4", "algoritma": "RF" }, "geometry": { "type": "Polygon", "coordinates": [ [ [ 106.862161416595356, -6.311438840164489 ], [ 106.862193737934362, -6.320480245508941 ], [ 106.871230247155097, -6.320447804729934 ], [ 106.871197769203803, -6.311406446151776 ], [ 106.862161416595356, -6.311438840164489 ] ] ] } },
{ "type": "Feature", "properties": { "grid_id": "93025000706", "cluster": 4, "aktual": 35.550056022409009, "prediksi": 35.455895396030137, "selisih": -0.094160626378872792, "split": "train", "model": "M4", "algoritma": "RF" }, "geometry": { "type": "Polygon", "coordinates": [ [ [ 106.86212914246282, -6.30239743152322 ], [ 106.862161416595356, -6.311438840164489 ], [ 106.871197769203803, -6.311406446151776 ], [ 106.871165338674572, -6.3023650842768 ], [ 106.86212914246282, -6.30239743152322 ] ] ] } },
{ "type": "Feature", "properties": { "grid_id": "93035000706", "cluster": 3, "aktual": 35.763299719887996, "prediksi": 35.657529373218303, "selisih": -0.10577034666969354, "split": "train", "model": "M4", "algoritma": "RF" }, "geometry": { "type": "Polygon", "coordinates": [ [ [ 106.862096915518777, -6.293356019594117 ], [ 106.86212914246282, -6.30239743152322 ], [ 106.871165338674572, -6.3023650842768 ], [ 106.871132955576385, -6.293323719113991 ], [ 106.862096915518777, -6.293356019594117 ] ] ] } },
{ "type": "Feature", "properties": { "grid_id": "93045000706", "cluster": 3, "aktual": 36.08941964285718, "prediksi": 35.941557586641203, "selisih": -0.14786205621597759, "split": "train", "model": "M4", "algoritma": "RF" }, "geometry": { "type": "Polygon", "coordinates": [ [ [ 106.862064735772236, -6.28431460437718 ], [ 106.862096915518777, -6.293356019594117 ], [ 106.871132955576385, -6.293323719113991 ], [ 106.87110061989128, -6.284282350663347 ], [ 106.862064735772236, -6.28431460437718 ] ] ] } },
{ "type": "Feature", "properties": { "grid_id": "93055000706", "cluster": 2, "aktual": 36.161934523809542, "prediksi": 36.017096667729611, "selisih": -0.14483785607993127, "split": "train", "model": "M4", "algoritma": "RF" }, "geometry": { "type": "Polygon", "coordinates": [ [ [ 106.862032603214175, -6.275273185872408 ], [ 106.862064735772236, -6.28431460437718 ], [ 106.87110061989128, -6.284282350663347 ], [ 106.871068331628251, -6.27524097892487 ], [ 106.862032603214175, -6.275273185872408 ] ] ] } },
{ "type": "Feature", "properties": { "grid_id": "93065000706", "cluster": 2, "aktual": 35.756607142857163, "prediksi": 35.734276720696158, "selisih": -0.022330422161005004, "split": "train", "model": "M4", "algoritma": "RF" }, "geometry": { "type": "Polygon", "coordinates": [ [ [ 106.862000517844635, -6.266231764097769 ], [ 106.862032603214175, -6.275273185872408 ], [ 106.871068331628251, -6.27524097892487 ], [ 106.87103609077829, -6.266199603907541 ], [ 106.862000517844635, -6.266231764097769 ] ] ] } },
{ "type": "Feature", "properties": { "grid_id": "93075000706", "cluster": 2, "aktual": 35.331254901960804, "prediksi": 35.382690991109158, "selisih": 0.051436089148353403, "split": "train", "model": "M4", "algoritma": "RF" }, "geometry": { "type": "Polygon", "coordinates": [ [ [ 106.861968479654607, -6.257190339053263 ], [ 106.862000517844635, -6.266231764097769 ], [ 106.87103609077829, -6.266199603907541 ], [ 106.871003897332429, -6.257158225620346 ], [ 106.861968479654607, -6.257190339053263 ] ] ] } },
{ "type": "Feature", "properties": { "grid_id": "93085000706", "cluster": 2, "aktual": 35.063214285714309, "prediksi": 35.252212936307323, "selisih": 0.18899865059301391, "split": "test", "model": "M4", "algoritma": "RF" }, "geometry": { "type": "Polygon", "coordinates": [ [ [ 106.861936488635109, -6.248148910729906 ], [ 106.861968479654607, -6.257190339053263 ], [ 106.871003897332429, -6.257158225620346 ], [ 106.870971751299649, -6.248116844063282 ], [ 106.861936488635109, -6.248148910729906 ] ] ] } },
{ "type": "Feature", "properties": { "grid_id": "93095000706", "cluster": 2, "aktual": 35.283310924369772, "prediksi": 35.427532705153347, "selisih": 0.14422178078357462, "split": "train", "model": "M4", "algoritma": "RF" }, "geometry": { "type": "Polygon", "coordinates": [ [ [ 106.861904544786157, -6.239107479154647 ], [ 106.861936488635109, -6.248148910729906 ], [ 106.870971751299649, -6.248116844063282 ], [ 106.870939652661988, -6.239075459236351 ], [ 106.861904544786157, -6.239107479154647 ] ] ] } },
{ "type": "Feature", "properties": { "grid_id": "93105000706", "cluster": 2, "aktual": 35.7175, "prediksi": 35.811087994404787, "selisih": 0.093587994404742858, "split": "train", "model": "M4", "algoritma": "RF" }, "geometry": { "type": "Polygon", "coordinates": [ [ [ 106.861872648116716, -6.230066044309521 ], [ 106.861904544786157, -6.239107479154647 ], [ 106.870939652661988, -6.239075459236351 ], [ 106.870907601428414, -6.230034071148536 ], [ 106.861872648116716, -6.230066044309521 ] ] ] } },
{ "type": "Feature", "properties": { "grid_id": "93115000706", "cluster": 3, "aktual": 35.82372328458947, "prediksi": 35.845662410784421, "selisih": 0.021939126194951086, "split": "train", "model": "M4", "algoritma": "RF" }, "geometry": { "type": "Polygon", "coordinates": [ [ [ 106.861840798599843, -6.221024606221477 ], [ 106.861872648116716, -6.230066044309521 ], [ 106.870907601428414, -6.230034071148536 ], [ 106.870875597580977, -6.220992679817802 ], [ 106.861840798599843, -6.221024606221477 ] ] ] } },
{ "type": "Feature", "properties": { "grid_id": "93125000706", "cluster": 3, "aktual": 35.742622767857171, "prediksi": 35.800537685891257, "selisih": 0.057914918034086327, "split": "train", "model": "M4", "algoritma": "RF" }, "geometry": { "type": "Polygon", "coordinates": [ [ [ 106.861808996253501, -6.211983164881532 ], [ 106.861840798599843, -6.221024606221477 ], [ 106.870875597580977, -6.220992679817802 ], [ 106.870843641119677, -6.211951285226184 ], [ 106.861808996253501, -6.211983164881532 ] ] ] } },
{ "type": "Feature", "properties": { "grid_id": "93135000706", "cluster": 3, "aktual": 35.943445378151289, "prediksi": 35.962328471871793, "selisih": 0.018883093720504007, "split": "train", "model": "M4", "algoritma": "RF" }, "geometry": { "type": "Polygon", "coordinates": [ [ [ 106.861777241059741, -6.202941720289685 ], [ 106.861808996253501, -6.211983164881532 ], [ 106.870843641119677, -6.211951285226184 ], [ 106.870811732053483, -6.202909887391647 ], [ 106.861777241059741, -6.202941720289685 ] ] ] } },
{ "type": "Feature", "properties": { "grid_id": "93145000706", "cluster": 3, "aktual": 36.095803571428611, "prediksi": 36.017716166517722, "selisih": -0.078087404910888836, "split": "train", "model": "M4", "algoritma": "RF" }, "geometry": { "type": "Polygon", "coordinates": [ [ [ 106.861745533018549, -6.193900272463902 ], [ 106.861777241059741, -6.202941720289685 ], [ 106.870811732053483, -6.202909887391647 ], [ 106.870779870364444, -6.193868486314193 ], [ 106.861745533018549, -6.193900272463902 ] ] ] } },
{ "type": "Feature", "properties": { "grid_id": "93155000706", "cluster": 3, "aktual": 35.992218487394993, "prediksi": 35.947713260599009, "selisih": -0.044505226795983788, "split": "train", "model": "M4", "algoritma": "RF" }, "geometry": { "type": "Polygon", "coordinates": [ [ [ 106.86171387212093, -6.184858821404186 ], [ 106.861745533018549, -6.193900272463902 ], [ 106.870779870364444, -6.193868486314193 ], [ 106.870748056052548, -6.18482708199382 ], [ 106.86171387212093, -6.184858821404186 ] ] ] } },
{ "type": "Feature", "properties": { "grid_id": "93165000706", "cluster": 3, "aktual": 36.020133928571461, "prediksi": 35.993035672211249, "selisih": -0.027098256360211792, "split": "train", "model": "M4", "algoritma": "RF" }, "geometry": { "type": "Polygon", "coordinates": [ [ [ 106.861682258375893, -6.175817367110533 ], [ 106.86171387212093, -6.184858821404186 ], [ 106.870748056052548, -6.18482708199382 ], [ 106.870716289108827, -6.175785674448496 ], [ 106.861682258375893, -6.175817367110533 ] ] ] } },
{ "type": "Feature", "properties": { "grid_id": "93175000706", "cluster": 3, "aktual": 36.283258928571477, "prediksi": 36.15675417603989, "selisih": -0.12650475253158788, "split": "train", "model": "M4", "algoritma": "RF" }, "geometry": { "type": "Polygon", "coordinates": [ [ [ 106.861650691765462, -6.16677590959193 ], [ 106.861682258375893, -6.175817367110533 ], [ 106.870716289108827, -6.175785674448496 ], [ 106.870684569542234, -6.166744263678218 ], [ 106.861650691765462, -6.16677590959193 ] ] ] } },
{ "type": "Feature", "properties": { "grid_id": "93185000706", "cluster": 1, "aktual": 36.097305322128896, "prediksi": 35.964808095084464, "selisih": -0.13249722704443201, "split": "train", "model": "M4", "algoritma": "RF" }, "geometry": { "type": "Polygon", "coordinates": [ [ [ 106.861619172298603, -6.157734448857357 ], [ 106.861650691765462, -6.16677590959193 ], [ 106.870684569542234, -6.166744263678218 ], [ 106.870652897334836, -6.15770284968299 ], [ 106.861619172298603, -6.157734448857357 ] ] ] } },
{ "type": "Feature", "properties": { "grid_id": "93195000706", "cluster": 1, "aktual": 35.285267857142905, "prediksi": 35.209518083771862, "selisih": -0.075749773371043716, "split": "train", "model": "M4", "algoritma": "RF" }, "geometry": { "type": "Polygon", "coordinates": [ [ [ 106.861587699957369, -6.148692984897832 ], [ 106.861619172298603, -6.157734448857357 ], [ 106.870652897334836, -6.15770284968299 ], [ 106.870621272486616, -6.148661432471793 ], [ 106.861587699957369, -6.148692984897832 ] ] ] } },
{ "type": "Feature", "properties": { "grid_id": "93205000706", "cluster": 1, "aktual": 34.859591036414606, "prediksi": 34.857566331236043, "selisih": -0.0020247051785631243, "split": "train", "model": "M4", "algoritma": "RF" }, "geometry": { "type": "Polygon", "coordinates": [ [ [ 106.86155627475074, -6.139651517731322 ], [ 106.861587699957369, -6.148692984897832 ], [ 106.870621272486616, -6.148661432471793 ], [ 106.870589695006572, -6.139620012044627 ], [ 106.86155627475074, -6.139651517731322 ] ] ] } },
{ "type": "Feature", "properties": { "grid_id": "93215000706", "cluster": 1, "aktual": 34.516316964285757, "prediksi": 34.41239152542564, "selisih": -0.10392543886011651, "split": "train", "model": "M4", "algoritma": "RF" }, "geometry": { "type": "Polygon", "coordinates": [ [ [ 106.861524896669735, -6.130610047357827 ], [ 106.86155627475074, -6.139651517731322 ], [ 106.870589695006572, -6.139620012044627 ], [ 106.870558164867731, -6.130578588401493 ], [ 106.861524896669735, -6.130610047357827 ] ] ] } },
{ "type": "Feature", "properties": { "grid_id": "93225000706", "cluster": 1, "aktual": 33.837585434173718, "prediksi": 33.713207888500968, "selisih": -0.1243775456727505, "split": "train", "model": "M4", "algoritma": "RF" }, "geometry": { "type": "Polygon", "coordinates": [ [ [ 106.861493565705359, -6.121568573786329 ], [ 106.861524896669735, -6.130610047357827 ], [ 106.870558164867731, -6.130578588401493 ], [ 106.870526682088084, -6.121537161569339 ], [ 106.861493565705359, -6.121568573786329 ] ] ] } },
{ "type": "Feature", "properties": { "grid_id": "93235000706", "cluster": 1, "aktual": 33.159405815423561, "prediksi": 33.168670473582289, "selisih": 0.0092646581587274568, "split": "train", "model": "M4", "algoritma": "RF" }, "geometry": { "type": "Polygon", "coordinates": [ [ [ 106.861462281857627, -6.112527097007845 ], [ 106.861493565705359, -6.121568573786329 ], [ 106.870526682088084, -6.121537161569339 ], [ 106.870495246649639, -6.1124957315302 ], [ 106.861462281857627, -6.112527097007845 ] ] ] } },
{ "type": "Feature", "properties": { "grid_id": "92965000707", "cluster": 4, "aktual": 35.517092436974821, "prediksi": 35.456508939811187, "selisih": -0.060583497163634092, "split": "train", "model": "M4", "algoritma": "RF" }, "geometry": { "type": "Polygon", "coordinates": [ [ [ 106.871360633360567, -6.356613205957617 ], [ 106.871393348520996, -6.365654547979824 ], [ 106.880430596830621, -6.365621715373656 ], [ 106.880397723908061, -6.356580420360287 ], [ 106.871360633360567, -6.356613205957617 ] ] ] } },
{ "type": "Feature", "properties": { "grid_id": "92975000707", "cluster": 4, "aktual": 35.566941964285732, "prediksi": 35.540336201151341, "selisih": -0.026605763134391225, "split": "test", "model": "M4", "algoritma": "RF" }, "geometry": { "type": "Polygon", "coordinates": [ [ [ 106.871327965649158, -6.347571860620625 ], [ 106.871360633360567, -6.356613205957617 ], [ 106.880397723908061, -6.356580420360287 ], [ 106.880364898659096, -6.347539122023152 ], [ 106.871327965649158, -6.347571860620625 ] ] ] } },
{ "type": "Feature", "properties": { "grid_id": "92985000707", "cluster": 4, "aktual": 35.62198879551822, "prediksi": 35.638619498576453, "selisih": 0.016630703058233109, "split": "train", "model": "M4", "algoritma": "RF" }, "geometry": { "type": "Polygon", "coordinates": [ [ [ 106.871295345377774, -6.338530511968851 ], [ 106.871327965649158, -6.347571860620625 ], [ 106.880364898659096, -6.347539122023152 ], [ 106.880332121083725, -6.338497820371233 ], [ 106.871295345377774, -6.338530511968851 ] ] ] } },
{ "type": "Feature", "properties": { "grid_id": "92995000707", "cluster": 4, "aktual": 35.749441964285737, "prediksi": 35.78684634754552, "selisih": 0.037404383259783458, "split": "train", "model": "M4", "algoritma": "RF" }, "geometry": { "type": "Polygon", "coordinates": [ [ [ 106.871262772546416, -6.329489160002293 ], [ 106.871295345377774, -6.338530511968851 ], [ 106.880332121083725, -6.338497820371233 ], [ 106.880299391190931, -6.329456515395547 ], [ 106.871262772546416, -6.329489160002293 ] ] ] } },
{ "type": "Feature", "properties": { "grid_id": "93005000707", "cluster": 4, "aktual": 35.816361607142873, "prediksi": 35.814243745655972, "selisih": -0.0021178614869015178, "split": "train", "model": "M4", "algoritma": "RF" }, "geometry": { "type": "Polygon", "coordinates": [ [ [ 106.871230247155097, -6.320447804729934 ], [ 106.871262772546416, -6.329489160002293 ], [ 106.880299391190931, -6.329456515395547 ], [ 106.880266708953755, -6.320415207123045 ], [ 106.871230247155097, -6.320447804729934 ] ] ] } },
{ "type": "Feature", "properties": { "grid_id": "93015000707", "cluster": 4, "aktual": 35.7878125, "prediksi": 35.743515375233478, "selisih": -0.044297124766551121, "split": "train", "model": "M4", "algoritma": "RF" }, "geometry": { "type": "Polygon", "coordinates": [ [ [ 106.871197769203803, -6.311406446151776 ], [ 106.871230247155097, -6.320447804729934 ], [ 106.880266708953755, -6.320415207123045 ], [ 106.880234074381192, -6.311373895544742 ], [ 106.871197769203803, -6.311406446151776 ] ] ] } },
{ "type": "Feature", "properties": { "grid_id": "93025000707", "cluster": 4, "aktual": 35.812991596638675, "prediksi": 35.765911450108604, "selisih": -0.047080146530070976, "split": "train", "model": "M4", "algoritma": "RF" }, "geometry": { "type": "Polygon", "coordinates": [ [ [ 106.871165338674572, -6.3023650842768 ], [ 106.871197769203803, -6.311406446151776 ], [ 106.880234074381192, -6.311373895544742 ], [ 106.880201487464248, -6.302332580660639 ], [ 106.871165338674572, -6.3023650842768 ] ] ] } },
{ "type": "Feature", "properties": { "grid_id": "93035000707", "cluster": 4, "aktual": 36.007991071428599, "prediksi": 35.923698621282497, "selisih": -0.084292450146101316, "split": "train", "model": "M4", "algoritma": "RF" }, "geometry": { "type": "Polygon", "coordinates": [ [ [ 106.871132955576385, -6.293323719113991 ], [ 106.871165338674572, -6.3023650842768 ], [ 106.880201487464248, -6.302332580660639 ], [ 106.880168948202936, -6.293291262488702 ], [ 106.871132955576385, -6.293323719113991 ] ] ] } },
{ "type": "Feature", "properties": { "grid_id": "93045000707", "cluster": 2, "aktual": 36.001936959837352, "prediksi": 35.870158482149009, "selisih": -0.13177847768834283, "split": "train", "model": "M4", "algoritma": "RF" }, "geometry": { "type": "Polygon", "coordinates": [ [ [ 106.87110061989128, -6.284282350663347 ], [ 106.871132955576385, -6.293323719113991 ], [ 106.880168948202936, -6.293291262488702 ], [ 106.880136456588275, -6.284249941028931 ], [ 106.87110061989128, -6.284282350663347 ] ] ] } },
{ "type": "Feature", "properties": { "grid_id": "93055000707", "cluster": 2, "aktual": 35.970394088669984, "prediksi": 35.860963878488768, "selisih": -0.10943021018121613, "split": "train", "model": "M4", "algoritma": "RF" }, "geometry": { "type": "Polygon", "coordinates": [ [ [ 106.871068331628251, -6.27524097892487 ], [ 106.87110061989128, -6.284282350663347 ], [ 106.880136456588275, -6.284249941028931 ], [ 106.880104012629232, -6.275208616281327 ], [ 106.871068331628251, -6.27524097892487 ] ] ] } },
{ "type": "Feature", "properties": { "grid_id": "93065000707", "cluster": 2, "aktual": 35.996162464986028, "prediksi": 35.93383465759964, "selisih": -0.062327807386388656, "split": "train", "model": "M4", "algoritma": "RF" }, "geometry": { "type": "Polygon", "coordinates": [ [ [ 106.87103609077829, -6.266199603907541 ], [ 106.871068331628251, -6.27524097892487 ], [ 106.880104012629232, -6.275208616281327 ], [ 106.880071616298864, -6.266167288254871 ], [ 106.87103609077829, -6.266199603907541 ] ] ] } },
{ "type": "Feature", "properties": { "grid_id": "93075000707", "cluster": 2, "aktual": 35.541205357142871, "prediksi": 35.628116814376945, "selisih": 0.086911457234073453, "split": "train", "model": "M4", "algoritma": "RF" }, "geometry": { "type": "Polygon", "coordinates": [ [ [ 106.871003897332429, -6.257158225620346 ], [ 106.87103609077829, -6.266199603907541 ], [ 106.880071616298864, -6.266167288254871 ], [ 106.880039267615146, -6.257125956949564 ], [ 106.871003897332429, -6.257158225620346 ] ] ] } },
{ "type": "Feature", "properties": { "grid_id": "93085000707", "cluster": 2, "aktual": 35.113563025210112, "prediksi": 35.205495094465704, "selisih": 0.091932069255591387, "split": "train", "model": "M4", "algoritma": "RF" }, "geometry": { "type": "Polygon", "coordinates": [ [ [ 106.870971751299649, -6.248116844063282 ], [ 106.871003897332429, -6.257158225620346 ], [ 106.880039267615146, -6.257125956949564 ], [ 106.880006966560089, -6.24808462237439 ], [ 106.870971751299649, -6.248116844063282 ] ] ] } },
{ "type": "Feature", "properties": { "grid_id": "93095000707", "cluster": 2, "aktual": 35.352544642857175, "prediksi": 35.42769429185325, "selisih": 0.075149648996074347, "split": "train", "model": "M4", "algoritma": "RF" }, "geometry": { "type": "Polygon", "coordinates": [ [ [ 106.870939652661988, -6.239075459236351 ], [ 106.870971751299649, -6.248116844063282 ], [ 106.880006966560089, -6.24808462237439 ], [ 106.879974713142701, -6.239043284538331 ], [ 106.870939652661988, -6.239075459236351 ] ] ] } },
{ "type": "Feature", "properties": { "grid_id": "93105000707", "cluster": 3, "aktual": 35.798638655462227, "prediksi": 35.84186665290617, "selisih": 0.043227997443942456, "split": "test", "model": "M4", "algoritma": "RF" }, "geometry": { "type": "Polygon", "coordinates": [ [ [ 106.870907601428414, -6.230034071148536 ], [ 106.870939652661988, -6.239075459236351 ], [ 106.879974713142701, -6.239043284538331 ], [ 106.879942507345007, -6.230001943432405 ], [ 106.870907601428414, -6.230034071148536 ] ] ] } },
{ "type": "Feature", "properties": { "grid_id": "93115000707", "cluster": 3, "aktual": 35.836875, "prediksi": 35.859548018249974, "selisih": 0.022673018249953714, "split": "train", "model": "M4", "algoritma": "RF" }, "geometry": { "type": "Polygon", "coordinates": [ [ [ 106.870875597580977, -6.220992679817802 ], [ 106.870907601428414, -6.230034071148536 ], [ 106.879942507345007, -6.230001943432405 ], [ 106.879910349167005, -6.220960599074577 ], [ 106.870875597580977, -6.220992679817802 ] ] ] } },
{ "type": "Feature", "properties": { "grid_id": "93125000707", "cluster": 3, "aktual": 35.855625, "prediksi": 35.861982900221577, "selisih": 0.0063579002215732316, "split": "train", "model": "M4", "algoritma": "RF" }, "geometry": { "type": "Polygon", "coordinates": [ [ [ 106.870843641119677, -6.211951285226184 ], [ 106.870875597580977, -6.220992679817802 ], [ 106.879910349167005, -6.220960599074577 ], [ 106.879878238608697, -6.211919251464849 ], [ 106.870843641119677, -6.211951285226184 ] ] ] } },
{ "type": "Feature", "properties": { "grid_id": "93135000707", "cluster": 3, "aktual": 35.900274509803936, "prediksi": 35.86907136526834, "selisih": -0.031203144535595584, "split": "train", "model": "M4", "algoritma": "RF" }, "geometry": { "type": "Polygon", "coordinates": [ [ [ 106.870811732053483, -6.202909887391647 ], [ 106.870843641119677, -6.211951285226184 ], [ 106.879878238608697, -6.211919251464849 ], [ 106.8798461756611, -6.202877900603219 ], [ 106.870811732053483, -6.202909887391647 ] ] ] } },
{ "type": "Feature", "properties": { "grid_id": "93145000707", "cluster": 3, "aktual": 35.733995535714314, "prediksi": 35.664954910406692, "selisih": -0.069040625307621895, "split": "train", "model": "M4", "algoritma": "RF" }, "geometry": { "type": "Polygon", "coordinates": [ [ [ 106.870779870364444, -6.193868486314193 ], [ 106.870811732053483, -6.202909887391647 ], [ 106.8798461756611, -6.202877900603219 ], [ 106.879814160333197, -6.19383654649867 ], [ 106.870779870364444, -6.193868486314193 ] ] ] } },
{ "type": "Feature", "properties": { "grid_id": "93155000707", "cluster": 3, "aktual": 35.574336134453816, "prediksi": 35.537692767762337, "selisih": -0.036643366691478718, "split": "test", "model": "M4", "algoritma": "RF" }, "geometry": { "type": "Polygon", "coordinates": [ [ [ 106.870748056052548, -6.18482708199382 ], [ 106.870779870364444, -6.193868486314193 ], [ 106.879814160333197, -6.19383654649867 ], [ 106.879782192598029, -6.184795189160186 ], [ 106.870748056052548, -6.18482708199382 ] ] ] } },
{ "type": "Feature", "properties": { "grid_id": "93165000707", "cluster": 3, "aktual": 35.650758928571463, "prediksi": 35.519190509097719, "selisih": -0.13156841947374431, "split": "test", "model": "M4", "algoritma": "RF" }, "geometry": { "type": "Polygon", "coordinates": [ [ [ 106.870716289108827, -6.175785674448496 ], [ 106.870748056052548, -6.18482708199382 ], [ 106.879782192598029, -6.184795189160186 ], [ 106.879750272473586, -6.175753828587768 ], [ 106.870716289108827, -6.175785674448496 ] ] ] } },
{ "type": "Feature", "properties": { "grid_id": "93175000707", "cluster": 3, "aktual": 35.640596175478088, "prediksi": 35.499054736085093, "selisih": -0.14154143939299502, "split": "train", "model": "M4", "algoritma": "RF" }, "geometry": { "type": "Polygon", "coordinates": [ [ [ 106.870684569542234, -6.166744263678218 ], [ 106.870716289108827, -6.175785674448496 ], [ 106.879750272473586, -6.175753828587768 ], [ 106.879718399941879, -6.166712464781415 ], [ 106.870684569542234, -6.166744263678218 ] ] ] } },
{ "type": "Feature", "properties": { "grid_id": "93185000707", "cluster": 1, "aktual": 35.646662946428613, "prediksi": 35.264514683476385, "selisih": -0.38214826295222792, "split": "test", "model": "M4", "algoritma": "RF" }, "geometry": { "type": "Polygon", "coordinates": [ [ [ 106.870652897334836, -6.15770284968299 ], [ 106.870684569542234, -6.166744263678218 ], [ 106.879718399941879, -6.166712464781415 ], [ 106.879686575002907, -6.157671097759093 ], [ 106.870652897334836, -6.15770284968299 ] ] ] } },
{ "type": "Feature", "properties": { "grid_id": "93195000707", "cluster": 1, "aktual": 35.401787114845973, "prediksi": 35.336876964439831, "selisih": -0.064910150406142009, "split": "train", "model": "M4", "algoritma": "RF" }, "geometry": { "type": "Polygon", "coordinates": [ [ [ 106.870621272486616, -6.148661432471793 ], [ 106.870652897334836, -6.15770284968299 ], [ 106.879686575002907, -6.157671097759093 ], [ 106.879654797656684, -6.148629727511818 ], [ 106.870621272486616, -6.148661432471793 ] ] ] } },
{ "type": "Feature", "properties": { "grid_id": "93205000707", "cluster": 1, "aktual": 35.000758928571436, "prediksi": 35.030860348230988, "selisih": 0.030101419659551709, "split": "train", "model": "M4", "algoritma": "RF" }, "geometry": { "type": "Polygon", "coordinates": [ [ [ 106.870589695006572, -6.139620012044627 ], [ 106.870621272486616, -6.148661432471793 ], [ 106.879654797656684, -6.148629727511818 ], [ 106.879623067903211, -6.139588354048576 ], [ 106.870589695006572, -6.139620012044627 ] ] ] } },
{ "type": "Feature", "properties": { "grid_id": "93215000707", "cluster": 1, "aktual": 34.637887955182102, "prediksi": 34.688312853453894, "selisih": 0.050424898271792529, "split": "test", "model": "M4", "algoritma": "RF" }, "geometry": { "type": "Polygon", "coordinates": [ [ [ 106.870558164867731, -6.130578588401493 ], [ 106.870589695006572, -6.139620012044627 ], [ 106.879623067903211, -6.139588354048576 ], [ 106.879591385715528, -6.130546977378348 ], [ 106.870558164867731, -6.130578588401493 ] ] ] } },
{ "type": "Feature", "properties": { "grid_id": "93225000707", "cluster": 1, "aktual": 34.647456582633097, "prediksi": 34.625256445202616, "selisih": -0.022200137430480993, "split": "test", "model": "M4", "algoritma": "RF" }, "geometry": { "type": "Polygon", "coordinates": [ [ [ 106.870526682088084, -6.121537161569339 ], [ 106.870558164867731, -6.130578588401493 ], [ 106.879591385715528, -6.130546977378348 ], [ 106.879559751120595, -6.121505597501134 ], [ 106.870526682088084, -6.121537161569339 ] ] ] } },
{ "type": "Feature", "properties": { "grid_id": "93235000707", "cluster": 1, "aktual": 34.225853920515611, "prediksi": 34.10177588610383, "selisih": -0.12407803441178089, "split": "test", "model": "M4", "algoritma": "RF" }, "geometry": { "type": "Polygon", "coordinates": [ [ [ 106.870495246649639, -6.1124957315302 ], [ 106.870526682088084, -6.121537161569339 ], [ 106.879559751120595, -6.121505597501134 ], [ 106.879528164091454, -6.112464214425917 ], [ 106.870495246649639, -6.1124957315302 ] ] ] } },
{ "type": "Feature", "properties": { "grid_id": "93245000707", "cluster": 1, "aktual": 32.648273809523843, "prediksi": 32.917687141851957, "selisih": 0.2694133323281136, "split": "test", "model": "M4", "algoritma": "RF" }, "geometry": { "type": "Polygon", "coordinates": [ [ [ 106.870463858552412, -6.103454298293058 ], [ 106.870495246649639, -6.1124957315302 ], [ 106.879528164091454, -6.112464214425917 ], [ 106.879496624637085, -6.103422828152699 ], [ 106.870463858552412, -6.103454298293058 ] ] ] } },
{ "type": "Feature", "properties": { "grid_id": "92955000708", "cluster": 4, "aktual": 34.535053221288535, "prediksi": 34.600665579417949, "selisih": 0.065612358129413906, "split": "test", "model": "M4", "algoritma": "RF" }, "geometry": { "type": "Polygon", "coordinates": [ [ [ 106.880430596830621, -6.365621715373656 ], [ 106.880463517435757, -6.374663007063259 ], [ 106.889500876040529, -6.374629969290863 ], [ 106.889467797448688, -6.365588724825695 ], [ 106.880430596830621, -6.365621715373656 ] ] ] } },
{ "type": "Feature", "properties": { "grid_id": "92965000708", "cluster": 4, "aktual": 35.044776785714305, "prediksi": 35.038753202573545, "selisih": -0.0060235831407595697, "split": "train", "model": "M4", "algoritma": "RF" }, "geometry": { "type": "Polygon", "coordinates": [ [ [ 106.880397723908061, -6.356580420360287 ], [ 106.880430596830621, -6.365621715373656 ], [ 106.889467797448688, -6.365588724825695 ], [ 106.889434766772979, -6.356547477045744 ], [ 106.880397723908061, -6.356580420360287 ] ] ] } },
{ "type": "Feature", "properties": { "grid_id": "92975000708", "cluster": 4, "aktual": 35.29922384701915, "prediksi": 35.30341426531961, "selisih": 0.0041904183004604079, "split": "train", "model": "M4", "algoritma": "RF" }, "geometry": { "type": "Polygon", "coordinates": [ [ [ 106.880364898659096, -6.347539122023152 ], [ 106.880397723908061, -6.356580420360287 ], [ 106.889434766772979, -6.356547477045744 ], [ 106.889401783995453, -6.347506225933043 ], [ 106.880364898659096, -6.347539122023152 ] ] ] } },
{ "type": "Feature", "properties": { "grid_id": "92985000708", "cluster": 4, "aktual": 35.4478125, "prediksi": 35.410908100458634, "selisih": -0.036904399541377586, "split": "train", "model": "M4", "algoritma": "RF" }, "geometry": { "type": "Polygon", "coordinates": [ [ [ 106.880332121083725, -6.338497820371233 ], [ 106.880364898659096, -6.347539122023152 ], [ 106.889401783995453, -6.347506225933043 ], [ 106.889368849134058, -6.338464971505559 ], [ 106.880332121083725, -6.338497820371233 ] ] ] } },
{ "type": "Feature", "properties": { "grid_id": "92995000708", "cluster": 4, "aktual": 35.489988839285751, "prediksi": 35.491969159832983, "selisih": 0.00198032054723285, "split": "train", "model": "M4", "algoritma": "RF" }, "geometry": { "type": "Polygon", "coordinates": [ [ [ 106.880299391190931, -6.329456515395547 ], [ 106.880332121083725, -6.338497820371233 ], [ 106.889368849134058, -6.338464971505559 ], [ 106.889335962161852, -6.32942371376329 ], [ 106.880299391190931, -6.329456515395547 ] ] ] } },
{ "type": "Feature", "properties": { "grid_id": "93005000708", "cluster": 4, "aktual": 35.423378151260536, "prediksi": 35.445450787771009, "selisih": 0.022072636510472421, "split": "train", "model": "M4", "algoritma": "RF" }, "geometry": { "type": "Polygon", "coordinates": [ [ [ 106.880266708953755, -6.320415207123045 ], [ 106.880299391190931, -6.329456515395547 ], [ 106.889335962161852, -6.32942371376329 ], [ 106.889303123078818, -6.32038245270624 ], [ 106.880266708953755, -6.320415207123045 ] ] ] } },
{ "type": "Feature", "properties": { "grid_id": "93015000708", "cluster": 4, "aktual": 35.61122767857146, "prediksi": 35.616007049570413, "selisih": 0.004779370998953425, "split": "train", "model": "M4", "algoritma": "RF" }, "geometry": { "type": "Polygon", "coordinates": [ [ [ 106.880234074381192, -6.311373895544742 ], [ 106.880266708953755, -6.320415207123045 ], [ 106.889303123078818, -6.32038245270624 ], [ 106.889270331893968, -6.311341188343389 ], [ 106.880234074381192, -6.311373895544742 ] ] ] } },
{ "type": "Feature", "properties": { "grid_id": "93025000708", "cluster": 4, "aktual": 35.664363839285762, "prediksi": 35.611593989691379, "selisih": -0.0527698495943838, "split": "train", "model": "M4", "algoritma": "RF" }, "geometry": { "type": "Polygon", "coordinates": [ [ [ 106.880201487464248, -6.302332580660639 ], [ 106.880234074381192, -6.311373895544742 ], [ 106.889270331893968, -6.311341188343389 ], [ 106.88923758859832, -6.302299920683719 ], [ 106.880201487464248, -6.302332580660639 ] ] ] } },
{ "type": "Feature", "properties": { "grid_id": "93035000708", "cluster": 2, "aktual": 35.557292940522558, "prediksi": 35.514444140247662, "selisih": -0.042848800274896348, "split": "train", "model": "M4", "algoritma": "RF" }, "geometry": { "type": "Polygon", "coordinates": [ [ [ 106.880168948202936, -6.293291262488702 ], [ 106.880201487464248, -6.302332580660639 ], [ 106.88923758859832, -6.302299920683719 ], [ 106.88920489318285, -6.293258649736217 ], [ 106.880168948202936, -6.293291262488702 ] ] ] } },
{ "type": "Feature", "properties": { "grid_id": "93045000708", "cluster": 2, "aktual": 35.267312095569984, "prediksi": 35.259662811535122, "selisih": -0.0076492840348620916, "split": "train", "model": "M4", "algoritma": "RF" }, "geometry": { "type": "Polygon", "coordinates": [ [ [ 106.880136456588275, -6.284249941028931 ], [ 106.880168948202936, -6.293291262488702 ], [ 106.88920489318285, -6.293258649736217 ], [ 106.8891722456476, -6.284217375482914 ], [ 106.880136456588275, -6.284249941028931 ] ] ] } },
{ "type": "Feature", "properties": { "grid_id": "93055000708", "cluster": 3, "aktual": 35.351759103641498, "prediksi": 35.282433170848584, "selisih": -0.069325932792914102, "split": "train", "model": "M4", "algoritma": "RF" }, "geometry": { "type": "Polygon", "coordinates": [ [ [ 106.880104012629232, -6.275208616281327 ], [ 106.880136456588275, -6.284249941028931 ], [ 106.8891722456476, -6.284217375482914 ], [ 106.889139645983576, -6.27517609795076 ], [ 106.880104012629232, -6.275208616281327 ] ] ] } },
{ "type": "Feature", "properties": { "grid_id": "93065000708", "cluster": 2, "aktual": 35.746549019607876, "prediksi": 35.672188717082008, "selisih": -0.074360302525867894, "split": "train", "model": "M4", "algoritma": "RF" }, "geometry": { "type": "Polygon", "coordinates": [ [ [ 106.880071616298864, -6.266167288254871 ], [ 106.880104012629232, -6.275208616281327 ], [ 106.889139645983576, -6.27517609795076 ], [ 106.889107094190763, -6.266134817139756 ], [ 106.880071616298864, -6.266167288254871 ] ] ] } },
{ "type": "Feature", "properties": { "grid_id": "93075000708", "cluster": 2, "aktual": 35.503571428571448, "prediksi": 35.561283157738785, "selisih": 0.057711729167337467, "split": "test", "model": "M4", "algoritma": "RF" }, "geometry": { "type": "Polygon", "coordinates": [ [ [ 106.880039267615146, -6.257125956949564 ], [ 106.880071616298864, -6.266167288254871 ], [ 106.889107094190763, -6.266134817139756 ], [ 106.889074590260194, -6.257093533049901 ], [ 106.880039267615146, -6.257125956949564 ] ] ] } },
{ "type": "Feature", "properties": { "grid_id": "93085000708", "cluster": 2, "aktual": 35.012845938375392, "prediksi": 35.046881575425616, "selisih": 0.0340356370502235, "split": "train", "model": "M4", "algoritma": "RF" }, "geometry": { "type": "Polygon", "coordinates": [ [ [ 106.880006966560089, -6.24808462237439 ], [ 106.880039267615146, -6.257125956949564 ], [ 106.889074590260194, -6.257093533049901 ], [ 106.889042134200835, -6.248052245681195 ], [ 106.880006966560089, -6.24808462237439 ] ] ] } },
{ "type": "Feature", "properties": { "grid_id": "93095000708", "cluster": 2, "aktual": 35.294285714285749, "prediksi": 35.361047507674542, "selisih": 0.066761793388792512, "split": "train", "model": "M4", "algoritma": "RF" }, "geometry": { "type": "Polygon", "coordinates": [ [ [ 106.879974713142701, -6.239043284538331 ], [ 106.880006966560089, -6.24808462237439 ], [ 106.889042134200835, -6.248052245681195 ], [ 106.88900972599474, -6.239010955051604 ], [ 106.879974713142701, -6.239043284538331 ] ] ] } },
{ "type": "Feature", "properties": { "grid_id": "93105000708", "cluster": 3, "aktual": 35.733932773109281, "prediksi": 35.765210451213804, "selisih": 0.031277678104522977, "split": "train", "model": "M4", "algoritma": "RF" }, "geometry": { "type": "Polygon", "coordinates": [ [ [ 106.879942507345007, -6.230001943432405 ], [ 106.879974713142701, -6.239043284538331 ], [ 106.88900972599474, -6.239010955051604 ], [ 106.888977365641907, -6.22996966116113 ], [ 106.879942507345007, -6.230001943432405 ] ] ] } },
{ "type": "Feature", "properties": { "grid_id": "93115000708", "cluster": 3, "aktual": 35.772321428571473, "prediksi": 35.798086639435482, "selisih": 0.025765210864008736, "split": "train", "model": "M4", "algoritma": "RF" }, "geometry": { "type": "Polygon", "coordinates": [ [ [ 106.879910349167005, -6.220960599074577 ], [ 106.879942507345007, -6.230001943432405 ], [ 106.888977365641907, -6.22996966116113 ], [ 106.888945053142322, -6.220928364000788 ], [ 106.879910349167005, -6.220960599074577 ] ] ] } },
{ "type": "Feature", "properties": { "grid_id": "93125000708", "cluster": 3, "aktual": 36.059381327334123, "prediksi": 35.996885805017719, "selisih": -0.062495522316403651, "split": "train", "model": "M4", "algoritma": "RF" }, "geometry": { "type": "Polygon", "coordinates": [ [ [ 106.879878238608697, -6.211919251464849 ], [ 106.879910349167005, -6.220960599074577 ], [ 106.888945053142322, -6.220928364000788 ], [ 106.888912788487005, -6.211887063597526 ], [ 106.879878238608697, -6.211919251464849 ] ] ] } },
{ "type": "Feature", "properties": { "grid_id": "93135000708", "cluster": 3, "aktual": 35.92732142857146, "prediksi": 35.90013798602304, "selisih": -0.027183442548420089, "split": "train", "model": "M4", "algoritma": "RF" }, "geometry": { "type": "Polygon", "coordinates": [ [ [ 106.8798461756611, -6.202877900603219 ], [ 106.879878238608697, -6.211919251464849 ], [ 106.888912788487005, -6.211887063597526 ], [ 106.888880571666988, -6.202845759942365 ], [ 106.8798461756611, -6.202877900603219 ] ] ] } },
{ "type": "Feature", "properties": { "grid_id": "93145000708", "cluster": 3, "aktual": 35.445495798319357, "prediksi": 35.515257756350543, "selisih": 0.069761958031186566, "split": "train", "model": "M4", "algoritma": "RF" }, "geometry": { "type": "Polygon", "coordinates": [ [ [ 106.879814160333197, -6.19383654649867 ], [ 106.8798461756611, -6.202877900603219 ], [ 106.888880571666988, -6.202845759942365 ], [ 106.888848402691238, -6.193804453044285 ], [ 106.879814160333197, -6.19383654649867 ] ] ] } },
{ "type": "Feature", "properties": { "grid_id": "93155000708", "cluster": 3, "aktual": 35.388381696428617, "prediksi": 35.411345503578374, "selisih": 0.022963807149757542, "split": "train", "model": "M4", "algoritma": "RF" }, "geometry": { "type": "Polygon", "coordinates": [ [ [ 106.879782192598029, -6.184795189160186 ], [ 106.879814160333197, -6.19383654649867 ], [ 106.888848402691238, -6.193804453044285 ], [ 106.888816281550774, -6.184763142903286 ], [ 106.879782192598029, -6.184795189160186 ] ] ] } },
{ "type": "Feature", "properties": { "grid_id": "93165000708", "cluster": 3, "aktual": 35.443983193277333, "prediksi": 35.400122086113633, "selisih": -0.043861107163699842, "split": "train", "model": "M4", "algoritma": "RF" }, "geometry": { "type": "Polygon", "coordinates": [ [ [ 106.879750272473586, -6.175753828587768 ], [ 106.879782192598029, -6.184795189160186 ], [ 106.888816281550774, -6.184763142903286 ], [ 106.888784208236615, -6.175721829528353 ], [ 106.879750272473586, -6.175753828587768 ] ] ] } },
{ "type": "Feature", "properties": { "grid_id": "93175000708", "cluster": 3, "aktual": 35.282767857142886, "prediksi": 35.120115903491801, "selisih": -0.16265195365108553, "split": "train", "model": "M4", "algoritma": "RF" }, "geometry": { "type": "Polygon", "coordinates": [ [ [ 106.879718399941879, -6.166712464781415 ], [ 106.879750272473586, -6.175753828587768 ], [ 106.888784208236615, -6.175721829528353 ], [ 106.888752182757742, -6.166680512919484 ], [ 106.879718399941879, -6.166712464781415 ] ] ] } },
{ "type": "Feature", "properties": { "grid_id": "93185000708", "cluster": 4, "aktual": 35.204330357142901, "prediksi": 35.085599892525309, "selisih": -0.11873046461759174, "split": "train", "model": "M4", "algoritma": "RF" }, "geometry": { "type": "Polygon", "coordinates": [ [ [ 106.879686575002907, -6.157671097759093 ], [ 106.879718399941879, -6.166712464781415 ], [ 106.888752182757742, -6.166680512919484 ], [ 106.888720205087211, -6.157639193085664 ], [ 106.879686575002907, -6.157671097759093 ] ] ] } },
{ "type": "Feature", "properties": { "grid_id": "93195000708", "cluster": 1, "aktual": 35.057271708683501, "prediksi": 35.02988245055549, "selisih": -0.027389258128010852, "split": "train", "model": "M4", "algoritma": "RF" }, "geometry": { "type": "Polygon", "coordinates": [ [ [ 106.879654797656684, -6.148629727511818 ], [ 106.879686575002907, -6.157671097759093 ], [ 106.888720205087211, -6.157639193085664 ], [ 106.888688275242998, -6.148597870035875 ], [ 106.879654797656684, -6.148629727511818 ] ] ] } },
{ "type": "Feature", "properties": { "grid_id": "93205000708", "cluster": 1, "aktual": 35.079441964285735, "prediksi": 35.09040473217614, "selisih": 0.010962767890404734, "split": "train", "model": "M4", "algoritma": "RF" }, "geometry": { "type": "Polygon", "coordinates": [ [ [ 106.879623067903211, -6.139588354048576 ], [ 106.879654797656684, -6.148629727511818 ], [ 106.888688275242998, -6.148597870035875 ], [ 106.888656393216095, -6.139556543761134 ], [ 106.879623067903211, -6.139588354048576 ] ] ] } },
{ "type": "Feature", "properties": { "grid_id": "93215000708", "cluster": 1, "aktual": 35.220532212885189, "prediksi": 35.188561714720045, "selisih": -0.031970498165144079, "split": "train", "model": "M4", "algoritma": "RF" }, "geometry": { "type": "Polygon", "coordinates": [ [ [ 106.879591385715528, -6.130546977378348 ], [ 106.879623067903211, -6.139588354048576 ], [ 106.888656393216095, -6.139556543761134 ], [ 106.888624558988553, -6.130515214279407 ], [ 106.879591385715528, -6.130546977378348 ] ] ] } },
{ "type": "Feature", "properties": { "grid_id": "93225000708", "cluster": 1, "aktual": 35.440133928571477, "prediksi": 35.390220072099162, "selisih": -0.049913856472315388, "split": "train", "model": "M4", "algoritma": "RF" }, "geometry": { "type": "Polygon", "coordinates": [ [ [ 106.879559751120595, -6.121505597501134 ], [ 106.879591385715528, -6.130546977378348 ], [ 106.888624558988553, -6.130515214279407 ], [ 106.888592772578335, -6.121473881590695 ], [ 106.879559751120595, -6.121505597501134 ] ] ] } },
{ "type": "Feature", "properties": { "grid_id": "93235000708", "cluster": 1, "aktual": 35.127033349925384, "prediksi": 35.096534863951675, "selisih": -0.030498485973708966, "split": "train", "model": "M4", "algoritma": "RF" }, "geometry": { "type": "Polygon", "coordinates": [ [ [ 106.879528164091454, -6.112464214425917 ], [ 106.879559751120595, -6.121505597501134 ], [ 106.888592772578335, -6.121473881590695 ], [ 106.888561033967463, -6.112432545703981 ], [ 106.879528164091454, -6.112464214425917 ] ] ] } },
{ "type": "Feature", "properties": { "grid_id": "93245000708", "cluster": 4, "aktual": 33.261428571428596, "prediksi": 33.369824227406788, "selisih": 0.10839565597819245, "split": "train", "model": "M4", "algoritma": "RF" }, "geometry": { "type": "Polygon", "coordinates": [ [ [ 106.879496624637085, -6.103422828152699 ], [ 106.879528164091454, -6.112464214425917 ], [ 106.888561033967463, -6.112432545703981 ], [ 106.888529343146971, -6.103391206619264 ], [ 106.879496624637085, -6.103422828152699 ] ] ] } },
{ "type": "Feature", "properties": { "grid_id": "92955000709", "cluster": 3, "aktual": 33.313515625000022, "prediksi": 33.710857555263971, "selisih": 0.39734193026394848, "split": "test", "model": "M4", "algoritma": "RF" }, "geometry": { "type": "Polygon", "coordinates": [ [ [ 106.889467797448688, -6.365588724825695 ], [ 106.889500876040529, -6.374629969290863 ], [ 106.898538186738151, -6.374596773343113 ], [ 106.898504950168586, -6.365555576335941 ], [ 106.889467797448688, -6.365588724825695 ] ] ] } },
{ "type": "Feature", "properties": { "grid_id": "92965000709", "cluster": 4, "aktual": 33.689137254902008, "prediksi": 33.793601765360016, "selisih": 0.10446451045800842, "split": "train", "model": "M4", "algoritma": "RF" }, "geometry": { "type": "Polygon", "coordinates": [ [ [ 106.889434766772979, -6.356547477045744 ], [ 106.889467797448688, -6.365588724825695 ], [ 106.898504950168586, -6.365555576335941 ], [ 106.898471761730747, -6.356514376005004 ], [ 106.889434766772979, -6.356547477045744 ] ] ] } },
{ "type": "Feature", "properties": { "grid_id": "92975000709", "cluster": 4, "aktual": 34.321517857142886, "prediksi": 34.4364171037681, "selisih": 0.11489924662521389, "split": "train", "model": "M4", "algoritma": "RF" }, "geometry": { "type": "Polygon", "coordinates": [ [ [ 106.889401783995453, -6.347506225933043 ], [ 106.889434766772979, -6.356547477045744 ], [ 106.898471761730747, -6.356514376005004 ], [ 106.898438621433627, -6.347473172350298 ], [ 106.889401783995453, -6.347506225933043 ] ] ] } },
{ "type": "Feature", "properties": { "grid_id": "92985000709", "cluster": 4, "aktual": 34.68727678571431, "prediksi": 34.75504774920983, "selisih": 0.067770963495519254, "split": "train", "model": "M4", "algoritma": "RF" }, "geometry": { "type": "Polygon", "coordinates": [ [ [ 106.889368849134058, -6.338464971505559 ], [ 106.889401783995453, -6.347506225933043 ], [ 106.898438621433627, -6.347473172350298 ], [ 106.898405529268246, -6.338431965371828 ], [ 106.889368849134058, -6.338464971505559 ] ] ] } },
{ "type": "Feature", "properties": { "grid_id": "92995000709", "cluster": 4, "aktual": 34.618549019607876, "prediksi": 34.668032245756109, "selisih": 0.049483226148232973, "split": "train", "model": "M4", "algoritma": "RF" }, "geometry": { "type": "Polygon", "coordinates": [ [ [ 106.889335962161852, -6.32942371376329 ], [ 106.889368849134058, -6.338464971505559 ], [ 106.898405529268246, -6.338431965371828 ], [ 106.898372485234589, -6.329390755078573 ], [ 106.889335962161852, -6.32942371376329 ] ] ] } },
{ "type": "Feature", "properties": { "grid_id": "93005000709", "cluster": 4, "aktual": 34.896339285714298, "prediksi": 34.938289776424263, "selisih": 0.041950490709965038, "split": "train", "model": "M4", "algoritma": "RF" }, "geometry": { "type": "Polygon", "coordinates": [ [ [ 106.889303123078818, -6.32038245270624 ], [ 106.889335962161852, -6.32942371376329 ], [ 106.898372485234589, -6.329390755078573 ], [ 106.898339489323689, -6.320349541479518 ], [ 106.889303123078818, -6.32038245270624 ] ] ] } },
{ "type": "Feature", "properties": { "grid_id": "93015000709", "cluster": 4, "aktual": 35.172745535714306, "prediksi": 35.148035234304423, "selisih": -0.024710301409882618, "split": "train", "model": "M4", "algoritma": "RF" }, "geometry": { "type": "Polygon", "coordinates": [ [ [ 106.889270331893968, -6.311341188343389 ], [ 106.889303123078818, -6.32038245270624 ], [ 106.898339489323689, -6.320349541479518 ], [ 106.898306541526551, -6.31130832456568 ], [ 106.889270331893968, -6.311341188343389 ] ] ] } },
{ "type": "Feature", "properties": { "grid_id": "93025000709", "cluster": 4, "aktual": 35.159165266106484, "prediksi": 35.151724959689666, "selisih": -0.0074403064168180322, "split": "train", "model": "M4", "algoritma": "RF" }, "geometry": { "type": "Polygon", "coordinates": [ [ [ 106.88923758859832, -6.302299920683719 ], [ 106.889270331893968, -6.311341188343389 ], [ 106.898306541526551, -6.31130832456568 ], [ 106.898273641852171, -6.302267104355025 ], [ 106.88923758859832, -6.302299920683719 ] ] ] } },
{ "type": "Feature", "properties": { "grid_id": "93035000709", "cluster": 4, "aktual": 35.150178571428611, "prediksi": 35.184780235850816, "selisih": 0.034601664422204692, "split": "train", "model": "M4", "algoritma": "RF" }, "geometry": { "type": "Polygon", "coordinates": [ [ [ 106.88920489318285, -6.293258649736217 ], [ 106.88923758859832, -6.302299920683719 ], [ 106.898273641852171, -6.302267104355025 ], [ 106.898240790282571, -6.29322588083857 ], [ 106.88920489318285, -6.293258649736217 ] ] ] } },
{ "type": "Feature", "properties": { "grid_id": "93045000709", "cluster": 3, "aktual": 34.940904017857186, "prediksi": 34.901006330509645, "selisih": -0.039897687347540511, "split": "train", "model": "M4", "algoritma": "RF" }, "geometry": { "type": "Polygon", "coordinates": [ [ [ 106.8891722456476, -6.284217375482914 ], [ 106.88920489318285, -6.293258649736217 ], [ 106.898240790282571, -6.29322588083857 ], [ 106.898207986826733, -6.28418465403428 ], [ 106.8891722456476, -6.284217375482914 ] ] ] } },
{ "type": "Feature", "properties": { "grid_id": "93055000709", "cluster": 3, "aktual": 34.678873949579881, "prediksi": 34.625900287238544, "selisih": -0.052973662341337047, "split": "train", "model": "M4", "algoritma": "RF" }, "geometry": { "type": "Polygon", "coordinates": [ [ [ 106.889139645983576, -6.27517609795076 ], [ 106.8891722456476, -6.284217375482914 ], [ 106.898207986826733, -6.28418465403428 ], [ 106.898175231466695, -6.275143423942156 ], [ 106.889139645983576, -6.27517609795076 ] ] ] } },
{ "type": "Feature", "properties": { "grid_id": "93065000709", "cluster": 3, "aktual": 34.915401785714316, "prediksi": 34.917378309248463, "selisih": 0.0019765235341466791, "split": "train", "model": "M4", "algoritma": "RF" }, "geometry": { "type": "Polygon", "coordinates": [ [ [ 106.889107094190763, -6.266134817139756 ], [ 106.889139645983576, -6.27517609795076 ], [ 106.898175231466695, -6.275143423942156 ], [ 106.898142524211437, -6.266102190571182 ], [ 106.889107094190763, -6.266134817139756 ] ] ] } },
{ "type": "Feature", "properties": { "grid_id": "93075000709", "cluster": 3, "aktual": 34.906224089635856, "prediksi": 34.88285243662159, "selisih": -0.023371653014265803, "split": "train", "model": "M4", "algoritma": "RF" }, "geometry": { "type": "Polygon", "coordinates": [ [ [ 106.889074590260194, -6.257093533049901 ], [ 106.889107094190763, -6.266134817139756 ], [ 106.898142524211437, -6.266102190571182 ], [ 106.898109865042997, -6.257060953921357 ], [ 106.889074590260194, -6.257093533049901 ] ] ] } },
{ "type": "Feature", "properties": { "grid_id": "93085000709", "cluster": 3, "aktual": 34.698616071428582, "prediksi": 34.665027807697058, "selisih": -0.033588263731523682, "split": "train", "model": "M4", "algoritma": "RF" }, "geometry": { "type": "Polygon", "coordinates": [ [ [ 106.889042134200835, -6.248052245681195 ], [ 106.889074590260194, -6.257093533049901 ], [ 106.898109865042997, -6.257060953921357 ], [ 106.898077253979352, -6.248019713992681 ], [ 106.889042134200835, -6.248052245681195 ] ] ] } },
{ "type": "Feature", "properties": { "grid_id": "93095000709", "cluster": 3, "aktual": 35.075366946778729, "prediksi": 35.073111325269416, "selisih": -0.0022556215093132437, "split": "train", "model": "M4", "algoritma": "RF" }, "geometry": { "type": "Polygon", "coordinates": [ [ [ 106.88900972599474, -6.239010955051604 ], [ 106.889042134200835, -6.248052245681195 ], [ 106.898077253979352, -6.248019713992681 ], [ 106.89804469099353, -6.238978470794138 ], [ 106.88900972599474, -6.239010955051604 ] ] ] } },
{ "type": "Feature", "properties": { "grid_id": "93105000709", "cluster": 3, "aktual": 35.465401785714292, "prediksi": 35.559521103993177, "selisih": 0.094119318278885089, "split": "train", "model": "M4", "algoritma": "RF" }, "geometry": { "type": "Polygon", "coordinates": [ [ [ 106.888977365641907, -6.22996966116113 ], [ 106.88900972599474, -6.239010955051604 ], [ 106.89804469099353, -6.238978470794138 ], [ 106.898012176085544, -6.22993722433471 ], [ 106.888977365641907, -6.22996966116113 ] ] ] } },
{ "type": "Feature", "properties": { "grid_id": "93115000709", "cluster": 3, "aktual": 35.68445378151263, "prediksi": 35.755955329436077, "selisih": 0.071501547923446651, "split": "train", "model": "M4", "algoritma": "RF" }, "geometry": { "type": "Polygon", "coordinates": [ [ [ 106.888945053142322, -6.220928364000788 ], [ 106.888977365641907, -6.22996966116113 ], [ 106.898012176085544, -6.22993722433471 ], [ 106.897979709264376, -6.220895974614398 ], [ 106.888945053142322, -6.220928364000788 ] ] ] } },
{ "type": "Feature", "properties": { "grid_id": "93125000709", "cluster": 4, "aktual": 36.026171875000017, "prediksi": 36.173477753030845, "selisih": 0.14730587803082784, "split": "test", "model": "M4", "algoritma": "RF" }, "geometry": { "type": "Polygon", "coordinates": [ [ [ 106.888912788487005, -6.211887063597526 ], [ 106.888945053142322, -6.220928364000788 ], [ 106.897979709264376, -6.220895974614398 ], [ 106.897947290512064, -6.211854721633201 ], [ 106.888912788487005, -6.211887063597526 ] ] ] } },
{ "type": "Feature", "properties": { "grid_id": "93135000709", "cluster": 3, "aktual": 36.003024553571429, "prediksi": 35.961220251606129, "selisih": -0.041804301965299828, "split": "train", "model": "M4", "algoritma": "RF" }, "geometry": { "type": "Polygon", "coordinates": [ [ [ 106.888880571666988, -6.202845759942365 ], [ 106.888912788487005, -6.211887063597526 ], [ 106.897947290512064, -6.211854721633201 ], [ 106.897914919837575, -6.202813465409086 ], [ 106.888880571666988, -6.202845759942365 ] ] ] } },
{ "type": "Feature", "properties": { "grid_id": "93145000709", "cluster": 3, "aktual": 35.832890756302547, "prediksi": 35.827753235912311, "selisih": -0.0051375203902352951, "split": "train", "model": "M4", "algoritma": "RF" }, "geometry": { "type": "Polygon", "coordinates": [ [ [ 106.888848402691238, -6.193804453044285 ], [ 106.888880571666988, -6.202845759942365 ], [ 106.897914919837575, -6.202813465409086 ], [ 106.897882597222974, -6.19377220593307 ], [ 106.888848402691238, -6.193804453044285 ] ] ] } },
{ "type": "Feature", "properties": { "grid_id": "93155000709", "cluster": 3, "aktual": 35.616964285714324, "prediksi": 35.564820672449287, "selisih": -0.052143613265037914, "split": "train", "model": "M4", "algoritma": "RF" }, "geometry": { "type": "Polygon", "coordinates": [ [ [ 106.888816281550774, -6.184763142903286 ], [ 106.888848402691238, -6.193804453044285 ], [ 106.897882597222974, -6.19377220593307 ], [ 106.897850322668219, -6.184730943214135 ], [ 106.888816281550774, -6.184763142903286 ] ] ] } },
{ "type": "Feature", "properties": { "grid_id": "93165000709", "cluster": 3, "aktual": 35.284745098039245, "prediksi": 35.107790398894323, "selisih": -0.17695469914492179, "split": "test", "model": "M4", "algoritma": "RF" }, "geometry": { "type": "Polygon", "coordinates": [ [ [ 106.888784208236615, -6.175721829528353 ], [ 106.888816281550774, -6.184763142903286 ], [ 106.897850322668219, -6.184730943214135 ], [ 106.89781809618232, -6.175689677261265 ], [ 106.888784208236615, -6.175721829528353 ] ] ] } },
{ "type": "Feature", "properties": { "grid_id": "93175000709", "cluster": 1, "aktual": 35.193772321428604, "prediksi": 35.152791869072146, "selisih": -0.04098045235645742, "split": "train", "model": "M4", "algoritma": "RF" }, "geometry": { "type": "Polygon", "coordinates": [ [ [ 106.888752182757742, -6.166680512919484 ], [ 106.888784208236615, -6.175721829528353 ], [ 106.89781809618232, -6.175689677261265 ], [ 106.897785917747314, -6.166648408083444 ], [ 106.888752182757742, -6.166680512919484 ] ] ] } },
{ "type": "Feature", "properties": { "grid_id": "93185000709", "cluster": 4, "aktual": 34.916029246344252, "prediksi": 34.912743424256462, "selisih": -0.0032858220877898248, "split": "train", "model": "M4", "algoritma": "RF" }, "geometry": { "type": "Polygon", "coordinates": [ [ [ 106.888720205087211, -6.157639193085664 ], [ 106.888752182757742, -6.166680512919484 ], [ 106.897785917747314, -6.166648408083444 ], [ 106.897753787354205, -6.157607135671688 ], [ 106.888720205087211, -6.157639193085664 ] ] ] } },
{ "type": "Feature", "properties": { "grid_id": "93195000709", "cluster": 4, "aktual": 34.564441964285741, "prediksi": 34.600849152201306, "selisih": 0.036407187915564521, "split": "train", "model": "M4", "algoritma": "RF" }, "geometry": { "type": "Polygon", "coordinates": [ [ [ 106.888688275242998, -6.148597870035875 ], [ 106.888720205087211, -6.157639193085664 ], [ 106.897753787354205, -6.157607135671688 ], [ 106.897721705020956, -6.148565860034979 ], [ 106.888688275242998, -6.148597870035875 ] ] ] } },
{ "type": "Feature", "properties": { "grid_id": "93205000709", "cluster": 1, "aktual": 34.970022408963608, "prediksi": 34.919260209754825, "selisih": -0.050762199208783443, "split": "train", "model": "M4", "algoritma": "RF" }, "geometry": { "type": "Polygon", "coordinates": [ [ [ 106.888656393216095, -6.139556543761134 ], [ 106.888688275242998, -6.148597870035875 ], [ 106.897721705020956, -6.148565860034979 ], [ 106.897689670720638, -6.139524581182302 ], [ 106.888656393216095, -6.139556543761134 ] ] ] } },
{ "type": "Feature", "properties": { "grid_id": "93215000709", "cluster": 1, "aktual": 35.565691964285747, "prediksi": 35.393965234387537, "selisih": -0.17172672989821081, "split": "train", "model": "M4", "algoritma": "RF" }, "geometry": { "type": "Polygon", "coordinates": [ [ [ 106.888624558988553, -6.130515214279407 ], [ 106.888656393216095, -6.139556543761134 ], [ 106.897689670720638, -6.139524581182302 ], [ 106.897657684462217, -6.130483299122639 ], [ 106.888624558988553, -6.130515214279407 ] ] ] } },
{ "type": "Feature", "properties": { "grid_id": "93225000709", "cluster": 1, "aktual": 35.761080653663718, "prediksi": 35.592625804300873, "selisih": -0.16845484936284549, "split": "train", "model": "M4", "algoritma": "RF" }, "geometry": { "type": "Polygon", "coordinates": [ [ [ 106.888592772578335, -6.121473881590695 ], [ 106.888624558988553, -6.130515214279407 ], [ 106.897657684462217, -6.130483299122639 ], [ 106.897625746236713, -6.121442013847008 ], [ 106.888592772578335, -6.121473881590695 ] ] ] } },
{ "type": "Feature", "properties": { "grid_id": "93235000709", "cluster": 1, "aktual": 35.314548319327756, "prediksi": 35.270559061152653, "selisih": -0.043989258175102464, "split": "train", "model": "M4", "algoritma": "RF" }, "geometry": { "type": "Polygon", "coordinates": [ [ [ 106.888561033967463, -6.112432545703981 ], [ 106.888592772578335, -6.121473881590695 ], [ 106.897625746236713, -6.121442013847008 ], [ 106.897593856044125, -6.112400725373375 ], [ 106.888561033967463, -6.112432545703981 ] ] ] } },
{ "type": "Feature", "properties": { "grid_id": "93245000709", "cluster": 4, "aktual": 33.780066964285737, "prediksi": 33.90444080836857, "selisih": 0.12437384408283236, "split": "train", "model": "M4", "algoritma": "RF" }, "geometry": { "type": "Polygon", "coordinates": [ [ [ 106.888529343146971, -6.103391206619264 ], [ 106.888561033967463, -6.112432545703981 ], [ 106.897593856044125, -6.112400725373375 ], [ 106.897562013875472, -6.103359433692756 ], [ 106.888529343146971, -6.103391206619264 ] ] ] } },
{ "type": "Feature", "properties": { "grid_id": "93255000709", "cluster": 4, "aktual": 32.54541984732829, "prediksi": 32.628570915562875, "selisih": 0.083151068234585068, "split": "train", "model": "M4", "algoritma": "RF" }, "geometry": { "type": "Polygon", "coordinates": [ [ [ 106.888497700125839, -6.094349864336545 ], [ 106.888529343146971, -6.103391206619264 ], [ 106.897562013875472, -6.103359433692756 ], [ 106.897530219730754, -6.094318138823117 ], [ 106.888497700125839, -6.094349864336545 ] ] ] } },
{ "type": "Feature", "properties": { "grid_id": "92965000710", "cluster": 3, "aktual": 32.82625, "prediksi": 33.158027868396445, "selisih": 0.33177786839641499, "split": "train", "model": "M4", "algoritma": "RF" }, "geometry": { "type": "Polygon", "coordinates": [ [ [ 106.898471761730747, -6.356514376005004 ], [ 106.898504950168586, -6.365555576335941 ], [ 106.907542054738784, -6.365522269913377 ], [ 106.90750870855679, -6.356481117265014 ], [ 106.898471761730747, -6.356514376005004 ] ] ] } },
{ "type": "Feature", "properties": { "grid_id": "92975000710", "cluster": 4, "aktual": 33.611759103641475, "prediksi": 33.818124419061775, "selisih": 0.20636531542029957, "split": "train", "model": "M4", "algoritma": "RF" }, "geometry": { "type": "Polygon", "coordinates": [ [ [ 106.898438621433627, -6.347473172350298 ], [ 106.898471761730747, -6.356514376005004 ], [ 106.90750870855679, -6.356481117265014 ], [ 106.907475410740076, -6.347439961283902 ], [ 106.898438621433627, -6.347473172350298 ] ] ] } },
{ "type": "Feature", "properties": { "grid_id": "92985000710", "cluster": 4, "aktual": 34.166674107142875, "prediksi": 34.252581928795244, "selisih": 0.085907821652369876, "split": "train", "model": "M4", "algoritma": "RF" }, "geometry": { "type": "Polygon", "coordinates": [ [ [ 106.898405529268246, -6.338431965371828 ], [ 106.898438621433627, -6.347473172350298 ], [ 106.907475410740076, -6.347439961283902 ], [ 106.907442161288671, -6.338398801988006 ], [ 106.898405529268246, -6.338431965371828 ] ] ] } },
{ "type": "Feature", "properties": { "grid_id": "92995000710", "cluster": 4, "aktual": 34.28125, "prediksi": 34.315164599202873, "selisih": 0.033914599202830686, "split": "train", "model": "M4", "algoritma": "RF" }, "geometry": { "type": "Polygon", "coordinates": [ [ [ 106.898372485234589, -6.329390755078573 ], [ 106.898405529268246, -6.338431965371828 ], [ 106.907442161288671, -6.338398801988006 ], [ 106.907408960193578, -6.329357639368344 ], [ 106.898372485234589, -6.329390755078573 ] ] ] } },
{ "type": "Feature", "properties": { "grid_id": "93005000710", "cluster": 4, "aktual": 34.553439775910412, "prediksi": 34.51456392304722, "selisih": -0.038875852863192506, "split": "train", "model": "M4", "algoritma": "RF" }, "geometry": { "type": "Polygon", "coordinates": [ [ [ 106.898339489323689, -6.320349541479518 ], [ 106.898372485234589, -6.329390755078573 ], [ 106.907408960193578, -6.329357639368344 ], [ 106.907375807445803, -6.320316473442881 ], [ 106.898339489323689, -6.320349541479518 ] ] ] } },
{ "type": "Feature", "properties": { "grid_id": "93015000710", "cluster": 4, "aktual": 34.757226890756336, "prediksi": 34.747140930990049, "selisih": -0.010085959766286123, "split": "train", "model": "M4", "algoritma": "RF" }, "geometry": { "type": "Polygon", "coordinates": [ [ [ 106.898306541526551, -6.31130832456568 ], [ 106.898339489323689, -6.320349541479518 ], [ 106.907375807445803, -6.320316473442881 ], [ 106.907342703045373, -6.311275304202635 ], [ 106.898306541526551, -6.31130832456568 ] ] ] } },
{ "type": "Feature", "properties": { "grid_id": "93025000710", "cluster": 4, "aktual": 34.675326145552582, "prediksi": 34.726222155061336, "selisih": 0.050896009508754503, "split": "test", "model": "M4", "algoritma": "RF" }, "geometry": { "type": "Polygon", "coordinates": [ [ [ 106.898273641852171, -6.302267104355025 ], [ 106.898306541526551, -6.31130832456568 ], [ 106.907342703045373, -6.311275304202635 ], [ 106.90730964699226, -6.302234131656588 ], [ 106.898273641852171, -6.302267104355025 ] ] ] } },
{ "type": "Feature", "properties": { "grid_id": "93035000710", "cluster": 4, "aktual": 34.823046594982124, "prediksi": 34.928148222786426, "selisih": 0.10510162780430221, "split": "train", "model": "M4", "algoritma": "RF" }, "geometry": { "type": "Polygon", "coordinates": [ [ [ 106.898240790282571, -6.29322588083857 ], [ 106.898273641852171, -6.302267104355025 ], [ 106.90730964699226, -6.302234131656588 ], [ 106.907276639277484, -6.293192955822708 ], [ 106.898240790282571, -6.29322588083857 ] ] ] } },
{ "type": "Feature", "properties": { "grid_id": "93045000710", "cluster": 3, "aktual": 34.946257703081272, "prediksi": 35.034239534889501, "selisih": 0.087981831808228605, "split": "train", "model": "M4", "algoritma": "RF" }, "geometry": { "type": "Polygon", "coordinates": [ [ [ 106.898207986826733, -6.28418465403428 ], [ 106.898240790282571, -6.29322588083857 ], [ 106.907276639277484, -6.293192955822708 ], [ 106.907243679901072, -6.284151776683028 ], [ 106.898207986826733, -6.28418465403428 ] ] ] } },
{ "type": "Feature", "properties": { "grid_id": "93055000710", "cluster": 3, "aktual": 34.407622767857177, "prediksi": 34.491998985977361, "selisih": 0.084376218120183921, "split": "train", "model": "M4", "algoritma": "RF" }, "geometry": { "type": "Polygon", "coordinates": [ [ [ 106.898175231466695, -6.275143423942156 ], [ 106.898207986826733, -6.28418465403428 ], [ 106.907243679901072, -6.284151776683028 ], [ 106.907210768854014, -6.275110594264497 ], [ 106.898175231466695, -6.275143423942156 ] ] ] } },
{ "type": "Feature", "properties": { "grid_id": "93065000710", "cluster": 3, "aktual": 34.373627232142901, "prediksi": 34.45441337785401, "selisih": 0.080786145711108759, "split": "train", "model": "M4", "algoritma": "RF" }, "geometry": { "type": "Polygon", "coordinates": [ [ [ 106.898142524211437, -6.266102190571182 ], [ 106.898175231466695, -6.275143423942156 ], [ 106.907210768854014, -6.275110594264497 ], [ 106.907177906136312, -6.266069408549148 ], [ 106.898142524211437, -6.266102190571182 ] ] ] } },
{ "type": "Feature", "properties": { "grid_id": "93075000710", "cluster": 3, "aktual": 34.652521008403397, "prediksi": 34.698731444802, "selisih": 0.046210436398602894, "split": "train", "model": "M4", "algoritma": "RF" }, "geometry": { "type": "Polygon", "coordinates": [ [ [ 106.898109865042997, -6.257060953921357 ], [ 106.898142524211437, -6.266102190571182 ], [ 106.907177906136312, -6.266069408549148 ], [ 106.907145091738997, -6.257028219563932 ], [ 106.898109865042997, -6.257060953921357 ] ] ] } },
{ "type": "Feature", "properties": { "grid_id": "93085000710", "cluster": 3, "aktual": 34.733035714285741, "prediksi": 34.819011351066834, "selisih": 0.085975636781093101, "split": "train", "model": "M4", "algoritma": "RF" }, "geometry": { "type": "Polygon", "coordinates": [ [ [ 106.898077253979352, -6.248019713992681 ], [ 106.898109865042997, -6.257060953921357 ], [ 106.907145091738997, -6.257028219563932 ], [ 106.907112325662055, -6.247987027299866 ], [ 106.898077253979352, -6.248019713992681 ] ] ] } },
{ "type": "Feature", "properties": { "grid_id": "93095000710", "cluster": 3, "aktual": 35.147781512605079, "prediksi": 35.270813329098083, "selisih": 0.12303181649300399, "split": "train", "model": "M4", "algoritma": "RF" }, "geometry": { "type": "Polygon", "coordinates": [ [ [ 106.89804469099353, -6.238978470794138 ], [ 106.898077253979352, -6.248019713992681 ], [ 106.907112325662055, -6.247987027299866 ], [ 106.907079607905501, -6.238945831756948 ], [ 106.89804469099353, -6.238978470794138 ] ] ] } },
{ "type": "Feature", "properties": { "grid_id": "93105000710", "cluster": 3, "aktual": 35.388973214285755, "prediksi": 35.631870974541577, "selisih": 0.24289776025582199, "split": "test", "model": "M4", "algoritma": "RF" }, "geometry": { "type": "Polygon", "coordinates": [ [ [ 106.898012176085544, -6.22993722433471 ], [ 106.89804469099353, -6.238978470794138 ], [ 106.907079607905501, -6.238945831756948 ], [ 106.907046938451359, -6.229904632962129 ], [ 106.898012176085544, -6.22993722433471 ] ] ] } },
{ "type": "Feature", "properties": { "grid_id": "93115000710", "cluster": 2, "aktual": 35.7031428571429, "prediksi": 35.791753621780316, "selisih": 0.088610764637415684, "split": "train", "model": "M4", "algoritma": "RF" }, "geometry": { "type": "Polygon", "coordinates": [ [ [ 106.897979709264376, -6.220895974614398 ], [ 106.898012176085544, -6.22993722433471 ], [ 106.907046938451359, -6.229904632962129 ], [ 106.907014317317589, -6.220863430897443 ], [ 106.897979709264376, -6.220895974614398 ] ] ] } },
{ "type": "Feature", "properties": { "grid_id": "93125000710", "cluster": 2, "aktual": 36.07625, "prediksi": 35.989277095969534, "selisih": -0.086972904030496068, "split": "test", "model": "M4", "algoritma": "RF" }, "geometry": { "type": "Polygon", "coordinates": [ [ [ 106.897947290512064, -6.211854721633201 ], [ 106.897979709264376, -6.220895974614398 ], [ 106.907014317317589, -6.220863430897443 ], [ 106.90698174447725, -6.211822225571871 ], [ 106.897947290512064, -6.211854721633201 ] ] ] } },
{ "type": "Feature", "properties": { "grid_id": "93135000710", "cluster": 2, "aktual": 36.052857142857171, "prediksi": 35.976818950378892, "selisih": -0.076038192478279143, "split": "train", "model": "M4", "algoritma": "RF" }, "geometry": { "type": "Polygon", "coordinates": [ [ [ 106.897914919837575, -6.202813465409086 ], [ 106.897947290512064, -6.211854721633201 ], [ 106.90698174447725, -6.211822225571871 ], [ 106.90694921993034, -6.202781017003382 ], [ 106.897914919837575, -6.202813465409086 ] ] ] } },
{ "type": "Feature", "properties": { "grid_id": "93145000710", "cluster": 3, "aktual": 35.974787946428592, "prediksi": 35.898472248166783, "selisih": -0.076315698261808507, "split": "train", "model": "M4", "algoritma": "RF" }, "geometry": { "type": "Polygon", "coordinates": [ [ [ 106.897882597222974, -6.19377220593307 ], [ 106.897914919837575, -6.202813465409086 ], [ 106.90694921993034, -6.202781017003382 ], [ 106.906916743685855, -6.193739805182991 ], [ 106.897882597222974, -6.19377220593307 ] ] ] } },
{ "type": "Feature", "properties": { "grid_id": "93155000710", "cluster": 3, "aktual": 35.760521008403373, "prediksi": 35.678432707560233, "selisih": -0.08208830084313945, "split": "train", "model": "M4", "algoritma": "RF" }, "geometry": { "type": "Polygon", "coordinates": [ [ [ 106.897850322668219, -6.184730943214135 ], [ 106.897882597222974, -6.19377220593307 ], [ 106.906916743685855, -6.193739805182991 ], [ 106.906884315734786, -6.184698590119683 ], [ 106.897850322668219, -6.184730943214135 ] ] ] } },
{ "type": "Feature", "properties": { "grid_id": "93165000710", "cluster": 3, "aktual": 35.520089285714292, "prediksi": 35.447415246013634, "selisih": -0.072674039700658, "split": "test", "model": "M4", "algoritma": "RF" }, "geometry": { "type": "Polygon", "coordinates": [ [ [ 106.89781809618232, -6.175689677261265 ], [ 106.897850322668219, -6.184730943214135 ], [ 106.906884315734786, -6.184698590119683 ], [ 106.906851936068165, -6.175657371813456 ], [ 106.89781809618232, -6.175689677261265 ] ] ] } },
{ "type": "Feature", "properties": { "grid_id": "93175000710", "cluster": 4, "aktual": 35.369327731092454, "prediksi": 35.377430093242985, "selisih": 0.0081023621505309507, "split": "train", "model": "M4", "algoritma": "RF" }, "geometry": { "type": "Polygon", "coordinates": [ [ [ 106.897785917747314, -6.166648408083444 ], [ 106.89781809618232, -6.175689677261265 ], [ 106.906851936068165, -6.175657371813456 ], [ 106.906819604685992, -6.166616150282278 ], [ 106.897785917747314, -6.166648408083444 ] ] ] } },
{ "type": "Feature", "properties": { "grid_id": "93185000710", "cluster": 4, "aktual": 34.807957589285763, "prediksi": 35.00631459497226, "selisih": 0.19835700568649628, "split": "test", "model": "M4", "algoritma": "RF" }, "geometry": { "type": "Polygon", "coordinates": [ [ [ 106.897753787354205, -6.157607135671688 ], [ 106.897785917747314, -6.166648408083444 ], [ 106.906819604685992, -6.166616150282278 ], [ 106.906787321579287, -6.157574925517164 ], [ 106.897753787354205, -6.157607135671688 ] ] ] } },
{ "type": "Feature", "properties": { "grid_id": "93195000710", "cluster": 4, "aktual": 34.484419642857183, "prediksi": 34.515458999308834, "selisih": 0.031039356451650235, "split": "train", "model": "M4", "algoritma": "RF" }, "geometry": { "type": "Polygon", "coordinates": [ [ [ 106.897721705020956, -6.148565860034979 ], [ 106.897753787354205, -6.157607135671688 ], [ 106.906787321579287, -6.157574925517164 ], [ 106.906755086748049, -6.148533697527098 ], [ 106.897721705020956, -6.148565860034979 ] ] ] } },
{ "type": "Feature", "properties": { "grid_id": "93205000710", "cluster": 1, "aktual": 34.976016806722718, "prediksi": 34.973784366580709, "selisih": -0.0022324401420092954, "split": "train", "model": "M4", "algoritma": "RF" }, "geometry": { "type": "Polygon", "coordinates": [ [ [ 106.897689670720638, -6.139524581182302 ], [ 106.897721705020956, -6.148565860034979 ], [ 106.906755086748049, -6.148533697527098 ], [ 106.906722900183283, -6.139492466321063 ], [ 106.897689670720638, -6.139524581182302 ] ] ] } },
{ "type": "Feature", "properties": { "grid_id": "93215000710", "cluster": 1, "aktual": 35.717031250000019, "prediksi": 35.422948479533751, "selisih": -0.29408277046626807, "split": "test", "model": "M4", "algoritma": "RF" }, "geometry": { "type": "Polygon", "coordinates": [ [ [ 106.897657684462217, -6.130483299122639 ], [ 106.897689670720638, -6.139524581182302 ], [ 106.906722900183283, -6.139492466321063 ], [ 106.906690761893969, -6.130451231899061 ], [ 106.897657684462217, -6.130483299122639 ] ] ] } },
{ "type": "Feature", "properties": { "grid_id": "93225000710", "cluster": 1, "aktual": 35.90436535589847, "prediksi": 35.782663127161392, "selisih": -0.12170222873707814, "split": "train", "model": "M4", "algoritma": "RF" }, "geometry": { "type": "Polygon", "coordinates": [ [ [ 106.897625746236713, -6.121442013847008 ], [ 106.897657684462217, -6.130483299122639 ], [ 106.906690761893969, -6.130451231899061 ], [ 106.906658671862175, -6.121409994261088 ], [ 106.897625746236713, -6.121442013847008 ] ] ] } },
{ "type": "Feature", "properties": { "grid_id": "93235000710", "cluster": 1, "aktual": 35.404241071428615, "prediksi": 35.340833445716541, "selisih": -0.063407625712073923, "split": "train", "model": "M4", "algoritma": "RF" }, "geometry": { "type": "Polygon", "coordinates": [ [ [ 106.897593856044125, -6.112400725373375 ], [ 106.897625746236713, -6.121442013847008 ], [ 106.906658671862175, -6.121409994261088 ], [ 106.906626630087871, -6.112368753425114 ], [ 106.897593856044125, -6.112400725373375 ] ] ] } },
{ "type": "Feature", "properties": { "grid_id": "93245000710", "cluster": 4, "aktual": 34.125462184873982, "prediksi": 34.185901298382298, "selisih": 0.060439113508316211, "split": "test", "model": "M4", "algoritma": "RF" }, "geometry": { "type": "Polygon", "coordinates": [ [ [ 106.897562013875472, -6.103359433692756 ], [ 106.897593856044125, -6.112400725373375 ], [ 106.906626630087871, -6.112368753425114 ], [ 106.906594636571057, -6.103327509391137 ], [ 106.897562013875472, -6.103359433692756 ] ] ] } },
{ "type": "Feature", "properties": { "grid_id": "93255000710", "cluster": 4, "aktual": 33.488214285714299, "prediksi": 33.353298983519437, "selisih": -0.13491530219486236, "split": "train", "model": "M4", "algoritma": "RF" }, "geometry": { "type": "Polygon", "coordinates": [ [ [ 106.897530219730754, -6.094318138823117 ], [ 106.897562013875472, -6.103359433692756 ], [ 106.906594636571057, -6.103327509391137 ], [ 106.906562691302753, -6.094286262150176 ], [ 106.897530219730754, -6.094318138823117 ] ] ] } },
{ "type": "Feature", "properties": { "grid_id": "92965000711", "cluster": 3, "aktual": 33.037854341736704, "prediksi": 33.722790935891922, "selisih": 0.6849365941552179, "split": "test", "model": "M4", "algoritma": "RF" }, "geometry": { "type": "Polygon", "coordinates": [ [ [ 106.90750870855679, -6.356481117265014 ], [ 106.907542054738784, -6.365522269913377 ], [ 106.916579110943687, -6.36548880554902 ], [ 106.916545607017525, -6.356447700807811 ], [ 106.90750870855679, -6.356481117265014 ] ] ] } },
{ "type": "Feature", "properties": { "grid_id": "92975000711", "cluster": 4, "aktual": 33.622890625000032, "prediksi": 33.900407878285748, "selisih": 0.27751725328571553, "split": "test", "model": "M4", "algoritma": "RF" }, "geometry": { "type": "Polygon", "coordinates": [ [ [ 106.907475410740076, -6.347439961283902 ], [ 106.90750870855679, -6.356481117265014 ], [ 106.916545607017525, -6.356447700807811 ], [ 106.916512151690213, -6.347406592742836 ], [ 106.907475410740076, -6.347439961283902 ] ] ] } },
{ "type": "Feature", "properties": { "grid_id": "92985000711", "cluster": 4, "aktual": 34.048136160714328, "prediksi": 33.988788637950684, "selisih": -0.059347522763644633, "split": "train", "model": "M4", "algoritma": "RF" }, "geometry": { "type": "Polygon", "coordinates": [ [ [ 106.907442161288671, -6.338398801988006 ], [ 106.907475410740076, -6.347439961283902 ], [ 106.916512151690213, -6.347406592742836 ], [ 106.916478744943802, -6.338365481345111 ], [ 106.907442161288671, -6.338398801988006 ] ] ] } },
{ "type": "Feature", "properties": { "grid_id": "92995000711", "cluster": 4, "aktual": 33.801798319327759, "prediksi": 33.778146351832341, "selisih": -0.023651967495418091, "split": "train", "model": "M4", "algoritma": "RF" }, "geometry": { "type": "Polygon", "coordinates": [ [ [ 106.907408960193578, -6.329357639368344 ], [ 106.907442161288671, -6.338398801988006 ], [ 106.916478744943802, -6.338365481345111 ], [ 106.91644538678726, -6.329324366632602 ], [ 106.907408960193578, -6.329357639368344 ] ] ] } },
{ "type": "Feature", "properties": { "grid_id": "93005000711", "cluster": 4, "aktual": 33.819691876750731, "prediksi": 33.785484125962796, "selisih": -0.034207750787935254, "split": "train", "model": "M4", "algoritma": "RF" }, "geometry": { "type": "Polygon", "coordinates": [ [ [ 106.907375807445803, -6.320316473442881 ], [ 106.907408960193578, -6.329357639368344 ], [ 106.91644538678726, -6.329324366632602 ], [ 106.916412077211618, -6.320283248596327 ], [ 106.907375807445803, -6.320316473442881 ] ] ] } },
{ "type": "Feature", "properties": { "grid_id": "93015000711", "cluster": 4, "aktual": 34.1921875, "prediksi": 33.99575998560794, "selisih": -0.1964275143920915, "split": "test", "model": "M4", "algoritma": "RF" }, "geometry": { "type": "Polygon", "coordinates": [ [ [ 106.907342703045373, -6.311275304202635 ], [ 106.907375807445803, -6.320316473442881 ], [ 106.916412077211618, -6.320283248596327 ], [ 106.916378816216849, -6.311242127263236 ], [ 106.907342703045373, -6.311275304202635 ] ] ] } },
{ "type": "Feature", "properties": { "grid_id": "93025000711", "cluster": 4, "aktual": 34.523489298158303, "prediksi": 34.47290543150023, "selisih": -0.050583866658072907, "split": "train", "model": "M4", "algoritma": "RF" }, "geometry": { "type": "Polygon", "coordinates": [ [ [ 106.90730964699226, -6.302234131656588 ], [ 106.907342703045373, -6.311275304202635 ], [ 106.916378816216849, -6.311242127263236 ], [ 106.916345603793999, -6.302201002615361 ], [ 106.90730964699226, -6.302234131656588 ] ] ] } },
{ "type": "Feature", "properties": { "grid_id": "93085000711", "cluster": 4, "aktual": 35.123938375350164, "prediksi": 35.247699118604267, "selisih": 0.12376074325410258, "split": "train", "model": "M4", "algoritma": "RF" }, "geometry": { "type": "Polygon", "coordinates": [ [ [ 106.907112325662055, -6.247987027299866 ], [ 106.907145091738997, -6.257028219563932 ], [ 106.916180270114609, -6.256995329986609 ], [ 106.916147349042362, -6.24795418561173 ], [ 106.907112325662055, -6.247987027299866 ] ] ] } },
{ "type": "Feature", "properties": { "grid_id": "93095000711", "cluster": 3, "aktual": 35.367232142857176, "prediksi": 35.437319017589545, "selisih": 0.070086874732368187, "split": "test", "model": "M4", "algoritma": "RF" }, "geometry": { "type": "Polygon", "coordinates": [ [ [ 106.907079607905501, -6.238945831756948 ], [ 106.907112325662055, -6.247987027299866 ], [ 106.916147349042362, -6.24795418561173 ], [ 106.916114476506081, -6.238913037958 ], [ 106.907079607905501, -6.238945831756948 ] ] ] } },
{ "type": "Feature", "properties": { "grid_id": "93105000711", "cluster": 2, "aktual": 35.485417366946812, "prediksi": 35.530056400488519, "selisih": 0.044639033541706397, "split": "train", "model": "M4", "algoritma": "RF" }, "geometry": { "type": "Polygon", "coordinates": [ [ [ 106.907046938451359, -6.229904632962129 ], [ 106.907079607905501, -6.238945831756948 ], [ 106.916114476506081, -6.238913037958 ], [ 106.916081652514748, -6.229871887043386 ], [ 106.907046938451359, -6.229904632962129 ] ] ] } },
{ "type": "Feature", "properties": { "grid_id": "93115000711", "cluster": 2, "aktual": 35.875758928571472, "prediksi": 35.8636231426348, "selisih": -0.012135785936671084, "split": "train", "model": "M4", "algoritma": "RF" }, "geometry": { "type": "Polygon", "coordinates": [ [ [ 106.907014317317589, -6.220863430897443 ], [ 106.907046938451359, -6.229904632962129 ], [ 106.916081652514748, -6.229871887043386 ], [ 106.916048877059396, -6.220830732858905 ], [ 106.907014317317589, -6.220863430897443 ] ] ] } },
{ "type": "Feature", "properties": { "grid_id": "93125000711", "cluster": 2, "aktual": 36.23097478991599, "prediksi": 36.120941213928575, "selisih": -0.11003357598741559, "split": "train", "model": "M4", "algoritma": "RF" }, "geometry": { "type": "Polygon", "coordinates": [ [ [ 106.90698174447725, -6.211822225571871 ], [ 106.907014317317589, -6.220863430897443 ], [ 106.916048877059396, -6.220830732858905 ], [ 106.916016150131043, -6.211789575422521 ], [ 106.90698174447725, -6.211822225571871 ] ] ] } },
{ "type": "Feature", "properties": { "grid_id": "93135000711", "cluster": 2, "aktual": 35.950481792717106, "prediksi": 35.9107752689347, "selisih": -0.039706523782406578, "split": "train", "model": "M4", "algoritma": "RF" }, "geometry": { "type": "Polygon", "coordinates": [ [ [ 106.90694921993034, -6.202781017003382 ], [ 106.90698174447725, -6.211822225571871 ], [ 106.916016150131043, -6.211789575422521 ], [ 106.915983471738656, -6.202748414734237 ], [ 106.90694921993034, -6.202781017003382 ] ] ] } },
{ "type": "Feature", "properties": { "grid_id": "93145000711", "cluster": 3, "aktual": 35.832857142857172, "prediksi": 35.854165447355015, "selisih": 0.021308304497843267, "split": "train", "model": "M4", "algoritma": "RF" }, "geometry": { "type": "Polygon", "coordinates": [ [ [ 106.906916743685855, -6.193739805182991 ], [ 106.90694921993034, -6.202781017003382 ], [ 106.915983471738656, -6.202748414734237 ], [ 106.915950841864287, -6.19370725079405 ], [ 106.906916743685855, -6.193739805182991 ] ] ] } },
{ "type": "Feature", "properties": { "grid_id": "93155000711", "cluster": 3, "aktual": 36.021338935574249, "prediksi": 35.901212587018001, "selisih": -0.12012634855624782, "split": "train", "model": "M4", "algoritma": "RF" }, "geometry": { "type": "Polygon", "coordinates": [ [ [ 106.906884315734786, -6.184698590119683 ], [ 106.906916743685855, -6.193739805182991 ], [ 106.915950841864287, -6.19370725079405 ], [ 106.915918260507922, -6.184666083601964 ], [ 106.906884315734786, -6.184698590119683 ] ] ] } },
{ "type": "Feature", "properties": { "grid_id": "93165000711", "cluster": 4, "aktual": 35.903694196428596, "prediksi": 35.856041674634291, "selisih": -0.047652521794304903, "split": "train", "model": "M4", "algoritma": "RF" }, "geometry": { "type": "Polygon", "coordinates": [ [ [ 106.906851936068165, -6.175657371813456 ], [ 106.906884315734786, -6.184698590119683 ], [ 106.915918260507922, -6.184666083601964 ], [ 106.915885727669561, -6.175624913175941 ], [ 106.906851936068165, -6.175657371813456 ] ] ] } },
{ "type": "Feature", "properties": { "grid_id": "93175000711", "cluster": 4, "aktual": 35.524969187675097, "prediksi": 35.57916636577918, "selisih": 0.054197178104082866, "split": "train", "model": "M4", "algoritma": "RF" }, "geometry": { "type": "Polygon", "coordinates": [ [ [ 106.906819604685992, -6.166616150282278 ], [ 106.906851936068165, -6.175657371813456 ], [ 106.915885727669561, -6.175624913175941 ], [ 106.915853243340237, -6.166583739515984 ], [ 106.906819604685992, -6.166616150282278 ] ] ] } },
{ "type": "Feature", "properties": { "grid_id": "93185000711", "cluster": 4, "aktual": 34.884821428571456, "prediksi": 34.936072316716185, "selisih": 0.05125088814472889, "split": "train", "model": "M4", "algoritma": "RF" }, "geometry": { "type": "Polygon", "coordinates": [ [ [ 106.906787321579287, -6.157574925517164 ], [ 106.906819604685992, -6.166616150282278 ], [ 106.915853243340237, -6.166583739515984 ], [ 106.915820807519921, -6.157542562631074 ], [ 106.906787321579287, -6.157574925517164 ] ] ] } },
{ "type": "Feature", "properties": { "grid_id": "93195000711", "cluster": 4, "aktual": 34.595433070866171, "prediksi": 34.66680108080763, "selisih": 0.071368009941458865, "split": "train", "model": "M4", "algoritma": "RF" }, "geometry": { "type": "Polygon", "coordinates": [ [ [ 106.906755086748049, -6.148533697527098 ], [ 106.906787321579287, -6.157574925517164 ], [ 106.915820807519921, -6.157542562631074 ], [ 106.915788420208642, -6.14850138251223 ], [ 106.906755086748049, -6.148533697527098 ] ] ] } },
{ "type": "Feature", "properties": { "grid_id": "93205000711", "cluster": 1, "aktual": 35.243805803571469, "prediksi": 35.196538092818948, "selisih": -0.047267710752521452, "split": "train", "model": "M4", "algoritma": "RF" }, "geometry": { "type": "Polygon", "coordinates": [ [ [ 106.906722900183283, -6.139492466321063 ], [ 106.906755086748049, -6.148533697527098 ], [ 106.915788420208642, -6.14850138251223 ], [ 106.915756081388423, -6.139460199168434 ], [ 106.906722900183283, -6.139492466321063 ] ] ] } },
{ "type": "Feature", "properties": { "grid_id": "93215000711", "cluster": 1, "aktual": 36.008875709128461, "prediksi": 35.947266573059281, "selisih": -0.061609136069179726, "split": "train", "model": "M4", "algoritma": "RF" }, "geometry": { "type": "Polygon", "coordinates": [ [ [ 106.906690761893969, -6.130451231899061 ], [ 106.906722900183283, -6.139492466321063 ], [ 106.915756081388423, -6.139460199168434 ], [ 106.915723791059264, -6.130419012617653 ], [ 106.906690761893969, -6.130451231899061 ] ] ] } },
{ "type": "Feature", "properties": { "grid_id": "93225000711", "cluster": 1, "aktual": 36.077153598281456, "prediksi": 35.883553791682992, "selisih": -0.19359980659846343, "split": "test", "model": "M4", "algoritma": "RF" }, "geometry": { "type": "Polygon", "coordinates": [ [ [ 106.906658671862175, -6.121409994261088 ], [ 106.906690761893969, -6.130451231899061 ], [ 106.915723791059264, -6.130419012617653 ], [ 106.915691549230132, -6.121377822850903 ], [ 106.906658671862175, -6.121409994261088 ] ] ] } },
{ "type": "Feature", "properties": { "grid_id": "93235000711", "cluster": 1, "aktual": 35.630524553571455, "prediksi": 35.537619748885923, "selisih": -0.092904804685531417, "split": "train", "model": "M4", "algoritma": "RF" }, "geometry": { "type": "Polygon", "coordinates": [ [ [ 106.906626630087871, -6.112368753425114 ], [ 106.906658671862175, -6.121409994261088 ], [ 106.915691549230132, -6.121377822850903 ], [ 106.915659355883093, -6.112336629877166 ], [ 106.906626630087871, -6.112368753425114 ] ] ] } },
{ "type": "Feature", "properties": { "grid_id": "93245000711", "cluster": 4, "aktual": 34.37060504201682, "prediksi": 34.35305251810982, "selisih": -0.017552523906999795, "split": "train", "model": "M4", "algoritma": "RF" }, "geometry": { "type": "Polygon", "coordinates": [ [ [ 106.906594636571057, -6.103327509391137 ], [ 106.906626630087871, -6.112368753425114 ], [ 106.915659355883093, -6.112336629877166 ], [ 106.915627211018119, -6.103295433705428 ], [ 106.906594636571057, -6.103327509391137 ] ] ] } },
{ "type": "Feature", "properties": { "grid_id": "93015000712", "cluster": 4, "aktual": 33.967184873949613, "prediksi": 33.982118471178168, "selisih": 0.014933597228555584, "split": "train", "model": "M4", "algoritma": "RF" }, "geometry": { "type": "Polygon", "coordinates": [ [ [ 106.916378816216849, -6.311242127263236 ], [ 106.916412077211618, -6.320283248596327 ], [ 106.925448298414494, -6.320249866966808 ], [ 106.925414880816433, -6.311208793747483 ], [ 106.916378816216849, -6.311242127263236 ] ] ] } },
{ "type": "Feature", "properties": { "grid_id": "93025000712", "cluster": 4, "aktual": 34.673151260504241, "prediksi": 34.648456503956112, "selisih": -0.024694756548129249, "split": "train", "model": "M4", "algoritma": "RF" }, "geometry": { "type": "Polygon", "coordinates": [ [ [ 106.916345603793999, -6.302201002615361 ], [ 106.916378816216849, -6.311242127263236 ], [ 106.925414880816433, -6.311208793747483 ], [ 106.925381512023833, -6.30216771723134 ], [ 106.916345603793999, -6.302201002615361 ] ] ] } },
{ "type": "Feature", "properties": { "grid_id": "93085000712", "cluster": 2, "aktual": 35.451848739495823, "prediksi": 35.46052390173103, "selisih": 0.0086751622352068125, "split": "train", "model": "M4", "algoritma": "RF" }, "geometry": { "type": "Polygon", "coordinates": [ [ [ 106.916147349042362, -6.24795418561173 ], [ 106.916180270114609, -6.256995329986609 ], [ 106.925215399945273, -6.256962285189388 ], [ 106.925182323868711, -6.247921188928276 ], [ 106.916147349042362, -6.24795418561173 ] ] ] } },
{ "type": "Feature", "properties": { "grid_id": "93095000712", "cluster": 2, "aktual": 35.396986607142885, "prediksi": 35.458716424616981, "selisih": 0.061729817474095228, "split": "test", "model": "M4", "algoritma": "RF" }, "geometry": { "type": "Polygon", "coordinates": [ [ [ 106.916114476506081, -6.238913037958 ], [ 106.916147349042362, -6.24795418561173 ], [ 106.925182323868711, -6.247921188928276 ], [ 106.92514929657068, -6.238880089397296 ], [ 106.916114476506081, -6.238913037958 ] ] ] } },
{ "type": "Feature", "properties": { "grid_id": "93105000712", "cluster": 2, "aktual": 35.442616246498631, "prediksi": 35.47743846268235, "selisih": 0.034822216183719945, "split": "train", "model": "M4", "algoritma": "RF" }, "geometry": { "type": "Polygon", "coordinates": [ [ [ 106.916081652514748, -6.229871887043386 ], [ 106.916114476506081, -6.238913037958 ], [ 106.92514929657068, -6.238880089397296 ], [ 106.925116318042171, -6.229838986587465 ], [ 106.916081652514748, -6.229871887043386 ] ] ] } },
{ "type": "Feature", "properties": { "grid_id": "93115000712", "cluster": 2, "aktual": 35.75790178571431, "prediksi": 35.719269877426903, "selisih": -0.038631908287406702, "split": "train", "model": "M4", "algoritma": "RF" }, "geometry": { "type": "Polygon", "coordinates": [ [ [ 106.916048877059396, -6.220830732858905 ], [ 106.916081652514748, -6.229871887043386 ], [ 106.925116318042171, -6.229838986587465 ], [ 106.925083388274217, -6.220797880516749 ], [ 106.916048877059396, -6.220830732858905 ] ] ] } },
{ "type": "Feature", "properties": { "grid_id": "93125000712", "cluster": 2, "aktual": 36.110941176470611, "prediksi": 35.960834990666214, "selisih": -0.15010618580439683, "split": "train", "model": "M4", "algoritma": "RF" }, "geometry": { "type": "Polygon", "coordinates": [ [ [ 106.916016150131043, -6.211789575422521 ], [ 106.916048877059396, -6.220830732858905 ], [ 106.925083388274217, -6.220797880516749 ], [ 106.925050507266832, -6.21175677118515 ], [ 106.916016150131043, -6.211789575422521 ] ] ] } },
{ "type": "Feature", "properties": { "grid_id": "93135000712", "cluster": 4, "aktual": 36.126808035714305, "prediksi": 36.14981992588141, "selisih": 0.023011890167104809, "split": "train", "model": "M4", "algoritma": "RF" }, "geometry": { "type": "Polygon", "coordinates": [ [ [ 106.915983471738656, -6.202748414734237 ], [ 106.916016150131043, -6.211789575422521 ], [ 106.925050507266832, -6.21175677118515 ], [ 106.925017675019987, -6.202715658601649 ], [ 106.915983471738656, -6.202748414734237 ] ] ] } },
{ "type": "Feature", "properties": { "grid_id": "93145000712", "cluster": 4, "aktual": 36.157686274509828, "prediksi": 36.15749881147665, "selisih": -0.00018746303317840329, "split": "train", "model": "M4", "algoritma": "RF" }, "geometry": { "type": "Polygon", "coordinates": [ [ [ 106.915950841864287, -6.19370725079405 ], [ 106.915983471738656, -6.202748414734237 ], [ 106.925017675019987, -6.202715658601649 ], [ 106.924984891524716, -6.193674542766247 ], [ 106.915950841864287, -6.19370725079405 ] ] ] } },
{ "type": "Feature", "properties": { "grid_id": "93155000712", "cluster": 4, "aktual": 36.354665178571466, "prediksi": 36.236084846688335, "selisih": -0.11858033188313044, "split": "train", "model": "M4", "algoritma": "RF" }, "geometry": { "type": "Polygon", "coordinates": [ [ [ 106.915918260507922, -6.184666083601964 ], [ 106.915950841864287, -6.19370725079405 ], [ 106.924984891524716, -6.193674542766247 ], [ 106.924952156772036, -6.184633423678942 ], [ 106.915918260507922, -6.184666083601964 ] ] ] } },
{ "type": "Feature", "properties": { "grid_id": "93165000712", "cluster": 4, "aktual": 36.110313725490229, "prediksi": 36.033706741267771, "selisih": -0.076606984222458152, "split": "test", "model": "M4", "algoritma": "RF" }, "geometry": { "type": "Polygon", "coordinates": [ [ [ 106.915885727669561, -6.175624913175941 ], [ 106.915918260507922, -6.184666083601964 ], [ 106.924952156772036, -6.184633423678942 ], [ 106.924919470761935, -6.175592301357704 ], [ 106.915885727669561, -6.175624913175941 ] ] ] } },
{ "type": "Feature", "properties": { "grid_id": "93175000712", "cluster": 1, "aktual": 35.569006696428602, "prediksi": 35.608545952472234, "selisih": 0.039539256043632065, "split": "train", "model": "M4", "algoritma": "RF" }, "geometry": { "type": "Polygon", "coordinates": [ [ [ 106.915853243340237, -6.166583739515984 ], [ 106.915885727669561, -6.175624913175941 ], [ 106.924919470761935, -6.175592301357704 ], [ 106.924886833494426, -6.16655117580253 ], [ 106.915853243340237, -6.166583739515984 ] ] ] } },
{ "type": "Feature", "properties": { "grid_id": "93185000712", "cluster": 4, "aktual": 35.028577030812336, "prediksi": 35.063509153393937, "selisih": 0.034932122581601277, "split": "train", "model": "M4", "algoritma": "RF" }, "geometry": { "type": "Polygon", "coordinates": [ [ [ 106.915820807519921, -6.157542562631074 ], [ 106.915853243340237, -6.166583739515984 ], [ 106.924886833494426, -6.16655117580253 ], [ 106.924854244960514, -6.157510047004438 ], [ 106.915820807519921, -6.157542562631074 ] ] ] } },
{ "type": "Feature", "properties": { "grid_id": "93195000712", "cluster": 4, "aktual": 34.933392857142877, "prediksi": 34.906623277591123, "selisih": -0.026769579551753964, "split": "test", "model": "M4", "algoritma": "RF" }, "geometry": { "type": "Polygon", "coordinates": [ [ [ 106.915788420208642, -6.14850138251223 ], [ 106.915820807519921, -6.157542562631074 ], [ 106.924854244960514, -6.157510047004438 ], [ 106.924821705160227, -6.148468914990377 ], [ 106.915788420208642, -6.14850138251223 ] ] ] } },
{ "type": "Feature", "properties": { "grid_id": "93205000712", "cluster": 4, "aktual": 35.646156862745144, "prediksi": 35.569492573166407, "selisih": -0.076664289578737055, "split": "train", "model": "M4", "algoritma": "RF" }, "geometry": { "type": "Polygon", "coordinates": [ [ [ 106.915756081388423, -6.139460199168434 ], [ 106.915788420208642, -6.14850138251223 ], [ 106.924821705160227, -6.148468914990377 ], [ 106.924789214093522, -6.139427779742382 ], [ 106.915756081388423, -6.139460199168434 ] ] ] } },
{ "type": "Feature", "properties": { "grid_id": "93215000712", "cluster": 1, "aktual": 36.179417620706857, "prediksi": 36.104763486945465, "selisih": -0.074654133761391961, "split": "train", "model": "M4", "algoritma": "RF" }, "geometry": { "type": "Polygon", "coordinates": [ [ [ 106.915723791059264, -6.130419012617653 ], [ 106.915756081388423, -6.139460199168434 ], [ 106.924789214093522, -6.139427779742382 ], [ 106.924756771742466, -6.130386641287401 ], [ 106.915723791059264, -6.130419012617653 ] ] ] } },
{ "type": "Feature", "properties": { "grid_id": "93225000712", "cluster": 1, "aktual": 36.124095982142897, "prediksi": 36.073754279796553, "selisih": -0.050341702346344164, "split": "train", "model": "M4", "algoritma": "RF" }, "geometry": { "type": "Polygon", "coordinates": [ [ [ 106.915691549230132, -6.121377822850903 ], [ 106.915723791059264, -6.130419012617653 ], [ 106.924756771742466, -6.130386641287401 ], [ 106.924724378107044, -6.121345499607467 ], [ 106.915691549230132, -6.121377822850903 ] ] ] } },
{ "type": "Feature", "properties": { "grid_id": "93235000712", "cluster": 1, "aktual": 35.927544642857157, "prediksi": 35.844547984602237, "selisih": -0.082996658254920419, "split": "train", "model": "M4", "algoritma": "RF" }, "geometry": { "type": "Polygon", "coordinates": [ [ [ 106.915659355883093, -6.112336629877166 ], [ 106.915691549230132, -6.121377822850903 ], [ 106.924724378107044, -6.121345499607467 ], [ 106.924692033196237, -6.112304354729532 ], [ 106.915659355883093, -6.112336629877166 ] ] ] } },
{ "type": "Feature", "properties": { "grid_id": "93245000712", "cluster": 4, "aktual": 34.92700840336137, "prediksi": 34.537701468892401, "selisih": -0.38930693446896925, "split": "test", "model": "M4", "algoritma": "RF" }, "geometry": { "type": "Polygon", "coordinates": [ [ [ 106.915627211018119, -6.103295433705428 ], [ 106.915659355883093, -6.112336629877166 ], [ 106.924692033196237, -6.112304354729532 ], [ 106.924659736992098, -6.103263206644611 ], [ 106.915627211018119, -6.103295433705428 ] ] ] } },
{ "type": "Feature", "properties": { "grid_id": "93085000713", "cluster": 3, "aktual": 35.485892857142879, "prediksi": 35.433490672465943, "selisih": -0.052402184676935804, "split": "train", "model": "M4", "algoritma": "RF" }, "geometry": { "type": "Polygon", "coordinates": [ [ [ 106.925182323868711, -6.247921188928276 ], [ 106.925215399945273, -6.256962285189388 ], [ 106.934250480988425, -6.256929085190236 ], [ 106.934217249925538, -6.247888037267469 ], [ 106.925182323868711, -6.247921188928276 ] ] ] } },
{ "type": "Feature", "properties": { "grid_id": "93095000713", "cluster": 4, "aktual": 35.32985434173672, "prediksi": 35.422577544672002, "selisih": 0.092723202935282245, "split": "train", "model": "M4", "algoritma": "RF" }, "geometry": { "type": "Polygon", "coordinates": [ [ [ 106.92514929657068, -6.238880089397296 ], [ 106.925182323868711, -6.247921188928276 ], [ 106.934217249925538, -6.247888037267469 ], [ 106.934184067865743, -6.238846986065851 ], [ 106.92514929657068, -6.238880089397296 ] ] ] } },
{ "type": "Feature", "properties": { "grid_id": "93105000713", "cluster": 2, "aktual": 35.369386160714306, "prediksi": 35.432882086892015, "selisih": 0.063495926177708384, "split": "train", "model": "M4", "algoritma": "RF" }, "geometry": { "type": "Polygon", "coordinates": [ [ [ 106.925116318042171, -6.229838986587465 ], [ 106.92514929657068, -6.238880089397296 ], [ 106.934184067865743, -6.238846986065851 ], [ 106.934150934800059, -6.229805931603349 ], [ 106.925116318042171, -6.229838986587465 ] ] ] } },
{ "type": "Feature", "properties": { "grid_id": "93115000713", "cluster": 2, "aktual": 35.800487394958012, "prediksi": 35.805106556699727, "selisih": 0.004619161741715061, "split": "train", "model": "M4", "algoritma": "RF" }, "geometry": { "type": "Polygon", "coordinates": [ [ [ 106.925083388274217, -6.220797880516749 ], [ 106.925116318042171, -6.229838986587465 ], [ 106.934150934800059, -6.229805931603349 ], [ 106.934117850728484, -6.220764873861996 ], [ 106.925083388274217, -6.220797880516749 ] ] ] } },
{ "type": "Feature", "properties": { "grid_id": "93125000713", "cluster": 4, "aktual": 36.229910714285751, "prediksi": 36.234252539740453, "selisih": 0.0043418254547020751, "split": "train", "model": "M4", "algoritma": "RF" }, "geometry": { "type": "Polygon", "coordinates": [ [ [ 106.925050507266832, -6.21175677118515 ], [ 106.925083388274217, -6.220797880516749 ], [ 106.934117850728484, -6.220764873861996 ], [ 106.934084815651048, -6.211723812868741 ], [ 106.925050507266832, -6.21175677118515 ] ] ] } },
{ "type": "Feature", "properties": { "grid_id": "93135000713", "cluster": 4, "aktual": 36.347602240896371, "prediksi": 36.238806069312076, "selisih": -0.10879617158429511, "split": "train", "model": "M4", "algoritma": "RF" }, "geometry": { "type": "Polygon", "coordinates": [ [ [ 106.925017675019987, -6.202715658601649 ], [ 106.925050507266832, -6.21175677118515 ], [ 106.934084815651048, -6.211723812868741 ], [ 106.934051829549745, -6.202682748614603 ], [ 106.925017675019987, -6.202715658601649 ] ] ] } },
{ "type": "Feature", "properties": { "grid_id": "93145000713", "cluster": 3, "aktual": 36.292644257703103, "prediksi": 35.989463334423057, "selisih": -0.30318092328004553, "split": "train", "model": "M4", "algoritma": "RF" }, "geometry": { "type": "Polygon", "coordinates": [ [ [ 106.924984891524716, -6.193674542766247 ], [ 106.925017675019987, -6.202715658601649 ], [ 106.934051829549745, -6.202682748614603 ], [ 106.934018892433571, -6.193641681108563 ], [ 106.924984891524716, -6.193674542766247 ] ] ] } },
{ "type": "Feature", "properties": { "grid_id": "93155000713", "cluster": 1, "aktual": 36.077287946428591, "prediksi": 35.802041072570198, "selisih": -0.27524687385839286, "split": "test", "model": "M4", "algoritma": "RF" }, "geometry": { "type": "Polygon", "coordinates": [ [ [ 106.924952156772036, -6.184633423678942 ], [ 106.924984891524716, -6.193674542766247 ], [ 106.934018892433571, -6.193641681108563 ], [ 106.933986004284577, -6.184600610359604 ], [ 106.924952156772036, -6.184633423678942 ] ] ] } },
{ "type": "Feature", "properties": { "grid_id": "93165000713", "cluster": 1, "aktual": 35.799759103641463, "prediksi": 35.610732432304964, "selisih": -0.18902667133649942, "split": "test", "model": "M4", "algoritma": "RF" }, "geometry": { "type": "Polygon", "coordinates": [ [ [ 106.924919470761935, -6.175592301357704 ], [ 106.924952156772036, -6.184633423678942 ], [ 106.933986004284577, -6.184600610359604 ], [ 106.933953165111717, -6.175559536358745 ], [ 106.924919470761935, -6.175592301357704 ] ] ] } },
{ "type": "Feature", "properties": { "grid_id": "93175000713", "cluster": 1, "aktual": 35.620178571428596, "prediksi": 35.543963789765094, "selisih": -0.076214781663502151, "split": "test", "model": "M4", "algoritma": "RF" }, "geometry": { "type": "Polygon", "coordinates": [ [ [ 106.924886833494426, -6.16655117580253 ], [ 106.924919470761935, -6.175592301357704 ], [ 106.933953165111717, -6.175559536358745 ], [ 106.933920374915019, -6.16651845912395 ], [ 106.924886833494426, -6.16655117580253 ] ] ] } },
{ "type": "Feature", "properties": { "grid_id": "93185000713", "cluster": 1, "aktual": 35.495546218487412, "prediksi": 35.575672823474903, "selisih": 0.080126604987491135, "split": "train", "model": "M4", "algoritma": "RF" }, "geometry": { "type": "Polygon", "coordinates": [ [ [ 106.924854244960514, -6.157510047004438 ], [ 106.924886833494426, -6.16655117580253 ], [ 106.933920374915019, -6.16651845912395 ], [ 106.933887633676491, -6.15747737865522 ], [ 106.924854244960514, -6.157510047004438 ] ] ] } },
{ "type": "Feature", "properties": { "grid_id": "93195000713", "cluster": 4, "aktual": 35.632667410714298, "prediksi": 35.671572504312117, "selisih": 0.038905093597819018, "split": "train", "model": "M4", "algoritma": "RF" }, "geometry": { "type": "Polygon", "coordinates": [ [ [ 106.924821705160227, -6.148468914990377 ], [ 106.924854244960514, -6.157510047004438 ], [ 106.933887633676491, -6.15747737865522 ], [ 106.933854941396163, -6.148436294961539 ], [ 106.924821705160227, -6.148468914990377 ] ] ] } },
{ "type": "Feature", "properties": { "grid_id": "93205000713", "cluster": 4, "aktual": 36.196626139817653, "prediksi": 36.145754462201637, "selisih": -0.050871677616015631, "split": "train", "model": "M4", "algoritma": "RF" }, "geometry": { "type": "Polygon", "coordinates": [ [ [ 106.924789214093522, -6.139427779742382 ], [ 106.924821705160227, -6.148468914990377 ], [ 106.933854941396163, -6.148436294961539 ], [ 106.933822298074006, -6.139395208042905 ], [ 106.924789214093522, -6.139427779742382 ] ] ] } },
{ "type": "Feature", "properties": { "grid_id": "93215000713", "cluster": 4, "aktual": 36.252175824175843, "prediksi": 36.030163368423409, "selisih": -0.22201245575243433, "split": "train", "model": "M4", "algoritma": "RF" }, "geometry": { "type": "Polygon", "coordinates": [ [ [ 106.924756771742466, -6.130386641287401 ], [ 106.924789214093522, -6.139427779742382 ], [ 106.933822298074006, -6.139395208042905 ], [ 106.933789703701052, -6.13035411789932 ], [ 106.924756771742466, -6.130386641287401 ] ] ] } },
{ "type": "Feature", "properties": { "grid_id": "93225000713", "cluster": 1, "aktual": 36.108102678571463, "prediksi": 35.914321702937826, "selisih": -0.19378097563363639, "split": "train", "model": "M4", "algoritma": "RF" }, "geometry": { "type": "Polygon", "coordinates": [ [ [ 106.924724378107044, -6.121345499607467 ], [ 106.924756771742466, -6.130386641287401 ], [ 106.933789703701052, -6.13035411789932 ], [ 106.933757158277302, -6.121313024548749 ], [ 106.924724378107044, -6.121345499607467 ] ] ] } },
{ "type": "Feature", "properties": { "grid_id": "93235000713", "cluster": 1, "aktual": 36.092565826330556, "prediksi": 35.719655715837035, "selisih": -0.37291011049352107, "split": "test", "model": "M4", "algoritma": "RF" }, "geometry": { "type": "Polygon", "coordinates": [ [ [ 106.924692033196237, -6.112304354729532 ], [ 106.924724378107044, -6.121345499607467 ], [ 106.933757158277302, -6.121313024548749 ], [ 106.933724661793761, -6.112271927982209 ], [ 106.924692033196237, -6.112304354729532 ] ] ] } },
{ "type": "Feature", "properties": { "grid_id": "93245000713", "cluster": 4, "aktual": 35.139218750000019, "prediksi": 35.039647017329884, "selisih": -0.099571732670135304, "split": "train", "model": "M4", "algoritma": "RF" }, "geometry": { "type": "Polygon", "coordinates": [ [ [ 106.924659736992098, -6.103263206644611 ], [ 106.924692033196237, -6.112304354729532 ], [ 106.933724661793761, -6.112271927982209 ], [ 106.933692214259423, -6.103230828208685 ], [ 106.924659736992098, -6.103263206644611 ] ] ] } },
{ "type": "Feature", "properties": { "grid_id": "93255000713", "cluster": 4, "aktual": 34.574077380952417, "prediksi": 34.404737903117862, "selisih": -0.16933947783455494, "split": "train", "model": "M4", "algoritma": "RF" }, "geometry": { "type": "Polygon", "coordinates": [ [ [ 106.924627489494611, -6.094222055352704 ], [ 106.924659736992098, -6.103263206644611 ], [ 106.933692214259423, -6.103230828208685 ], [ 106.933659815647331, -6.094189725237157 ], [ 106.924627489494611, -6.094222055352704 ] ] ] } },
{ "type": "Feature", "properties": { "grid_id": "93085000714", "cluster": 4, "aktual": 35.598258928571461, "prediksi": 35.605941577896189, "selisih": 0.0076826493247281746, "split": "train", "model": "M4", "algoritma": "RF" }, "geometry": { "type": "Polygon", "coordinates": [ [ [ 106.934217249925538, -6.247888037267469 ], [ 106.934250480988425, -6.256929085190236 ], [ 106.943285513037466, -6.256895729971185 ], [ 106.943252126988241, -6.247854730620325 ], [ 106.934217249925538, -6.247888037267469 ] ] ] } },
{ "type": "Feature", "properties": { "grid_id": "93095000714", "cluster": 4, "aktual": 35.467310924369777, "prediksi": 35.538095048588218, "selisih": 0.070784124218441491, "split": "train", "model": "M4", "algoritma": "RF" }, "geometry": { "type": "Polygon", "coordinates": [ [ [ 106.934184067865743, -6.238846986065851 ], [ 106.934217249925538, -6.247888037267469 ], [ 106.943252126988241, -6.247854730620325 ], [ 106.943218790166682, -6.238813727981632 ], [ 106.934184067865743, -6.238846986065851 ] ] ] } },
{ "type": "Feature", "properties": { "grid_id": "93105000714", "cluster": 2, "aktual": 35.6789955357143, "prediksi": 35.553484683820479, "selisih": -0.1255108518938215, "split": "test", "model": "M4", "algoritma": "RF" }, "geometry": { "type": "Polygon", "coordinates": [ [ [ 106.934150934800059, -6.229805931603349 ], [ 106.934184067865743, -6.238846986065851 ], [ 106.943218790166682, -6.238813727981632 ], [ 106.943185502572803, -6.229772722082054 ], [ 106.934150934800059, -6.229805931603349 ] ] ] } },
{ "type": "Feature", "properties": { "grid_id": "93115000714", "cluster": 2, "aktual": 36.192901960784333, "prediksi": 36.045326301305565, "selisih": -0.14757565947876827, "split": "train", "model": "M4", "algoritma": "RF" }, "geometry": { "type": "Polygon", "coordinates": [ [ [ 106.934117850728484, -6.220764873861996 ], [ 106.934150934800059, -6.229805931603349 ], [ 106.943185502572803, -6.229772722082054 ], [ 106.943152264197622, -6.220731712903626 ], [ 106.934117850728484, -6.220764873861996 ] ] ] } },
{ "type": "Feature", "properties": { "grid_id": "93125000714", "cluster": 4, "aktual": 36.444486607142892, "prediksi": 36.338240416094514, "selisih": -0.10624619104837763, "split": "train", "model": "M4", "algoritma": "RF" }, "geometry": { "type": "Polygon", "coordinates": [ [ [ 106.934084815651048, -6.211723812868741 ], [ 106.934117850728484, -6.220764873861996 ], [ 106.943152264197622, -6.220731712903626 ], [ 106.943119075041139, -6.211690700473295 ], [ 106.934084815651048, -6.211723812868741 ] ] ] } },
{ "type": "Feature", "properties": { "grid_id": "93135000714", "cluster": 4, "aktual": 36.198694677871167, "prediksi": 36.106602482895219, "selisih": -0.09209219497594745, "split": "test", "model": "M4", "algoritma": "RF" }, "geometry": { "type": "Polygon", "coordinates": [ [ [ 106.934051829549745, -6.202682748614603 ], [ 106.934084815651048, -6.211723812868741 ], [ 106.943119075041139, -6.211690700473295 ], [ 106.943085935094359, -6.202649684773098 ], [ 106.934051829549745, -6.202682748614603 ] ] ] } },
{ "type": "Feature", "properties": { "grid_id": "93145000714", "cluster": 4, "aktual": 35.895669642857165, "prediksi": 35.879702514444503, "selisih": -0.01596712841266168, "split": "train", "model": "M4", "algoritma": "RF" }, "geometry": { "type": "Polygon", "coordinates": [ [ [ 106.934018892433571, -6.193641681108563 ], [ 106.934051829549745, -6.202682748614603 ], [ 106.943085935094359, -6.202649684773098 ], [ 106.943052844357297, -6.193608665829982 ], [ 106.934018892433571, -6.193641681108563 ] ] ] } },
{ "type": "Feature", "properties": { "grid_id": "93155000714", "cluster": 1, "aktual": 35.84894263217101, "prediksi": 35.859465865558995, "selisih": 0.010523233387985442, "split": "train", "model": "M4", "algoritma": "RF" }, "geometry": { "type": "Polygon", "coordinates": [ [ [ 106.933986004284577, -6.184600610359604 ], [ 106.934018892433571, -6.193641681108563 ], [ 106.943052844357297, -6.193608665829982 ], [ 106.943019802829951, -6.184567643625981 ], [ 106.933986004284577, -6.184600610359604 ] ] ] } },
{ "type": "Feature", "properties": { "grid_id": "93165000714", "cluster": 1, "aktual": 35.860636160714321, "prediksi": 35.888869439127696, "selisih": 0.028233278413374308, "split": "train", "model": "M4", "algoritma": "RF" }, "geometry": { "type": "Polygon", "coordinates": [ [ [ 106.933953165111717, -6.175559536358745 ], [ 106.933986004284577, -6.184600610359604 ], [ 106.943019802829951, -6.184567643625981 ], [ 106.942986810503314, -6.175526618188046 ], [ 106.933953165111717, -6.175559536358745 ] ] ] } },
{ "type": "Feature", "properties": { "grid_id": "93175000714", "cluster": 1, "aktual": 35.781910364145709, "prediksi": 35.8220154858749, "selisih": 0.040105121729190785, "split": "train", "model": "M4", "algoritma": "RF" }, "geometry": { "type": "Polygon", "coordinates": [ [ [ 106.933920374915019, -6.16651845912395 ], [ 106.933953165111717, -6.175559536358745 ], [ 106.942986810503314, -6.175526618188046 ], [ 106.942953867368445, -6.166485589507192 ], [ 106.933920374915019, -6.16651845912395 ] ] ] } },
{ "type": "Feature", "properties": { "grid_id": "93185000714", "cluster": 1, "aktual": 35.8871875, "prediksi": 35.858274256017339, "selisih": -0.028913243982685799, "split": "train", "model": "M4", "algoritma": "RF" }, "geometry": { "type": "Polygon", "coordinates": [ [ [ 106.933887633676491, -6.15747737865522 ], [ 106.933920374915019, -6.16651845912395 ], [ 106.942953867368445, -6.166485589507192 ], [ 106.942920973425302, -6.157444557583421 ], [ 106.933887633676491, -6.15747737865522 ] ] ] } },
{ "type": "Feature", "properties": { "grid_id": "93195000714", "cluster": 4, "aktual": 36.295470653377656, "prediksi": 36.194980879643474, "selisih": -0.10048977373418211, "split": "train", "model": "M4", "algoritma": "RF" }, "geometry": { "type": "Polygon", "coordinates": [ [ [ 106.933854941396163, -6.148436294961539 ], [ 106.933887633676491, -6.15747737865522 ], [ 106.942920973425302, -6.157444557583421 ], [ 106.942888128673914, -6.14840352244368 ], [ 106.933854941396163, -6.148436294961539 ] ] ] } },
{ "type": "Feature", "properties": { "grid_id": "93205000714", "cluster": 1, "aktual": 36.04799798792758, "prediksi": 35.823328584055879, "selisih": -0.22466940387170098, "split": "test", "model": "M4", "algoritma": "RF" }, "geometry": { "type": "Polygon", "coordinates": [ [ [ 106.933822298074006, -6.139395208042905 ], [ 106.933854941396163, -6.148436294961539 ], [ 106.942888128673914, -6.14840352244368 ], [ 106.942855333105285, -6.139362484070005 ], [ 106.933822298074006, -6.139395208042905 ] ] ] } },
{ "type": "Feature", "properties": { "grid_id": "93215000714", "cluster": 1, "aktual": 35.549151785714308, "prediksi": 35.247765134805682, "selisih": -0.3013866509086256, "split": "test", "model": "M4", "algoritma": "RF" }, "geometry": { "type": "Polygon", "coordinates": [ [ [ 106.933789703701052, -6.13035411789932 ], [ 106.933822298074006, -6.139395208042905 ], [ 106.942855333105285, -6.139362484070005 ], [ 106.942822586710435, -6.130321442471377 ], [ 106.933789703701052, -6.13035411789932 ] ] ] } },
{ "type": "Feature", "properties": { "grid_id": "93225000714", "cluster": 1, "aktual": 35.403727678571457, "prediksi": 35.159808390301109, "selisih": -0.24391928827034803, "split": "test", "model": "M4", "algoritma": "RF" }, "geometry": { "type": "Polygon", "coordinates": [ [ [ 106.933757158277302, -6.121313024548749 ], [ 106.933789703701052, -6.13035411789932 ], [ 106.942822586710435, -6.130321442471377 ], [ 106.942789889498343, -6.121280397656782 ], [ 106.933757158277302, -6.121313024548749 ] ] ] } },
{ "type": "Feature", "properties": { "grid_id": "93235000714", "cluster": 1, "aktual": 35.651647058823556, "prediksi": 35.466635497621674, "selisih": -0.18501156120188256, "split": "train", "model": "M4", "algoritma": "RF" }, "geometry": { "type": "Polygon", "coordinates": [ [ [ 106.933724661793761, -6.112271927982209 ], [ 106.933757158277302, -6.121313024548749 ], [ 106.942789889498343, -6.121280397656782 ], [ 106.942757241460043, -6.1122393496352 ], [ 106.933724661793761, -6.112271927982209 ] ] ] } },
{ "type": "Feature", "properties": { "grid_id": "93245000714", "cluster": 4, "aktual": 35.142806722689087, "prediksi": 34.792222584461207, "selisih": -0.35058413822788026, "split": "test", "model": "M4", "algoritma": "RF" }, "geometry": { "type": "Polygon", "coordinates": [ [ [ 106.933692214259423, -6.103230828208685 ], [ 106.933724661793761, -6.112271927982209 ], [ 106.942757241460043, -6.1122393496352 ], [ 106.942724642586526, -6.103198298406633 ], [ 106.933692214259423, -6.103230828208685 ] ] ] } },
{ "type": "Feature", "properties": { "grid_id": "93255000714", "cluster": 4, "aktual": 34.738902255639097, "prediksi": 34.25884793720018, "selisih": -0.48005431843891699, "split": "test", "model": "M4", "algoritma": "RF" }, "geometry": { "type": "Polygon", "coordinates": [ [ [ 106.933659815647331, -6.094189725237157 ], [ 106.933692214259423, -6.103230828208685 ], [ 106.942724642586526, -6.103198298406633 ], [ 106.942692092868825, -6.09415724397108 ], [ 106.933659815647331, -6.094189725237157 ] ] ] } },
{ "type": "Feature", "properties": { "grid_id": "93125000715", "cluster": 1, "aktual": 36.102044817927194, "prediksi": 35.992566894763243, "selisih": -0.10947792316395066, "split": "train", "model": "M4", "algoritma": "RF" }, "geometry": { "type": "Polygon", "coordinates": [ [ [ 106.943119075041139, -6.211690700473295 ], [ 106.943152264197622, -6.220731712903626 ], [ 106.952186628448061, -6.220698397650622 ], [ 106.952153285221527, -6.211657433998812 ], [ 106.943119075041139, -6.211690700473295 ] ] ] } },
{ "type": "Feature", "properties": { "grid_id": "93135000715", "cluster": 1, "aktual": 35.941875, "prediksi": 35.867550179108129, "selisih": -0.074324820891881416, "split": "train", "model": "M4", "algoritma": "RF" }, "geometry": { "type": "Polygon", "coordinates": [ [ [ 106.943085935094359, -6.202649684773098 ], [ 106.943119075041139, -6.211690700473295 ], [ 106.952153285221527, -6.211657433998812 ], [ 106.952119991438252, -6.202616467086117 ], [ 106.943085935094359, -6.202649684773098 ] ] ] } },
{ "type": "Feature", "properties": { "grid_id": "93145000715", "cluster": 4, "aktual": 35.88062184873953, "prediksi": 35.803690722422836, "selisih": -0.076931126316694076, "split": "train", "model": "M4", "algoritma": "RF" }, "geometry": { "type": "Polygon", "coordinates": [ [ [ 106.943052844357297, -6.193608665829982 ], [ 106.943085935094359, -6.202649684773098 ], [ 106.952119991438252, -6.202616467086117 ], [ 106.952086747089282, -6.193575496921521 ], [ 106.943052844357297, -6.193608665829982 ] ] ] } },
{ "type": "Feature", "properties": { "grid_id": "93155000715", "cluster": 4, "aktual": 35.875223214285754, "prediksi": 35.82162575779509, "selisih": -0.053597456490663831, "split": "train", "model": "M4", "algoritma": "RF" }, "geometry": { "type": "Polygon", "coordinates": [ [ [ 106.943019802829951, -6.184567643625981 ], [ 106.943052844357297, -6.193608665829982 ], [ 106.952086747089282, -6.193575496921521 ], [ 106.95205355217459, -6.184534523505024 ], [ 106.943019802829951, -6.184567643625981 ] ] ] } },
{ "type": "Feature", "properties": { "grid_id": "93165000715", "cluster": 4, "aktual": 35.7953125, "prediksi": 35.7053806962005, "selisih": -0.089931803799537136, "split": "test", "model": "M4", "algoritma": "RF" }, "geometry": { "type": "Polygon", "coordinates": [ [ [ 106.942986810503314, -6.175526618188046 ], [ 106.943019802829951, -6.184567643625981 ], [ 106.95205355217459, -6.184534523505024 ], [ 106.952020406685207, -6.175493546845608 ], [ 106.942986810503314, -6.175526618188046 ] ] ] } },
{ "type": "Feature", "properties": { "grid_id": "93175000715", "cluster": 1, "aktual": 35.663602240896402, "prediksi": 35.653602078736455, "selisih": -0.010000162159947479, "split": "test", "model": "M4", "algoritma": "RF" }, "geometry": { "type": "Polygon", "coordinates": [ [ [ 106.942953867368445, -6.166485589507192 ], [ 106.942986810503314, -6.175526618188046 ], [ 106.952020406685207, -6.175493546845608 ], [ 106.951987310630116, -6.166452566934292 ], [ 106.942953867368445, -6.166485589507192 ] ] ] } },
{ "type": "Feature", "properties": { "grid_id": "93185000715", "cluster": 1, "aktual": 35.737198660714327, "prediksi": 35.579549968840169, "selisih": -0.15764869187415798, "split": "train", "model": "M4", "algoritma": "RF" }, "geometry": { "type": "Polygon", "coordinates": [ [ [ 106.942920973425302, -6.157444557583421 ], [ 106.942953867368445, -6.166485589507192 ], [ 106.951987310630116, -6.166452566934292 ], [ 106.951954263991354, -6.157411583798023 ], [ 106.942920973425302, -6.157444557583421 ] ] ] } },
{ "type": "Feature", "properties": { "grid_id": "93195000715", "cluster": 1, "aktual": 34.992000995520186, "prediksi": 34.869288359948563, "selisih": -0.12271263557162371, "split": "train", "model": "M4", "algoritma": "RF" }, "geometry": { "type": "Polygon", "coordinates": [ [ [ 106.942888128673914, -6.14840352244368 ], [ 106.942920973425302, -6.157444557583421 ], [ 106.951954263991354, -6.157411583798023 ], [ 106.951921266759925, -6.148370597427819 ], [ 106.942888128673914, -6.14840352244368 ] ] ] } },
{ "type": "Feature", "properties": { "grid_id": "93205000715", "cluster": 1, "aktual": 33.938672268907595, "prediksi": 34.09743921142713, "selisih": 0.15876694251953438, "split": "train", "model": "M4", "algoritma": "RF" }, "geometry": { "type": "Polygon", "coordinates": [ [ [ 106.942855333105285, -6.139362484070005 ], [ 106.942888128673914, -6.14840352244368 ], [ 106.951921266759925, -6.148370597427819 ], [ 106.951888318953806, -6.13932960782368 ], [ 106.942855333105285, -6.139362484070005 ] ] ] } },
{ "type": "Feature", "properties": { "grid_id": "93215000715", "cluster": 1, "aktual": 34.06569196428574, "prediksi": 34.155453663004373, "selisih": 0.089761698718632488, "split": "train", "model": "M4", "algoritma": "RF" }, "geometry": { "type": "Polygon", "coordinates": [ [ [ 106.942822586710435, -6.130321442471377 ], [ 106.942855333105285, -6.139362484070005 ], [ 106.951888318953806, -6.13932960782368 ], [ 106.951855420546039, -6.130288615003574 ], [ 106.942822586710435, -6.130321442471377 ] ] ] } },
{ "type": "Feature", "properties": { "grid_id": "93225000715", "cluster": 1, "aktual": 34.356752232142888, "prediksi": 34.127893559000462, "selisih": -0.22885867314242603, "split": "test", "model": "M4", "algoritma": "RF" }, "geometry": { "type": "Polygon", "coordinates": [ [ [ 106.942789889498343, -6.121280397656782 ], [ 106.942822586710435, -6.130321442471377 ], [ 106.951855420546039, -6.130288615003574 ], [ 106.95182257154562, -6.121247618958514 ], [ 106.942789889498343, -6.121280397656782 ] ] ] } },
{ "type": "Feature", "properties": { "grid_id": "93235000715", "cluster": 1, "aktual": 35.014668166479218, "prediksi": 34.863712201433742, "selisih": -0.15095596504547615, "split": "train", "model": "M4", "algoritma": "RF" }, "geometry": { "type": "Polygon", "coordinates": [ [ [ 106.942757241460043, -6.1122393496352 ], [ 106.942789889498343, -6.121280397656782 ], [ 106.95182257154562, -6.121247618958514 ], [ 106.951789771952534, -6.112206619706469 ], [ 106.942757241460043, -6.1122393496352 ] ] ] } },
{ "type": "Feature", "properties": { "grid_id": "93245000715", "cluster": 1, "aktual": 34.777879464285725, "prediksi": 34.69258502186937, "selisih": -0.085294442416355309, "split": "train", "model": "M4", "algoritma": "RF" }, "geometry": { "type": "Polygon", "coordinates": [ [ [ 106.942724642586526, -6.103198298406633 ], [ 106.942757241460043, -6.1122393496352 ], [ 106.951789771952534, -6.112206619706469 ], [ 106.951757021748833, -6.103165617238456 ], [ 106.942724642586526, -6.103198298406633 ] ] ] } },
{ "type": "Feature", "properties": { "grid_id": "93255000715", "cluster": 4, "aktual": 34.418214285714292, "prediksi": 34.435462356743898, "selisih": 0.017248071029605683, "split": "train", "model": "M4", "algoritma": "RF" }, "geometry": { "type": "Polygon", "coordinates": [ [ [ 106.942692092868825, -6.09415724397108 ], [ 106.942724642586526, -6.103198298406633 ], [ 106.951757021748833, -6.103165617238456 ], [ 106.951724320934503, -6.09412461157244 ], [ 106.942692092868825, -6.09415724397108 ] ] ] } },
{ "type": "Feature", "properties": { "grid_id": "93125000716", "cluster": 1, "aktual": 35.80796078431375, "prediksi": 35.74048166818428, "selisih": -0.067479116129469219, "split": "train", "model": "M4", "algoritma": "RF" }, "geometry": { "type": "Polygon", "coordinates": [ [ [ 106.952153285221527, -6.211657433998812 ], [ 106.952186628448061, -6.220698397650622 ], [ 106.961220943255228, -6.220664928094002 ], [ 106.961187445958643, -6.211624013454274 ], [ 106.952153285221527, -6.211657433998812 ] ] ] } },
{ "type": "Feature", "properties": { "grid_id": "93135000716", "cluster": 1, "aktual": 35.675736607142909, "prediksi": 35.655062989847401, "selisih": -0.02067361729550754, "split": "train", "model": "M4", "algoritma": "RF" }, "geometry": { "type": "Polygon", "coordinates": [ [ [ 106.952119991438252, -6.202616467086117 ], [ 106.952153285221527, -6.211657433998812 ], [ 106.961187445958643, -6.211624013454274 ], [ 106.961153998338872, -6.202583095553662 ], [ 106.952119991438252, -6.202616467086117 ] ] ] } },
{ "type": "Feature", "properties": { "grid_id": "93145000716", "cluster": 1, "aktual": 35.552072829131689, "prediksi": 35.537968499407221, "selisih": -0.014104329724467846, "split": "train", "model": "M4", "algoritma": "RF" }, "geometry": { "type": "Polygon", "coordinates": [ [ [ 106.952086747089282, -6.193575496921521 ], [ 106.952119991438252, -6.202616467086117 ], [ 106.961153998338872, -6.202583095553662 ], [ 106.961120600386963, -6.193542174401147 ], [ 106.952086747089282, -6.193575496921521 ] ] ] } },
{ "type": "Feature", "properties": { "grid_id": "93155000716", "cluster": 1, "aktual": 35.301785714285735, "prediksi": 35.335952471324653, "selisih": 0.034166757038917694, "split": "train", "model": "M4", "algoritma": "RF" }, "geometry": { "type": "Polygon", "coordinates": [ [ [ 106.95205355217459, -6.184534523505024 ], [ 106.952086747089282, -6.193575496921521 ], [ 106.961120600386963, -6.193542174401147 ], [ 106.961087252093932, -6.184501249987749 ], [ 106.95205355217459, -6.184534523505024 ] ] ] } },
{ "type": "Feature", "properties": { "grid_id": "93165000716", "cluster": 1, "aktual": 35.154139482564702, "prediksi": 35.15808530176146, "selisih": 0.0039458191967582934, "split": "train", "model": "M4", "algoritma": "RF" }, "geometry": { "type": "Polygon", "coordinates": [ [ [ 106.952020406685207, -6.175493546845608 ], [ 106.95205355217459, -6.184534523505024 ], [ 106.961087252093932, -6.184501249987749 ], [ 106.961053953450772, -6.175460322331432 ], [ 106.952020406685207, -6.175493546845608 ] ] ] } },
{ "type": "Feature", "properties": { "grid_id": "93175000716", "cluster": 1, "aktual": 34.818482142857178, "prediksi": 34.718960922999564, "selisih": -0.099521219857614085, "split": "train", "model": "M4", "algoritma": "RF" }, "geometry": { "type": "Polygon", "coordinates": [ [ [ 106.951987310630116, -6.166452566934292 ], [ 106.952020406685207, -6.175493546845608 ], [ 106.961053953450772, -6.175460322331432 ], [ 106.961020704466492, -6.166419391432197 ], [ 106.951987310630116, -6.166452566934292 ] ] ] } },
{ "type": "Feature", "properties": { "grid_id": "93185000716", "cluster": 1, "aktual": 34.794532760472649, "prediksi": 34.665839823043299, "selisih": -0.12869293742934929, "split": "train", "model": "M4", "algoritma": "RF" }, "geometry": { "type": "Polygon", "coordinates": [ [ [ 106.951954263991354, -6.157411583798023 ], [ 106.951987310630116, -6.166452566934292 ], [ 106.961020704466492, -6.166419391432197 ], [ 106.960987505132096, -6.157378457290044 ], [ 106.951954263991354, -6.157411583798023 ] ] ] } },
{ "type": "Feature", "properties": { "grid_id": "93195000716", "cluster": 1, "aktual": 33.776230015471917, "prediksi": 33.802198824312413, "selisih": 0.025968808840495683, "split": "train", "model": "M4", "algoritma": "RF" }, "geometry": { "type": "Polygon", "coordinates": [ [ [ 106.951921266759925, -6.148370597427819 ], [ 106.951954263991354, -6.157411583798023 ], [ 106.960987505132096, -6.157378457290044 ], [ 106.960954355447583, -6.148337519922939 ], [ 106.951921266759925, -6.148370597427819 ] ] ] } },
{ "type": "Feature", "properties": { "grid_id": "93205000716", "cluster": 1, "aktual": 32.536774553571441, "prediksi": 32.636146225365472, "selisih": 0.099371671794031613, "split": "train", "model": "M4", "algoritma": "RF" }, "geometry": { "type": "Polygon", "coordinates": [ [ [ 106.951888318953806, -6.13932960782368 ], [ 106.951921266759925, -6.148370597427819 ], [ 106.960954355447583, -6.148337519922939 ], [ 106.960921255394979, -6.139296579321899 ], [ 106.951888318953806, -6.13932960782368 ] ] ] } },
{ "type": "Feature", "properties": { "grid_id": "93215000716", "cluster": 1, "aktual": 32.668957983193287, "prediksi": 32.749637127269047, "selisih": 0.080679144075759268, "split": "train", "model": "M4", "algoritma": "RF" }, "geometry": { "type": "Polygon", "coordinates": [ [ [ 106.951855420546039, -6.130288615003574 ], [ 106.951888318953806, -6.13932960782368 ], [ 106.960921255394979, -6.139296579321899 ], [ 106.960888204983291, -6.130255635495907 ], [ 106.951855420546039, -6.130288615003574 ] ] ] } },
{ "type": "Feature", "properties": { "grid_id": "93225000716", "cluster": 1, "aktual": 33.09004464285718, "prediksi": 32.891522883723411, "selisih": -0.19852175913376868, "split": "test", "model": "M4", "algoritma": "RF" }, "geometry": { "type": "Polygon", "coordinates": [ [ [ 106.95182257154562, -6.121247618958514 ], [ 106.951855420546039, -6.130288615003574 ], [ 106.960888204983291, -6.130255635495907 ], [ 106.960855204203526, -6.121214688444963 ], [ 106.95182257154562, -6.121247618958514 ] ] ] } },
{ "type": "Feature", "properties": { "grid_id": "93235000716", "cluster": 1, "aktual": 33.931310924369804, "prediksi": 33.921381196997601, "selisih": -0.00992972737220299, "split": "train", "model": "M4", "algoritma": "RF" }, "geometry": { "type": "Polygon", "coordinates": [ [ [ 106.951789771952534, -6.112206619706469 ], [ 106.95182257154562, -6.121247618958514 ], [ 106.960855204203526, -6.121214688444963 ], [ 106.960822253046686, -6.112173738187034 ], [ 106.951789771952534, -6.112206619706469 ] ] ] } },
{ "type": "Feature", "properties": { "grid_id": "93245000716", "cluster": 1, "aktual": 33.552868303571472, "prediksi": 33.509373379852285, "selisih": -0.043494923719187284, "split": "train", "model": "M4", "algoritma": "RF" }, "geometry": { "type": "Polygon", "coordinates": [ [ [ 106.951757021748833, -6.103165617238456 ], [ 106.951789771952534, -6.112206619706469 ], [ 106.960822253046686, -6.112173738187034 ], [ 106.960789351521768, -6.10313278472212 ], [ 106.951757021748833, -6.103165617238456 ] ] ] } },
{ "type": "Feature", "properties": { "grid_id": "93255000716", "cluster": 4, "aktual": 32.15776232616944, "prediksi": 32.666573454762407, "selisih": 0.50881112859296707, "split": "train", "model": "M4", "algoritma": "RF" }, "geometry": { "type": "Polygon", "coordinates": [ [ [ 106.951724320934503, -6.09412461157244 ], [ 106.951757021748833, -6.103165617238456 ], [ 106.960789351521768, -6.10313278472212 ], [ 106.96075649961081, -6.094091828041236 ], [ 106.951724320934503, -6.09412461157244 ] ] ] } },
{ "type": "Feature", "properties": { "grid_id": "93135000717", "cluster": 1, "aktual": 35.750257703081267, "prediksi": 35.701852403785892, "selisih": -0.048405299295374959, "split": "test", "model": "M4", "algoritma": "RF" }, "geometry": { "type": "Polygon", "coordinates": [ [ [ 106.961153998338872, -6.202583095553662 ], [ 106.961187445958643, -6.211624013454274 ], [ 106.970221557027898, -6.211590438848665 ], [ 106.970187955580627, -6.202549570184713 ], [ 106.961153998338872, -6.202583095553662 ] ] ] } },
{ "type": "Feature", "properties": { "grid_id": "93145000717", "cluster": 1, "aktual": 35.346964285714321, "prediksi": 35.355348155085956, "selisih": 0.0083838693716344892, "split": "train", "model": "M4", "algoritma": "RF" }, "geometry": { "type": "Polygon", "coordinates": [ [ [ 106.961120600386963, -6.193542174401147 ], [ 106.961153998338872, -6.202583095553662 ], [ 106.970187955580627, -6.202549570184713 ], [ 106.97015440401681, -6.193508698259876 ], [ 106.961120600386963, -6.193542174401147 ] ] ] } },
{ "type": "Feature", "properties": { "grid_id": "93155000717", "cluster": 1, "aktual": 34.931535014005632, "prediksi": 35.029912196839739, "selisih": 0.098377182834106236, "split": "train", "model": "M4", "algoritma": "RF" }, "geometry": { "type": "Polygon", "coordinates": [ [ [ 106.961087252093932, -6.184501249987749 ], [ 106.961120600386963, -6.193542174401147 ], [ 106.97015440401681, -6.193508698259876 ], [ 106.970120902345414, -6.184467823083138 ], [ 106.961087252093932, -6.184501249987749 ] ] ] } },
{ "type": "Feature", "properties": { "grid_id": "93165000717", "cluster": 1, "aktual": 34.605122767857175, "prediksi": 34.670119367446688, "selisih": 0.064996599589512982, "split": "train", "model": "M4", "algoritma": "RF" }, "geometry": { "type": "Polygon", "coordinates": [ [ [ 106.961053953450772, -6.175460322331432 ], [ 106.961087252093932, -6.184501249987749 ], [ 106.970120902345414, -6.184467823083138 ], [ 106.970087450566453, -6.175426944654499 ], [ 106.961053953450772, -6.175460322331432 ] ] ] } },
{ "type": "Feature", "properties": { "grid_id": "93175000717", "cluster": 1, "aktual": 34.074896358543441, "prediksi": 34.24428281281044, "selisih": 0.1693864542669985, "split": "test", "model": "M4", "algoritma": "RF" }, "geometry": { "type": "Polygon", "coordinates": [ [ [ 106.961020704466492, -6.166419391432197 ], [ 106.961053953450772, -6.175460322331432 ], [ 106.970087450566453, -6.175426944654499 ], [ 106.970054048661964, -6.166386062982942 ], [ 106.961020704466492, -6.166419391432197 ] ] ] } },
{ "type": "Feature", "properties": { "grid_id": "93185000717", "cluster": 1, "aktual": 33.92620706819315, "prediksi": 33.8953407657837, "selisih": -0.030866302409449986, "split": "train", "model": "M4", "algoritma": "RF" }, "geometry": { "type": "Polygon", "coordinates": [ [ [ 106.960987505132096, -6.157378457290044 ], [ 106.961020704466492, -6.166419391432197 ], [ 106.970054048661964, -6.166386062982942 ], [ 106.970020696631934, -6.15734517807745 ], [ 106.960987505132096, -6.157378457290044 ] ] ] } },
{ "type": "Feature", "properties": { "grid_id": "93195000717", "cluster": 4, "aktual": 32.637507002801144, "prediksi": 32.8484279748521, "selisih": 0.21092097205095683, "split": "train", "model": "M4", "algoritma": "RF" }, "geometry": { "type": "Polygon", "coordinates": [ [ [ 106.960954355447583, -6.148337519922939 ], [ 106.960987505132096, -6.157378457290044 ], [ 106.970020696631934, -6.15734517807745 ], [ 106.969987394485344, -6.148304289929039 ], [ 106.960954355447583, -6.148337519922939 ] ] ] } },
{ "type": "Feature", "properties": { "grid_id": "93205000717", "cluster": 1, "aktual": 31.466582633053221, "prediksi": 31.794335446404652, "selisih": 0.32775281335143092, "split": "train", "model": "M4", "algoritma": "RF" }, "geometry": { "type": "Polygon", "coordinates": [ [ [ 106.960921255394979, -6.139296579321899 ], [ 106.960954355447583, -6.148337519922939 ], [ 106.969987394485344, -6.148304289929039 ], [ 106.969954142195263, -6.139263398555677 ], [ 106.960921255394979, -6.139296579321899 ] ] ] } },
{ "type": "Feature", "properties": { "grid_id": "93215000717", "cluster": 1, "aktual": 31.614832589285733, "prediksi": 31.928190561756061, "selisih": 0.31335797247032815, "split": "test", "model": "M4", "algoritma": "RF" }, "geometry": { "type": "Polygon", "coordinates": [ [ [ 106.960888204983291, -6.130255635495907 ], [ 106.960921255394979, -6.139296579321899 ], [ 106.969954142195263, -6.139263398555677 ], [ 106.969920939779641, -6.13022250394838 ], [ 106.960888204983291, -6.130255635495907 ] ] ] } },
{ "type": "Feature", "properties": { "grid_id": "93225000717", "cluster": 1, "aktual": 32.206595982142893, "prediksi": 32.337609084955815, "selisih": 0.131013102812922, "split": "test", "model": "M4", "algoritma": "RF" }, "geometry": { "type": "Polygon", "coordinates": [ [ [ 106.960855204203526, -6.121214688444963 ], [ 106.960888204983291, -6.130255635495907 ], [ 106.969920939779641, -6.13022250394838 ], [ 106.969887787220514, -6.121181606125114 ], [ 106.960855204203526, -6.121214688444963 ] ] ] } },
{ "type": "Feature", "properties": { "grid_id": "93235000717", "cluster": 1, "aktual": 32.482717086834768, "prediksi": 32.562642316007832, "selisih": 0.079925229173063883, "split": "train", "model": "M4", "algoritma": "RF" }, "geometry": { "type": "Polygon", "coordinates": [ [ [ 106.960822253046686, -6.112173738187034 ], [ 106.960855204203526, -6.121214688444963 ], [ 106.969887787220514, -6.121181606125114 ], [ 106.969854684517898, -6.112140705085879 ], [ 106.960822253046686, -6.112173738187034 ] ] ] } },
{ "type": "Feature", "properties": { "grid_id": "93245000717", "cluster": 1, "aktual": 32.266037946428618, "prediksi": 32.558290321638275, "selisih": 0.29225237520965663, "split": "train", "model": "M4", "algoritma": "RF" }, "geometry": { "type": "Polygon", "coordinates": [ [ [ 106.960789351521768, -6.10313278472212 ], [ 106.960822253046686, -6.112173738187034 ], [ 106.969854684517898, -6.112140705085879 ], [ 106.969821631671763, -6.103099800839658 ], [ 106.960789351521768, -6.10313278472212 ] ] ] } },
{ "type": "Feature", "properties": { "grid_id": "93255000717", "cluster": 1, "aktual": 31.363604910714333, "prediksi": 32.03686928322773, "selisih": 0.67326437251339755, "split": "train", "model": "M4", "algoritma": "RF" }, "geometry": { "type": "Polygon", "coordinates": [ [ [ 106.96075649961081, -6.094091828041236 ], [ 106.960789351521768, -6.10313278472212 ], [ 106.969821631671763, -6.103099800839658 ], [ 106.969788628673157, -6.094058893377468 ], [ 106.96075649961081, -6.094091828041236 ] ] ] } }
]
}
