grid_id,ndvi2009,ndvi2012,ndvi2015,ndvi2018,ndvi2021,ndvi2024,ndbi2009,ndbi2012,ndbi2015,ndbi2018,ndbi2021,ndbi2024,kmeans_cluster,lst_2009,lst_2012,lst_2015,lst_2018,lst_2021,lst_2024
93175000687,0.3263840572908521,0.2573486107867211,0.3120744654443115,0.31847549963276833,0.21195280799292962,0.23901032158755697,-0.04068694338093337,0.005680155874870255,-0.01225262930165627,-0.014921313284503412,0.07573481319650455,0.057886537208105444,4,37.23251953125003,37.189843750000044,38.226183035714314,39.05676339285717,37.36671875000004,35.20017857142861
93185000687,0.2705274268692615,0.21912295415120964,0.23985370380036974,0.259957624650469,0.20824190769709794,0.2012472551242978,0.011025308282571096,0.0428180724017176,0.03920733900558131,0.018927262458658105,0.10193476508572405,0.09195838789729512,4,37.60729411764709,37.15312156862748,38.17848179271712,38.57923249299722,37.22319607843141,35.00478991596643
93195000687,0.2457650873111561,0.19726199260912836,0.23015775985550138,0.25190980476327246,0.22585063427686694,0.20263137412257495,0.021709408902097493,0.03339245455572382,0.030208093536202796,0.016839331132359806,0.06890985400241334,0.07034520829620305,4,37.59902343750004,37.18813210227276,38.36868303571432,38.37790178571432,37.32445312500003,35.01502232142862
93205000687,0.25401881220293976,0.20548995633920036,0.25170081292881685,0.2738604712720011,0.2357689578743542,0.21514452503008002,0.0025690866122935335,0.012830003252362502,0.011089423525274967,0.0019091689301764265,0.053289643214905966,0.06324550668690719,4,37.11860784313728,37.020816399287035,38.53671148459387,38.747579831932796,37.47382352941178,35.07946778711488
93215000687,0.2518642105308233,0.20248354470320776,0.2603701115823259,0.3042666568475611,0.2548681783909891,0.23839993465180487,-0.006130652812620004,0.003910078464404625,0.0052625875700922555,-0.011704419673803975,0.049120559945118186,0.05488334543564739,1,36.46100000000003,36.47135175282237,38.38801120448182,38.90492436974792,36.78107843137258,34.83062558356677
93225000687,0.29023530695121735,0.18638558285601903,0.2794458420248702,0.35458631347864866,0.2817918038344942,0.25204365415265784,-0.04035367292817683,-0.05254563982998661,-0.0334133419310092,-0.07155607635650085,0.013702352604013866,0.02858278522762703,1,35.182734375000024,35.54051550662881,37.78415736607146,37.9368898809524,35.86070312500003,34.24606770833334
93235000687,0.28111907424806043,0.20225665212180544,0.29651168755841156,0.35682944745957096,0.27453320350828053,0.25551666287933217,-0.04361437064623027,-0.09037961417864145,-0.07156045458236324,-0.08612274051592822,0.008438709384529902,0.02595720124206965,1,34.396318897637826,35.243099498926284,37.161364829396355,37.20217847769032,35.73388451443572,33.852362204724436
93255000687,0.1895546341643614,0.20882203251707787,0.2514980800595938,0.2681180869247399,0.20158473545429756,0.19778926951043746,0.009341302554250933,-0.0005041649236398587,0.006030753444807203,0.0017196372078329917,0.08444145567276899,0.09290365641023599,4,35.847823529411805,36.63910659536544,38.81896358543419,38.35335014005606,37.659803921568646,34.99150840336138
93175000688,0.3331926957064984,0.2522998166655352,0.33106364899990604,0.31720584934833,0.26683107667109546,0.2660141200995913,-0.04788141437605316,-0.00019891076291838881,-0.023826804390638223,-0.009663256447689207,0.0503882081558307,0.04859345780283797,4,36.603803921568655,36.95718082788674,38.030212885154086,38.74848739495802,37.06427450980395,35.05386554621852
93185000688,0.2696558151174994,0.22045456860579696,0.26920549384519166,0.2360896500302296,0.1905414681224262,0.19424356081906488,0.014246925258753347,0.022227511801483,0.019932297808369255,0.026741001681954254,0.10340308789529053,0.1016465510223426,4,37.62270588235298,37.31253856209154,38.307288515406185,38.49963585434179,37.25098039215689,35.033204481792744
93195000688,0.2598257862846367,0.2059017405845225,0.25831220170948654,0.23898622061824426,0.2066722419112921,0.19293035444570708,0.01358230788173387,0.010791209831950253,0.01350731120328419,0.008898962129023856,0.08367253575124778,0.09117644547950476,4,38.086816406250044,37.416602982954586,38.36597098214289,38.42194196428576,37.24529296875003,34.94122767857145
93205000688,0.2884527416790233,0.21514931847067442,0.26867745290784273,0.27579340712696904,0.21411664655395582,0.20441446596500923,-0.031042358074702472,-0.009658310788811422,-0.004251350714441608,-0.0035128052109012417,0.07157536245444242,0.0746761930923836,4,37.532137254902004,37.30359001782535,38.481798319327766,38.6486554621849,37.551875816993494,35.0391204481793
93215000688,0.2725928797153756,0.20184318406973037,0.24507301265839487,0.28861357900314033,0.21968003979418427,0.2080829595215619,-0.026201094013231344,-0.0016371612666716835,0.008283566501631867,-0.004631807249097619,0.07682111155008897,0.08198586024809629,1,36.679960937500034,36.987997159090945,38.5485267857143,38.69578125000003,37.10536458333337,35.058478422619075
93225000688,0.246166746581302,0.21002849737803142,0.24833336098521364,0.32469823851304896,0.2669307005171682,0.2254192723947413,-0.021338759479569452,-0.034535897217517465,-0.01845184471092972,-0.04725260093954264,0.03117499160123806,0.05785623307467676,1,35.205725490196095,36.0717932263815,37.82228011204482,38.04363585434177,36.25827450980397,34.59786928104579
93235000688,0.19518994758254848,0.23224768129875883,0.2714309460716322,0.32755243463907385,0.26939248060807586,0.23243299080058932,-0.012352174970146734,-0.0569272560896934,-0.04406297712193919,-0.05521768517132842,0.030991979278041985,0.054124615133332554,4,34.428906250000026,35.63392045454548,37.09506696428574,37.58909226190478,36.19126953125003,34.11401925223218
93245000688,0.1734473085089121,0.21891300630522892,0.26067342731403187,0.30765308323316276,0.3194799161283299,0.3061753708170727,0.01747937839172664,-0.016402253095293418,-0.01588263895973796,-0.01236426417813164,0.02926464150368702,0.034749040540191345,4,35.459218750000026,36.49851136363638,38.19364955357145,37.99901227678575,36.99308593750003,34.62002511160718
93255000688,0.17120869942739897,0.17312191502720703,0.22318424652604496,0.2580428600311279,0.28975216232094114,0.28367522195273753,0.04329854378148037,0.01876710936719296,0.012405537214933657,0.006877805716266819,0.0368686381800502,0.047685189691244384,4,36.63272549019611,37.252295900178275,39.24267226890757,38.55331652661069,38.07258823529415,35.38042156862748
93165000689,0.3027244691786013,,0.29725408522706276,0.32630249716733634,0.2632158948402656,0.23840304369989193,-0.012334357280480233,,-0.007070435687752538,-0.030612226291314555,0.07459012171204545,0.08237264115167292,3,36.35697265625004,36.84551302083337,38.25129464285717,38.93723214285716,36.34982421875004,34.64629464285719
93175000689,0.29031646017934765,0.2510302662849426,0.34371284643809,0.3515436809436948,0.2518062405726489,0.23392246821347407,-0.01544803141378889,-0.007435149978846312,-0.041584517170364654,-0.03958053498291502,0.058940674622050104,0.06306658113996189,4,37.056843137254944,37.101313289760384,38.247411764705895,38.95543417366949,36.836039215686306,34.92908123249303
93185000689,0.29034711141139263,0.21995707601308823,0.3478021621704101,0.3021896411664784,0.2639817851595581,0.26375287864357233,-0.021607394854072478,0.012709168950095773,-0.04337268994913756,-0.023309223470278084,0.04503258701879532,0.043052277935203165,4,37.86875000000004,37.2985138888889,38.073482142857166,38.46107142857146,37.018593750000036,34.88428571428573
93195000689,0.27934352907479976,0.2074974402785301,0.30543428706187825,0.2620067005063973,0.2568380573800966,0.2571530394110025,-0.011826485724133601,0.0027947761118412013,-0.017914611612464867,-0.006871757890079535,0.06263379816915475,0.06639416644386216,1,37.867823529411794,37.16135828877006,37.92474509803926,38.25929971988799,36.804215686274546,34.815333333333356
93205000689,0.2835227749310434,0.2175869047641754,0.2722469535074197,0.2812467857729644,0.2261958481394686,0.2214062887360342,-0.012476228173909476,-0.020682380534708503,-0.0134491643657384,-0.013405369754764251,0.07939043894293718,0.08330474953982049,1,37.31263671875003,37.13976562500002,38.1956584821429,38.412622767857194,36.881731770833376,34.9572209821429
93215000689,0.2815339373773895,0.17853491519682504,0.2467285880120471,0.2775914091616869,0.22220696113072338,0.2149349292740226,-0.021125344745087205,-0.0073602540463625216,-0.007058434064674657,-0.009372521399427569,0.081990451348247,0.08156280577532017,4,37.030585937500014,37.28041193181821,38.53677455357145,38.36541294642862,37.07712239583338,35.02121837797623
93225000689,0.24494604146948049,0.18623931594923432,0.22580350339412691,0.25441991499826017,0.20527579784393313,0.1901696195789412,-0.004922862811123623,-0.006457525697039148,0.01605643711838068,0.00012338218215268704,0.08931039025386175,0.09983136851121398,4,36.02727450980393,36.90629661319076,38.219568627451004,38.134683473389394,37.05128104575167,34.89373295985067
93235000689,0.1812291441601701,0.18550893594510853,0.19931280426681042,0.23220860958099362,0.14645849037333392,0.13752487194142304,0.03737517573608784,0.016288729220832465,0.0314040155717521,0.01052725080671735,0.1280853626376484,0.12612063869892154,4,35.73906250000003,36.92923437500005,38.16910714285718,38.135870535714304,37.229596354166695,35.048105468750045
93245000689,0.16921832929639255,0.1603211179083469,0.195999201372558,0.2308090621349858,0.18275698601615192,0.1806536476109542,0.02494530858216333,0.030693677264977903,0.02925551489872091,0.020195203894000573,0.10493257396361408,0.1009765709732093,4,36.40249019607847,37.05651265597153,38.67164705882357,38.37100840336137,37.63549019607845,35.465490196078456
93255000689,0.206231132382527,0.14791942929150537,0.20887039985973388,0.23251844535116106,0.27607033704407513,0.26030220452230424,0.0023003174574114395,0.01696420574626245,0.01456697454341338,-0.008356868067494359,0.023148518652305935,0.044433598231989904,4,36.571796875000025,36.73964985795458,38.86161830357145,38.31462053571433,37.85460937500003,35.533330078125026
93125000690,0.3005292063897795,0.28940244220398564,0.3749277277572735,0.35481451894785904,0.3072801659236083,0.2654015632631542,-0.014342796319659363,0.002605168236448925,-0.01294773516611213,-0.014160436405307354,0.051423951177983665,0.06811695888235762,2,37.524196078431395,37.070556149732646,37.929439775910396,39.34467787114849,37.050941176470616,35.552162464986054
93155000690,0.32179754227399826,0.29467132687568665,0.34366691950708633,0.365473184036091,0.36090978328138595,0.347499193623662,-0.046581449278164655,-0.02526420124922879,-0.028189050037326524,-0.03713268592400709,-0.0036285593378124763,0.014878782552841585,3,36.38773437500004,36.649738636363665,37.94055803571433,38.510580357142885,35.96902343750005,34.3271875
93165000690,0.27603991756252216,0.16856013877348527,0.3086705365601708,0.3204816350749895,0.3321101439934151,0.3248915736581765,-0.01710277462706846,0.03320732735833622,-0.0034794569910303044,-0.007285833227283812,0.027426266319611495,0.039166522376677566,3,36.98100000000002,37.1245803921569,38.56244817927173,38.834862745098064,36.52007843137259,34.60783753501404
93175000690,0.2607460957951844,0.07135741226375103,0.34117842314299196,0.3300755671225488,0.2544150092289783,0.2596080917282962,-0.008934359615523135,0.06559772416949272,-0.026826287618860082,-0.024832702689309375,0.07643364025716437,0.07716846319090108,4,37.59117187500002,37.28264843750004,38.46690848214288,38.73364955357146,36.782265625000036,34.80861607142862
93185000690,0.25854251510463655,0.17611245810985565,0.322608420974575,0.3068645369494334,0.2913889902411028,0.29625957738608116,-0.008539255395589864,0.039058984722942114,-0.024562561839047706,-0.01767103043130192,0.0435656271292828,0.04219298666430404,4,37.39474609375002,37.33366122159094,38.2395535714286,38.49743303571431,36.70107421875004,34.84265625000001
93195000690,0.23041126774806603,0.26380395889282227,0.27746297436601974,0.2895590868650698,0.27595130532395606,0.27667728615742104,0.013893123876814748,0.014498035423457623,0.0012992452903121121,-0.0007324165792441835,0.03907683736407289,0.041185399086452,1,36.92539215686277,37.27479429590021,38.208218487394994,38.499299719887986,36.57864705882357,34.950358543417394
93205000690,0.2328693177551031,,0.26183821307495236,0.27114061219617724,0.21156144887208939,0.20848825527355075,0.019432651984971017,,0.00040722684934735314,-0.0070719532086513945,0.07774862239602953,0.08262421551626176,1,36.71703125000002,37.172545454545485,38.211339285714324,38.45562500000003,36.501718750000045,35.01723214285719
93215000690,0.24650657646299348,0.17452751100063324,0.24426098208962463,0.24716356150277957,0.21605391166810917,0.21172713482473782,0.00645895117864482,-0.00785087514668703,0.00407380869201436,0.007305469475759884,0.08919077787518971,0.09156051124116098,4,36.943700787401596,37.36452397995708,38.5796400449944,38.46098987626551,36.99431102362209,35.097356580427466
93225000690,0.19603275641566142,0.17439794540405273,0.23653333785478026,0.22943531186319888,0.19392880823579617,0.18397832129267044,-0.0038119238233775845,-0.00018538278527557863,0.022539781370142013,0.028123104799533394,0.10585694439942017,0.1093900205451064,4,36.724335937500015,37.59058877840913,38.74954241071432,38.45107142857145,37.6998697916667,35.30431361607145
93235000690,0.18356188681780122,0.15167519450187683,0.2158109938397127,0.21861835437662464,0.1705365452842385,0.15376692275498427,0.01727736547004943,0.039570381166413426,0.03336360458211572,0.01908501580941911,0.10981388036526886,0.12258084106679057,4,36.265450980392174,37.43781960784318,38.51997198879557,38.18728851540619,37.5717189542484,35.48190196078435
93245000690,0.15710054764560627,0.13504535264997597,0.17666293692355065,0.21614580125200983,0.1541707195341587,0.13007796866928828,-0.06211259571068427,0.044388763830963386,0.015254928434596346,-0.011811952935714349,0.10369080328473859,0.12327060600121817,4,35.85796078431375,35.97310255496143,37.30009523809527,37.72870028011208,36.86900000000003,35.07717647058827
93255000690,0.11830815515713768,0.14198410511016846,0.17607969173695892,0.2171020420501009,0.24810696381609887,0.21827019291231411,-0.1156521549273748,0.010077659273520112,-0.03281799511751161,-0.1146409017237602,0.015325240441597996,0.03387097202357836,4,35.28179687500003,34.5132291666667,35.96727678571431,37.06781250000003,35.849062500000024,34.300019531250044
93125000691,0.2780022775987163,0.26336283097043633,0.3605673008132726,0.36873444204684347,0.24946033244486898,0.23214300989639017,0.0013517075544768886,0.033257877014420956,-0.007996234753704812,-0.014095964304942756,0.08792186378559563,0.10765666849329135,2,37.37697265625002,36.84870028409094,37.69453125000004,38.90784598214288,37.05123046875002,35.278270089285755
93135000691,0.3036215719653339,0.3036058027985204,0.38925141791848766,0.39369930332130676,0.3100347306047167,0.2656561199069438,-0.011701717700173217,-0.00014504213380961582,-0.038262603408575895,-0.03940261132164959,0.041078363561464104,0.07233408394590903,2,36.97808362369341,36.418001267025694,37.2262966650075,38.43701841712298,36.77557491289201,34.837665505226504
93145000691,0.29800928395707166,0.286678989243228,0.38143454957753425,0.364205711055547,0.31989993120078,0.28164954454405233,-0.027451512884908883,-0.017424465224394226,-0.04085379945172463,-0.031331636770119076,0.012703075732133586,0.04523374022755888,3,36.79953125000004,36.63698863636369,37.45117187500004,38.584408482142884,36.35933593750003,34.60335937500004
93155000691,0.27341039975484216,0.2536343312146617,0.35973685687663515,0.3547740715391496,0.3211885416040234,0.28051676481377846,-0.022508039238734866,-0.005522508083388448,-0.03273052573021429,-0.031660375766017865,0.005931991897523405,0.01691794047022567,3,36.42607843137258,36.93269376114086,38.125294117647094,38.71876190476192,36.182274509803946,34.49794397759108
93165000691,0.26483359406976137,0.2152152138890005,0.32793585599637504,0.35264391677052365,0.31563357582279283,0.28018337476487254,-0.00815322199726806,0.010198624774884413,-0.013196826140012812,-0.027792308413807087,0.03272832040401066,0.03430992222811077,3,36.93298039215689,37.09539037433157,38.51460504201682,38.56359103641459,36.47456862745102,34.58904761904766
93175000691,0.24871516844723376,0.18806231851340274,0.30791329499334097,0.3235145185608417,0.27874109731055796,0.25672513141762465,0.009911510198435282,0.029512595147025422,-0.005966334043478128,-0.009684230499260593,0.06546062379493378,0.07529648735362571,3,37.704726562500035,37.32979403409093,38.48890625000002,38.38613839285719,36.934609375000036,34.74747767857147
93185000691,0.22355802280931017,0.12119276808413465,0.24894285254825754,0.26208825075016245,0.23052653670310974,0.2224104296504043,0.024588565166130304,0.04378816940066382,0.022514105946793567,0.027296014808441002,0.08756038017101644,0.09472340905642886,3,37.24887795275594,37.567031496063024,38.55664791901016,38.6268391451069,37.13533464566933,35.0208998875141
93195000691,0.18417038884945217,0.05591145296868641,0.23190245707519352,0.24322648625820875,0.1892655555275269,0.2002152634668164,0.04718339291503071,0.054502205352389047,0.03526877391595917,0.04273560564433864,0.1144543712871382,0.12151858641300352,1,36.85681640625003,37.740390625000046,38.59834821428576,38.97921875000004,37.12710937500005,35.302165178571464
93205000691,0.188696526779848,0.13707863337407677,0.24063194177898706,0.24627585738312963,0.17047125346520367,0.16714500615409775,0.03554077289779396,0.018026418647186904,0.007551532775601921,0.016533816182145885,0.09474250310484102,0.10720614722254229,1,36.84896078431375,37.514740106951905,38.300890756302564,38.686896358543464,36.773372549019655,35.17617366946782
93215000691,0.19239972345530987,0.0895353714004159,0.222424874547869,0.24179410468786955,0.1636570869013667,0.15028410963714123,0.005107136414153501,-0.0031025512143969545,-0.003126789277303032,0.0052573754801414916,0.060800579260103405,0.06590010179206729,3,37.16109375000003,37.42160795454549,38.48267857142861,38.5121428571429,36.98078125000005,35.106785714285735
93225000691,0.18354374822229147,0.04301441553980112,0.21633760677650574,0.2771355635486543,0.16967394994571802,0.16051275422796607,-0.00024371204199269284,0.02444000542163849,0.016873692846274935,-0.011359061289113015,0.08071532973553985,0.08361311012413353,4,37.461406250000024,37.60906818181821,38.79803571428575,38.44732142857146,37.64578125000004,35.33308035714288
93235000691,0.18909430655778625,0.1899292394518852,0.2755070960404826,0.33277001772441117,0.249189822638736,0.239590158941699,-0.023353206592739796,-0.04274589102715253,-0.03192830925040385,-0.07001552186614159,0.010087307411081652,0.019548432499754666,4,36.07237254901962,36.461960784313746,37.481563025210136,37.159669467787154,36.212967320261484,34.58042717086838
93245000691,0.12744188480428423,0.24133425205945966,0.35203730606008327,0.3589168721227907,0.37516641354886815,0.3650642344437074,-0.15891671916324412,-0.1195426359772682,-0.16308155370643362,-0.14307245294185125,-0.15060301386984062,-0.1491601359739434,4,33.95437500000001,33.74215755208336,34.69131696428574,35.09647321428575,34.39531250000004,32.91489397321431
93255000691,-0.01491794019353157,0.20986099541187286,0.25152150006855234,0.2638488499557271,0.3195851106854046,0.3337693765759468,-0.30813822097638077,-0.12576676905155182,-0.18695183381730435,-0.16356112591776195,-0.1414416536250535,-0.15614177063107493,4,33.42937869822489,32.463264299802795,33.48477599323755,34.5992307692308,34.12633136094677,32.40518596787831
93115000692,0.3102701709820674,0.25185101987459724,0.315969452720422,0.34291386130528567,0.27462475284551957,0.27787999495481835,-0.013559059489470645,0.020172305023058862,0.024508246989586417,0.007202539038963805,0.052896257012318336,0.07373624911101964,2,38.23158203125005,37.53708806818186,38.72496651785717,39.47158482142859,37.505625000000016,35.799877232142876
93125000692,0.3576491621502659,0.2732989226516924,0.39780732842913846,0.43398322923141613,0.3127410983830167,0.31489200843007936,-0.04713528283888049,-0.0019280948398406042,-0.03687070176789635,-0.0639738724681369,0.011628805767548711,0.04049150955520178,3,37.38978947368423,36.803141945773575,37.8393934837093,38.876967418546386,36.73552631578949,35.07352882205515
93135000692,0.33602133219344144,0.2827862309806542,0.3685560547656123,0.3956815620108801,0.3322855293286913,0.31272629981838773,-0.04004083053799571,0.00025021091850061433,-0.02393911602084275,-0.045371002050167385,0.02216273608548632,0.04319974110400167,3,36.90875486381324,36.625840113194236,37.595525291828814,38.45953863257369,36.477684824902745,34.70704280155645
93145000692,0.2610425727907568,0.24766601528972387,0.3344891876913607,0.3345553213730455,0.31085980916395783,0.29557322454638774,-0.02203385154643911,-0.00616534430628235,-0.015428296086611226,-0.016087835560028903,0.02044936035235878,0.03207673956057988,3,36.83820312500003,37.059801136363674,38.03375000000002,38.560535714285756,36.73226562500003,34.74785714285718
93155000692,0.22327441473801932,0.2232969363530477,0.3402450429458244,0.3333491595352397,0.30024243195851646,0.27974872384585586,-0.011627470281924688,-0.015057440595524432,-0.025956379892487155,-0.027042259348958146,0.014994356437933211,0.014531716298969353,3,36.6512941176471,37.168367201426065,38.21702521008406,38.56028571428574,36.81696078431377,34.72965266106445
93165000692,0.22543948574457318,0.23191419913200662,0.34403939126059413,0.34403405396733433,0.29851268755737687,0.2643817805801519,-0.012273441894649295,-0.017945226710622823,-0.02452809402893763,-0.035295197703817394,0.021678171373423538,0.02599759062286466,3,36.75001953125003,37.06850142045458,38.110055803571456,38.344129464285736,36.75869140625003,34.72793526785716
93175000692,0.2188365447170594,0.24386838668701694,0.3119037544026094,0.3094434505584193,0.3287074191897523,0.28716426287211627,-0.004954400866785469,-0.0014077558958282067,-0.002821370243441826,-0.0049043156937056895,0.0022966411165600865,0.016472999167208582,3,37.150313725490236,37.23775757575761,38.34616806722692,38.27780952380956,37.082254901960795,34.84691876750702
93185000692,0.213102320052055,0.19084557765745558,0.23806281620636582,0.26601660798769444,0.2373840568470769,0.2078407933586277,0.0021216213164559324,0.028130138602136867,0.024507427675416693,0.010922364308498798,0.07169259589863941,0.0824918675934896,3,37.40648437500005,37.73879971590913,38.74546875000003,38.68935267857145,37.33113281250003,35.140647321428595
93195000692,0.08506667133734887,0.1280969060899224,0.20496766420546922,0.23123916436452419,0.12130586989223957,0.11342855851398781,0.02659161269934062,0.06309825155767614,0.0478196622862015,0.036693492031190544,0.16754579916596413,0.18016869702842087,1,37.416679687500036,38.17262500000003,38.94328125000004,39.18111607142859,37.49953125000005,35.59921875000003
93205000692,0.08773647242012513,0.14502901569301008,0.22166568747922485,0.20662528241381922,0.11990972584953496,0.12788737276021173,0.019363575974052926,0.055369383651836246,0.03532001211070547,0.06896034724572125,0.16612481672097654,0.17690540873536875,1,37.26275816993467,37.88099607843138,38.6477366946779,39.02840896358548,37.279137254902,35.56870028011207
93215000692,0.08750455544335756,0.13121182377653895,0.21139026107266543,0.19406942912610248,0.09506184239580762,0.10373097972478716,-0.0009079483368372667,0.03182805387041299,0.028206593813592917,0.06469576342351503,0.15191001605126075,0.15197923318191897,3,37.64146484375002,37.40823437500001,38.26392857142861,38.51117187500005,37.01476562500003,35.27686383928575
93225000692,0.09610690783490153,0.1287390161305666,0.2498980173293282,0.30242722326633975,0.19657919487240266,0.21040326999683007,-0.0038874811666341972,0.034592793136835095,-0.0008171330790455421,-0.028284231653692676,0.0557620910014592,0.055399710042219524,3,37.29135947712421,36.40538823529415,37.40061064425774,37.45659943977595,36.49011764705886,34.55295238095242
93235000692,0.22680770233273506,0.21609039930626753,0.33558814320713287,0.40707665123045444,0.31120728189125657,0.3184823258779943,-0.05427555774804205,-0.026776761456858367,-0.0787685654941015,-0.1222307551652193,-0.052896498586051166,-0.05904414260294289,3,35.125312500000035,34.69543750000003,35.56312500000004,35.55535714285718,34.707812500000045,33.164062500000014
93245000692,0.2101052867139087,0.24473667682385913,0.36573153219971005,0.4101128492869583,0.36073911201720144,0.347139180057189,-0.20814816706320818,-0.10984271098585689,-0.15473369769021578,-0.16232225024232677,-0.12431853410660051,-0.14342357460774627,3,32.897941176470624,32.619490196078445,33.489316526610686,33.64361344537818,33.00643137254906,31.705134453781522
93095000693,0.27977190596553,0.2584027742537168,0.3122303548913735,0.3268190441796413,0.23484367110694832,0.24885706388606477,0.018369683185413196,0.035488131491897196,0.019689367587069195,0.021596604044764087,0.11331917195079418,0.11251660751608702,2,38.10548828125003,37.99292613636365,38.646964285714326,38.87594866071429,38.34554687500003,35.754944196428625
93105000693,0.269160521184576,0.23428511163540955,0.290565503632714,0.30627096328755904,0.27785527372154695,0.27267161718216437,0.021282338645662473,0.045754607582207896,0.045803470986670466,0.03111964627169073,0.07842374224504778,0.08945729113023342,2,38.38869140625003,38.121583806818215,38.89771205357146,39.340959821428584,38.13851562500001,35.8804241071429
93115000693,0.2994188171975753,0.25906657179196674,0.3065266345061508,0.33192957803314804,0.30890354525809194,0.3001861954436582,-0.006378611290425648,0.008241034306439696,0.02137851009474081,0.0048738986253738376,0.033154327225159194,0.04906231825988666,2,38.03888235294122,37.713757575757604,38.71975910364148,39.20952941176472,37.26803921568629,35.612823529411806
93125000693,0.3431003881204459,0.29562568033321035,0.396361657521791,0.39795064025868976,0.3539558412093255,0.32172906486731434,-0.049157332182706646,-0.03059289309021551,-0.052528894920316004,-0.05223359303393712,-0.004850721196918233,0.01178861129058835,2,37.29850694444449,36.979444444444475,38.08720238095242,38.67752976190477,36.24657986111113,34.84276785714289
93135000693,0.32359998894389713,0.2937663329066709,0.3646872427780181,0.32935878296848387,0.36801630491390824,0.33826847141608596,-0.04299217010702706,-0.01974376485350149,-0.035187244931876194,-0.02698586843143858,-0.017509746503492348,-0.007895502854807999,3,36.97923828125004,36.92117187500002,38.064107142857175,38.39110491071432,36.204882812500024,34.63873883928573
93145000693,0.2451616785689896,0.24044962636396,0.31179620062603675,0.291688370587779,0.26287977263039236,0.25676988702194364,-0.0005939698832876546,-0.012958773998452314,-0.012516794828515426,-0.010914372176151065,0.03269444811797025,0.029637046253272133,3,36.92472549019612,37.23693048128346,38.37081792717088,38.406549019607894,36.97294117647061,34.869731092436986
93155000693,0.21453779214061797,0.213182192761451,0.3145674988627434,0.3373151714913547,0.2565501108765602,0.24760441342368722,0.006508291116915644,-0.020006182356155474,-0.01669272397703025,-0.02767782419687137,0.03337825060589239,0.036112570101977326,3,36.80093750000003,37.17565340909094,38.27169642857146,38.47165178571432,37.19617187500004,34.892232142857175
93165000693,0.22124185040593147,0.22875734861008823,0.32165542803704744,0.3292959220707417,0.26308363000862295,0.2482041227631271,-0.011317178155877627,-0.024219336424721405,-0.02156982780434191,-0.026997463523002807,0.022235748569073625,0.03299719144706614,3,36.760625000000026,37.03076704545457,38.02486607142861,38.38058035714288,36.97437500000002,34.869107142857175
93175000693,0.22251421616357914,0.24189672096102843,0.28933025797208156,0.2860839140181448,0.2778513866896723,0.2678358543737262,-0.019389488891351458,-0.011718767328078257,0.006099026306879286,-0.000362681619384709,0.03050588638905217,0.0336191685322453,3,36.707627450980425,37.22904456327988,38.10522689075634,38.462000000000046,36.98513725490199,35.058795518207305
93185000693,0.18666987107496827,0.24203358363592997,0.26417778484756127,0.2834374461090193,0.24231302659609358,0.24394631115137597,-0.023648077945254708,-0.003105831858192688,0.008363636348803995,-0.005378539613957401,0.06661052284471225,0.06588632502825932,3,37.25343750000004,37.6499616477273,38.34024739583336,38.72618303571433,36.97697265625003,35.13400669642859
93195000693,0.13819683499393925,0.21162945043852951,0.23965226107929638,0.28228111864309613,0.1937347874632032,0.18009813021369808,-0.024438128604935612,0.017861633172889396,0.020889447884648804,-0.008060233183498458,0.10398064764935201,0.10696671169808532,3,37.408661417322875,38.09907874015752,38.85823397075368,39.099415073115885,37.12125984251971,35.49307086614176
93205000693,0.11549592178759224,0.1549191090743989,0.19998049119021744,0.2327200076542795,0.14906540955416858,0.1438603636925109,-0.042385258925480576,0.05591974077105988,0.06273136599338613,0.04235294385580347,0.14663850114447996,0.15677039924776184,1,37.23595052083337,38.043546875000025,39.1220535714286,39.48205357142862,37.28355468750003,35.83466517857147
93215000693,-0.036682471409783375,0.14197219843957937,0.1842285177871293,0.22735806060772315,0.11542896596240063,0.1255758149951112,-0.03966508973776127,0.05984621275873746,0.06716189390304042,0.03292628105948954,0.14937863677155738,0.15333621423034108,3,37.72657516339873,37.23284705882355,38.3448235294118,38.71715966386559,37.04141176470593,35.46777030812329
93225000693,0.009384536465593417,0.17431560959301742,0.29397070717577845,0.3400952766923343,0.2802560853899694,0.28922332566158443,-0.056424337594459445,-0.017242739101250966,-0.02455347642010334,-0.07460775983099843,-0.006705532091505387,-0.011326912483748258,3,36.51792156862748,35.43375828877009,36.36229131652664,36.626605042016834,35.55564705882357,33.895585434173704
93235000693,0.22279378509847447,0.24091962788952512,0.3813187211053446,0.4115657859947532,0.3539303694851696,0.34824730700347567,-0.09155639080563559,-0.09718150549451819,-0.10475078751915136,-0.1255813530588057,-0.08746925050218123,-0.08957442053360865,3,34.1140690104167,33.77384801136368,34.57388392857145,34.71766741071431,33.827187500000036,32.33322963169646
93245000693,0.2120868980884552,0.2853920261065165,0.391905119489221,0.42198047065267374,0.32085816603080897,0.300946297715692,-0.24155615436680175,-0.1720442688056067,-0.15595491981389475,-0.163573514334127,-0.08724903883595092,-0.09899052239808381,3,32.47815686274514,32.35855614973266,33.47869467787117,33.6695742296919,32.843960784313765,31.480521008403386
93065000694,0.3270862928792542,0.24602912366390228,0.3522991562590879,0.38827838465279224,0.30391464584013994,0.29250758769465424,-0.025852264235636184,0.008626448921859264,-0.014651639993284261,-0.041094279073763125,0.03902720370713402,0.04370415868128047,2,37.82294117647061,37.33202424242426,38.472196078431395,38.602963585434196,37.513078431372584,35.546974789915986
93075000694,0.32071443484164774,0.2367002077045895,0.345166233018972,0.3496924649225548,0.2771511033643037,0.27071519079618156,-0.010631214952809389,0.03174286615103483,-0.008423888102697674,-0.019545287206710782,0.06149357325921301,0.06620466764434241,2,37.67513671875004,37.63429119318184,38.39300223214287,38.9291517857143,37.57771484375002,35.70305803571432
93085000694,0.3182698590680957,0.24582102522253987,0.3398445006459951,0.35783322155475616,0.27518553147092456,0.27382319886237383,-0.004901747131953017,0.05032301414757967,0.0005418484834081025,-0.012971510994248092,0.07541332842083646,0.0756803799595218,2,37.76968750000003,37.67152840909094,38.19544642857146,38.69982142857143,37.86859375000001,35.544285714285735
93095000694,0.3081290345257661,0.24929179571293023,0.3348262203255976,0.35771209036740736,0.296998254602819,0.29823123446599703,-0.0012027656542151937,0.011073996243929421,0.00888796696232221,-0.005373378242023417,0.06107441355716291,0.05750295825258601,2,37.858759842519696,37.917250536864735,38.295106861642346,38.818920134983145,38.223517060367456,35.37634420697416
93105000694,0.27265488787088543,0.2295734995859675,0.3091729144798592,0.32700778741855174,0.25999493134440854,0.2548472513444722,0.021781642240966903,0.016891403818590334,0.028334149785223417,0.0019935097858194686,0.07812230090348748,0.07709370755765123,2,38.04443359375003,38.11166903409095,38.535279017857185,39.196897321428594,38.147076822916674,35.580859375000024
93115000694,0.27366472718182144,0.2378704016963085,0.31659863597446386,0.3342097588143982,0.3098891667135945,0.28643903730215725,0.0095483303066812,0.00340361256881819,0.0025580884576156438,-0.014906208630052062,0.028246977073433516,0.0347885946723652,2,37.75160839160842,37.65420851875401,38.40778221778224,38.975344655344685,37.19138111888114,35.36679320679325
93125000694,0.2910316566780847,0.27647705868988187,0.33774860406200247,0.36487373350195385,0.34722816248348254,0.31767535458974805,-0.021273297781363883,-0.03235656481076772,-0.022489224658402026,-0.024749292879716896,0.012539414341057788,0.02104202689102884,2,37.38626459143972,37.09742129465868,38.10583101723182,38.69148971650922,36.61959143968874,34.99191217342971
93135000694,0.2826516742352396,0.25868300534784794,0.2969690908212215,0.33330832002684474,0.3345295609906316,0.31269269925542176,-0.008001237380085515,0.0017732637352310108,0.0118022175738588,-0.011053940866077026,0.014956926890590696,0.027446588304883338,3,37.23214843750003,37.20184659090912,38.09683035714287,38.60491071428576,36.981328125000026,34.93272321428574
93145000694,0.23915482204334407,0.2134088405207092,0.29230331708403196,0.3009786140684988,0.24123992592680688,0.2284056019549276,0.02310202494994098,0.014011319036431174,0.011211909051509757,-0.002932104715328737,0.06047575566552433,0.06790233412940128,3,37.32203921568631,37.360210338680965,38.23486274509805,38.38333333333337,37.33615686274512,34.95057142857144
93155000694,0.2338074033614248,0.21957514941459522,0.30984539655037224,0.3019261123845354,0.2335199856897816,0.2090871676336974,-0.0033080312641686773,-0.015555742949800333,-0.004356107883722871,0.002516307911719194,0.05477784206232171,0.06577137642307207,3,36.93306640625005,37.13894176136368,38.221104910714324,38.32650669642861,37.369199218750026,34.92169642857146
93165000694,0.22550053683322246,0.22643936179050309,0.2893018218006675,0.26230156937922083,0.24177888816031884,0.21429523954710622,-0.0019071407278808978,-0.001957954303544807,0.007967563283695715,0.007905467301533799,0.03865647170780681,0.04495809142162481,3,36.51490157480319,37.07093056549754,38.0237345331834,38.37885264341959,37.28320866141736,34.99703037120362
93175000694,0.19365028757601974,0.21782599063590172,0.26407280331477523,0.2349792707245797,0.20385488006286326,0.19297403353266415,0.014912118364009075,0.013013895819312891,0.017920678154041525,0.01284014007251244,0.0718519316869788,0.06518992985365914,3,36.506796875000035,37.36545454545458,38.09325892857145,38.7710267857143,37.13125000000003,35.262276785714285
93185000694,0.17285734461803062,0.21654702214633714,0.2507966956671547,0.24408413013991187,0.1825854320152133,0.2014441200915505,-0.008544772132938984,0.009626489790046917,0.008487839189668495,0.028481665772258066,0.07753825117559994,0.08363400154254017,3,36.948313725490216,37.476794295900206,38.194345471521956,38.77721568627454,36.78586928104577,35.17515406162465
93195000694,0.18693829956464472,0.19696863903664052,0.21699200267903504,0.2315208313520998,0.14240570241236125,0.147870614178828,-0.015274046053491476,0.027604391398199372,0.033996685586316744,0.04020790744834813,0.11470641300547868,0.11960827876464464,3,37.07406250000004,37.56315625000005,38.411153273809546,38.85665178571431,36.45089843750003,35.19919642857145
93205000694,0.17208287946414205,0.15233624732354656,0.1736751634161919,0.19156117225065827,0.09330426497035661,0.08469047692778987,0.009649757449551542,0.06693166039622156,0.08608079359692056,0.0704238306498155,0.1758801911782939,0.17404157228884287,3,37.006985677083385,37.56578906250005,38.75030505952384,39.14957589285718,36.64104817708336,35.47397321428575
93215000694,0.1106031914552053,0.1765115628639857,0.2169965644093121,0.243654494192086,0.1981500711803343,0.18954738638564655,0.0283503472951113,0.041802024549128965,0.04696451843369241,0.009507673336010353,0.08095172047615053,0.07839337441266753,3,36.85083660130725,36.71853333333337,37.832420168067266,38.06662745098044,36.56764705882357,34.93415686274513
93225000694,0.1671601539710537,0.2466692541493103,0.3480123408371583,0.38088512350805104,0.410878554568626,0.38579098379705107,-0.051210136123700074,-0.06314492257661186,-0.06546821701340377,-0.11019852262688802,-0.0905696992413141,-0.10560232115676628,3,35.35048177083336,34.89323366477275,35.73919642857145,36.0319866071429,34.93460937500005,33.30220703125003
93235000694,0.26913062836609636,0.293835900110357,0.39315967127388596,0.42325011035975285,0.3978261753624561,0.36746164618753924,-0.10727811721610088,-0.12197260523543638,-0.10294869089243458,-0.13696470219714968,-0.10907661806718977,-0.11446296712931466,3,33.68894771241833,33.44043672014263,34.34567507002801,34.58061064425773,33.413372549019655,32.04316666666671
93245000694,0.1675137719103077,0.22760724091494922,0.37873224215582013,0.4224439453100786,0.30309337191283703,0.2986221830360592,-0.26723897803458385,-0.2106300171581097,-0.13181573772453703,-0.1784728361526504,-0.10414748845505528,-0.11183581461955328,3,32.562949218750035,32.409552556818205,33.56558035714287,33.87553571428573,32.80742187500003,31.347119140625043
93045000695,0.3360634336206648,0.3095076405649702,0.35736862407790293,0.38596077428923714,0.34546719710032153,0.31151705914073524,-0.0252477569381396,-0.004542791847199239,-0.009373073644108243,-0.027362287143866224,0.034983442158748705,0.05457115933299065,2,37.47001953125005,37.14485795454548,38.53839285714288,38.2430691964286,37.06583984375004,34.779118303571444
93055000695,0.3222671244293452,0.31944601541879225,0.35263917106203735,0.3716454685200006,0.33002536697313195,0.32272709370590746,-0.02453477084782207,-0.030588661952476413,-0.009302010181272634,-0.0273328848707024,0.037656223954400055,0.04689141755807214,2,37.71962890625004,37.220999289772756,38.643794642857166,38.500033482142896,37.22281250000004,34.95916294642861
93065000695,0.31942339101806283,0.3021932076185178,0.3652645711554215,0.3770050428574905,0.3875919762067497,0.37738190824165946,-0.022129055522327693,-0.04443487514479039,-0.028617630304324845,-0.037468750599146006,-0.016851536103786202,-0.014050252342713067,2,37.868593750000024,37.45835937500002,38.411908482142884,38.61892857142861,37.35476562500003,35.23828125000004
93075000695,0.33002984151244164,0.27510355267769254,0.3524527041008696,0.35825977998320013,0.36492595286108553,0.3584515654947609,-0.019435704599345627,-0.019075202641005703,-0.009410077671418549,-0.020147096056462036,0.010196926203207115,0.006681392871541902,2,37.84166015625004,37.63160014204548,38.53853794642861,38.77386160714287,37.405976562500044,35.3556473214286
93085000695,0.34568209180644915,0.2886301935336751,0.3524978558222453,0.4075448006975884,0.40605128746406705,0.3909875153326521,-0.034716243238425724,-0.011680147678161843,-0.015406090507338589,-0.03882760611527106,-0.014935878079895878,-0.01580512400570453,2,37.71396078431375,37.65590516934049,38.44205602240899,38.68612324929973,37.294614379085,35.16961904761906
93095000695,0.29887155967298895,0.27614078763443206,0.3362070560688153,0.3804304683580995,0.3676437258254737,0.3377429092070087,-0.004086046770680696,0.003476929498947985,0.0030938590275582105,-0.020194334251073084,0.008092051117273513,0.018919141733931614,2,37.80708984375001,37.87781676136368,38.34018973214289,39.03270089285716,37.472636718750024,35.03241071428574
93105000695,0.2596089527942241,0.21652531111612913,0.30297744926065207,0.2993169603869319,0.2665888904593885,0.25466759968549013,0.02783497713971883,0.03941241928259843,0.03218069433933124,0.030295527145653978,0.07813666807487606,0.08951933844946325,2,37.77171875000003,38.14497159090912,38.46241071428576,39.26062500000004,38.38052083333335,35.389553571428614
93115000695,0.2220837721010534,0.19185044214077526,0.2892215906119929,0.2735648973478258,0.23585321206456697,0.22378903497594577,0.05468781237191933,0.05845361650768889,0.0334745630725751,0.031837172059906896,0.10426340146048663,0.10708340447240279,2,37.68419860627181,37.754827367754224,38.51677949228475,39.000622200099585,37.81167247386761,35.341488302638176
93125000695,0.22335994243621826,0.2065845214528963,0.28198963531758636,0.28600820631254464,0.22134182800073177,0.21773604810005054,0.03707235358069739,0.03932691169757163,0.03709878018707969,0.02826404209190514,0.10990778101768228,0.11954827738009045,2,37.46105468750003,37.26130681818185,38.53185267857145,38.971462053571464,37.478691406250036,35.285368303571474
93135000695,0.23696439108427833,0.21734245852654027,0.2698706885178884,0.29095794862391905,0.24379841562579663,0.2378250884074791,0.02000001127667287,0.03369917582882488,0.039832129563186686,0.03698378090938444,0.09198093772957139,0.1015268715719382,3,37.21476470588237,37.33795721925138,38.575467787114846,38.959456582633095,37.640607843137296,35.304812324930005
93145000695,0.21840584836900234,0.20341080427169797,0.25916586664970964,0.28094416856765747,0.2121190530015156,0.21071280038449913,0.037870547632337555,0.024952027946710583,0.035967108162367374,0.025967141590626852,0.09530832743621431,0.09821345252566971,3,37.37488281250003,37.42076704545458,38.57200892857146,38.52343750000005,37.48722656250003,35.19794642857147
93155000695,0.20235040801412918,0.22265941649675366,0.25787559759383105,0.2616438852221358,0.20423320642873355,0.19878142037812402,0.021131146889106903,-0.014189163222908972,0.03192208667523136,0.028753955618423574,0.07974419673429985,0.08377120228959065,3,37.14964705882357,37.25849910873444,38.358571428571466,38.30425210084038,37.233705882352965,35.08632492997204
93165000695,0.18771568953525275,0.22580736130475998,0.23860704683465883,0.22849988943198693,0.1828588158241473,0.1665411148860585,0.014680834647151642,0.006338149309158326,0.038311279869049024,0.0398673610361584,0.09217490758965141,0.08880474473698996,3,36.60753906250004,37.32258522727278,38.06099330357148,38.474308035714316,37.35003906250002,35.175055803571475
93175000695,0.1674762173788622,0.19440849235087088,0.2265040928032249,0.21971335902344433,0.1567356717423536,0.1418912104854826,0.021295684709912166,0.03069289541729024,0.0341106464893528,0.03370432091833209,0.1015438218601048,0.08740740595385431,3,36.444335937500036,37.53211647727277,38.35314732142861,38.80953125000001,37.39164062500002,35.38110491071432
93185000695,0.16878241394080368,0.19989073895940593,0.22626715045349272,0.23981486179080663,0.17662623472073502,0.17808183823146073,0.009488997765469784,0.034735201934681215,0.027676488179713486,0.028269532476277913,0.08507941999271804,0.07706393073586856,3,36.90570588235296,37.400056327985766,38.40018113912235,38.70373669467789,37.0641960784314,35.16850980392158
93195000695,0.17979647987522188,0.18072220403701067,0.19191160309128463,0.20863214856944978,0.13996299414429814,0.14623433101223782,0.02040270201905514,0.06483150250278412,0.05845003858848941,0.05593735053844284,0.1228560130111873,0.11963958898559211,1,37.01731770833336,37.234447916666696,38.32395833333337,38.65968750000003,36.47880208333338,34.98473214285714
93205000695,0.16439916398011,0.1615178150289199,0.17115936215017358,0.17772229354755553,0.09755039776072782,0.08963123752790339,0.06033048394190915,0.093821820704376,0.08513626865312166,0.07596919931033078,0.1709848325626523,0.1677882413069407,1,36.2034052287582,36.97969760348588,38.28700840336138,38.562403361344565,36.264052287581734,35.06742296918769
93215000695,0.12549835434765555,0.23916061490308493,0.2647993625141681,0.26480565743986517,0.2684799733979162,0.1978074346261565,0.03897783126740251,-0.03058522850915324,0.0112491087638773,0.008502403725287879,0.04778098067617974,0.04608478336012922,3,35.38108723958338,36.09943055555559,37.35989955357144,37.31154017857146,35.801250000000024,34.27740373883931
93225000695,0.21503498796738832,0.29471228426578,0.3783250909225614,0.3865662560743444,0.4828248538222968,0.36687382740132957,-0.05220042237756299,-0.12174412904708992,-0.08780893277303846,-0.08817924732963245,-0.11266810125580022,-0.12336332017884535,3,34.46459477124188,34.59953071895428,35.62919327731093,35.61726050420172,34.49423529411768,32.91740896358547
93235000695,0.3087219981586232,0.2888294902502322,0.40883015312400517,0.40139992833137517,0.4749824418741114,0.4264676429477393,-0.11130316397723031,-0.09807581550934735,-0.12056222914480696,-0.10983592213368884,-0.1457991515304528,-0.16433324252857884,3,33.53668627450983,33.18250326797387,34.25061624649862,34.559232492997225,33.50807843137259,32.0299509803922
93245000695,0.14683573576439815,0.180350656126393,0.35798877524212,0.3156711782794446,0.31514434353448456,0.3342835520161316,-0.23711063963128254,-0.20154009776888418,-0.11918360466370359,-0.09389456064673142,-0.08994198018626777,-0.10945764145071735,3,32.51742187500002,32.10765625000001,33.412566964285745,33.91022321428572,32.656953125000044,31.311054687500032
93025000696,0.3543853664020607,0.3271378476964941,0.4012087920672214,0.44296178356554716,0.3063276372344246,0.2968393312725006,-0.03498699325579324,-0.03980434206377596,-0.0531259780892959,-0.07283013959613321,0.04985848531902376,0.0607798890341326,2,36.816386718750046,36.22245028409094,36.979017857142885,37.58862723214289,36.59218750000006,34.46924107142862
93035000696,0.3370036407718508,0.3183110810405626,0.376071152841951,0.39296090755406327,0.3029655200524593,0.30196726644837013,-0.03309093949597652,-0.025742024023316826,-0.030539015520686708,-0.04923815135000728,0.040015996516293534,0.03928550370917546,2,36.851333333333365,36.59304456327987,37.431893557422995,37.790224089635885,36.75621568627456,34.505663865546246
93045000696,0.317712017250996,0.313495602794722,0.37830622827305516,0.39073582291603093,0.353899157631631,0.34467562787673056,-0.04686592349088659,-0.027718455894101483,-0.034914581678515556,-0.04980335319597347,-0.010694530832709052,-0.015775288247010286,2,37.26976470588238,36.98426737967918,38.11792156862749,38.07374229691879,37.140745098039254,34.608352941176484
93055000696,0.27982950932346284,0.29628415452316403,0.37683497718535364,0.42109345388598746,0.34461354999803007,0.3398927778471262,-0.037902163559920155,-0.035397215993725695,-0.04546805743302685,-0.06124463374726474,-0.007173030462581665,-0.011594848547247238,2,37.513476562500024,37.24374857954549,38.44352678571432,38.315044642857174,37.375468750000024,34.72959821428576
93065000696,0.2704453078331426,0.2791280313394964,0.3380665547447279,0.3806745597394184,0.32182980142533785,0.3211654348997399,-0.009066407371392417,-0.007601621327921747,-0.02008774092428212,-0.04584736892554986,-0.0010576807471807115,-0.006594006503291895,2,37.55408203125004,37.48155610795457,38.29625000000003,38.61750000000004,37.547539062500036,34.824843750000035
93075000696,0.27014467277947596,0.2610925710668751,0.3149814223541933,0.3258701603786618,0.2666663046561035,0.2621129835353178,0.008638304529949,0.024292145884942773,0.011726877514236405,-0.0015916415827614762,0.046733826563200534,0.04150188695274147,2,37.62658823529416,37.67494402852054,38.19447058823533,38.77552380952385,37.47594117647061,34.880095238095265
93085000696,0.25959964247886097,0.26901810290291905,0.3115237989695743,0.3355743672000244,0.2705142022459768,0.26158489228691906,0.016341488699254114,0.01996495737330406,0.00803026001813123,0.008547637393348849,0.07367132871877402,0.0697333907301072,2,37.89841796875004,38.04050000000004,38.37570312500001,38.84340401785716,37.10304687500001,34.85838169642859
93095000696,0.21976083990405587,0.2504544436347251,0.29269458569732365,0.3038345848812776,0.22918001839927596,0.22254712277767705,0.04422619313585992,0.03461033295036531,0.026763491230268104,0.029971920165653317,0.09552680283200507,0.09607722724185269,2,37.975607843137276,38.23411764705885,38.52532773109245,39.32480112044819,37.344901960784334,35.03642016806725
93105000696,0.19952965810739207,0.20580579916774602,0.2614604971965431,0.2684247696233543,0.20067763858140553,0.1990378201007843,0.06527985793372895,0.05931110403627054,0.0549291473933421,0.05229240459250449,0.12070475754941382,0.1254347926492475,2,37.991236933797936,38.307586316122936,38.7807117969139,39.57010950721755,38.35513937282232,35.43559482329521
93115000696,0.19335876032710075,0.1867931764572859,0.25464159250259394,0.2640505842864513,0.2263878583908081,0.22749970853328705,0.05681133735924959,0.055546299321576946,0.0674533830024302,0.052282826974987984,0.0962190143764019,0.09479818725958467,2,37.961250000000014,37.889295454545476,39.01214285714288,39.30321428571431,38.23187500000002,35.52107142857148
93125000696,0.19080164163720376,0.189212402584506,0.2457458333057516,0.25292865587215796,0.18425448569012623,0.18634600981193428,0.050718305479077734,0.05330195602248697,0.06708328688845916,0.06019543158073051,0.12420349687922236,0.13105437025135638,2,37.502372549019626,37.74440285204995,39.10967507002805,39.32514845938378,38.109862745098056,35.57393277310929
93135000696,0.18911308015094086,0.18117287459674183,0.23798574688387852,0.24782603079197454,0.1636867200334867,0.16315234043434554,0.05554269533239159,0.06556551282604535,0.062228314783058916,0.06681990227570721,0.14708922511222317,0.15119526228483984,3,37.231686274509826,37.81395008912659,39.26651540616251,39.370616246498635,37.94080392156866,35.61918767507007
93145000696,0.19385879131732509,0.17849314957857132,0.25543639878742397,0.2736829809146002,0.20611698325956243,0.20154279720736668,0.05448003922356293,0.06066596135497093,0.04207872452388983,0.032998308597598225,0.1007898844254669,0.09828331245807932,3,37.491582031250026,37.624552556818216,39.16001116071434,38.851015625000045,37.090585937500045,35.55073660714291
93155000696,0.1832824201560488,0.18510941416025162,0.24846476626162434,0.2581822459604226,0.22029344270042345,0.21048721945753285,0.03384299520768372,0.04216188099235296,0.04167073307668462,0.03267799642886601,0.08031508992700018,0.08312581757120058,3,37.61200000000002,37.47075579322642,38.52477871148464,38.434380952381,37.197398692810495,35.36186554621853
93165000696,0.15938078612089157,0.1612874120473862,0.22602340008597824,0.22616233024746182,0.17670727940276265,0.1585996372741647,0.031381677021272474,0.03360284585505724,0.042967586166923866,0.04460021495469846,0.10794264584546909,0.10482181393308566,3,37.210585937500035,37.570653409090944,38.14151785714289,38.60593750000003,37.91576822916669,35.44049107142861
93175000696,0.1362515972233286,0.14780866095113537,0.2156929613912807,0.21751980915957808,0.1605742760148703,0.14660860960390054,0.009079178795218466,0.024496854485193793,0.0395414440509151,0.03872303679293277,0.09711523313148349,0.08361077805360159,3,37.036352941176496,37.58045276292337,38.356162464986014,38.69631932773111,37.70113725490198,35.4559159663866
93185000696,0.13653992328909226,0.15708657202776521,0.2000942227896303,0.20850755204446614,0.15780050124158151,0.15555373780080115,0.008462023619358662,0.032042230744991684,0.053055689917528064,0.04967667745586369,0.10083339948323555,0.09321234922390431,3,37.579355468750016,37.44678764204546,38.401067708333365,38.66559151785715,37.22306640625004,35.08941964285716
93195000696,0.14871055641595055,0.15686039480329292,0.1750147024790446,0.18536995152632396,0.12622156636972054,0.1281772219375068,0.04619982785307894,0.060179021666569216,0.0670780650686984,0.06813927058714862,0.12843067102572497,0.1233356904749777,3,37.37245751633991,37.269108496732045,38.35301960784318,38.67796638655464,36.76099346405233,34.89639775910365
93205000696,0.12944302068037147,0.16642813384532928,0.16579095639434516,0.17120761433068443,0.10963827435876809,0.11187311779050266,0.054024246232766734,0.10151181328044812,0.07054186670803557,0.07264029170368232,0.1389019420333937,0.13208375947148193,1,35.97692810457521,36.73377516339873,38.10920261437912,38.3820448179272,36.3433071895425,34.88608963585437
93215000696,0.1103870553197339,0.25829437375068665,0.20506486040540042,0.20319258305244148,0.15339865710120648,0.133870909223333,0.0378310683881864,-0.056083355098962784,0.043808812100905925,0.041603155492339276,0.11140459985472259,0.10317016800399871,3,34.98500000000004,36.16037500000002,37.487723214285744,37.5877678571429,35.70656250000002,34.254023437500024
93225000696,0.16648642996362611,0.3019148748214931,0.2828359396434298,0.2607071267039168,0.22263474566679375,0.1857762398965218,-0.013008386393388112,-0.1406433277138292,-0.029323389834048703,-0.019647507099252122,0.037970494990255316,0.029723161838802636,3,34.55319607843141,35.21286844919789,36.47114285714289,36.371333333333375,34.87560784313729,33.24270588235297
93235000696,0.20371037640143186,0.12634588053562879,0.29475099599221727,0.2618445156258531,0.24499731016112491,0.2329745744355023,-0.03784119540432585,-0.04248662217322624,-0.05324426725928789,-0.034433971035468865,-0.005676900822436441,-0.017450800849474035,3,33.76804687500003,33.64373875473489,35.12435267857147,35.12059151785718,34.05421875000003,32.54160156250004
93025000697,0.3663765574202818,0.32641627496364073,0.3979664649449143,0.4390827604368621,0.36200959600654303,0.3399577479736478,-0.04032910629814746,-0.03731595945416712,-0.0388196099476487,-0.05222297323977246,0.006911646918046707,0.020418213957957197,2,36.90390196078436,36.451504456328024,37.605775910364166,37.998257703081286,36.74507843137259,34.597854341736756
93035000697,0.3546945559792221,0.3104307734174654,0.37700548081193125,0.41279735206626356,0.34931098402012145,0.3600956172449514,-0.036800146507630416,-0.035949561213783454,-0.037282249861164025,-0.0550488387234509,-0.010106671878020277,-0.009473582511418499,2,37.02318359375004,36.761370738636394,37.92475446428574,38.35178571428576,37.04394531250003,34.668571428571475
93045000697,0.31193120626267046,0.3007245509652421,0.37563649483490735,0.39056921843439346,0.35118109779432416,0.36007717414759105,-0.01838009868060908,-0.04911224064562702,-0.04345634198398329,-0.04562964919750812,-0.01682949103997089,-0.023535622029157825,2,37.240351562500024,36.918167613636385,37.861964285714315,38.111149553571465,37.06458984375003,34.4596428571429
93055000697,0.30539802995723064,0.33795423113454987,0.4095053441646531,0.43353705671359233,0.40577843667953983,0.4163696295398427,-0.04913508543730017,-0.07947408755522543,-0.06339492116446101,-0.06277485983812903,-0.04925844617422641,-0.056143020507036234,2,37.4748818897638,37.19401574803152,38.05023622047248,38.05697412823398,37.211692913385846,34.387997750281265
93065000697,0.3231706582009793,0.3509874506853521,0.4354465783108025,0.4668145820032806,0.43806836230214685,0.4509255213197321,-0.06436569266952574,-0.06837279986939393,-0.08501199116290083,-0.09911080775070502,-0.06835312969633378,-0.08328004286158829,2,37.550976562500026,37.520681818181835,38.153683035714316,38.219040178571454,37.45285156250003,34.63830357142861
93075000697,0.25602766649395814,0.2648277877592573,0.36805314515151233,0.3914887927326502,0.3081681634865555,0.3096226186144586,0.009237799837308776,0.005502728080632645,-0.03489152363264093,-0.03901171906347336,0.034231377641359965,0.020011617827649212,2,37.85649019607847,38.03250267379683,38.302224089635885,38.673831932773155,37.63866666666671,35.00715406162468
93085000697,0.19794298211733502,0.21182447403085,0.2707359032888038,0.2892352048672882,0.1926629341700498,0.1998425416502298,0.0647315747889818,0.061562447512851046,0.04269034174800503,0.04832630039868402,0.14568438115073187,0.15027199060309165,2,38.360352941176494,38.357074509803944,38.619445378151305,39.06647058823531,37.6048235294118,35.18948459383759
93095000697,0.21340407350578824,0.22284384031553528,0.2673025678943943,0.27562719779125056,0.19943784988524832,0.20397427183320624,0.03751809616001416,0.046070883215969596,0.03876677630145578,0.04448514499316805,0.12475715353221968,0.1291262458535235,2,38.045965250965274,38.22345945945949,38.60014892443468,39.21000000000002,37.608120978121015,35.12956977385553
93105000697,0.22169708322014725,0.22001300820133143,0.2973767489717718,0.32258402809762116,0.26614018208102175,0.26476971444330716,0.01489526817019571,0.029787751019262426,0.0005830353027895878,-0.003751956968846027,0.060736379040437834,0.056644878105113386,2,38.179877192982474,38.120456140350896,38.70837593984965,39.34540852130329,38.198742690058495,35.339614035087756
93115000697,0.23662963160313666,0.22470944363158196,0.3185750434640795,0.3559915680671111,0.32523776957532385,0.3230833360576071,-0.009503727153060026,0.01075975759886205,-0.0017056324286386338,-0.0238079143455252,0.015519049222348256,0.01340173455537297,2,37.97792968750004,37.69927627840913,38.67430803571432,39.12532366071431,37.598867187500026,35.27687500000003
93125000697,0.2167216011122161,0.21313655265406067,0.267242529929853,0.299028073572645,0.24468899117965323,0.24939170427182142,0.019083223433471193,0.015796356304895644,0.040998504325455314,0.02791551109038147,0.06786766642448949,0.06365422248548153,2,37.40592156862748,37.61731265597152,38.76249299719892,39.25528851540618,37.56382352941179,35.335277310924404
93135000697,0.17309210449457169,0.17434579133987427,0.2176938559859991,0.22499819099903104,0.12867265287786725,0.1369076380506158,0.07764659030362964,0.059058153070509434,0.08132265321910381,0.08734876941889524,0.17232122085988522,0.16464360430836675,3,37.83312500000003,37.86979545454548,39.320714285714324,39.66464285714288,38.12750000000003,35.71285714285718
93145000697,0.17242152544797634,0.16813319752029343,0.245325926472159,0.24834104040089772,0.1692944234492732,0.1676831025118921,0.08408218537475548,0.06575213144807254,0.055271491525219936,0.057743175619957496,0.14391189159131518,0.13798848229880425,3,38.11096078431376,37.79353868092694,39.35553501400563,39.38931652661067,37.45321568627455,35.73450420168069
93155000697,0.18235658388584855,0.17810007499065253,0.24571870558429512,0.2574104425148107,0.2284109998145141,0.21767291123978794,0.04631604147289181,0.04792567317053909,0.046111780029605136,0.02697633648858755,0.0889410376548767,0.08989073333214039,3,37.89480468750003,37.734335937500035,38.726875000000014,39.06665178571432,37.424804687500036,35.54565848214288
93165000697,0.13916440173691397,0.16198216746835148,0.2238116585156497,0.23583554806662543,0.18706571512362535,0.1701649853411843,0.023192181043765126,0.031903058239350135,0.040277202967919555,0.01620072410168017,0.10052663523192498,0.0929867498722731,3,37.594137254901995,37.75837647058828,38.283322128851566,38.98574229691881,37.94182352941179,35.387478991596666
93175000697,0.12282895644505819,0.14522629619813432,0.22169214726663106,0.22198169184666056,0.1566493964662739,0.14543225280210084,0.004483821546184082,0.013395746128962322,0.029789680856115677,0.021969941199994555,0.09645411886420904,0.0782182357767049,3,37.37176470588238,37.622981105169394,38.39668907563028,38.48493557422972,37.65198039215689,35.20648179271711
93185000697,0.13804576016264036,0.13827326812315732,0.19357897515874356,0.20050405070651323,0.14908235095208514,0.14624520420329648,0.02507690004495089,0.023228043097333284,0.05655082782323007,0.04902019140718039,0.10534678905969486,0.091428156621987,3,38.00558593750002,37.68099289772732,38.67180431547624,38.31665178571432,37.24261718750004,35.14154017857145
93195000697,0.11696134531030469,0.11558165187862786,0.1715372150435167,0.18149775482860264,0.09234752373075952,0.09857196381279068,0.07294571710860027,0.0544508985667066,0.06900546615030251,0.06018712711977023,0.15456968966652362,0.1490883390985283,3,38.06430718954251,37.64240000000003,38.65299346405233,38.76140616246503,36.90586928104578,35.134571428571455
93205000697,0.09800483845174313,0.09593877196311952,0.1692891516140662,0.17798248009057716,0.08232321111427154,0.10201629481161945,0.06594996235799046,0.05257353559136391,0.061974610551260405,0.05633683277119417,0.1489369705086574,0.14633273039362396,1,36.90737630208337,37.12331250000002,38.0671354166667,38.76974330357145,36.53789062500002,35.03553571428576
93215000697,0.12070981021605287,0.10230425970779883,0.1713672809156717,0.17210923842355316,0.09629683544238408,0.11010425792020909,0.026859691154723073,0.048901906649808626,0.06064282251047153,0.052760550306708204,0.1350637812240451,0.13087419692207786,3,36.029784313725514,36.74313725490198,37.641137254901984,38.11228571428573,36.257019607843155,34.51499159663868
93225000697,0.08856238148291595,0.10851221531629562,0.20736667118035257,0.194626837503165,0.1241572437575087,0.11365169635973872,0.01844318487565033,0.05024358071386814,0.017663008140516467,0.02016107432427816,0.10698106978088617,0.10455439565703271,3,35.57093750000002,36.07331818181821,37.246830357142876,37.2633928571429,35.67515625000003,33.757193080357155
93235000697,0.08590556415272693,0.11472882938541504,0.2222367001514809,0.2107290826007432,0.1432778350278443,0.13290235528758929,0.011484232216196903,0.009383483322073607,-0.011164676087598007,-0.0027379845951537728,0.0550620612560534,0.05122424405725563,3,34.43003921568629,34.32622531194298,35.95955742296923,36.013058823529455,34.741960784313754,33.038764705882386
92965000698,0.4752952128648758,0.48693153460820515,0.49086165428161627,0.4937314589818319,0.4366800794998805,0.41402991910775494,-0.10708267365892728,-0.0866880180935065,-0.07804655209183693,-0.0867874818543593,-0.02159967012703419,-0.0232614250232776,1,36.07941406250004,34.91497159090909,37.52986607142859,36.90892857142858,35.77945312500002,33.46138392857147
92975000698,0.48778242245316505,0.4779096283018589,0.474630918353796,0.45950128138065344,0.4824158623814583,0.47811004519462585,-0.11330345086753368,-0.08539716899394988,-0.0700865825638175,-0.07188480766490102,-0.05802395025966689,-0.06298367772251368,1,36.506250000000044,35.269261363636375,37.912946428571445,37.256093750000005,36.37812500000001,33.70647321428576
93025000698,0.35342342080548406,0.34573367552366113,0.37299191777128726,0.40465412102639675,0.3423297385452315,0.3120252573862672,-0.024574570841650715,-0.016095789188511844,-0.016858146296726773,-0.03594754249206744,0.015059305369504727,0.04286355923250084,2,36.908242187500036,36.75722301136367,37.9665848214286,38.35102678571431,36.893574218750025,34.87376116071433
93035000698,0.35697406285908073,0.33105614117812365,0.3771682623773814,0.39989027439150965,0.296131532988511,0.2855067156488076,-0.027758107895351714,-0.03380594632471912,-0.027373318029276558,-0.04585260954627301,0.02170414805004839,0.029569765298219867,2,37.32826171875005,36.93809659090911,37.961127232142886,38.372053571428594,37.021875000000016,34.788984375000055
93045000698,0.28410089553571216,0.28802804456037634,0.37196598076352894,0.38669700260255857,0.2909346012508168,0.2876681688953849,-0.0016888609576020744,-0.028717402167453925,-0.023831134512290065,-0.04772999823531684,0.022145128023682858,0.01912262583626252,2,37.427176470588286,36.946934046345824,37.966414565826355,38.131142857142876,37.020666666666685,34.57327170868352
93055000698,0.2732043605064973,0.3234159533167258,0.34676732565276325,0.35190832009539014,0.2966438471339643,0.2950038341805339,0.00041535101991030393,-0.03337780384299549,-0.020054722197528466,-0.021794372703880068,0.030188797871232968,0.026557550023426305,2,37.52326171875005,37.015447443181834,37.950000000000024,37.94167410714288,37.06427734375003,34.47419642857147
93065000698,0.27009885653387755,0.3247495896648615,0.3535511246882379,0.3426516463514418,0.2658384956885129,0.2588336546323262,0.003979223150963662,-0.03457048814743757,-0.03665894333971665,-0.008947795526182748,0.05990917343297042,0.04782427550526335,2,37.56353515625004,37.14635653409093,38.01671875000002,38.00053571428576,37.00710937500003,34.66029017857145
93075000698,0.20945624267961097,0.22127101247704872,0.32645818450319486,0.307836842701191,0.23045937411897766,0.22369790869200326,0.04913219481002627,0.02656807977794193,0.006778383627533913,0.02049133162505514,0.08921690707600963,0.0786411661038718,2,38.17133858267718,37.83968074445243,38.561327334083245,38.69580427446574,37.380413385826785,35.242395950506214
93085000698,0.1884953995468095,0.1917915572412312,0.2618454525945708,0.2745152147253976,0.19597680761944505,0.20023925846908242,0.05606661100682687,0.04257259296355187,0.05490120142349042,0.044655734271145775,0.11440481309546158,0.109485465567559,2,38.51214843750002,38.10328977272731,38.56991071428574,39.005312500000045,37.68250000000002,35.35542410714289
93095000698,0.22926550698612627,0.23556845040686872,0.2873864308882258,0.2867197919805706,0.22749511004532671,0.23198843319033913,-0.0026007092084073665,0.0014656464673111437,0.01867373255227501,0.010848577801975378,0.07030780468045211,0.05976452954918251,2,37.70998257839724,37.74639024390249,38.213613738178225,38.73748631159785,37.33526132404184,35.072906918865115
93105000698,0.23907153785694393,0.2624107346637175,0.35574243683367973,0.3406034775543958,0.2777063809335232,0.2805242637405172,-0.03304846887476743,-0.018502060498576615,-0.03529793802590575,-0.03357368138858874,0.009650902939029041,0.0009214908786816524,2,37.48054687500004,37.510546875000045,38.1749553571429,38.66022321428575,37.127968750000036,34.92995535714289
93115000698,0.2735553030874215,0.2869458458002876,0.40901580897032047,0.4129752856843612,0.3947712066126805,0.4112580142769159,-0.052488669110279454,-0.04087676331400871,-0.07800931690954695,-0.08435509403546651,-0.05972997148831685,-0.06620814370758393,2,37.02564705882357,37.16552156862748,37.992644257703134,38.288745098039236,36.511352941176504,34.633719887955216
93125000698,0.2774430135614238,0.27755048096878454,0.33984732080716634,0.38780326227424666,0.3725771154859103,0.3846249405760318,-0.047036852760356844,-0.021000654631279758,-0.027895659055502616,-0.05056962571688928,-0.02142553560406668,-0.029660845691978466,2,36.77003906250002,37.09480468750002,38.106685267857195,38.40139508928572,36.86068359375003,34.791160714285745
93135000698,0.16388667231681303,0.21758857462920395,0.24889022503413405,0.288553879775253,0.2656136838828816,0.26122494614591785,-0.009593560371328799,0.04529957502678621,0.05412368577192811,0.028504231382234423,0.06548543846344247,0.06116795790399991,2,37.61498039215688,37.62432941176475,38.864666666666714,39.279131652661064,38.00584313725494,35.44938375350144
93145000698,0.09599257625785527,0.1769583438541375,0.2418093705294179,0.24343706947915694,0.23340951034835744,0.21722672856321523,0.022702722076107473,0.06511711475311541,0.05505347471026813,0.05116054038791095,0.09178404299651875,0.09113862724865184,3,37.92809803921572,37.96582745098044,39.087960784313765,39.57311484593839,38.199647058823565,35.70909243697483
93155000698,0.12912019938230512,0.17006048560142517,0.249974275007844,0.25132117234170437,0.19145129062235355,0.1736012939363718,0.02927090711891651,0.04287273716181516,0.029235680936835703,0.02690045820781961,0.10818198136985302,0.10637728124856949,3,37.56562500000002,37.93475000000004,38.7539285714286,39.322857142857174,38.07000000000002,35.62892857142859
93165000698,0.1329906226350711,0.16663928838337172,0.24230825778316048,0.2301931299415289,0.15255341822025822,0.1476681771815992,0.018716115174958338,0.032324680927045206,0.02375721031179031,0.02822404629276956,0.12129826870034724,0.110044850350595,3,37.5772549019608,37.61931764705885,38.39408963585437,39.12606722689078,37.87000000000001,35.36427450980394
93175000698,0.13552947254469674,0.1524519401136786,0.2224044041940942,0.21556687745032832,0.1538040995947085,0.150658352940809,0.034889673238608594,0.027859853902555187,0.03954238017468015,0.044900018801854465,0.11642768158344553,0.09803082140570041,3,37.71679687500002,37.57739843750003,38.50094866071431,38.702767857142874,37.58087890625002,35.20722098214289
93185000698,0.13057119209392398,0.13289908457036112,0.19096548574812272,0.20152114986204633,0.14459556919686933,0.14841578544354905,0.05119050623410765,0.03392098539636708,0.05443428660578588,0.0573096211853565,0.12777277313026728,0.11495679478142776,3,38.14445098039217,37.90737254901963,38.826020541549994,38.62670588235298,37.39494117647061,35.29888515406166
93195000698,0.10002361406804994,0.10950932191917674,0.16867883678060028,0.16565480828285217,0.09633669527829626,0.10599737637676299,0.06689193751662971,0.05697237857384608,0.06881379839614966,0.07417015239479953,0.1612823100294918,0.16003793838899583,3,38.41808593750003,37.869875000000036,38.69846354166672,38.96787946428577,37.13651041666668,35.31145089285717
93205000698,0.07637506035320898,0.09603954053976957,0.16513530056850584,0.15922967177980085,0.0998071308813843,0.0986704710944026,0.07188731797185599,0.06882791262046964,0.0677280092940611,0.07462405655898299,0.14571694942081675,0.1439600903321715,3,37.865019607843166,37.592535947712456,38.148009337068196,39.020140056022456,36.98346405228761,35.32582072829134
93215000698,0.09432055063399614,0.09453330574666753,0.16856031523031348,0.15850784129956189,0.10174407509027743,0.1048975114144531,0.05908846515504753,0.06112615239678644,0.06115588997216785,0.07450121828154022,0.14470103558372047,0.14127198542449987,3,37.15419607843138,37.28590326797388,37.80512231559294,38.510268907563045,36.97133333333338,34.8825042016807
93225000698,0.05566319519857644,0.1306622962874826,0.19377163093304264,0.18999559676740319,0.1361872718844097,0.133848096098518,0.03327477331185946,0.02453025650902418,0.01782737755638664,0.019610547955380753,0.092357677189284,0.09452174077523523,3,36.28396484375001,36.30934635416669,37.263270089285754,37.60377232142861,35.99355468750004,34.04178710937504
93235000698,0.13435961704189872,0.1839297103239041,0.21470702343127307,0.22569349881480721,0.18404954853011113,0.1697577205358767,-0.06925666332244873,-0.03944642009103999,-0.010668662739643718,-0.024465731108634203,0.02081368860660815,0.01879114390958064,3,34.838490196078446,34.61802352941178,35.867467787114904,36.25894117647064,34.38241830065361,33.162196078431414
93245000698,0.1457129090320407,0.16448185416785152,0.16386463211512,0.20400243446113553,0.1181341264191575,0.11414809149550639,-0.16826594442011802,-0.07136898167770017,-0.02930899317638479,-0.03524685970885225,-0.005190371499052199,-0.03050685025028349,3,33.146000000000015,32.99560000000002,33.868805194805226,34.363662337662376,33.14739393939396,32.06313636363641
92965000699,0.4492618257978133,0.4311266825116914,0.44928165312324253,0.44593519398144316,0.3725725464256747,0.3427085772688899,-0.08917822056849088,-0.09374333018886631,-0.05800359974715061,-0.05088538595841134,0.01604719859148775,0.02352019361153777,1,36.03041176470592,34.94932976827096,37.62728851540618,36.88433053221292,35.70335294117648,33.51045938375353
92975000699,0.42964383307844395,0.4770254797123848,0.4157029697671532,0.4158734078519046,0.3449559352593496,0.32834043516777456,-0.06741397033329122,-0.08516925589201298,-0.03145391365251271,-0.029026486379734706,0.03947882058491814,0.04650725795363542,4,36.46724609375002,35.260894886363666,37.90368303571432,37.481127232142896,36.30832031250002,33.98925223214289
92985000699,0.42727036820724607,0.4017744623124599,0.41163450316526,0.39506827690638596,0.3091793616767973,0.2931485206354409,-0.06459546319092624,-0.06127281626686454,-0.030283977364888418,-0.02459705676301383,0.06651759438318548,0.07370504812570289,4,36.974257812500035,35.74458806818186,38.0458928571429,38.07761160714289,37.123085937500036,34.77526785714288
92995000699,0.45267976889630407,0.3903130292892456,0.439650673026274,0.40627143616917766,0.3593936846729069,0.3525602353524558,-0.09543315899648745,-0.050820883363485336,-0.0510585282925312,-0.04290346062510325,0.03058663935435912,0.029628610898610908,4,37.033764705882376,36.03191800356511,37.719176470588266,38.15178151260509,37.278921568627474,34.88498039215689
93025000699,0.3779386227251961,0.3037989203585311,0.40357259183656424,0.4104949729517102,0.3447983165970072,0.3339583455817774,-0.040942518404335715,-0.023759811192576308,-0.03125897555219126,-0.04139269008737756,0.03639091759396251,0.043448074226034805,3,36.97019531250003,36.86301846590911,38.014508928571466,38.44779017857145,37.13527343750002,35.04570312500002
93035000699,0.35665314396222436,0.2653459443765528,0.3772399444206088,0.3889710158694024,0.2807089523941863,0.27783641371072504,-0.043449767255315595,-0.005753676571390207,-0.025314392299190455,-0.03188641840482459,0.05152391125174131,0.05438903619845708,2,37.563372549019654,36.81104099821751,37.82411764705884,38.30969747899164,36.905392156862774,34.82902521008407
93045000699,0.3047936315415427,0.18089794271509163,0.3725392787018791,0.3670611715642736,0.2758039854234084,0.27017270098440355,-0.02698459420935251,0.005633430706438957,-0.03323194531549234,-0.03765558400482405,0.034696756447374355,0.036191531267832026,2,37.85185546875004,36.90007102272729,37.89159598214288,38.238002232142904,36.877597656250025,34.74246651785715
93055000699,0.26763139799529434,0.2992195807251276,0.3448000122519101,0.3598210635138493,0.2700071741552914,0.2644629072909262,0.011800322807667886,0.00028270552546589417,-0.005408137857767881,-0.024053673000604497,0.06513429020403647,0.06242957196253188,2,37.72203921568631,37.081807486631035,38.07621848739499,38.14281792717092,37.09611764705886,34.80108123249301
93065000699,0.24325991874816372,0.2516888005476372,0.31107333945293053,0.3360678317500096,0.23253952329065286,0.2253657404698578,0.03332875528025861,0.014148695861884194,0.010386352051122517,0.000865627456383378,0.10000173142727684,0.09221637891788109,2,37.96290196078433,37.30073083778969,38.3969467787115,38.2976078431373,37.398960784313765,34.94611204481794
93075000699,0.2383153646951541,0.21459217584924775,0.30251464270986617,0.3127696202136576,0.2602390914107673,0.25489913660567254,0.022352593878167685,0.006123750186816322,0.024800084327580407,0.010163954004383411,0.06684056320546006,0.060858476030261954,2,38.21574218750001,37.5868678977273,38.47516741071431,38.56992187500003,37.34375000000002,35.13574776785716
93085000699,0.2556777280819325,0.22860044843822946,0.33063951043682244,0.364037825519802,0.32302390784025187,0.3292643785590434,-0.015233825630942032,-0.03040193243286366,-0.0029170966728497994,-0.02869215697665052,-0.0033428674801039455,-0.010714601238350606,2,37.8761259541985,37.51226925746012,38.24857142857145,38.772900763358805,37.22230916030537,34.89309705561616
93095000699,0.23071653728789474,0.24211063262418653,0.3654429063940724,0.390434777905755,0.32368414484440017,0.33206440101489954,-0.030708399138921965,-0.0309529804248125,-0.041156166292568463,-0.04907447267538399,-0.017939268383494716,-0.02733201534216497,2,37.370195035461016,37.308957446808535,37.9721276595745,38.53862208713275,36.945957446808535,34.70952380952384
93105000699,0.23004278889857233,0.24293900991324335,0.37744389241561294,0.3718425086699426,0.3089235723018646,0.3147662138217129,-0.047391049898578785,-0.026236591635097284,-0.04381695961637888,-0.04465346714732732,-0.007727688422164648,-0.024574430244683757,2,36.89501953125002,36.97952343750004,37.6563504464286,38.17757812500004,36.61277343750001,34.42581473214289
93115000699,0.28088561051032124,0.2844687489902272,0.4072207717334523,0.4028789006027521,0.37994081751973025,0.3949233690897624,-0.06577603095302395,-0.05838990965310265,-0.07662130471538095,-0.08390363671031653,-0.0564496256118896,-0.07130136653488758,2,36.21641176470592,36.57454901960789,37.294638655462215,37.70442016806725,35.93013725490199,33.96584313725494
93125000699,0.29099243460223084,0.2827454600483179,0.3578223660588265,0.3625191173050553,0.39419712009839714,0.4020970808342099,-0.06465136451879516,-0.05793863803046406,-0.04832343276939355,-0.04749319779330108,-0.0588213784067193,-0.061181737764854915,2,36.21382812500002,36.57342187500004,37.614977678571464,37.829620535714284,36.104570312500044,34.150156250000045
93135000699,0.18772821091845923,0.23125120179325925,0.29783968399552735,0.30132078972517273,0.31955367338423635,0.3184884010576734,-0.02316025167922763,-0.003921425097859373,0.004549808230470209,0.005203641075458304,0.002927280421934875,0.0021566115392773737,3,37.26439215686277,37.32061960784317,38.56453221288518,38.638649859943996,37.324980392156895,34.94689635854345
93145000699,0.12183030387677718,0.18452257494209334,0.24199028761358932,0.24704494909383354,0.23536508320830762,0.22454862238373605,0.03602726298049675,0.05249901681963821,0.04573473850905429,0.027895382190763485,0.07944265728292521,0.07919400382525053,3,37.79992187500004,37.938492187500024,38.997142857142876,39.066417410714315,38.08558593750004,35.45434151785715
93155000699,0.1347854661954833,0.1542729620255676,0.21556347368978987,0.21722083991649105,0.17816036968838933,0.16878012208377613,0.07181311478572232,0.06884674925137968,0.06343420777177694,0.04888156985352729,0.1331838154617478,0.13540881799132215,3,37.761274509803954,37.91305882352944,39.20782633053224,39.17481792717089,38.390098039215715,35.780868347338945
93165000699,0.10734245926141739,0.13835559412837029,0.20510859601199624,0.19905571080744267,0.1484586549922824,0.1505292896181345,0.09166847914457321,0.05935579305514693,0.05781073414254934,0.0556893465691246,0.1382427215576172,0.13002294674515721,3,37.98687500000002,37.563000000000024,39.19428571428574,39.37857142857145,38.28375000000001,35.8282142857143
93175000699,0.047168375513567694,0.12606253442811033,0.2075179478117064,0.21236546372666076,0.13312342330521226,0.12573580099087137,0.02238750351431567,0.05166539333614648,0.04966114623581662,0.03847840610234177,0.12530466773930718,0.11687292000826667,3,38.06466666666668,37.74938823529414,38.948076563958935,39.081955182072846,37.85101960784316,35.66641456582635
93185000699,0.05953213026514277,0.11494984980307374,0.1856097168782178,0.18970774400467966,0.10608202204400419,0.10728776747105168,0.030107315903296697,0.060610248250704185,0.06688758919344229,0.0637009418551244,0.15246614720307144,0.15091282176036463,3,38.14049019607845,38.157796078431396,38.98327544351075,39.05983753501404,37.84171241830068,35.672420168067234
93195000699,0.09688800945878029,0.09480770418304019,0.15354578965343535,0.14123420033138245,0.08753149994299748,0.0978109771385789,0.06182365864515304,0.07993119502498303,0.08801032174960711,0.10262943059206009,0.18310870573623106,0.18656023446237666,3,38.172695312500046,38.00545312500003,38.678710937500014,39.35236607142863,37.71468750000002,35.73160714285714
93205000699,-0.045439861390901656,0.08104141845422633,0.15241895662803276,0.1445180570378023,0.09160799360742757,0.09198261923065373,0.04865978001067358,0.07671560376298195,0.07624099605223712,0.08979515745943668,0.17277060665336308,0.1722751201367846,3,38.02023529411768,37.77302832244011,38.22277310924372,39.18042016806726,37.50566013071897,35.70787114845939
93215000699,-0.00027912113000638973,0.08558627334423363,0.15312832989729944,0.15011821209918708,0.09142059553414583,0.09343908715527503,0.04865856611286291,0.057588468480389565,0.07344930752879009,0.06920554547104985,0.15859908203128725,0.15436262957518923,3,37.44468750000002,37.485798611111136,37.84837053571432,38.42489211309527,37.159322916666696,35.22494698660716
93225000699,0.08404417803474501,0.1372117193890553,0.16104595918281406,0.16239055360064786,0.13643981609858719,0.1341505603463042,0.037785940054877135,0.028149779929834258,0.04758884750452696,0.030115991272032266,0.09371234045601358,0.09585663354133858,3,36.01841176470592,36.11450283224403,36.696913165266146,36.64673202614382,35.32278431372552,33.941442577030834
93235000699,0.14167730654298794,0.17116109310882166,0.1437312834896147,0.15585330146132037,0.15435873594833538,0.15013272137730382,-0.03566696341295028,-0.01999083741247887,0.026718493526573184,0.004747674585814819,0.07494879679143196,0.06878273187436434,3,34.50404296875003,34.32381676136365,35.14645089285718,35.27723772321431,33.66186197916669,32.760058593750024
93245000699,0.09896624923921099,0.10445336696563984,0.09709269790088429,0.12012455995176352,0.09478849803700166,0.10430700343613532,-0.09350058383801405,-0.03501968268012884,0.03559970379928036,0.008049632952201598,0.09592371418633881,0.08436473451889184,3,32.98286274509806,32.97653832442069,33.6302016806723,34.29843137254905,32.84728104575167,32.06617647058828
92975000700,0.41007830109447246,0.3568154707621624,0.40098267293069517,0.39849402813706547,0.3025001151836478,0.29619422787800437,-0.059445235776365735,-0.024912247910954373,-0.026570858964987565,-0.010994495549311978,0.062126989883836366,0.05611354755819776,4,36.54802734375003,35.376626420454585,37.91727678571432,37.46047991071432,36.53779296875003,34.243437500000006
92985000700,0.4332637891639023,0.35085028935046425,0.40590310050174594,0.4034560922300443,0.2813545493991114,0.30168350902386004,-0.0711922947812127,-0.03070871263210263,-0.026198789397312794,-0.021735356896897432,0.07776751295750728,0.060508679976919666,4,36.54984375000003,35.60911221590915,37.76887276785719,37.71812500000005,36.98277343750002,34.64757812500001
92995000700,0.4483471142310722,0.3568235039710999,0.4380090768430748,0.4419934642081167,0.33681233992763593,0.3199440977152656,-0.08361564529877083,-0.03875459451228381,-0.046845841933699214,-0.05090125395971186,0.03367038602557253,0.036419274205086276,4,36.68335294117651,35.88137967914443,37.577495798319354,37.90955182072834,37.11458823529414,34.84009523809526
93005000700,0.42859362764284015,0.37847298756241793,0.45383507711812854,0.443277964135632,0.3286072437185794,0.3279002772178501,-0.07714991181273943,-0.05931777507066727,-0.05916727028670721,-0.05686116270953789,0.03656561552270431,0.037663336654077284,4,36.63464843750005,36.186775568181844,37.58457589285717,38.141160714285746,37.25265625000002,34.8762723214286
93015000700,0.3986811458360492,0.40668554085173775,0.4480494856834411,0.4405033521530196,0.35689894561692487,0.36437149017345244,-0.05447894633989635,-0.0961584738854851,-0.06450160415329802,-0.05669386812493087,0.011220515654312346,0.01404048118182993,4,36.31007874015752,36.25030064423768,37.48782902137236,38.09983127109113,37.07464566929137,34.742980877390345
93025000700,0.360105216386728,0.39748290813834974,0.42478192213457083,0.4245273133274167,0.3532457140390762,0.3692813885281794,-0.02535497150165611,-0.10027612832130334,-0.04353477467884659,-0.04255066482437541,0.02159676014707656,0.01840649117366411,4,36.66707031250004,36.228565340909135,37.1940959821429,37.91098214285717,36.75710937500002,34.57872767857145
93035000700,0.3181211174232885,0.24777658006139833,0.36276096303481603,0.3747665915871039,0.27454415219835937,0.27524312667082995,-0.015196731910691595,0.0010477994002547916,-0.002628790174640016,-0.01560642136610113,0.06590848544510663,0.06842272352878354,4,37.74996093750004,36.596022727272754,37.86503348214285,38.21493303571431,36.81589843750003,34.80573660714287
93045000700,0.3160926346685372,0.153047161359413,0.3730211106001162,0.39007087010963293,0.3342886564778347,0.3333645535450356,-0.036462718537807755,0.012907523378802865,-0.02628987590033634,-0.04519320448824003,0.00017643652710260145,-0.000457483325518814,2,38.200568627451005,36.82949376114084,38.02336694677873,38.294829131652676,36.73876470588238,34.82299719887956
93055000700,0.3312307245796546,0.2947910579870332,0.3828942844411358,0.399124987074174,0.3490962306968868,0.35092789574991917,-0.03970223163105402,0.004998600593645055,-0.03659478309418773,-0.042314960606745444,0.00467704083348508,0.0025789955398067836,2,38.08248046875003,37.031938920454586,38.12981026785719,38.250647321428595,36.79775390625003,34.93071428571431
93065000700,0.30184403486782685,0.2583845075248748,0.36558422318194067,0.38835627085063607,0.3155785033013671,0.3320226363139227,-0.021885355323320258,0.01420947806837485,-0.03181972463062265,-0.03952035358452122,0.00875186529447092,0.005323964971466924,2,38.121152343750026,37.28122159090914,38.56516741071433,38.29930803571433,36.840566406250026,35.02254464285717
93075000700,0.28056458279024804,0.2633433203445747,0.34006212628446525,0.36794791696593165,0.2995712304254994,0.30180000339169055,-0.0158411183510907,-0.0007015081428107796,-0.014575948509445878,-0.029989593931532,0.024521553468730414,0.020997030704165805,2,37.82738281250002,37.14784090909095,38.165424107142876,38.27529017857147,36.705664062500034,34.83245535714289
93085000700,0.2670600592262215,0.2862667613145378,0.3581538746754328,0.35635176611443364,0.27261098846793175,0.26133586569792694,-0.006934042036947278,-0.0336682933395625,-0.028296559961745512,-0.02260627589809398,0.039228809432340014,0.03966193895191989,2,37.40461805555558,36.90996464646468,37.91186507936508,38.52065476190478,36.64534722222226,34.66926587301588
93095000700,0.2248376561328769,0.26909782225266093,0.3483825754374265,0.33246462652459735,0.2608438928145915,0.2590483131352812,0.01035720412619412,-0.020973866005078886,-0.024213532917201516,-0.000752118357922881,0.04163892431824934,0.04335880628786982,2,37.157500000000034,36.55560511363638,37.85651785714286,38.39075892857145,36.810937500000016,34.5569642857143
93105000700,0.22782867331439113,0.243295675304931,0.3343885742773221,0.3276882605759177,0.2783863176041701,0.2862572376066305,-0.014079996949340414,-0.017255991884309242,-0.015192459968072693,-0.003315963063711726,0.01371949395590176,0.008534515408549723,2,36.92696850393703,36.42964566929137,37.53186726659167,37.97609673790779,36.73234251968506,34.15806524184479
93115000700,0.2532826836686582,0.26997878740075976,0.36171602190006524,0.3582730109337718,0.29203022795263683,0.30495235393755143,-0.04643667283380637,-0.05114626680733637,-0.048035514439106926,-0.04811784229968907,-0.02404916112755018,-0.029884288485845904,2,36.60583984375004,36.45646875000002,37.1125111607143,37.58011160714288,36.04826171875005,33.716595982142884
93125000700,0.24960539399408826,0.24331754890142704,0.32726677469178744,0.3406272676645541,0.31133652481378293,0.30927873709622555,-0.029056859133290307,-0.0333257689378133,-0.026138920307743785,-0.036791675270297655,-0.015514844760079596,-0.020728501536901676,2,36.70219607843141,36.65649411764708,37.68784873949582,37.83194957983195,35.92107843137259,33.93731652661068
93135000700,0.20052614109590652,0.2088773959549144,0.2868139739148319,0.3017392202746123,0.3667183548677713,0.35485066613182425,0.0018449399776727666,0.000664232775307028,-0.0014078383410378594,-0.008786099790086155,-0.014400133855815515,-0.024148951270035468,3,37.29585937500004,37.237109375000045,38.73531250000001,38.44794642857144,36.54503906250003,34.62069196428576
93145000700,0.1549028876949759,0.1816070588196025,0.22738302817531658,0.23408429505778294,0.2589371620440016,0.246352019117159,0.03485114878116577,0.043156729857711226,0.03339715269668137,0.02691483855539677,0.06254953493674595,0.056867781135381434,3,37.792647058823555,37.72302745098041,39.13262184873951,38.82846498599442,37.40764705882356,35.21460504201684
93155000700,0.13845357371895922,0.14412699628110026,0.21103036777645934,0.20911472918940527,0.11716458344576405,0.12586293971421672,0.0641262462764394,0.07718842494137146,0.04828325928572346,0.0453874173044574,0.14596519779925254,0.13942842045251058,3,37.95858823529414,37.6428392156863,39.05021288515407,38.92588795518211,37.94986274509806,35.604733893557444
93165000700,0.095138042188353,0.13297591608716172,0.2234883409109898,0.21888341702288017,0.14200158344465308,0.14550750888884068,0.04613015260133479,0.06144916130870115,0.030739163099497088,0.018553416617578478,0.1195547352253925,0.10303863468288908,3,38.03398437500002,37.16942187500005,38.83686383928573,39.00098214285718,37.87055989583335,35.63573660714288
93175000700,0.05606795075748648,0.12324109749466765,0.20912724148993397,0.20390350310241476,0.15529239008239673,0.14508573173307907,0.028440128346639018,0.047868108150421404,0.039714705885625354,0.02573243657163545,0.10941939374395446,0.09200359752365186,3,38.074745098039244,37.39646274509809,38.7556732026144,38.98336694677876,37.78237254901963,35.470280112044854
93185000700,0.08599716451551234,0.10742260329425335,0.17650187015533447,0.16705825552344322,0.11338339466601612,0.10687211155891417,0.047037782546664984,0.06792438449338078,0.06729952059686184,0.0690906683448702,0.14559248834848404,0.13266132399439812,3,39.042500000000025,38.01725000000006,39.03880952380953,39.32678571428576,38.15541666666669,35.6964285714286
93195000700,0.10131612966197946,0.08870643412365634,0.14809438399240082,0.13506510088256762,0.08974813117700464,0.09267091908875633,0.08585890682892025,0.08849197669940836,0.08097095439831416,0.09485271564301323,0.17112988029040543,0.16095640554147608,3,39.49031372549024,38.278494989106804,39.03383193277313,39.633607843137284,38.42937254901965,36.01481792717089
93205000700,0.0030515030728059996,0.08667749830055982,0.15756934159435335,0.14685797644779086,0.08860046876361595,0.09206476114923134,0.0720328586551908,0.07921536796493456,0.06711951448232868,0.07793488011520822,0.16208743071183565,0.15394882694818082,3,39.05882812500003,38.05586545138893,38.43402901785716,39.444821428571466,38.28199218750002,35.74536830357146
93215000700,0.014327017948323605,0.10443682983225469,0.16671020680782841,0.16656245191891988,0.11412263696684558,0.111212925203875,0.031762196713437635,0.05977377016462532,0.05889709004584481,0.05183821032736816,0.12735131751088535,0.12450586896316679,1,37.79390196078434,37.491385620915075,37.77484033613447,38.39197012138192,37.40368627450982,35.131915966386586
93225000700,0.10322681382006291,0.10151069994066275,0.17265824698934368,0.1656620135494307,0.14929676251668558,0.1473870508226694,0.027709824670398352,0.05361720155559334,0.0464683839211277,0.03189028665861663,0.09353262545431362,0.09429673982017181,3,35.41788235294122,36.02334901960788,36.1272773109244,35.956911297852514,35.283098039215716,33.84973949579833
92975000701,0.4150359774827958,0.38760640084743503,0.4215015803575516,0.4059789494276047,0.27328087168931964,0.2773282108306885,-0.07455072604119778,-0.05277798002958298,-0.05042852500081063,-0.040831240050494676,0.055189872153103364,0.06477999369055033,4,36.18966666666672,35.310877005347635,37.530235294117674,37.389193277310966,36.574980392156874,34.14505882352944
92985000701,0.3732209509471432,0.34517003002110874,0.3888744154246524,0.38351864123251295,0.25455961958505213,0.2668710359139368,-0.04547919041760906,-0.03902959706465481,-0.02690798546791484,-0.026409742970827214,0.04807941261242377,0.05618885265721474,4,36.151250000000054,35.68441761363642,37.49241071428574,37.46992187500004,36.97308593750002,34.44829241071431
92995000701,0.37357137235812843,0.3186738509684801,0.38544013362843543,0.3774437380488962,0.2770706546725706,0.2654082339722663,-0.027121334664116148,-0.017279539642913736,-0.012452492836018793,-0.009953756527465883,0.08890463640273084,0.09233336687611883,4,36.59619140625004,36.17489346590913,37.81220982142861,38.07016741071431,37.298925781250034,34.93948660714289
93005000701,0.41024650230127224,0.3637092621887431,0.42163927905699783,0.4081417312809065,0.29538474527059816,0.2959743213419821,-0.06466788865771948,-0.034702098260031025,-0.033796200349780856,-0.027543124883417404,0.0721177894256863,0.07473850064710073,4,36.603509803921604,36.23551871657757,37.610605042016815,38.09303641456585,37.29396078431375,34.92317647058827
93015000701,0.4643184277356839,0.4410661845814948,0.47898032232826826,0.4994318172043445,0.42328177561946945,0.43921257947005476,-0.11456629484891892,-0.09485697281711242,-0.09007440479654891,-0.0883868141939827,-0.03676107198584314,-0.039960644700947935,4,35.985450980392194,35.86812477718362,36.89029131652664,37.608834733893595,36.71386274509809,34.47631932773115
93025000701,0.43373277434147894,0.43819873848883034,0.47053279262036085,0.5247178555000573,0.4554022260708734,0.4705082558793947,-0.09659339488280237,-0.09590648912957737,-0.09646505613636691,-0.109237062104512,-0.058205848588841015,-0.07247899478534235,4,35.99484375000002,35.688636363636405,36.66046875000004,37.3449553571429,36.30628906250003,34.163370535714336
93035000701,0.33046817497944264,0.32211700356701045,0.39483636148332607,0.4216157862051266,0.2728391019847449,0.26879540109258937,-0.03084434458883259,-0.014615143897934155,-0.03155967272730089,-0.04201869258847762,0.06888081417162352,0.06851530461535443,4,36.951929133858286,36.246392269148224,37.58781777277842,38.011901012373485,36.657106299212614,34.57424071991004
93045000701,0.2957592800958082,0.3035525205065903,0.3729843713808805,0.4063270683400333,0.27116710040718317,0.26815890159923583,-0.0128126685128791,0.0018499029248735858,-0.02141529860182345,-0.036432032201901166,0.05960606214648578,0.06529804313686327,4,37.68910156250002,36.76330965909094,38.30078125000002,38.322968750000015,36.867851562500036,34.82468750000003
93055000701,0.30766355514060706,0.3190922921750603,0.3657581424340606,0.3892453560838476,0.3036902480525896,0.29589541780296713,-0.028437444270821285,-0.013289098586977983,-0.021228538636933077,-0.025097090139752257,0.03301030041620834,0.03873370877408889,2,37.911132812500036,37.0143678977273,38.32563616071433,38.2965848214286,36.85158203125003,34.907979910714296
93065000701,0.31350807664441127,0.3125373459183047,0.3774733603000641,0.40838984251022337,0.35727698978255773,0.35428808448361415,-0.04881715891407985,-0.042160705354215046,-0.038110701842050926,-0.051708428912303026,-0.02201188030269216,-0.02308329202088655,2,37.80601960784317,37.06097326203212,38.26073389355747,38.34922689075634,36.74545098039217,34.86752380952384
93075000701,0.2819855619866149,0.2788432553074414,0.3600268413249712,0.39246129261371787,0.31433545075412983,0.3174247860460354,-0.01150980049786263,-0.011365200249352178,-0.027804530421762095,-0.04387973005274186,0.028086083572659,0.01937848585132594,2,38.19048872180455,37.13404647983602,38.31646616541357,38.730494092373846,36.90387218045115,34.86871106337276
93085000701,0.2211042713602528,0.26814584010703996,0.3212611105575458,0.33047677216116705,0.22156753081707317,0.23917768578236714,0.04752057732926809,-0.0010791503856043244,0.005792112699928375,0.003639415535228562,0.09855082527556144,0.09849775554309684,2,38.04342960288812,37.08376435838536,38.328215575038705,38.93341413099541,37.1040794223827,34.94098504383707
93095000701,0.19635006686051687,0.27721095085144043,0.2659650325190787,0.27188790089943826,0.1925196024717069,0.21223296786055845,0.05787308200755539,-0.01710190111771226,0.041838862637386606,0.04846072323693364,0.11000253027852844,0.11504529305532867,2,37.3019215686275,36.641729055258494,38.33193837535016,38.642526610644296,37.21043137254904,34.82217927170871
93105000701,0.22885026736184955,0.2459610551595688,0.2901675358880311,0.3159944866783917,0.23052062094211578,0.2380688434932381,0.012725027831038462,-0.015040465164929627,0.009342414152342826,0.004775182140292599,0.06260370727977715,0.06865675200242549,2,37.18570312500003,36.456877840909115,37.7101785714286,37.99004464285718,36.76687500000002,34.26383928571431
93115000701,0.2371839890256524,0.2673758268356323,0.31420078035444016,0.33919823775067925,0.24338004202581942,0.23949053906835616,-0.00253091551712714,-0.04857712239027024,-0.019989016182080377,-0.02604951227112906,0.04234205136162927,0.04796045920375036,2,37.460312500000036,36.683656250000034,37.21732142857145,37.81312500000003,36.12367187500003,33.84339285714288
93125000701,0.21440844132619746,0.15419083265348885,0.30508790343415504,0.3278459483501958,0.23910439820850599,0.23384113440326615,-0.0032779707262913385,-0.09125771425151002,-0.023139877747013874,-0.030753833082888055,0.023197001238883127,0.023078318292676817,3,37.38566666666671,36.858682352941216,37.51371988795521,38.040565826330564,35.851529411764744,33.99153501400563
93135000701,0.21860492136329415,0.19024015139439143,0.3037474711891264,0.3255505755078048,0.2882663875934668,0.28890996967675164,-0.02299635333201877,-0.0687758394797129,-0.0264969867102991,-0.03650825802469627,-0.02113203842782241,-0.03035243007434474,3,37.27916015625002,37.047054687500044,37.94245535714288,38.26841517857146,35.99044921875005,34.24321428571432
93145000701,0.20241518453055737,0.20689293543497722,0.27459269294551775,0.28615958702330496,0.2403547456451491,0.25192259941615314,-0.011799278936586255,0.006879770748463333,-0.005594306107720033,-0.018054389120901335,0.015375613348156798,0.010789285264178817,3,37.547568627451,37.38063529411767,38.26509243697481,38.55292436974792,36.77574509803926,34.723299719888
93155000701,0.1581193453166634,0.16809572896454483,0.2792951060691849,0.28420263947919017,0.15417437331052497,0.17502747400430965,0.002408074509730794,0.03570340627084079,-0.017287649905483704,-0.016769820285844617,0.08321218393393792,0.08063881361158565,3,37.836289062500015,37.252093750000014,38.30939732142859,38.36191964285717,37.320898437500034,35.03334821428574
93165000701,0.16631116969328302,0.17959604502892962,0.31144760648409525,0.32567961134162604,0.2138414651155472,0.203787528182946,-0.014743836048771353,-0.0019762036755827123,-0.044180319312156414,-0.04364422584938652,0.061792791412011085,0.056037295887283255,3,37.67433333333335,36.76598431372553,38.06712044817931,38.064599439775954,37.1180392156863,34.868487394958
93175000701,0.1706916974944761,0.1649420282919891,0.25002381013473496,0.25990515499142935,0.24675888218916953,0.21154050237964836,-0.0053026803325337815,0.006192789849592371,0.0010001325717894371,-0.014187967828547695,0.03534980602489668,0.02270033873355715,4,37.87441406250003,36.915563368055594,38.04522321428576,38.116328125000045,37.17972656250002,34.841439732142874
93185000701,0.1158809290504923,0.12016573790826049,0.16974320657113018,0.1678204752066556,0.15391766583802652,0.13468055164112763,0.031562270892455294,0.061209693434191685,0.06261853914634855,0.0513404904189063,0.10088775556753662,0.08113305040580385,4,39.14358823529413,37.59782047930286,38.668330532212934,38.96124929971993,37.8584575163399,35.308756302521026
93195000701,0.08315078306431864,0.09151959024807986,0.1577682180731904,0.15083885344804504,0.09386069555492961,0.09008721756000145,0.06523068731322007,0.07054961905175565,0.07442419239703348,0.07034141021031959,0.15414154862656312,0.13850415378224618,1,39.84864705882356,37.883302832244055,38.826941176470626,39.35056022408967,37.86200000000004,35.76847619047622
93205000701,0.0743290581740439,0.087626613676548,0.16656317189335823,0.15476219914853576,0.11563292425125837,0.11686685960739852,0.07525154715403914,0.06434403313323855,0.05837721610441804,0.05952617526054382,0.1415766943246126,0.1273555774241686,1,39.380625000000045,37.568055555555596,38.17785714285716,38.803928571428614,37.23625000000003,35.49750000000005
93215000701,0.09603970886445512,0.12195763991159553,0.19703005546448277,0.1879249064361348,0.1371354752895879,0.13462422642053343,0.03152794170777734,0.03413044379330149,0.023223607592722947,0.017848332949420988,0.12438536359398972,0.11479229775129579,1,37.92068627450983,37.209808278867136,37.436633053221314,37.86122875816997,36.74741176470591,34.854459383753564
93225000701,0.13869767243159,0.14941202216141392,0.23446880403207612,0.23394795274361965,0.19364087958820164,0.1853955680271611,0.016069947542746377,0.005669647632657871,-0.00830518759903498,-0.016120076572406106,0.08316484928946012,0.08244866530003492,3,35.501855468750044,36.09385850694447,35.741618303571464,35.66476004464288,35.670585937500036,33.655246930803614
93235000701,0.11702576694918458,0.08956472660145146,0.15263164348778177,0.18390919476788223,0.10338572872792437,0.10368236883090494,0.01374489104609346,-0.013333475011746943,-0.011993466255565483,-0.0364971125366095,-0.0036905188052380705,0.00202151524320326,3,34.33113281250004,35.10822048611113,34.47984375000003,34.263035714285756,34.954453125000036,32.77107421875003
92975000702,0.41656458895068527,0.42118239033320715,0.49065562245274374,0.483682481956876,0.35822592564850797,0.37073801691867103,-0.08418475072984856,-0.09499120318199977,-0.09249483295216049,-0.09270491678852681,-0.0023495053703134696,-0.0009072276432652113,4,35.735468750000024,35.08177556818187,36.724285714285735,36.64136160714288,35.98109375000002,33.71859375000002
92985000702,0.3374792020767927,0.32416112220380455,0.41267219011206185,0.38271038385573775,0.2916066250181757,0.3144750409992412,0.004846040625125171,-0.02629293187055737,-0.030255257661337968,-0.01773813440377126,0.03457327586875181,0.046794178131676745,4,36.62224609375001,35.83296164772731,37.54081473214288,37.54930803571432,36.922167968750024,34.500825892857165
92995000702,0.326588084417231,0.2928696767956603,0.36998270960415114,0.36633824378836394,0.29516420563062035,0.2921867143874075,0.005880302619919473,0.010382358087044137,0.0019682010507905013,0.016103059461559446,0.07302740692507988,0.07548507904889537,4,37.39494117647061,36.48279857397507,38.19020168067229,38.35429131652664,37.69758823529414,35.17281232493
93005000702,0.35826416325289756,0.31689305335748946,0.38355084648355847,0.3812627146253363,0.32926802092697477,0.32100725220516324,-0.024970117287011817,-0.004643650434445589,-0.004307484763558022,0.0006105098800617299,0.041304697297164246,0.04830842816591031,4,37.11630859375003,36.42166903409097,38.01295758928575,38.23320312500004,37.56939453125002,35.149029017857174
93015000702,0.3980495464568044,0.3669604825038536,0.4218141150240804,0.43705340238178475,0.39398307613298,0.39073203942354984,-0.059399099100161994,-0.042781922834760996,-0.037648556523901575,-0.046742165994410424,-0.012197780550694932,-0.009889595948305784,4,36.20658823529414,35.96824598930485,37.23286834733897,37.754817927170876,37.09249019607845,34.695445378151305
93025000702,0.35714950923826183,0.3505094463918723,0.39382370488316404,0.4261427151221855,0.3562570557874792,0.37458514828307954,-0.04198217655659891,-0.033072608402546715,-0.03024586139283344,-0.046368618674722376,0.005611713427831145,0.001221668617982486,4,36.237215686274546,35.91419964349378,37.01700280112047,37.58762464985996,36.851725490196095,34.51873949579834
93035000702,0.3144928109832108,0.31740328622981906,0.379693272523582,0.40740972477942705,0.3024018150754273,0.3193407813087106,-0.025904093767167066,-0.015677776002121394,-0.030484388662443962,-0.0335199772616761,0.04176166962861316,0.04041378130204976,4,36.74554687500004,36.260298295454575,37.37707589285717,37.95700892857146,36.809218750000014,34.65627232142861
93045000702,0.29128334896237246,0.297807108187208,0.35208075560775454,0.3751743864779379,0.23901487986246742,0.24660328907125134,0.0018322836393125205,0.0061987559840667485,-0.0015982240821947082,0.0038697168331447178,0.09540828194688347,0.10952531902813444,4,37.62600000000005,36.739775401069544,38.20946218487398,38.33540056022412,37.1080980392157,34.95234173669471
93055000702,0.2959077290460175,0.30680512727475634,0.33566793507220694,0.3588095760812946,0.26673200691447535,0.26891792755500943,-0.012938610464562753,-0.0010620077231935428,0.004989601701826732,0.00871149804397468,0.06080041792170674,0.06979506624972118,3,38.27207843137259,37.071846702317295,38.665193277310976,38.61946778711487,37.28692156862749,35.17915406162466
93065000702,0.28793622495140886,0.2783244780730456,0.3381279943278059,0.35987422440666705,0.2787031250772998,0.2682097563520074,-0.009930274780344918,-0.005824070802191273,-0.01293397360132076,-0.013878279918571936,0.05159485412059439,0.04803091748181032,3,38.19205078125004,37.24198863636366,38.71275669642863,38.83614955357146,37.14566406250004,35.201886160714324
93075000702,0.251644238208731,0.24329864616609279,0.3205578029155732,0.3330401840309302,0.24864899222221637,0.24202047174589503,0.022570006704578798,0.01746235534988551,0.011155962847017996,0.008026769203651283,0.08180451359496349,0.07820777139729924,2,38.904166666666704,37.49464646464649,38.76597222222227,39.200595238095275,37.48895833333336,35.32117063492068
93085000702,0.19708050496410578,0.21755655381990513,0.28554926125798374,0.29257628519553697,0.19850858463905754,0.20573487342335284,0.06647225318010896,0.050501375556316064,0.037275111659255344,0.04412101503112354,0.11959386913804339,0.12076956429518759,2,39.13789062500003,37.35069602272731,38.9686160714286,39.2344642857143,37.87515625000004,35.43183035714291
93095000702,0.1991226179927003,0.20891647785902026,0.26235368000526055,0.2520582719760782,0.20989469400807922,0.2260874760501525,0.04218677413083759,0.04675285005941987,0.04816167160284285,0.06129705664866111,0.093305895055699,0.0956473292189413,2,38.24254901960787,36.681151515151555,38.62904761904764,38.71243137254904,37.539274509803946,35.05582633053224
93105000702,0.25669986382126814,0.24503734707832336,0.31264395598554984,0.31888993247412145,0.301145363249816,0.3030943354824558,-0.025859956702333875,0.0025257074739784007,-0.006020871333021204,-0.00938805376063101,0.010745669374955467,0.01179392216999986,2,37.76630859375002,36.51738778409094,37.754665178571464,37.9600223214286,36.54945312500003,34.41731026785718
93115000702,0.2546158165323968,0.2845188867096877,0.33573315505887946,0.3474366653199289,0.28936576299807604,0.2763495731003144,-0.013806035625291806,-0.0346896234709788,-0.02684213569314748,-0.03750765418414684,0.007370686731940391,0.012327593864471305,2,37.99147058823533,36.77412549019609,37.3977422969188,37.927747899159705,36.08974509803926,34.08768067226894
93125000702,0.22878040093928578,0.25072779611014484,0.31995360646396875,0.3452124609611928,0.3147830604575574,0.2900083076674491,0.0021278908534441148,-0.04237805894706725,-0.0279634130638442,-0.0347697601901018,-0.022218127651285613,-0.020099204797588758,3,37.89328125000003,36.86050000000003,37.570401785714324,38.17147321428574,36.085859375000034,34.16290178571432
93135000702,0.2539040600552278,0.22947989462637433,0.3417789953596452,0.38085333962066503,0.3583257678677054,0.340516376729105,-0.029455853012554784,-0.021929607063751008,-0.05551785674749636,-0.06376211240011104,-0.04247321625258408,-0.04974976051233562,3,37.20490196078434,36.73910588235298,37.54331092436979,38.056845938375375,35.914078431372594,34.11951260504206
93145000702,0.2581683410098776,0.23821961227804425,0.32529957708902657,0.3588346156757325,0.30790542782051494,0.3033805910963565,-0.041535978749379865,-0.0011978813236055434,-0.04410500918675098,-0.05013913026778028,-0.009502232003796964,-0.01995148867717944,3,36.867285156250034,36.763679687500044,37.4268191964286,37.96635044642861,36.333359375000036,34.34217633928576
93155000702,0.21100350213237107,0.21586714312434196,0.2836799845099449,0.32667381339706475,0.24144141387660056,0.23535532015375796,-0.025127631617579027,0.012945732846674218,-0.022174640362209175,-0.03362140375247691,0.03626632014311326,0.028574987285537645,3,37.37814453125003,36.839148437500036,37.493002232142906,37.859419642857176,36.93136718750002,34.654598214285755
93165000702,0.21020933740279255,0.2050385153407504,0.30217190384864806,0.3360214325727201,0.24195941283422356,0.23623048575485456,-0.019703255520731794,0.0001293017549713143,-0.031233763439106006,-0.04892663001721981,0.03710264248006484,0.027343554414954844,3,37.49498039215689,36.705646187363875,37.45672268907566,37.536890756302554,36.533320261437936,34.47533333333335
93175000702,0.2158809277461842,0.1775571629405022,0.25454229244496673,0.2743542939424515,0.25290858978405595,0.24237937072757632,-0.01617190692195436,-0.006116347387433051,0.0008600604342063896,-0.0094751083815936,0.007768791801936458,-0.004791369032318471,4,37.20117187500003,36.91465277777781,37.44598214285717,37.55997767857147,36.45208333333336,34.4569642857143
93185000702,0.13667888983207588,0.05891700259916767,0.1716240967021269,0.17894740653973001,0.15000029118622052,0.14437555381480385,0.029958089426452037,0.08529272798118712,0.05975641092541171,0.06393051841387562,0.0891392611514996,0.0815688484457924,1,38.226156862745114,37.54255511982573,38.15588235294122,38.584633053221324,37.34299346405232,34.96471148459385
93195000702,0.08734494922100566,0.0679543062360608,0.16304454661440104,0.16102567285997793,0.08571257715811953,0.08830757765099408,0.07589021137391683,0.08343756401154678,0.06919145869323982,0.06822017711238003,0.15742112643783912,0.15210507629672063,1,39.16328125000002,37.670171006944486,38.42804687500004,38.904397321428604,37.53835937500004,35.384542410714296
93205000702,0.09870361758797777,0.08487299254127577,0.16748660154202405,0.16418008330990286,0.10549694363977394,0.1151894847259802,0.07030986582531648,0.052439663792942084,0.06064515296442835,0.05352553399462326,0.12492627817041732,0.12323797456189697,1,38.59294117647062,37.25439215686279,37.80436414565828,38.13075443510739,36.928039215686304,35.3524985994398
93215000702,0.12107698805630206,0.13979398366063833,0.21033562533557415,0.21009806357324123,0.19614967796951535,0.21474623400717974,0.03209107753355056,0.0018325401470065154,0.017194865271449086,0.013782352209091185,0.04873208701610565,0.04215293936431408,1,37.12875000000003,36.42894444444449,36.80642857142859,36.93190476190479,35.96250000000003,34.49035714285718
93225000702,0.18058660380980548,0.20687004298556083,0.27676851059876234,0.26192284857525544,0.28671691207324757,0.28395305684968536,-0.015199453091504528,-0.04529171640089914,-0.05553924163766936,-0.05859802970114876,-0.013987275811971404,-0.02104418526093165,1,35.58601960784317,35.29545010893251,35.33240896358546,35.01042577030816,34.97805228758173,33.1731148459384
92995000703,0.3629912317274101,0.3214621418025864,0.43524619070182285,0.4058851719614994,0.31748208059257715,0.32527648428996725,-0.024014676093639605,-0.0011396016072170187,-0.03612590064684234,-0.025335019016527086,0.048102758438938645,0.049687644325760734,4,37.50757812500003,36.5912926136364,38.28363839285719,38.82004464285716,37.67781250000002,35.17924107142859
93005000703,0.325508213744444,0.30471427323771455,0.404392160504472,0.4146030663275251,0.3258331006648494,0.33079786370782294,-0.003606794553571472,-0.0044508422432723,-0.017681291980632383,-0.019346678337337924,0.04823777256350892,0.05293474945367552,4,37.48856862745102,36.711789661319116,38.29357422969192,38.57550140056024,37.584921568627486,35.33807843137259
93015000703,0.33053349866531795,0.33214984647929663,0.4108471693471074,0.41779471689369535,0.33157622709404677,0.33145433489698917,-0.014972532146202868,-0.02275606885086745,-0.026761170178360775,-0.029562582847574962,0.03174001004663297,0.03548430706723593,4,37.08185546875004,36.411626420454596,37.9363504464286,38.26148437500003,37.45785156250002,35.05072544642861
93025000703,0.3373830178699925,0.30350151413585996,0.36653711716644466,0.3640843250323087,0.30080364271998405,0.30318159749731427,-0.03148421512569412,-0.003485594221274368,-0.007044278248940827,-0.00290691066038562,0.03762803087374778,0.04090930359961931,4,36.84404296875004,36.26230823863642,37.72118303571432,38.172198660714315,37.26615234375003,34.906886160714315
93035000703,0.27582685375213617,0.2654842109186574,0.33863278757780785,0.3540187969338149,0.2783467705594376,0.2974808051949367,0.016087365597486497,0.020763164158779542,0.00018388813623460167,0.0028092793918403918,0.04956508365648915,0.05112057716178242,4,37.03167968750002,36.54485795454549,37.6791741071429,38.446316964285735,37.01093750000003,34.96108258928575
93045000703,0.25650191761087626,0.2626507594250142,0.3123994141351432,0.3289774681907148,0.22709713177755475,0.23827835754491386,0.029756105061096605,0.03348766367525968,0.030344968978170073,0.03337977299906925,0.09926873023505323,0.1003983587725088,4,38.03689453125001,36.998686079545465,38.31149553571432,38.88637276785717,37.382910156250034,35.270446428571454
93055000703,0.2547515709884465,0.26295323553495104,0.31129780202172697,0.3250775986816734,0.21172407048288733,0.21524089609738437,0.022910484389285554,0.02994062364450656,0.024664037595357513,0.02641370154015021,0.10142371771507896,0.10316913182032295,2,38.73636718750002,37.42005681818185,38.99886160714288,39.091763392857196,37.76109375000004,35.57767857142859
93065000703,0.24883842633830175,0.235240890747971,0.30600819223456915,0.3129638940095901,0.2095217762721909,0.20411945482095079,0.04025495621479219,0.038088236873348544,0.019426875059596366,0.027008224185556172,0.1031822050611178,0.10617152618037329,2,38.43450000000002,37.693010101010124,39.147904761904776,39.22901587301592,37.846611111111145,35.644539682539694
93075000703,0.23705480763545406,0.2303118252164715,0.29501005548697257,0.2965161157396687,0.24924311554912248,0.25081314375767344,0.0507559950698863,0.03256901783779974,0.03145485647677721,0.04173901110832944,0.07681835340438309,0.07527311597251411,2,39.10223443223446,37.75594072594074,39.1009576138148,39.4398377812664,37.9558058608059,35.59980638409212
93085000703,0.24114607975763436,0.23286783075800133,0.3014261867485794,0.30837672931306503,0.25532504162367653,0.2782580580197129,0.04283619537657382,0.022936262113644797,0.021933059628103293,0.02741359494918702,0.07265675075206102,0.07476571503953607,2,39.520921568627486,37.68273582887704,39.05517647058828,39.40354621848742,37.74141176470593,35.53842577030816
93095000703,0.23640677891671655,0.19839911127928644,0.30142030492424965,0.297433432075195,0.22296287468634549,0.2486042634118349,0.026306828149245117,0.03380768873466878,0.019553357837139632,0.01486899974406697,0.0602703408258094,0.05643114192207578,3,39.12945312500005,36.93287784090913,38.66033482142861,39.06689732142861,37.20105468750002,35.02912946428576
93105000703,0.2527478934503069,0.19814565228480918,0.2988939349557839,0.3008519232273102,0.22557446313839336,0.23629108725809583,0.011657680015937954,0.03215814650277881,0.017573999262907924,0.009300156186024349,0.05643368070105127,0.04407907308754967,2,38.45768627450983,36.69283065953656,38.2083529411765,38.57103081232497,36.711803921568645,34.55973669467791
93115000703,0.2465188637668011,0.20804634439010244,0.2822156463183609,0.3210307559546302,0.21025716393601662,0.23516940129738226,0.017348971307350722,0.022208692589957335,0.009293477565926663,0.00884148557944333,0.05979612576227416,0.07137469657715044,3,38.17409803921571,37.08010196078435,37.907669467787144,38.37778711484597,36.49025490196081,34.49100840336137
93125000703,0.20742749585770068,0.19180197466630486,0.27476592676248396,0.30825611262116576,0.21453468687832353,0.2284182935836725,0.043210619915043935,0.038819108379357196,0.010296030588506254,0.014552520025972628,0.06000624658099696,0.07603150720751728,3,38.08376953125003,37.2110399305556,37.91908482142861,38.19090401785717,36.49876953125003,34.49541294642859
93135000703,0.1302036186935855,0.19532953851363238,0.30444584255125007,0.2989332602304571,0.25661062995592754,0.25108347196204994,0.03598317933250584,0.029972296685674315,-0.005103536928985634,-0.007013884157526726,0.048806951589444106,0.05232658047302096,3,37.310117647058846,37.09389193899784,37.70151820728293,38.092991596638676,36.486294117647105,34.40507002801124
93145000703,0.144149702595314,0.19443136360496283,0.28888106835074717,0.2863357686437667,0.2591881328262389,0.25574467494152486,0.0032983254059217866,0.0041334103007102385,-0.007215983612695709,-0.0069784465013071895,0.03198667972901604,0.02412274369271472,3,36.85015625000003,36.93689236111113,37.45116071428575,38.15084821428575,36.64213541666672,34.53785714285716
93155000703,0.17517965099238975,0.16498990597452703,0.2307779487427764,0.2520716496574597,0.18730633518123255,0.18477014639950173,0.008872146791536509,0.02625636651188018,0.02929336736052055,0.03492726546924884,0.09017222837405646,0.07060186871452125,3,37.514744094488215,37.090451443569584,37.75575928009003,38.04222722159734,37.156870078740184,34.81240719910014
93165000703,0.15682948002358899,0.14755881239664187,0.23205303639406336,0.25145589862950146,0.1630853051901795,0.1710666188155301,0.0020430897275218753,0.03428781338216581,0.022218702692043738,0.025731106972671114,0.08755612778986688,0.0649624518409837,3,37.60398437500004,37.09679079861114,37.95473214285717,37.74312500000003,36.916334635416696,34.77324776785718
93175000703,0.17646623253822327,0.13328597895082483,0.21748475964162864,0.23234192074513904,0.17898205629750796,0.18613927393567328,-0.0030469626188278196,0.05747475602716056,0.03420386438568433,0.033389571718141144,0.04586846881783476,0.030708054213912463,3,36.79635294117651,37.104884531590436,37.85933333333336,37.64624649859947,36.58916339869285,34.651927170868376
93185000703,0.1517272760393098,0.121082811344382,0.19948561489582062,0.2070549841737375,0.1701561430236325,0.1768557411269285,0.030514275807945527,0.06562374545409616,0.041886488241289044,0.046268315549241386,0.0648920319872559,0.05776814990895218,1,37.51035156250003,37.46079861111114,38.17075892857147,38.40551339285717,37.26437500000003,34.92609375000002
93195000703,0.1398310131886426,0.15147633095290147,0.20504926372976864,0.21044630893305236,0.1727844861208224,0.18722538135799707,0.05102472683670474,0.02505283829774342,0.028638867226739723,0.03336868988094376,0.08489368479041492,0.08311412106542027,1,38.42658823529413,37.60091067538129,38.31871708683478,38.71444817927173,37.50401307189546,35.24699719887957
93205000703,0.13432090510340297,0.18055502415872088,0.18378778643467847,0.18402198664113587,0.14496385151264715,0.1593204762713582,0.05975188513596852,0.012998028588937777,0.05918940773927698,0.05608644601615036,0.10583402260261424,0.10488699876210268,1,38.247470588235316,37.375969498910706,37.799400560224115,38.198750700280144,37.121921568627485,35.36594397759107
93215000703,0.11717371459235437,0.16212133664521386,0.2105547020328231,0.2037761544925161,0.18344812840223312,0.19697515320149248,0.084010322123504,0.02840671199373901,0.04184956429526209,0.03928286776044842,0.06259113378473558,0.06089289631927386,1,36.50193359375002,36.19503906250004,36.47553571428574,36.96975818452384,35.937421875000034,34.50977678571431
93225000703,0.20685978251345016,0.16177449173897318,0.2655246185321434,0.2461638225059883,0.28634950775726165,0.272442159465715,0.005937493983290944,0.009683846443329218,-0.04937213218095256,-0.05888240076601505,-0.03811193169916377,-0.03343740482540691,1,34.81053459119499,34.99518238993715,35.26539982030552,35.472443845462735,34.825513626834415,33.35233602875114
92995000704,0.3434768411822206,0.2893945092526008,0.39448633320688264,0.3567467796520924,0.2393290927325647,0.25323364314601177,-0.004138198870006859,0.034515057849939766,-0.0011751084647134073,0.020867903320866774,0.1103842322252632,0.11349009031679218,2,37.12954724409454,36.69553328561205,38.17049493813279,38.65798650168733,37.78124015748035,35.176704161979785
93005000704,0.34551244787871843,0.3244020293932408,0.4092851211316883,0.3791652699001134,0.2837772648781538,0.3017466808669269,-0.0117223445304262,0.019731453427084492,-0.013559242368501142,0.007393448919174261,0.08586193041992375,0.09328512428328395,4,37.36882812500004,36.78183238636367,38.17616071428576,38.69805803571432,37.82148437500002,35.25000000000005
93015000704,0.3660582239972427,0.34556990023702383,0.4613566590705887,0.4483412037370727,0.3789162919856608,0.39818817831110215,-0.04272855290764711,-0.018470415780029725,-0.05799152501276695,-0.05265999177936465,0.01432488550199196,0.016569271785556335,4,37.37636718750003,36.52388494318185,37.918638392857176,38.433437500000025,37.57478515625003,35.02970982142863
93025000704,0.3184127475926068,0.30454860049135546,0.3946528142573787,0.37747988046384323,0.27909365506733164,0.2756239464469985,-0.010407801431108844,-0.020842130073145324,-0.02443475310928097,-0.024428124254678982,0.0757329129120883,0.0754270754900633,4,37.35180392156865,36.47312299465244,37.79281232492999,38.339691876750734,37.39521568627455,35.034268907563074
93035000704,0.3182775620044324,0.29908223194070166,0.3529519276926294,0.3631385477492586,0.3044846220873296,0.3133040399989114,0.004115019745209759,-0.015145029875384358,-0.002431044500553981,-0.018850770095014013,0.04319630343525205,0.048214466572972015,4,37.713261718750005,36.77456676136365,37.99435267857146,38.55843750000004,37.240000000000045,35.31237723214288
93045000704,0.2830597786232829,0.2690064884955064,0.3173169028013945,0.34627242223359644,0.27025967306690296,0.27942822140175855,0.034809524586307816,0.01736376333792577,0.024229010814451613,0.014674408987048082,0.07541800089529717,0.07912480342201889,4,38.404062500000016,37.177947443181836,38.475569196428616,39.07026785714289,37.43326171875003,35.65453125000002
93055000704,0.26462457741008083,0.2555490685444252,0.3035777411040138,0.328239146751516,0.22614719873549893,0.2308220801400203,0.04230735436374066,0.039846022704652706,0.025501146687961676,0.03519356386991693,0.10784994971518423,0.10285387199883368,2,38.79231372549022,37.52516577540112,39.026918767507034,39.456980392156915,37.88560784313729,35.750436974789935
93065000704,0.24955102583257163,0.24484443155730642,0.31646046831632735,0.33906590616661497,0.24234152504791365,0.25036853593400965,0.04264817359607394,0.023842132737931475,0.018532892645300992,0.02253191766591957,0.0863238209890987,0.07732962596291865,2,38.3285017421603,37.729322141273386,39.10452463912399,39.364614235938326,38.04283972125439,35.63970632155303
93075000704,0.2502552643418312,0.23569026403129104,0.3210781728848815,0.32715841475874186,0.28664652863517404,0.3005299717187882,0.032707107864553116,0.0008096054662019018,0.0072301184409298,0.01661709246400278,0.026808420487213883,0.017470025668444578,2,38.76890625000003,37.685852272727296,38.80821428571431,39.41071428571431,37.934843750000034,35.43651785714288
93085000704,0.23398956218186545,0.2077818436949861,0.3035251702748093,0.3117208385000042,0.24959883158113444,0.2563077533946318,0.03658938315496141,0.02173102549916389,0.01108879948071405,0.025024745742991274,0.06578095400450276,0.0621626160627998,2,39.321509803921586,37.22865953654194,38.59801120448182,39.33178151260506,37.60809803921572,35.27503081232497
93095000704,0.20406875520711765,0.18786937429104,0.28204605588689446,0.2818435055669397,0.19846013205824417,0.21241445984924212,0.045825903347576975,0.042932104821375106,0.025204991958162285,0.03487693643546663,0.09111999969172757,0.08852892523555057,3,39.335234375000034,36.83881392045459,38.69392857142861,39.26864955357147,37.37761718750004,35.04591517857147
93105000704,0.1981398660178278,0.18344291547934216,0.26246785346199486,0.27325631309958065,0.20104698007013283,0.20536250664907343,0.04776067258972748,0.058274781820820826,0.04173883372077755,0.03876412813277806,0.08162654838433453,0.07924299471208132,2,38.94009803921572,37.118211051693436,38.73512044817929,39.1799047619048,37.29111764705886,34.915422969187695
93115000704,0.18365959473885596,0.1586463337298483,0.2412510736612603,0.26672738301567733,0.1845155964838341,0.1796792297391221,0.06150076474295929,0.07893618076923303,0.052388762866030454,0.05488918829723844,0.12220604901085609,0.13036627776455134,2,38.61386718750003,37.41169602272733,38.611718750000044,39.0173660714286,37.31070312500003,35.0086160714286
93125000704,0.1672804589949402,0.15752713019941367,0.23437806788612814,0.24559006509827633,0.16771261335587967,0.16825096028692582,0.06359800315078568,0.07036847219455476,0.05181491900892819,0.060682913489347574,0.13490234435189002,0.13681833820015776,3,38.478215686274524,37.61591507229159,38.628980392156905,38.75012324929977,37.25160784313729,35.133394957983214
93135000704,0.15342686337680791,0.16850325686391443,0.25467942992690945,0.2599974229815416,0.1891297261463478,0.1873222860158421,0.047014287607453305,0.0526905938204436,0.034090124812792055,0.03539107171673095,0.10644936966127715,0.09706176588952076,3,37.87222656250001,37.54818750000003,38.388392857142875,38.56803571428574,37.060703125000046,35.03046875000003
93145000704,0.15399309210479262,0.15503691294614008,0.23750471314963173,0.25103615171769084,0.18175600585984247,0.18545252020452535,0.035478367919431014,0.046197561802817325,0.040823500574219455,0.03957115020968166,0.1044518607212048,0.09692382494024201,3,37.83301960784317,37.270907664884156,38.24985434173672,38.55170308123252,37.25225490196083,35.05487394957987
93155000704,0.14320033055264503,0.07126513257389888,0.1942650992423296,0.2042968198657036,0.14448254986200482,0.1500598257407546,0.05686700061778538,0.07010553630243521,0.07532290712697431,0.08220613235607742,0.14440588583238423,0.13734888919861987,3,38.33554687500004,37.52601957070709,38.78656250000005,38.638482142857185,37.66596354166672,35.35339285714288
93165000704,0.1205696694087237,0.05266535055125132,0.18210497824475166,0.18531329650431874,0.13733311591204256,0.13580474257469177,0.07216889757546596,0.08612074112170376,0.07951874731224962,0.08834807318635285,0.15216200123541057,0.14195654290961102,3,38.05265625000005,37.764444444444486,39.110669642857175,38.586383928571465,37.624713541666694,35.513303571428594
93175000704,0.06988811040771942,0.11399257933976603,0.18212377049174963,0.18279093591605916,0.13851162069568448,0.1387184608216379,0.0670434309242695,0.08233173249983321,0.07530051572065727,0.07369378754029088,0.13853449640320797,0.12821683023197977,3,37.248137254902,37.735857952069765,38.88524929971991,38.483927170868384,37.33026143790851,35.356039215686295
93185000704,0.0968646386245382,0.1406982886255719,0.23895958857610822,0.2444718842743896,0.22510249222978018,0.23689191974699497,0.05492640136435511,0.055296493344940245,0.027518876764588647,0.0135982426290866,0.06840135993843433,0.05529626636416651,1,36.93220703125004,37.617595486111135,38.507087053571446,38.623214285714305,37.30578125000003,35.05757812500004
93195000704,0.09999990676547967,0.19975797422960692,0.2922825628051571,0.3080351620328192,0.35504618766261087,0.34641786387153706,0.033844534745987725,-0.006057919138202483,-0.022579161872101183,-0.03566537262762294,-0.03412724707056495,-0.05028101847160096,1,37.13723529411768,37.34992156862748,37.994705882352974,38.4935630252101,37.388954248366055,34.982481792717124
93205000704,0.12872875915491022,0.21968667930923402,0.29553811252117157,0.28912465984467417,0.40846051863627514,0.3984703694004566,0.011670367865008306,-0.03368336301355158,-0.022200731778866615,-0.021525116797420196,-0.06277855200460182,-0.07310563098872082,1,37.54433593750003,37.09413541666671,37.4301116071429,37.95399553571431,37.35197916666672,35.08620535714288
93215000704,0.1537771381145599,0.1830510744861528,0.2765628651076672,0.2525882727375217,0.30973172959159406,0.3187824464311787,0.006231538666521801,-0.004984806930901958,-0.002863476293928486,0.0040239259326720934,0.016181501512433964,0.011797914668625467,1,36.15303921568629,35.977403921568666,36.27738375350144,36.84689635854344,36.25815686274513,34.38157422969191
93225000704,0.14392091151967176,0.1871025763286485,0.26205378642771393,0.23635483905673027,0.2474443249520846,0.24634844402316955,-0.009727001612191088,0.004742350661092335,-0.025461240147706125,-0.026503761738240428,0.023644542190595527,0.013493078527972109,1,34.403515625000004,34.964296875000024,35.323080357142906,36.037194940476205,35.24687500000002,33.6277678571429
92985000705,0.3187173136994859,0.0728135815829285,0.3338902628372523,0.33571345328299473,0.1965374926274473,0.19788984190826575,0.007387535754314139,-0.0027702831632403823,0.022815079501375925,0.04747941982278154,0.10771264286696418,0.12683180424053808,4,37.197862745098064,36.90699821746885,38.32328851540621,38.874896358543445,38.254431372549035,35.38282913165269
92995000705,0.27453352278098464,0.2578238615533337,0.3230594743508845,0.31671173137146974,0.17806247610133139,0.1899422431597486,0.04268558412150014,0.04492015614232514,0.04396705532053602,0.06372872678184649,0.13288067071698603,0.1531724465312436,4,37.25373046875004,36.99066051136367,38.54031250000005,38.82017857142859,38.19091796875003,35.463828125000035
93005000705,0.31079119467176497,0.22394669760251418,0.3600731084588915,0.32349035423249006,0.20483092713402584,0.2120623968075961,0.012895814390503807,0.041642274845798966,0.019654275776701983,0.04322021352163574,0.13380879352916963,0.133841952207149,4,37.469570312500025,37.04164772727274,38.44825892857146,38.908281250000016,38.01439453125003,35.48056919642859
93015000705,0.3659736105040008,0.22548784590234944,0.4145641830621981,0.402103911077275,0.2799335428312713,0.2978069261008618,-0.05117289465395551,0.014504656327121397,-0.04300746965934248,-0.026109873149178776,0.0564211478712512,0.058128681808125734,4,37.29327450980394,36.84631372549021,37.848733893557444,38.73234173669471,37.71872549019611,35.27877310924372
93025000705,0.34133665985427797,0.2737267930060625,0.36569841648451984,0.4158003788907081,0.28613224136643106,0.2696504907216877,-0.029767224597890163,0.026072431675856933,-0.027650758973322812,-0.03905498124368024,0.04181836303905584,0.05335158892557956,4,37.20113281250004,36.70730113636367,37.76629464285718,38.45529017857145,37.158398437500054,35.1637723214286
93035000705,0.3142361211357639,0.24176472460385415,0.32211085362359887,0.3490821085870266,0.27459624200128024,0.229762411385309,0.0028250382638361766,0.04649842271464877,0.008920160624256821,0.008352847846254006,0.06177683407440782,0.07626938202884048,4,37.54794921875002,36.94456676136368,38.1158035714286,38.55805803571432,37.236250000000034,35.39833705357144
93045000705,0.2819929503927044,0.2306466343940473,0.2912012146968468,0.30859095617836596,0.21389704072007948,0.21634796927956979,0.028074468906019247,0.061905255973083426,0.04220153090416216,0.04529918173656745,0.11103861888541897,0.11663353457754735,4,38.212862745098064,37.35673083778971,38.538705882352964,39.041417366946796,37.756470588235324,35.790997198879595
93055000705,0.2655359286329021,0.215596655788629,0.2833469527355139,0.2875769149134125,0.20587099348937257,0.2089929924063061,0.04281247836416183,0.0627136252604533,0.05802780202846381,0.06332970287083932,0.11929599965072196,0.11903462591378586,3,38.81199275362323,37.71722661396579,38.99774327122156,39.46035196687374,38.18976449275365,35.868664596273334
93065000705,0.28355441870314346,0.21838027183036232,0.27829007843460485,0.3000938412402006,0.20548464648062817,0.2290484275710717,0.022797291691167353,0.06400769310288326,0.043049247227330105,0.05636833355263266,0.09158795751798689,0.07763493447198293,2,38.347790262172296,37.638457609805954,38.95382022471913,39.11236490101662,37.9370411985019,35.48088282504015
93075000705,0.2719973678682365,0.2265357324890062,0.2850515608694039,0.3215023493065553,0.2386058619209364,0.27680433252278497,0.007523155045312117,0.0534800660266888,0.02328837693979343,0.027178809990850733,0.028608426670817765,0.016178488701253255,2,38.33250980392159,37.49484848484852,38.4746610644258,38.95292436974793,37.725882352941206,35.255434173669485
93085000705,0.2321770340204239,0.22139204386621714,0.29945883620530367,0.34034345764666796,0.25462697958573693,0.2700516032055021,0.027518072944076266,0.033358505403157324,0.014163472835207358,0.00545632107241545,0.036076105730899144,0.030171957558195572,2,38.66984375000003,37.12079545454549,38.38258928571432,38.97053571428574,37.67625000000002,35.18267857142858
93095000705,0.20225988503764658,0.19299644921340192,0.2924953353171255,0.30447415242008136,0.19075064244223575,0.2007676311567718,0.05806019621736863,0.04245961732139775,0.01742818985207408,0.007403289493830765,0.09972601258287243,0.10190066759492837,3,39.23378431372552,36.94286274509807,38.998560224089665,39.25484033613448,37.733098039215726,35.275333333333364
93105000705,0.16907306003849953,0.17267137038288638,0.2503570971894078,0.24011963728116825,0.15255786589113998,0.16055733780376613,0.07496175043343101,0.06868557975394651,0.054736779813538305,0.05019657886805362,0.13594091081176884,0.13614660498569722,2,39.40771484375005,37.40769176136366,39.37771205357146,39.587142857142894,37.71017578125004,35.37879464285719
93115000705,0.14385027240496132,0.16354040172882375,0.22080037626437846,0.2178013309603557,0.14464674540795386,0.14087325835134834,0.08526811114279553,0.076278207678115,0.07383820577524604,0.08641300402814524,0.1629408355220221,0.16286041398416273,2,39.19476562500003,37.90870028409093,39.34857142857146,39.5894084821429,37.88076171875002,35.51603794642862
93125000705,0.14705182541819178,0.15618784439330008,0.2221820016117657,0.2264390112138262,0.157871490892242,0.15790893195890912,0.06538740805551119,0.07413520234472612,0.06867253873862472,0.0828586685891245,0.15218545525681743,0.14864322046438855,3,39.12996078431374,38.02725490196081,39.377932773109265,39.406549019607894,37.915137254901985,35.56412885154065
93135000705,0.14893466385547072,0.14998542133253068,0.21683679043781012,0.22881756897550076,0.16241975128650665,0.1700988120865077,0.05326141239493154,0.0766528270323761,0.0781722555111628,0.07937578800192568,0.1327248401939869,0.12505671806866303,3,39.681953125000014,37.83229261363639,39.37906250000002,39.397790178571455,37.96937500000002,35.64814732142859
93145000705,0.14163224364028257,0.14139753206103456,0.21207648235208848,0.22019218305746713,0.15380542062076868,0.16810030048968744,0.06641036777519711,0.0788050383621571,0.08314796478724946,0.08209120685271187,0.1290624879446684,0.12768218964338302,3,39.9114117647059,37.68462245989308,39.17555742296923,39.36306442577032,38.11327450980396,35.80740056022411
93155000705,0.09691206397837959,0.11750918570032809,0.1945697910268791,0.19770690181758255,0.16218295783619396,0.16782365809194744,0.08043413699488154,0.09037933981744571,0.09168166972813196,0.09993286707322113,0.13647783527267165,0.1317602512135636,3,39.33603515625003,37.940799715909115,39.35562500000005,39.226986607142884,38.05328125000003,35.882801339285734
93165000705,0.06801411398048476,0.12029598411319292,0.16900428454941654,0.17458526332547344,0.1348471345570613,0.1341544402631249,0.08691809267744305,0.0954373071747502,0.09125329859144106,0.10955566358495886,0.15497081433459528,0.15315077002123584,3,38.862381889763796,38.13259842519688,39.65169853768282,39.25076490438699,38.23835958005252,36.03901012373456
93175000705,0.08382633750443347,0.13937090046238154,0.17072715493850413,0.16858202987350523,0.11400681710802017,0.11809428036212921,0.0964722118806094,0.09202464856207371,0.08698099455796181,0.10272193979471923,0.17018535011447966,0.1726745730265975,3,38.42734375000003,38.17657070707072,39.553125000000016,39.43879464285717,38.13906250000002,36.15879464285719
93185000705,0.124820162998695,0.13489904076445336,0.1951717024340349,0.1958304958600624,0.13536756596728866,0.13814138121464672,0.08565655575663436,0.08987476840323094,0.07650884077245114,0.0748733885440172,0.16552462805719936,0.16151496335571885,1,37.56843137254905,37.76284531590415,38.85266666666669,39.12083473389356,37.430000000000035,35.684857142857176
93195000705,0.1322186986071756,0.15361404861323535,0.234959757537581,0.261557791440282,0.18508794633089568,0.1882535232580267,0.030065784563703346,0.039928395992319565,0.018623635540279793,0.018664483854081485,0.10942251498636324,0.09673582363757306,1,36.46162109375002,37.01548437500002,37.75746651785717,38.22720982142858,36.85393229166671,34.890569196428594
93205000705,0.16596270453403977,0.16660069531085445,0.24173852701981863,0.2658155350124135,0.21999945067891888,0.223456432538874,-0.009132029432072943,-0.004414530730276716,-0.0061927122337853205,0.008465941644766753,0.05636889426147237,0.0404024002014422,1,36.06105882352944,36.683960784313754,37.049675070028044,37.624285714285726,36.93175163398698,34.681137254902
93215000705,0.18791191761984546,0.1587828016164256,0.2392767069386501,0.23169367897744272,0.2413952080642476,0.22265171093099256,0.007692637491752119,-0.0010074472730504534,0.009160088324079328,0.016757190928739663,0.02632605281530643,0.02106628051283313,1,35.25133333333338,35.933796078431406,36.273036414565865,36.63274509803923,36.26620915032683,34.29153501400565
93225000705,0.17481625030632134,0.20184493891429156,0.2798355396371335,0.26017691334709525,0.2565420193132013,0.22808279516175392,0.0010333257669117293,-0.013952168957985124,-0.02549206526600756,-0.02099588197597768,-0.01374734495766461,-0.015443918135133572,1,33.535221238938085,34.24858407079648,34.39707964601774,34.80580278128954,34.69827433628321,33.00785082174468
93235000705,0.10504405948764833,0.19355341150260075,0.21368725875239353,0.23214005085425973,0.15337157283316957,0.1426873698798351,-0.0662024344652246,-0.03193444858639787,-0.040552557837137404,-0.056634306294835485,-0.02315273552979806,-0.02701283453508115,3,32.40500000000003,32.92599999999999,32.78142857142859,33.39000000000004,33.76500000000004,31.932857142857188
92975000706,0.301817304947797,0.2617985133536801,0.3425240135031049,0.3355383709814753,0.30491057186644543,0.2936292596801913,0.012529329717058132,0.023279046513376193,0.017233708949245478,0.015859900903150575,0.0625722642515984,0.07321397911302105,4,37.936588235294145,37.12851693404639,38.51416806722692,38.933551820728304,38.10315686274513,35.40643697478996
92985000706,0.27400919306091964,0.2314823107153643,0.3180301433894783,0.31670049543026835,0.22219985927222297,0.22945884102955458,0.031029444329760736,0.04355349425168242,0.03848969894534093,0.04632373161439318,0.12110958542325534,0.1235955063602887,4,37.81955078125004,37.26078835227276,38.55650669642862,39.196305803571434,38.47099609375002,35.48797991071432
92995000706,0.25207969195702495,0.23105160068063174,0.302264385246763,0.2962732683209812,0.16556768668632882,0.17148922109136394,0.050861956821937185,0.08149121952991861,0.058735930700512494,0.0677737232224614,0.15559328747730627,0.1690206296303693,4,37.81680392156867,37.50408912655973,38.856240896358585,39.33824649859946,38.75741176470591,35.698168067226945
93005000706,0.2663594611719543,0.2437259605117873,0.32247657822627646,0.31902951504669935,0.21865196041032378,0.22715500955488166,0.03149203339993369,0.06891020000273107,0.03909939194974655,0.04376318920403719,0.12506268185143377,0.132412607989767,4,37.99050980392158,37.7050017825312,38.89298039215687,39.3897647058824,38.483745098039236,35.76356862745101
93015000706,0.2838958356296644,0.28115048110485075,0.34609225869644433,0.35482762334868306,0.28746915090596303,0.3310477751074359,0.004977819164196262,0.02876203544437885,0.005190112760828924,0.005399377589128561,0.05124367885582615,0.04292204402008793,4,37.70218750000002,37.39803977272729,38.33841517857144,39.078013392857194,38.14380859375002,35.56011160714289
93025000706,0.2625059514653449,0.26728279888629913,0.3250733327631857,0.31954465017599215,0.24587288878712002,0.27199775243506713,0.023262842594846792,0.036169265396893024,0.01594295385567581,0.0333226432512496,0.079942804122088,0.08094331972739276,4,37.64490196078435,37.250819964349425,38.247535014005635,38.95056022408968,37.8216666666667,35.55005602240901
93035000706,0.24866338979964164,0.22822986107047016,0.30231275359789533,0.286295185953963,0.20971713492683336,0.20952385757483688,0.05092376819355231,0.060602055998837084,0.029812465724991816,0.05123371615567628,0.12992098235032137,0.1332920410177287,3,38.19525490196082,37.471112299465304,38.50318767507008,39.20801680672272,37.794901960784344,35.763299719887996
93045000706,0.24669603782240304,0.11448207717449939,0.2753441787790507,0.2646631405223161,0.17103859561029824,0.17449691880028698,0.06046841717761708,0.09051101007422464,0.05131714409799315,0.0728792055451777,0.16068139421986416,0.16663623845670372,3,38.634765625000036,37.76919034090914,38.90363839285719,39.496116071428595,38.38230468750004,36.08941964285718
93055000706,0.23187370857016912,0.13513081770442015,0.2824241539670362,0.2712643893642558,0.19060651818290356,0.19320460833195183,0.07287221782219908,0.08099805222203335,0.054721226372445635,0.07466429086505538,0.1434922302141786,0.1399088605410523,2,39.15130208333336,38.05058712121217,39.26911706349211,39.772896825396835,38.8918229166667,36.16193452380954
93065000706,0.21610526135191324,0.18696270370855927,0.25977718073409056,0.2518131358083338,0.1625351286493242,0.17020117898937315,0.07099940132866324,0.06207981053739787,0.06667907453083899,0.09049578174017371,0.15812312910566104,0.14942145746317692,2,39.25394531250002,37.95470170454549,39.045892857142896,39.56457589285717,38.63167968750003,35.75660714285716
93075000706,0.20865516224328207,0.18671650354768715,0.24538800026856217,0.25166016969026306,0.1576838692029317,0.17224892249294355,0.05824028348057147,0.05055544491784246,0.061229042971835415,0.08371791146403434,0.14387212468256405,0.1398901257006561,2,38.57829411764709,37.63219607843139,38.49999439775914,39.13238655462189,38.06558823529415,35.331254901960804
93085000706,0.22797319752862677,0.20342765020905063,0.271347256784793,0.2793720103800297,0.18297518190229312,0.18895662191789594,0.037553451592430065,0.032904356317885686,0.03830903213020065,0.05588217066906508,0.1252224371810371,0.1260285004536854,2,38.622734375000036,37.492940340909115,38.42862723214288,39.12957589285717,37.66423828125002,35.06321428571431
93095000706,0.22209356088264315,0.19799060272235497,0.2786690297080021,0.27498942438293905,0.18909754051881678,0.194404331258699,0.04565140948283906,0.03747699948064252,0.03152966734898441,0.04431526079116499,0.12379187884576182,0.13089086293589836,2,39.38496078431376,37.71819964349378,39.08139495798322,39.51077310924373,37.55741176470591,35.28331092436977
93105000706,0.16569571383297443,0.16774274874478579,0.24915013415738946,0.23594910418614748,0.172835283447057,0.177490237634629,0.08057200815528631,0.07437143893912433,0.05177893134532497,0.060627153579844155,0.12977660656906662,0.135041510919109,2,40.202812500000036,38.147556818181826,39.65598214285717,39.810625000000044,37.94453125000005,35.717500000000044
93115000706,0.1421387960591654,0.15042353961176763,0.2182526440014989,0.20794484101411867,0.14231151318925572,0.15071610854131967,0.08069787271262155,0.08281401659208021,0.07387733040010835,0.08372859304814828,0.13781448177934633,0.14081662993027472,3,40.1129133858268,38.52679312813172,39.71272215973008,39.754803149606325,38.17775590551186,35.82372328458947
93125000706,0.14494742138776928,0.14639149053255096,0.20870757254306224,0.19825285830302164,0.12362430916982704,0.1401392197003588,0.0770384586066939,0.08041826874250546,0.07395671799895354,0.08884610675158909,0.16108538425760344,0.1611863732978236,3,39.77494140625003,38.42950284090911,39.609352678571454,39.594341517857174,38.19087890625005,35.74262276785717
93135000706,0.1423777634606642,0.15741211871306104,0.20688784882134081,0.19935000416110543,0.11587420734120352,0.13133710938341478,0.09158351234361238,0.08901309707001144,0.08024351792592628,0.10128384054291481,0.18206195895578348,0.18499717703636956,3,40.40921568627453,38.10449554367204,39.480263305322154,39.80411764705886,38.47360784313729,35.94344537815129
93145000706,0.14226324309129268,0.16795828635804358,0.21290197758935395,0.21508655580691993,0.14775586337782445,0.1565275837201625,0.09477947989944369,0.06887294541229493,0.07597325631650165,0.09432333655422555,0.15298319532303142,0.1554283217410557,3,40.38949218750002,37.93936079545459,39.240200892857196,39.70910714285715,38.46121093750003,36.09580357142861
93155000706,0.13308379784518598,0.1630814588537403,0.20764706806809297,0.21678144885044473,0.1609724123688305,0.16757668993052313,0.09059463818283642,0.05842963874924416,0.0671094953575555,0.08146041880051294,0.13543987981244632,0.13555815225722745,3,39.564509803921595,38.029593582887756,39.302000000000035,39.34049859943979,38.10547058823532,35.99221848739499
93165000706,0.13122726083383893,0.18117223284207284,0.21104699705028906,0.21704696211963892,0.18349074592697434,0.18661690480075774,0.07736768573522566,0.055552476056618616,0.05538750062987673,0.07036376319592819,0.11504721455276012,0.10800479543104302,3,39.158496093750024,38.172640625000035,39.44811383928574,39.23871651785718,37.955957031250016,36.02013392857146
93175000706,0.12854244178743102,0.17576107807690278,0.2045282023609616,0.2033685793285258,0.1909483167983126,0.1909091940615326,0.07114842630107887,0.05705490718537476,0.06463395024184136,0.0811323442903813,0.11589082924183458,0.10460059526667465,3,38.841250000000024,38.25164867424244,39.47047991071432,39.55380580357146,37.811621093750006,36.28325892857148
93185000706,0.07599681261926888,0.1417506823937098,0.18042706280362372,0.1816621393549676,0.1401110475554186,0.14580955598868575,0.07292367833502153,0.0721874761522985,0.08800807878667233,0.10185032834609349,0.15870132983899582,0.15116915194427266,1,37.84945098039219,37.940065359477146,38.9978879551821,39.3757254901961,37.44406535947715,36.097305322128896
93195000706,-0.009405102468008412,0.14948730519972744,0.20386272878386083,0.20920100226067004,0.1229832370299846,0.12838968762662262,0.023538154455309268,0.047953739907825366,0.04343729295692356,0.05693034050636924,0.17428542021662,0.16029844456352296,1,36.50703125000003,37.195812500000024,37.75700892857145,38.23379464285717,37.05822916666669,35.285267857142905
93205000706,-0.003095683617851677,0.1504535206977059,0.21930871044888217,0.2215896518791423,0.1374560382728483,0.13207358545532413,-0.019013268144753497,-0.005169726007928451,0.0050263387401583695,0.018073481149679306,0.1231341588438726,0.10058098898506632,1,35.84009803921573,36.69606274509806,36.967960784313746,37.59121008403367,36.74006535947716,34.859591036414606
93215000706,0.09915670726424569,0.1347151953377761,0.23831479460932317,0.23788926954148337,0.22551536979153752,0.2131855501793325,-0.009339510777573676,-0.02466439194085979,-0.011002244231349325,-0.012836333382438172,0.015150783438002692,-0.0067150848408346064,1,34.98736328125005,36.083125000000024,36.46158482142859,36.93648437500003,36.193281250000034,34.51631696428576
93225000706,0.09752006565404545,0.15608859114787157,0.25118809681312715,0.25984493190166996,0.22614373605625304,0.2220902382158766,-0.013034138781060078,0.009535978255136048,-0.016493924634129395,-0.02571932195010139,0.004163001492327335,-0.005923313055844863,1,33.81188235294121,35.01372549019611,35.364801120448206,35.771434173669476,35.52468627450984,33.83758543417372
93235000706,0.15296314090867585,0.13542761944700035,0.17876428796444088,0.19505432574078438,0.09616140986327082,0.10583041852805765,-0.01277846303072911,0.027145746964379214,0.00010804173507494811,-0.010982379269989906,0.028591059603058966,0.02795542213789304,1,32.992566371681455,33.75249557522128,34.18266750948172,34.80486725663717,34.32871681415934,33.15940581542356
92965000707,0.35505078099444953,0.3485896737275723,0.3637168280735701,0.3572706981690344,0.24996664352759632,0.23334146875464273,-0.03475711431108906,-0.010418232731119602,-0.006758975456217805,0.006289263239163839,0.10612398220928844,0.121180096920022,4,37.69270588235296,37.06883065953656,38.647736694677896,38.74948459383758,38.08619607843142,35.51709243697482
92975000707,0.32396475225687027,0.3255309952655807,0.3428184826625511,0.3361214696196839,0.21675055817468095,0.21123479452216995,-0.005944548298430162,0.0031512559071416027,0.008088467864581615,0.0233703843650801,0.12771243506722385,0.13757203407294583,4,38.094257812500025,37.14166903409093,38.73421875000004,39.13354910714289,38.006035156250036,35.56694196428573
92985000707,0.27769359946250916,0.31592470664604033,0.334492822488149,0.33516936898231503,0.1961945192486632,0.19928322674012652,0.03288217525125719,-0.0009177700123366161,0.016558402915503468,0.02636930976136058,0.12927029144530203,0.13852632484015295,4,38.434745098039244,37.39633868092693,39.022504201680704,39.36843137254904,38.07680392156865,35.62198879551822
92995000707,0.23810468730516732,0.2774061708478257,0.3105453249299899,0.3105969780590385,0.19732649880461398,0.2044171025045216,0.06699852187011857,0.03419027101335814,0.04261178680462762,0.04151805224682903,0.13829024927690625,0.14888638223055747,4,38.51181640625003,37.67143465909091,39.3106584821429,39.393392857142885,38.52125000000003,35.74944196428574
93005000707,0.26662310934625566,0.2848667511716485,0.33797507535200566,0.34048991370946163,0.2558799161342904,0.26827835215954104,0.04581544220854993,0.02458232067147037,0.02644808419063338,0.02425238213254488,0.10459303422248924,0.10950234283518512,4,38.227656250000024,37.77677556818183,39.22860491071433,39.44409598214287,38.61251953125002,35.81636160714287
93015000707,0.2921610902994871,0.28458633624817714,0.3460067012347281,0.32606617873534566,0.25684179598465556,0.27689241513144225,0.01426803309004754,0.011653613422281486,0.019304549277876504,0.03282734677486587,0.10495834652101621,0.10950654337648302,4,38.06277343750003,37.58977272727275,38.91368303571434,39.34897321428575,38.22394531250005,35.78781250000003
93025000707,0.26897477437468137,0.27733803912997246,0.34314598371000854,0.3271256755380069,0.21462785496431241,0.24131628678125494,0.022635764015071533,0.0038252878002822395,0.011676366998375778,0.024481192291440336,0.12136339878334718,0.13076967973919476,4,38.24705882352944,37.492459893048164,38.870672268907605,39.406873949579875,38.18764705882356,35.812991596638675
93035000707,0.27029419486643746,0.28576649352908134,0.3358606322435662,0.3182206618366763,0.23663845699047667,0.24726165662286803,0.019472836046588785,0.0029364018264459446,0.004677109202475549,0.0173882740400586,0.08744569992995821,0.10255780773877633,4,38.85763671875001,37.762904829545484,39.0065736607143,39.69301339285719,38.39068359375002,36.0079910714286
93045000707,0.2685403118035971,0.2826173376379302,0.33846173994906004,0.3209742553717725,0.24773921623985112,0.24261859557806806,0.013829946347257102,0.005480674000864382,-0.0010203982212869088,0.018045951773038006,0.07296210103187696,0.08390129429165578,2,38.94473309608544,37.842947266256886,39.12193695983734,39.754361972547066,38.26891459074737,36.00193695983735
93055000707,0.24585186139148768,0.2768269729625676,0.35183202284049253,0.3327487131644939,0.2691728499543164,0.2676094990237919,0.04794195462803274,0.025787559429797345,0.003158071692105225,0.024315479270385944,0.09049820740104177,0.09832409997666931,2,39.305172413793144,38.06047718564964,39.04107827038864,39.937334428024116,38.54139846743298,35.970394088669984
93065000707,0.2042605916074678,0.2702018515575652,0.3078048500944587,0.2894566085993075,0.2372467684395173,0.23302199507460875,0.07867477471921958,0.0376999543967263,0.041704252300163114,0.06028951518237591,0.12515493683955248,0.13079775677007788,2,39.79629411764709,38.281408199643536,39.13720448179275,40.03625210084037,38.98052941176472,35.99616246498603
93075000707,0.21932760288473221,0.10902330557505291,0.2740193034987897,0.265592115232721,0.18348877446260303,0.1910995172802359,0.051618982361105736,0.013999903047612559,0.0623248522169888,0.07139024211210199,0.13011392194312066,0.13312384276650846,2,39.03671875000004,37.91617897727275,38.883191964285764,39.617321428571465,38.480820312500015,35.54120535714287
93085000707,0.2462125152349472,0.10998062988122304,0.31889259908713546,0.29480402294327235,0.22818884814486784,0.26140471381299635,0.015910833579141137,0.007619746263577219,0.01885732269900687,0.04231284994120692,0.0688171530909398,0.06802455694505982,2,38.613901960784354,37.576196078431416,38.4645210084034,39.26843137254907,37.75556862745099,35.11356302521011
93095000707,0.22196075646206737,0.1466023537213914,0.320000336621888,0.3026451595360413,0.21813592733815312,0.25319468829547986,0.03572121014985896,0.028093226810597116,0.0007224880610010591,0.029105773246556055,0.0794965474779019,0.07171017998916795,2,39.416347656250046,37.78477982954549,38.84496651785717,39.47130580357147,37.95367187500001,35.352544642857175
93105000707,0.1830457189503838,0.17504030244023192,0.2662238656305799,0.2727233986059825,0.24468882855247048,0.25644797747041664,0.06666399491768257,0.04610385513480972,0.03091241689581497,0.04366259781607226,0.0697982543604631,0.06497935776909192,3,40.50754901960789,38.27206060606062,39.67393277310928,40.03778711484597,38.480235294117676,35.79863865546223
93115000707,0.16507617989554998,0.11477519443724304,0.2410900159738958,0.23964510159566996,0.2293712622486055,0.24869911978021264,0.07303932937793435,0.06446493871044368,0.05439137900248169,0.06017848011106253,0.08904128842550563,0.089331184324692,3,40.391406250000024,38.639715909090924,39.8977678571429,40.229375000000026,38.46062500000004,35.83687500000002
93125000707,0.15586583875119683,0.0955716265598312,0.22202048497274518,0.21438484732061622,0.11757537699304521,0.1430543614551425,0.07710923487320544,0.08460083208046855,0.06553828588221222,0.07568367151543498,0.17327026091516018,0.17430696496739984,3,40.10875000000002,38.71039772727277,39.97125000000003,40.09026785714289,38.22140625000003,35.855625
93135000707,0.19888237469336567,0.18210953719475692,0.2788007572001102,0.2974033983899098,0.1519522004852108,0.16975173395054013,0.05425730887070005,0.07341973375456007,0.02692418059005457,0.02385285286342396,0.14823631942272186,0.1493727448816393,3,40.377705882352984,38.31116934046351,39.539770308123295,39.87108683473394,38.2348235294118,35.900274509803936
93145000707,0.2440293506952003,0.21989339462015778,0.29157663229852915,0.3201227293466217,0.19701083289692178,0.20931138313608244,0.024921456311858492,0.04461279445240507,0.004772363761730959,0.0005789583665318801,0.11183205113047734,0.11495466940687038,3,39.87298828125003,37.76730113636367,38.92578125000003,39.40715401785719,38.27098958333337,35.733995535714314
93155000707,0.21348759222264385,0.19162238614231936,0.2353101103329191,0.2541448525353974,0.16411978064798843,0.1733694328396928,0.028857695705750412,0.038097766684550866,0.02982268840366719,0.04553483324308021,0.12971102303149654,0.13278196296271155,3,39.034411764705915,37.68511586452766,38.88010644257707,39.06381512605044,38.180797385620956,35.574336134453816
93165000707,0.18802239699289203,0.19176851538941267,0.2451836861437187,0.2713964900467545,0.21774232061579823,0.21691261976957324,0.036585510577424436,0.01821616118832026,0.014610082573199179,0.039288099127588794,0.08341652381932363,0.08008773221808953,3,38.81496093750003,37.7566676136364,38.922343750000046,38.9751785714286,37.87539062500005,35.65075892857146
93175000707,0.11174031964495895,0.21627961767940068,0.2306620886945349,0.25962642228274835,0.3054044077715536,0.3074816697695124,0.03059719772789422,-0.01981210018559469,0.01723325281499291,0.03773111084432113,-0.002387756379101219,-0.015083399029287294,3,38.399822834645676,37.55860009544262,38.769561304836934,38.7642632170979,37.30570866141735,35.64059617547809
93185000707,0.06407481699443451,0.18174955568974838,0.20238507847534493,0.2156263297656551,0.22131419624201953,0.2304218864592258,0.04447665751649765,0.004401771540869959,0.05159635545714991,0.06371119257528333,0.05448656444787048,0.04368409345624968,1,37.748222656250014,37.410632812500005,38.5006473214286,38.8670535714286,37.2860026041667,35.64666294642861
93195000707,0.09118738178547253,0.15615108392986599,0.23390377292446063,0.23493595047324312,0.14826949598158107,0.14107294211200638,0.04157941091586562,0.015364234996776954,0.020735008239360322,0.0343750633080216,0.11085910341318916,0.10063735042132582,1,36.98284313725493,37.04317647058826,37.752677871148485,38.344890756302554,37.649843137254926,35.40178711484597
93205000707,0.056724200548048616,0.1389062606031075,0.230046370299533,0.2264368429314345,0.1507956199347973,0.13653861975762993,0.01934725944802427,0.028314615905401297,0.013258366971740541,0.0260666375834262,0.10915483837015927,0.0908678118721582,1,36.14671875000003,36.661937500000036,36.932544642857174,37.5046428571429,37.3926041666667,35.000758928571436
93215000707,0.061890897903148306,0.10246208245847739,0.18900151176779878,0.1830303411273395,0.1342845270154523,0.12280005812644959,0.029857821270232687,0.08051843654875662,0.05092796864462834,0.048567239721031746,0.14097826141937106,0.1201715790757946,1,35.15600000000002,36.25634509803924,36.46424089635856,37.03291316526614,36.506705882352996,34.6378879551821
93225000707,0.06274665381957209,0.1118656762674743,0.18461390827216353,0.18341478156108482,0.12760613806107465,0.120943526485387,0.04049923213248231,0.09739496032981312,0.0670108867042205,0.05859772091475772,0.1561698705834501,0.14217254908061497,1,34.85154901960788,36.12470588235296,36.42185434173672,36.885607843137265,36.65601960784318,34.6474565826331
93235000707,0.07717313058674335,0.11207773836147515,0.1604981848171779,0.16419929887791324,0.10706925102250468,0.10360779631462759,0.06797324665645255,0.07811768119804617,0.05277278310360205,0.05008367638285727,0.11114321465611009,0.10454574714176693,1,34.30601503759404,35.24108885850993,35.737808807733664,36.50640171858219,36.02351503759402,34.22585392051561
93245000707,0.04319197987469861,0.047335953181082344,0.04674664264861143,0.056724244623251686,0.05218796460133678,0.05797681916715963,0.02649302528995388,0.022197302144442523,0.04521959292227929,0.009154229628730493,0.04527398734441343,0.038505545506288985,1,32.97943750000004,33.06122500000005,34.04622619047621,34.765452380952404,33.77795833333338,32.64827380952384
92955000708,0.42746608061333224,0.4135446577039483,0.4392527545968147,0.42507698723714654,0.33930961318212016,0.33441328839079976,-0.08693904337817676,-0.06383757742300425,-0.05786911959517493,-0.04727329308651898,0.03492026554088887,0.034557393970516555,4,36.66858823529415,36.146513368983996,38.22857703081236,37.834997198879584,36.91427450980396,34.535053221288535
92965000708,0.39813050255179405,0.3861945802345872,0.4109007799997926,0.403608515392989,0.3108164086006582,0.3105810636188835,-0.06385306181618944,-0.04541848355438561,-0.0411313716613222,-0.03752342372899875,0.04372395249083638,0.04819746792782099,4,37.44687500000004,36.59940340909095,38.44267857142861,38.468839285714324,37.53390625000003,35.044776785714305
92975000708,0.36123529850967284,0.3539208312203565,0.3756575912941159,0.37982085265043214,0.30821135041751263,0.3115571848754808,-0.03033120754196888,-0.029374325193288756,-0.026244851459903042,-0.02109586340045248,0.038653011133117005,0.051237148064093324,4,37.78716535433075,36.82992125984254,38.499032620922414,38.96079865016876,37.77625984251972,35.29922384701915
92985000708,0.3541867466410622,0.3429898660397157,0.3637215318158269,0.3594846265623346,0.2991496757022105,0.3005758158979006,-0.023072810163284885,-0.020102654940274075,-0.021150120825041085,-0.002493103042070288,0.045425914100633236,0.058298954558267724,4,37.83119140625003,37.06634943181819,38.815546875000024,39.12357142857143,37.71236328125002,35.44781250000001
92995000708,0.31628016784088686,0.33995235536713153,0.3628001156030222,0.3606714124325663,0.27585272275609896,0.28928474127314985,0.000909606460481882,-0.021285655471729115,-0.016093090402137022,-0.00716778589776368,0.04601616043510149,0.05253915720095392,4,38.36052734375002,37.298423295454555,39.0596205357143,39.11345982142858,37.95910156250003,35.48998883928575
93005000708,0.33253041447377674,0.33806711692436064,0.41062266277331927,0.3745697626880571,0.24383075424269135,0.2565578973760792,-0.017603417376385013,-0.026101232016933894,-0.028246177725639997,-0.009851453876962847,0.0841059359849668,0.0936758629247254,4,37.98145098039218,37.238320855614994,38.99144537815131,39.11780952380954,38.08837254901964,35.423378151260536
93015000708,0.32421375799458474,0.2976525976555422,0.3770066698780284,0.3519433146575466,0.2310152147547342,0.2510776122799143,-0.017005114879793837,-0.0012032373460897359,-0.010795965241413796,0.00015385145934487853,0.09716602612752466,0.10927039571106434,4,38.16359375000002,37.39014914772729,39.02822544642861,39.296841517857175,37.976816406250045,35.61122767857146
93025000708,0.3262753892922774,0.28466549783479417,0.3670315098715946,0.35619673295877874,0.2725777720334008,0.3019524436094798,-0.03371102314122254,-0.014719237897679706,-0.017861872681351088,-0.019872315100428754,0.04355527221923693,0.05437624744081404,4,38.28277343750003,37.46749289772731,39.01886160714289,39.40200892857146,37.90529296875003,35.66436383928576
93035000708,0.31397404014368463,0.30702252842572875,0.39301704050038117,0.3638304663307472,0.30407894075148767,0.3237998937238515,-0.016665741134478423,-0.029791194201784086,-0.03478945869135268,-0.033554298147298246,0.03366599904539984,0.040186785915250454,2,38.5808171206226,37.55268128758404,38.67515842134524,39.50844357976656,37.837062256809375,35.55729294052256
93045000708,0.3451360048732691,0.39697215480256165,0.4329905324073619,0.3843988865510096,0.3113768922119606,0.33753702013334747,-0.03011454227185753,-0.04112812222544597,-0.04479900086687988,-0.028898041617475737,0.04276943448217073,0.04764406768546702,2,38.5966027874565,37.295017421602815,38.38197610751622,39.36534096565459,37.47343205574915,35.267312095569984
93055000708,0.3785289605458577,0.419831084503847,0.501863325694028,0.4325713947707531,0.4022801370012994,0.45352178543221716,-0.02449524496481115,-0.043396246378474376,-0.07613344407256911,-0.06225253405670325,-0.018557537288642397,-0.020413055460827022,3,38.98196078431377,37.61742245989307,38.41830252100843,39.38221288515409,37.67786274509806,35.3517591036415
93065000708,0.2977853623675365,0.3231949695409872,0.4090026814563602,0.37629603872112205,0.3205470120205599,0.34476256528321436,0.0343711803320284,0.010581205415929483,-0.0185339236431116,-0.01930997490188947,0.019329620379151084,0.041284128614500454,2,39.85950980392161,38.05315151515154,38.81896358543419,39.67970308123252,38.43500000000002,35.746549019607876
93075000708,0.2874200153746642,0.31016743766500593,0.3863022713921964,0.3563674815231934,0.31899697618791834,0.3184607485309243,0.022919569484656677,-0.015376476850112938,-0.0034476072378311086,0.003843344458800856,0.02791125352450763,0.05425496045427281,2,39.24080078125004,37.835042613636396,38.716149553571455,39.48717633928574,38.11531250000002,35.50357142857145
93085000708,0.34826457629016805,0.36190027466007313,0.4485022404614617,0.4062327645572962,0.4436253441899431,0.45757065058923235,-0.03161501771971291,-0.0742689580617783,-0.04605487751610139,-0.03428117135430084,-0.03830868603990359,-0.04401712722199805,2,38.1748235294118,37.35385739750449,38.32567507002806,38.94532773109249,37.6037254901961,35.01284593837539
93095000708,0.2997539730276913,0.31295563350431627,0.3894392622169107,0.3894196490291506,0.321265995153226,0.3358254093909636,0.0014530500739056147,-0.042646458780836845,-0.020898075366858393,-0.01983198612288107,0.041131316422251984,0.035195325050153776,2,38.63449218750003,37.56096590909095,38.77866071428577,39.17553571428576,38.10632812500003,35.29428571428575
93105000708,0.21928591102946038,0.2396291494953866,0.29030096203673117,0.2991615858732485,0.19340842383749346,0.20091244186840806,0.04999052758018176,0.012551034630422352,0.028240410077805613,0.03944795084934609,0.13225404765803878,0.13273946285138233,3,39.80794117647062,38.19452049910876,39.40992156862748,39.83196078431375,38.80635294117651,35.73393277310928
93115000708,0.19448890798958016,0.2014933827886125,0.2640065677696839,0.2807200290844776,0.20469775859965011,0.21499428187962621,0.06319823552621529,0.043539469967072364,0.036166567690088414,0.049941684294026345,0.1261611028412517,0.12195249418618913,3,40.342773437500036,38.53377840909093,39.683649553571456,40.165792410714296,38.841074218750045,35.77232142857147
93125000708,0.16294602621493376,0.16001970695952575,0.2419330718831753,0.24542591990683021,0.1486117357578803,0.16295137637712823,0.09124895745492356,0.07302322099606195,0.06044685886072831,0.060628693580158106,0.1558634705665543,0.15107025552218353,3,40.15750000000002,38.713350035791024,39.71308211473568,40.11368953880766,38.72566929133862,36.05938132733412
93135000708,0.19381558010354638,0.18718989938497543,0.2551943394355476,0.25398394698277116,0.17841749219223854,0.18557948991656306,0.0754387020424474,0.06933377683162689,0.04634044371778146,0.046091857366263866,0.1308668775018305,0.13054665550589561,3,39.773125000000014,38.435340909090975,39.245714285714314,39.66044642857146,38.41796875000002,35.92732142857146
93145000708,0.25264025564287224,0.23074740916490555,0.25783623077121437,0.26102205514907834,0.1976517675554051,0.20287390409731398,0.035909419368002925,0.039692108519375324,0.035602477046788907,0.04128780137090122,0.11525845375715518,0.11105035593112308,3,39.13521568627455,37.79802852049916,38.78874509803924,39.190492997198916,38.103450980392175,35.44549579831936
93155000708,0.22297076234826818,-0.03720008391959994,0.2421554665779695,0.2572129131294787,0.15089599636849016,0.1621242932160385,0.043169819335162174,0.018523216521477,0.024643501441460106,0.043189659096242394,0.14066308207111436,0.13230488882982172,3,38.256738281250044,37.51186079545458,38.77366071428575,38.96582589285716,38.101914062500015,35.38838169642862
93165000708,0.19565593635334688,0.07302262999263465,0.2642732021855373,0.29645689679127113,0.1925354840708714,0.19541838800205905,0.03740846767733969,-0.005050594224503229,-0.012650815488807128,0.006630995073447041,0.0980040412030968,0.09176882148227272,3,37.93270588235298,37.4717483065954,38.86532773109248,38.86124929971993,37.70933333333336,35.44398319327733
93175000708,0.2088948258024175,0.26746512588579213,0.3013072279281914,0.3221457531908527,0.2810014616698027,0.2986745382659137,-0.005846845994483374,-0.051761931797955185,-0.01745271625259193,-0.014764389372430742,0.02087698003742844,0.01361255882511614,3,37.66589843750002,37.2350241477273,38.41843750000003,38.35312500000005,37.097773437500024,35.282767857142886
93185000708,0.18965488029061817,0.2685870324494317,0.2997401977190748,0.3094680532813072,0.3042728699510917,0.333704786200542,-0.0009307151012762908,-0.0518928453384433,-0.019083325751125816,-0.005603513120149729,0.010316022657207213,0.003172984528646339,4,37.764804687500025,37.00837500000002,38.0187723214286,38.13941964285718,37.490533854166706,35.2043303571429
93195000708,0.16997952367745192,0.19416583320673775,0.245058809892804,0.24328075629823348,0.27484631970816964,0.26522853754314724,-0.0005262552030092359,-0.014398787492046167,-0.0032351369293881407,0.018138458086725543,0.03073332346975803,0.02404517160326827,1,37.329372549019645,36.741160784313756,37.54894677871151,37.80473389355744,38.013843137254916,35.0572717086835
93205000708,0.14064155486266827,0.13894850012729879,0.18589640024583787,0.23095490515697747,0.1730032864725217,0.16064228120376356,0.008758512063650413,0.03144358709687367,0.04651910915708868,0.02439463339942449,0.09993113060772883,0.08438299884437583,1,36.500117187500045,36.59981250000005,37.06263392857145,37.4737611607143,37.82197916666669,35.079441964285735
93215000708,0.11763177954537027,0.12187576799416075,0.1583517647257038,0.2082609638863919,0.10127049588105258,0.0991815376515482,0.05655692175176798,0.0831188628194379,0.0904504663073549,0.05304988610247771,0.16958477426977717,0.15254988991746715,1,36.06876470588238,36.67102047930288,36.98930532212887,37.50932773109246,37.35517647058827,35.22053221288519
93225000708,0.11494023355771787,0.12895673676393926,0.17166704474948347,0.17084065545350313,0.11412762035615744,0.09872427792288363,0.0739296316751279,0.09709994588047267,0.09257407824043185,0.08895988622680306,0.17795483442023396,0.1688160395715386,1,36.22882812500002,37.115274305555594,37.37870535714288,37.76959821428576,37.704765625000014,35.44013392857148
93235000708,0.12281436273237553,0.12331601985136392,0.17457090811446982,0.17515553887089785,0.1469601890403219,0.13885185948024645,0.07548806289347207,0.07385071055502843,0.061866236363865366,0.05405799992616168,0.11925548242359627,0.11317878564371879,1,35.79982578397215,36.39625530566996,36.989333001493314,37.59713787954211,37.30266550522651,35.127033349925384
93245000708,0.08936097692040837,0.05342437323986315,0.09595421675373526,0.11094339080885346,0.08930468059637968,0.09277498447427562,0.050595291718548416,0.03331546402883296,0.03025555597508655,0.02193176240167197,0.06365996862159055,0.05890239556046094,4,33.74568627450982,33.50799643493763,34.562784313725516,35.33779831932776,35.41186274509807,33.261428571428596
92955000709,0.48983598171788106,0.4525346786660306,0.5259065279627547,0.5232134334304753,0.5172896104700425,0.5106234484735658,-0.13175426324939027,-0.10144785484846901,-0.09875775564133243,-0.12008141189375345,-0.09287006914725197,-0.10119492103010141,3,35.868046875000026,35.29862926136365,37.25475446428573,37.31991071428574,35.722285156250024,33.31351562500002
92965000709,0.49025054702571796,0.46396615972705924,0.5283464678362304,0.5428265979477004,0.5040599921170403,0.49931766753103224,-0.12679795289740844,-0.09519335992780387,-0.0971460007715459,-0.12000411687528387,-0.07264675899755722,-0.07229046082379771,4,36.6339803921569,35.791511586452785,37.58309803921573,37.676263305322166,36.25898039215688,33.68913725490201
92975000709,0.43378061475232244,0.4300682982429862,0.44593632081523543,0.47960668569430714,0.3478734167292714,0.3400128160137683,-0.07650695182383062,-0.06481049623107539,-0.06236239511054009,-0.06638427609868813,0.029555315923062153,0.054084154893644154,4,36.98187500000004,36.17093750000003,37.937544642857155,38.0821428571429,36.861796875000024,34.32151785714289
92985000709,0.36699175555258995,0.3606052035465837,0.3731549102813006,0.3841753685846925,0.28265008097514516,0.27285575377754867,-0.03168663388350979,-0.03305422281846404,-0.0307466233643936,-0.02242948100320064,0.07410324185912032,0.09340249732485972,4,36.58398437500005,36.201704545454575,38.2844642857143,38.259151785714316,36.83718750000003,34.68727678571431
92995000709,0.37640273500891286,0.3528729734467525,0.3894895259071799,0.3996590068527296,0.3298304131218031,0.3239676108547285,-0.03896859003340497,-0.029360662634466204,-0.036981969439954146,-0.03629690300965426,0.04501985762560484,0.053537219214965306,4,36.63962745098043,36.20626381461679,38.46256022408967,38.08147338935576,36.860352941176494,34.618549019607876
93005000709,0.40509104216471314,0.3690537136280909,0.4274984474759549,0.4229363523190841,0.34486820886377245,0.34613506053574383,-0.056938618030471844,-0.04134056179464096,-0.041108624151092954,-0.04884880718236673,0.0395180101331789,0.044307091644441236,4,36.97740234375005,36.48764204545459,38.618470982142895,38.23457589285716,37.52107421875003,34.8963392857143
93015000709,0.37146433675661683,0.3505418701097369,0.3917286564828828,0.4002970646834001,0.35392955754650757,0.3602431182516739,-0.04360651012029849,-0.049392367879136145,-0.04143000667500019,-0.03719930619149636,0.03013408654078376,0.037516516487812616,4,37.51382812500003,36.85130681818187,38.794252232142895,38.70957589285717,37.67076171875003,35.172745535714306
93025000709,0.3462842764807682,0.32390663226445515,0.35929493541811025,0.3753506681498359,0.3669023147985047,0.3706816429016637,-0.04343560447587686,-0.041255551798488284,-0.051601475174082256,-0.03693380172355283,0.003805666621409208,0.0008559097554169427,4,37.789490196078454,37.03493404634587,38.69302521008405,39.128072829131675,37.65076470588239,35.159165266106484
93035000709,0.3513767695468333,0.30843243023587597,0.376652157244583,0.3661950588640239,0.32394818408000803,0.32848033655641806,-0.03130460465359243,0.003358237173718711,-0.025332856293162977,-0.014287747536501331,0.023200844395129625,0.026489921903703362,4,38.246701388888894,37.0767171717172,38.21251984126987,39.20208333333335,37.47687500000002,35.15017857142861
93045000709,0.47419970855116844,0.41390255163423717,0.4529895663727075,0.41490996174979955,0.38247059989953414,0.4101277592708356,-0.09827288459382544,-0.035743446391279576,-0.05008698058782102,-0.024085434026346775,0.016177805402548984,0.026883968690526675,3,38.25257812500003,36.875795454545475,37.78829241071433,39.0524553571429,37.48585937500001,34.940904017857186
93055000709,0.5237069987783245,0.5205592225579654,0.5910840501972273,0.5195040892152225,0.5622401058673858,0.6045113626648397,-0.12572316008747791,-0.12452159369108723,-0.14161864907718172,-0.10101222875071506,-0.08678487080569361,-0.09971090074555547,3,38.19731372549025,36.98555080213906,37.55717086834736,38.77535574229698,37.25876470588237,34.67887394957988
93065000709,0.4150661709718406,0.4317428655922413,0.5422891490161418,0.47733606072142726,0.5061220247298479,0.5127373789437115,-0.04841109680637601,-0.07150291779544204,-0.11333056158764519,-0.10965811606001806,-0.07307151143322699,-0.06533358976594171,3,38.434062500000046,37.37562500000002,37.79383928571432,38.86330357142861,37.221406250000015,34.915401785714316
93075000709,0.3840235421470567,0.3619836886723836,0.4647999361449597,0.4504824203603408,0.42907992309215026,0.42016788814582073,-0.03749448181878703,-0.021421166217210248,-0.060378330515003666,-0.08100469435985182,-0.04130231016406826,-0.026803937335224712,3,37.925549019607885,37.26353297682712,38.110134453781555,38.7921736694678,37.12213725490198,34.906224089635856
93085000709,0.42848184797912836,0.3812069845153019,0.46407536428887397,0.46437261393293744,0.4567688283277676,0.48471136961597955,-0.09211858311391552,-0.0638720801944146,-0.06222753874317278,-0.05471275629315641,-0.04586002202631789,-0.06345678200523251,3,37.67998046875005,36.89416193181822,38.23408482142862,38.613225446428594,37.12695312500002,34.69861607142858
93095000709,0.34551896955452716,0.28290059461313133,0.39025290526595774,0.3920702916734359,0.3409839266655492,0.35173327753356864,-0.041849118339664794,-0.03465399423331095,-0.03922222224520703,-0.0380859793401232,0.029205775962156406,0.019790939490000412,3,38.295333333333375,37.25817825311947,38.555086834733956,39.11905322128854,37.937568627451014,35.07536694677873
93105000709,0.23590689082629981,0.2090787406777963,0.30827019759453833,0.331538018072024,0.2277779824798927,0.215207317029126,0.028981696959817782,0.016308282844875066,0.005345517427485902,-0.0042883115766017,0.09995472826994956,0.10520695277955383,3,38.89019531250005,38.03815340909094,38.92459821428577,39.61979910714288,38.800742187500035,35.46540178571429
93115000709,0.19586028789772708,0.18843902688400418,0.26976667590001047,0.30310471163076513,0.19485678105962043,0.1982376221932617,0.06347118683305442,0.05640648441279636,0.04254332936423666,0.04300620880744913,0.1145358123031317,0.11559615853954763,3,39.11692156862749,38.495133689839605,39.41061624649865,39.81931092436976,38.91305882352944,35.68445378151263
93125000709,0.18065142002888024,0.16794667185120316,0.2187207346432842,0.23603776219533756,0.13901340018492192,0.1571883451542817,0.0792940911342157,0.08195013520927387,0.07578099121747073,0.08471178033505566,0.14544867601944134,0.14426005556015295,4,39.00701171875003,38.796853693181866,39.792087053571464,39.63373883928575,38.71445312500003,36.02617187500002
93135000709,0.19572227011667562,0.182840958237648,0.23637779557611793,0.2274050020496361,0.16029353154590353,0.17780460539506746,0.06345448734646197,0.072941854596138,0.054013285880500916,0.0769816787505988,0.1214222426060587,0.12201815791195257,3,38.840195312500015,38.694090909090946,39.52090401785718,39.23760044642862,38.20884765625003,36.00302455357143
93145000709,0.2055193848469678,0.19962064921855924,0.2556744659648222,0.23953978524488562,0.16700259260102815,0.17701934891588547,0.05216221397413927,0.050937337800860405,0.03299065671276812,0.056501927708878234,0.11344502962687436,0.11055413902390238,3,38.638666666666694,38.16480213903747,39.15594957983197,39.191635854341776,37.7531960784314,35.83289075630255
93155000709,0.1981279761530459,0.17332093057961298,0.26024291664361954,0.2550782267935574,0.17320815939456227,0.19416026351973414,0.04928218381246552,0.029001866146151363,0.01299810007913038,0.023186260368674997,0.10480631270911546,0.0967469710158184,3,38.236093750000045,37.70208522727275,38.8689285714286,39.08625000000003,37.37875000000003,35.616964285714324
93165000709,0.20107347772401923,0.1725514394979851,0.25435770329307106,0.2682109694854886,0.2088064875672845,0.22265530883097182,0.033996938922164016,0.01685263579528706,-0.007590479188251729,-0.0038887943049856254,0.051155009449404834,0.05132565771540006,3,37.87072549019611,37.35318217468808,38.76701960784317,38.795983193277344,36.90596078431375,35.284745098039245
93175000709,0.2055821992107667,0.1955858629080467,0.2548632245743648,0.2845543521689251,0.21301234140992165,0.22332591621670875,0.01801962425167858,0.016968617150268987,-0.007655447952856775,-0.005621723918011412,0.04783708230388583,0.04146698208569433,1,37.35710937500002,37.27444531250004,38.5001785714286,38.250290178571454,36.90688802083335,35.193772321428604
93185000709,0.20024527316018353,0.20463592853201062,0.282428046732437,0.29038379722692836,0.21570389676751114,0.23336549830718303,0.0105168779571284,0.013638882530166919,-0.021651678608627767,-0.010679436425905763,0.04877907108867496,0.035675765825508854,4,37.116909448818916,36.89520472440948,37.745556805399346,37.77457817772781,37.2240419947507,34.91602924634425
93195000709,0.19537926150951537,0.07524273983602013,0.279292868450284,0.29552588367369026,0.21079458459280434,0.21220075199380517,-0.008473770421915106,-0.019794206304306332,-0.03343637184298132,-0.03212015584722394,0.032815524711622863,0.02544012971338816,4,36.731093750000035,36.41145312500005,37.163035714285726,37.58743303571431,37.35083333333338,34.56444196428574
93205000709,0.2064857146319221,0.053623564093821234,0.2720235724075168,0.32468997952984824,0.28012173462147805,0.2185112890659594,-0.024857588988893172,-0.0031068489657013446,-0.03809728350709467,-0.05966116126042371,-0.008556447952401403,0.0295724516990138,1,36.54205882352946,36.66306318082792,37.216240896358556,37.872924369747935,37.476928104575194,34.97002240896361
93215000709,0.1910627027391456,0.12945063412189484,0.23342787940055132,0.2677040903363377,0.2659646457468625,0.2073672949336469,-0.0008799218412605106,0.07489717006683351,0.006161360477562994,-0.011986204763161368,0.03417351277312263,0.06513953531975858,1,36.69072265625004,37.22038888888891,37.66724330357146,38.287633928571466,37.69291666666669,35.56569196428575
93225000709,0.16112162574190933,0.12865576139267754,0.20066222317544297,0.20685479380327837,0.1905881723464635,0.18035338863015613,0.04444449867132186,0.028848040413611352,0.05768145059967393,0.04551267287800453,0.10278075985692964,0.08887542654997307,1,36.86756457564578,37.621145551455555,37.96616236162364,38.30066947812339,37.88476629766298,35.76108065366372
93235000709,0.15325925734770646,0.12016619933659542,0.18386546851081004,0.18186512096401522,0.16564646078383222,0.1563288471661508,0.0727296627318377,0.03404253413188652,0.06307132592808237,0.059164386715137345,0.12003430395441896,0.11469755042344332,1,36.41735294117649,36.563116532976856,37.469443277310944,37.92565126050425,37.511525735294136,35.314548319327756
93245000709,0.12626292242202908,0.07180183213495184,0.11141540709650144,0.1193663963349536,0.08154966960137244,0.08412618099828251,0.046513094763213296,0.02056827465639799,0.02759225443151081,0.03286421392840566,0.10040219635993708,0.09196760736813303,4,34.46017578125003,34.01283913352274,35.38629464285715,35.97044642857147,36.28146484375003,33.78006696428574
93255000709,-0.04445508347599062,-0.04432465754203744,0.021604683478541966,0.027927130675659734,-0.07655018289665601,-0.0629184657073283,-0.17632344027387575,-0.14404729355617868,0.0362148988214168,-0.011125727699926268,-0.039022167121152314,-0.037746963531270133,4,33.159083969465684,32.425572519084,33.546074154852796,34.28415485278084,34.98419847328248,32.54541984732829
92965000710,0.545837999779289,0.47224453028480884,0.523940716001947,0.5505303003020205,0.5400102711835151,0.5301756304451974,-0.13845404894170113,-0.0971243695624299,-0.10462947600221228,-0.13221184423161766,-0.0932959197049613,-0.07823082444778942,3,36.15470703125004,34.99204545454546,36.99668526785716,37.23710937500004,34.86138671875004,32.82625000000003
92975000710,0.5001513758126428,0.454774682077707,0.4780467056760601,0.4855974116746117,0.42826709817437564,0.4197522082165176,-0.09214205062564682,-0.07887335339305449,-0.07177290383215044,-0.08022331577159611,-0.01777484901979858,-0.00670442470148498,4,36.414568627451025,35.576381461675595,37.710649859943985,37.70391596638659,35.77943137254904,33.611759103641475
92985000710,0.4199274225393311,0.3731239509070292,0.4248295903671533,0.4169340907828883,0.3194209861103446,0.31869079772150144,-0.07286999483767431,-0.04401919675001409,-0.050687539667706005,-0.03699648178735515,0.04848948997823754,0.05372437139158137,4,36.30841796875005,35.86232244318184,38.1037834821429,37.65429687500002,36.188417968750024,34.166674107142875
92995000710,0.4109964407980442,0.39426504168659454,0.4123437241651118,0.4249367485754192,0.28006703220307827,0.27189452527090907,-0.061756968061672524,-0.06101911666337401,-0.05027340550441295,-0.04897293631802312,0.08086436556186527,0.0946588800288737,4,36.60804687500005,35.87732954545458,38.027366071428595,37.535535714285736,36.18343750000002,34.28125000000004
93005000710,0.41948802611407116,0.4087099827972114,0.43997181502043037,0.44084329476543505,0.30492526047370017,0.29687136306482204,-0.0672549327214559,-0.0648733019390527,-0.06096872173103632,-0.05492296049407885,0.053889534461732,0.07979165359454998,4,36.89056862745101,36.0674830659537,38.16303081232493,37.66811764705884,36.65945098039219,34.55343977591041
93015000710,0.41957186004694763,0.40187491447317836,0.4651401442639968,0.4385424668882407,0.32030245813668945,0.3169942403540892,-0.07791490132610003,-0.07300998397609768,-0.08119566741527295,-0.06004937425547954,0.03778204039907923,0.05916997510574611,4,37.00145098039217,36.320474153297695,38.28854341736696,38.019568627450994,37.077411764705914,34.757226890756336
93025000710,0.3965341097903701,0.3862915677844353,0.4609630983955455,0.4517765908871056,0.40087551238401875,0.41480965558088045,-0.06619644080692866,-0.0652136194150684,-0.0867121102112644,-0.07476888183715207,-0.011476611669333477,-0.021283300937908995,4,37.31762264150945,36.51097427101202,38.26892183288412,38.34784366576824,37.03064150943399,34.67532614555258
93035000710,0.3523567786780737,0.3267612803366876,0.4102574633868364,0.4006180254789236,0.3634589804757026,0.38433672621258697,-0.025963545319587524,-0.001795082833738095,-0.03947767363627537,-0.02302520564593721,0.014601198522420773,0.010845163416477946,4,37.955483870967775,36.781495601173056,38.326897081413236,38.83602150537637,37.46559139784951,34.823046594982124
93045000710,0.3806960713629629,0.34032722360947554,0.3855137114431344,0.3539054612318675,0.2628488394559598,0.2739429283375834,-0.034031913641328904,-0.0031219626155992346,-0.010478967201768184,0.014450811439504226,0.09335652207042656,0.11064818627109715,3,38.27572549019611,36.96397504456332,38.151053221288535,39.09448179271712,37.63492156862748,34.94625770308127
93055000710,0.44335457903798664,0.4048555293120443,0.46295585960615426,0.4473078261362389,0.44737461488693947,0.49940192757640034,-0.08356560728861949,-0.05503920710725651,-0.07508008521108422,-0.044737696001902805,-0.022788585687521845,-0.031812438886845484,3,37.790000000000035,36.81860795454549,37.42343750000001,38.40691964285719,36.98359375000002,34.40762276785718
93065000710,0.45029625773895526,0.4105850635096431,0.4990614503622055,0.5176855254685506,0.6042742450954393,0.6337331499671562,-0.08539563411522977,-0.05469723317946773,-0.09786523206275888,-0.0835624569444917,-0.11966356621996965,-0.132351264670433,3,37.831503906250035,37.01924005681823,37.528125000000024,38.38408482142862,36.77693359375004,34.3736272321429
93075000710,0.44060960528897297,0.36305687719700386,0.4661817171994378,0.4872796602108899,0.5494751225499546,0.5584053917258394,-0.06421671921624711,-0.03783541955784255,-0.06682423280150282,-0.07637775061177272,-0.1267487946240341,-0.12246160310711346,3,37.88986274509808,37.21155436720147,38.32978711484597,38.75156862745101,37.14882352941179,34.6525210084034
93085000710,0.396721581928432,0.29851471632719045,0.386015139054507,0.4247408830560744,0.3610044156666845,0.3988518149126321,-0.05485624889843166,-0.02119604745530523,-0.024069432314718146,-0.04890830686781556,-0.020214253047015518,-0.015591132105328141,3,38.08937500000004,37.111568181818235,38.53120535714287,38.7832142857143,37.51460937500002,34.73303571428574
93095000710,0.2856826937081767,0.22296902239322663,0.31493069728215534,0.34832835945428586,0.19801400590176677,0.2092781458415237,0.005398366337313373,0.027549477432872733,0.016067449069198443,-0.004580958757330389,0.11145582020867106,0.11550799576090831,3,38.66917647058827,37.434217468805755,38.57506442577035,39.17128851540618,38.23052941176473,35.14778151260508
93105000710,0.2254096397664398,0.20693179493537173,0.28612322488334035,0.3009456653380767,0.20506654761265963,0.19922789151314646,0.0456207560346229,0.039670604041020845,0.030375654216186376,0.03381010236898874,0.10688068458694033,0.10186162340687588,3,39.00000000000004,37.91789772727276,38.9037834821429,39.39965401785717,38.76074218750002,35.388973214285755
93115000710,0.2047038244266136,0.19024389824446508,0.2561237055881351,0.2772032906027401,0.1957818722608043,0.19956576187236635,0.06138873915461933,0.06167731377131799,0.052321665080300735,0.06237143811623694,0.11968247905081394,0.12093113280978858,2,39.24786274509806,38.43533761140822,39.59824649859947,39.66737815126054,38.82672549019611,35.7031428571429
93125000710,0.18947352038230747,0.16853173926938325,0.22184345696587116,0.2352066243765876,0.16852657473646104,0.18860252236481756,0.0690366767521482,0.08288665488362314,0.06709910882636905,0.08723408496007323,0.14157154416898268,0.1403363010613248,2,39.25808593750002,38.8293181818182,40.12147321428574,39.75408482142861,38.56535156250002,36.07625000000003
93135000710,0.1987255992258296,0.16596956562762166,0.22785439538020713,0.25721181292159884,0.17963236120401643,0.20519339804555858,0.05443588023384412,0.07134771946014143,0.04346723208094344,0.059298053179301466,0.11615114644461987,0.1141591197719761,2,39.04627450980395,38.730901960784344,39.87845938375351,39.44847619047623,38.03684313725492,36.05285714285717
93145000710,0.19906253262888637,0.17215756175573915,0.23697323340456933,0.26703884179005405,0.18032012507319448,0.2103786474908702,0.0458083819685271,0.04725602229882497,0.034013118616712745,0.03079919677838916,0.09814597578952089,0.098235038400162,3,38.69169921875003,38.29295809659096,39.40600446428573,39.17890625000005,37.62873046875004,35.97478794642859
93155000710,0.1814667870016659,0.16787088858146293,0.23313891840916054,0.2479984222089543,0.1803879037207248,0.21671805393462085,0.042662169535954794,0.029513726237357832,0.03326447011501181,0.03019177292784055,0.10731392355234015,0.10289648255588962,3,38.476333333333365,37.865709803921604,39.05361904761909,38.990739495798366,37.24056862745101,35.76052100840337
93165000710,0.19364476203918457,0.16161384526640177,0.2396166282705963,0.24956068489700556,0.17913050297647715,0.20018745772540572,0.03940833528758958,0.020479629543842744,0.016639199835481122,0.03040487127145752,0.10479127959115432,0.1005337490933016,3,37.91265625000005,37.59437500000002,39.080357142857174,38.805178571428605,37.27593750000003,35.52008928571429
93175000710,0.18484654929123673,0.15689944969672784,0.24621076607236678,0.24632518303160572,0.16452515902472478,0.17579609856886022,0.030467468456310383,0.023134873595600035,0.007818006662031014,0.0209412847663842,0.09753806398195379,0.08641448140728707,4,37.285450980392184,37.62010718954251,38.91099719887957,38.49556862745102,37.51028758169937,35.369327731092454
93185000710,0.1592541813151911,0.16099935647471125,0.2562349898507819,0.27025038178544497,0.20270707178860903,0.20626725791953504,0.01995232476201636,0.008982919503277514,-0.0034659378598007606,0.00016771281298133555,0.056451904707500944,0.05063765601562408,4,37.16824218750003,37.00665364583336,37.797712053571445,37.84098214285718,37.41424479166669,34.80795758928576
93195000710,0.18449110788060352,0.15929017829188666,0.2626298677641899,0.2953998122829944,0.2734306512866169,0.2759720050962642,-0.008714940780009783,-0.024085391288647406,-0.017054897938578506,-0.019643998512037797,0.0025631420976424115,0.0001917386948662169,4,36.80189453125004,36.29310937500004,37.04495535714289,37.51090215773814,37.01914062500005,34.48441964285718
93205000710,0.22328895073311003,0.16382954302589575,0.25382166107495624,0.2768215008810455,0.24820635897271773,0.24503294381440854,-0.0371672029369602,-0.009848970651431374,0.0019280465064095524,-0.0032913269803804546,0.04554425049938408,0.0562023904466746,1,36.67209803921573,36.7609612200436,37.261753501400605,37.88005042016811,36.998418300653654,34.97601680672272
93215000710,0.2105345680611208,0.1664622649550438,0.21420569228939712,0.2259001274360344,0.16447563463589177,0.1552346316166222,0.0020840276702074373,0.0487794978544116,0.050073530932422734,0.049340982965077274,0.12839669617824256,0.14431791071547198,1,37.05347656250004,37.418415404040424,38.03625000000004,38.660357142857166,37.90729166666671,35.71703125000002
93225000710,0.1748696181416927,0.15724953323945232,0.18667042686341115,0.19261104424033013,0.15390549867514533,0.15035434088017466,0.05852635242434329,0.07129331944449345,0.0792653288445614,0.07773007059190747,0.14077143417833576,0.1379602963708419,1,37.10766550522652,37.692729665998,38.45889995022402,38.90809855649578,38.08558072009293,35.90436535589847
93235000710,0.15396676410455257,0.13770029228180647,0.16794816078618172,0.1700056901900098,0.1328312941477634,0.12427938141627239,0.09180556982755661,0.08803226134034503,0.07826453610323371,0.07177890097955242,0.11100762709975243,0.115591423062142,1,36.448398437500046,36.88615104166671,37.75928571428573,38.322611607142875,37.388437500000016,35.404241071428615
93245000710,0.1256333554492277,0.10485124466724174,0.1305860918526556,0.13935734495228413,0.07752653664233639,0.07689229480776133,0.06074653546891961,0.07667465789546801,0.039428863002389083,0.03863264653904765,0.07090179870525996,0.07361400916295893,4,34.66231372549024,34.65270112893646,35.82787114845941,36.692711484593865,36.26803921568629,34.12546218487398
93255000710,0.025572960600690087,-0.06330066815633136,0.03189536772443654,0.03585998289460359,-0.09253026815781068,-0.07889871450877468,-0.09006206839626961,-0.16461756949303388,0.023335967283306086,-0.028718538224957024,-0.07884135805503574,-0.047254390646378666,4,33.78984375000005,33.61819602272731,34.89107142857145,35.84741071428574,35.72421875000001,33.4882142857143
92965000711,0.43038019931255866,0.3887017293629913,0.44147391065123115,0.480632009542533,0.41857507749257356,0.4214804647537658,-0.07118971040708764,-0.05888046741220855,-0.059789290680044196,-0.0704178137676365,-0.02441223701320324,-0.023250795409159006,3,36.34468627450984,34.96696256684493,37.58286274509807,37.37471708683475,35.042000000000044,33.037854341736704
92975000711,0.4854357701260597,0.44272642268333584,0.44935487676411867,0.4769343545194716,0.4512200704775751,0.4452968039549887,-0.09630988995195366,-0.08320024178829044,-0.07235257487627678,-0.07538549118908122,-0.03660748144466198,-0.030283108062576503,4,36.30132812500003,35.26203125000002,37.799620535714325,37.40580357142859,35.561914062500044,33.62289062500003
92985000711,0.4586517793359235,0.4318072720197961,0.45386878203134984,0.44647930527571583,0.4014137121848762,0.39206183806527406,-0.10565174123621547,-0.09472151113732252,-0.08701249450678006,-0.08001967422023881,-0.018428482624585737,-0.007027043524431062,4,36.29763671875004,35.55872869318185,37.68802455357145,37.514966517857175,35.98615234375005,34.04813616071433
92995000711,0.47464820240058153,0.48354435165723164,0.500663181029114,0.5232814459239735,0.4352124755289041,0.44260631729574773,-0.11900373730881542,-0.12785042172261313,-0.1201721027493477,-0.13676241754608998,-0.07107277915758245,-0.06856201641699847,4,36.53654901960789,35.57215329768275,37.39870588235296,37.19941176470591,35.70723529411767,33.80179831932776
93005000711,0.5055527393724404,0.5062486891653024,0.5538555353295569,0.5562195059131173,0.4514101111421398,0.4759694285252515,-0.13306970732177006,-0.11840985174856934,-0.13604436186598798,-0.14795168597324224,-0.06358334927582274,-0.07547115002777063,4,36.55923529411768,35.65990374331557,37.5343361344538,36.90539495798323,35.90380392156864,33.81969187675073
93015000711,0.4365430753678083,0.40402899542823434,0.5196704231202602,0.49431902728974825,0.4459819179028273,0.4582333019934595,-0.08240188448689878,-0.07427435164572671,-0.11338329093996437,-0.1036079768673517,-0.04531197244068609,-0.047062892524991184,4,36.55359375000002,35.84363636363639,37.74991071428573,37.25245535714288,36.441640625000026,34.19218750000003
93025000711,0.414318030511876,0.392517341657798,0.4582603706715415,0.43862592717081,0.3881335459935125,0.38669116405659854,-0.0687989103202205,-0.0726639018767231,-0.07800252681098334,-0.06536061678873537,-0.010371087391565486,-0.008659316956970956,4,36.98358885017423,36.13328159645234,37.84571926331511,37.850547536087625,36.788205574912936,34.5234892981583
93085000711,0.2961686368082084,0.24561504026254016,0.31397224454318773,0.3264231889855628,0.24293065474313846,0.24933021717211779,0.00038948105191629267,0.014550040267846162,0.011858555993211327,0.008266277333684995,0.0849399213697396,0.07426376813182643,4,38.56627450980395,37.452360071301285,38.619703081232515,38.78365826330537,38.00733333333335,35.123938375350164
93095000711,0.2887043089140207,0.2498268373310566,0.3081679502502084,0.32329838629812,0.23747079400345683,0.24521609744988382,0.0012619150229511433,0.013639735632750671,0.012537093663013366,0.00402143503742991,0.08547454839572309,0.07484927523182705,3,38.88843750000002,37.82684375000003,38.79303571428574,39.03272321428576,38.23515625000002,35.367232142857176
93105000711,0.25653515861314885,0.23991404765961216,0.31625729670711594,0.3259812328160978,0.2524063789961385,0.2528373527760599,0.024950031819296815,0.028441670310555722,0.01728717796869722,0.008512744957617686,0.0747953642524925,0.06424274278037688,2,39.0982941176471,38.070149019607875,38.96868907563031,39.20239215686279,38.621941176470614,35.48541736694681
93115000711,0.2135001923306845,0.19668378913775086,0.2903182806912809,0.2918865911778994,0.20005853823386135,0.20603992039104924,0.057199192844564095,0.058728954318212345,0.028282412731641667,0.041784777582506656,0.11561495964997448,0.10989473602967337,2,39.590410156250044,38.305938920454594,39.40162946428576,39.46705357142862,38.35650390625002,35.87575892857147
93125000711,0.20101465816591302,0.17611844966224596,0.2487141054050595,0.27114352683226267,0.16447614092452853,0.19604818195688958,0.0645610805235657,0.06452385070277196,0.04441835884662235,0.054504984588015316,0.12302295177006253,0.11999836511471691,2,39.560490196078455,38.668244563279885,39.82453221288518,39.669843137254944,38.277568627451004,36.23097478991599
93135000711,0.20005914060508506,0.16617511458256667,0.2228854982291951,0.2613812971348856,0.2174440081213035,0.2485922596033882,0.05746465041941287,0.0582140133953562,0.05576357127112501,0.04925028041881674,0.07296382819905001,0.07281861042275148,2,39.03705882352945,38.77632156862749,39.75639775910368,39.52915966386558,38.26545098039218,35.950481792717106
93145000711,0.17817776626907292,0.1493572578765452,0.19668429659213874,0.2249278478557244,0.2070374940522015,0.229715102002956,0.057919015729567036,0.059221881616394974,0.061380912185995846,0.05679840354423505,0.08907232995261438,0.07752095378236847,3,38.68480468750004,38.53576562500004,39.576294642857185,39.329263392857186,37.81003906250003,35.83285714285717
93155000711,0.1481412462159699,0.12513569061662638,0.2103864091284135,0.2274149947306689,0.16035150120071334,0.18835841166038136,0.06185969041258681,0.03832659062509443,0.033516318774690815,0.046721057623040435,0.11351018463279687,0.10306669219451792,3,38.170607843137276,38.256015686274544,39.40207843137257,39.14607843137257,37.60270588235298,36.02133893557425
93165000711,0.1500196626644261,0.13055506435921416,0.2390083137433976,0.24480165960267186,0.19387927220668644,0.2031635699677281,0.060532962076908704,0.010003459898825895,0.009839221904258011,0.036194430344039574,0.07147160878230352,0.07061255617736606,4,37.57457031250003,38.02314062500004,39.34372767857145,38.85687500000002,37.96851562500002,35.903694196428596
93175000711,0.0619291527973895,0.1590526770727307,0.25603561716921186,0.24995916181919622,0.19566061157806247,0.20590053609773223,0.02206115037301518,0.001147558476191525,-0.007004755048775204,0.022361489619110143,0.06166042805302377,0.05262405670741025,4,37.39786274509805,37.921374291939024,39.18672829131656,38.517450980392184,38.031522875817025,35.5249691876751
93185000711,0.10822548589203507,0.18511359533295035,0.2865498857572675,0.2584385769441724,0.1823198739439249,0.20170902321115136,0.00447086087660864,-0.01607619308924768,-0.029067987386952154,0.0032291160059685353,0.056723305402556434,0.05088637450899114,4,37.62421875000003,37.15917361111112,38.16500000000003,37.90830357142859,37.68312500000005,34.884821428571456
93195000711,0.18660582150295962,0.183725914969219,0.2970333146298026,0.27833444677938624,0.22898650556568087,0.24445677284649975,-0.017992591001386716,-0.04505364557244177,-0.02446358377759264,-0.013266549381981125,0.02198196626378326,0.02019018622657915,4,37.269566929133894,36.527551181102375,37.501743532058505,37.691743532058524,37.43750656167982,34.59543307086617
93205000711,0.2059829507488757,0.16386982391122729,0.26233815867453814,0.263533202232793,0.23458525916794315,0.2458399629103951,-0.030946575294365175,-0.018018401700828697,0.007587073359900387,0.009609716915292667,0.04959994149248814,0.05017771751590772,1,36.934335937500045,37.122558159722246,37.905736607142885,38.388781622023856,37.53367187500002,35.24380580357147
93215000711,0.210960438804506,0.14903152742110437,0.22199801584228282,0.22169851186258271,0.18225210988457025,0.17993753459909764,-0.0007868214823063547,0.033703912096602395,0.043950770245293425,0.059857399334008084,0.10963171682848397,0.1161617963215074,1,37.50236462093867,37.832146956934,38.63402269210937,39.42671995874164,38.49146811071003,36.00887570912846
93225000711,0.19235047541166608,0.13774086282889647,0.1940365001223141,0.19260241438571674,0.127559442241165,0.12714737928227376,0.04482408100389,0.06329558618870894,0.07301289421555245,0.0842253206423799,0.15406109216181857,0.1554074399733454,1,37.6119360902256,38.008387559808675,39.0310418904404,39.49460794844256,38.536560150375976,36.077153598281456
93235000711,0.1610799061600119,0.12008337010047397,0.16900919959880412,0.1680422615609132,0.10095999843906611,0.10542114495183343,0.08597190072759987,0.08872129977680741,0.08606176398461683,0.08779394670273177,0.1581794781377539,0.1642294262710493,1,36.858085937500036,37.282593750000025,38.142890625000014,38.615033482142884,37.71148437500002,35.630524553571455
93245000711,0.12954480081212288,0.09153107446324718,0.13640104348168655,0.14108085328457404,0.06429131542350733,0.06936672700970781,0.07960141724815556,0.06925655955129915,0.06428089666308143,0.05572566495952653,0.11199766708647503,0.11317216977477074,4,34.91582352941181,35.45745098039218,35.95761904761909,36.92230252100845,36.249470588235326,34.37060504201682
93015000712,0.4156509535193938,0.31844440782713196,0.4516845530988765,0.47317625031926325,0.44334869414444283,0.47688279879043705,-0.07043167104735909,-0.057976801319364696,-0.07109482394709132,-0.0903212609411028,-0.0500905705747268,-0.04965036346951956,4,36.49516544117649,35.602720588235336,37.544380252100844,37.19275210084036,36.188915441176505,33.96718487394961
93025000712,0.3778268428502885,0.3322798778525496,0.4083262468333793,0.44065998797923067,0.3911439652464031,0.42127393489390347,-0.04611571495775628,-0.04501994399238477,-0.04770109960726933,-0.066207705543632,-0.022560651699983544,-0.02836058404197735,4,37.38272058823531,36.3197593582888,38.11411764705884,38.10159663865547,37.03301470588239,34.67315126050424
93085000712,0.30029733919109086,0.26383549754792546,0.32422747482289926,0.33309235196039466,0.26790301725654403,0.28399718162926985,-0.01917307339144214,-0.002407299316068388,-0.007901166805483575,0.0052743828216075435,0.061955833450500215,0.057329494004268094,2,38.88384313725494,37.59111800356511,38.86312044817929,39.03168067226896,38.4979215686275,35.45184873949582
93095000712,0.29693178157322103,0.262166237051133,0.3295813543954864,0.34082951268646866,0.24549181421753016,0.2512039451976307,-0.013406159074065727,0.0006670012462564046,-0.009872322291585078,0.00028584238953044405,0.0900122589955572,0.08085829578340052,2,38.77662109375002,37.82728125000003,38.780334821428596,38.99476562500005,38.403828125000025,35.396986607142885
93105000712,0.2772055429570815,0.24595597351298615,0.32620994261666836,0.33372411868151497,0.22691656304340735,0.21866434298309625,0.005724902604432667,0.013932378767240865,0.005686727005477045,0.008833367364736748,0.10985372294397913,0.10342496731409839,2,39.06784313725493,37.94884705882355,38.6908179271709,39.01944537815129,38.443176470588256,35.44261624649863
93115000712,0.2334844395518303,0.2090216320939362,0.30060324678197503,0.30465202033519745,0.19323483435437083,0.19431634014472365,0.03441030996327754,0.032497390726348385,0.01285556991933845,0.029151479218853634,0.11796226107981055,0.11981197423301637,2,39.64460937500004,38.16825000000002,39.1867410714286,39.28558035714289,38.098750000000024,35.75790178571431
93125000712,0.21217065348344694,0.18853695392608644,0.2653617427629583,0.2902147517484777,0.158618026971817,0.1935697456785277,0.04817890298424982,0.04427578725359019,0.023829899797690852,0.0321625154392392,0.12110139604877024,0.1252308779195243,2,39.392294117647076,38.476713725490214,39.51365266106447,39.616801120448216,37.68550980392158,36.11094117647061
93135000712,0.21036696113878864,0.1693784494418651,0.23284845391754064,0.25519639218691736,0.17478168912930414,0.2202333998284303,0.04909351089736447,0.04910331784049048,0.028107944803196006,0.050639799679629505,0.10933689858939033,0.11079912527929991,4,38.72951171875001,38.67247656250001,39.51960937500005,40.04062500000005,37.72328776041668,36.126808035714305
93145000712,0.18349536259969076,0.15057283616533468,0.21103821566291883,0.2116876601588492,0.19286995010048735,0.2155443480201796,0.06639161443009096,0.05923811708595239,0.034037534366635716,0.06447245420194139,0.09724256710386744,0.09964512177542145,4,38.87394117647061,38.68330196078432,39.964028011204526,40.22805042016811,38.116013071895466,36.15768627450983
93155000712,0.15293521375861022,0.13958025653846562,0.22007459099404514,0.21691104606725276,0.17832785798236728,0.19654011842794716,0.05650453000271228,0.024478306368109774,0.007969246071297677,0.03165684788109502,0.07027524893055671,0.07420446979813279,4,38.75542968750004,38.635609375000016,40.013013392857204,39.7003348214286,38.365963541666716,36.354665178571466
93165000712,0.1699303513944405,0.13432220781550688,0.22422054035990846,0.22910132256208682,0.15518040808976863,0.17271404470883164,-0.011083138395148795,-0.01083000823079298,-0.013256826739319987,0.01249065313889992,0.07865715345331267,0.07525138947017053,4,37.97696078431377,38.31950588235297,39.657484593837566,39.060577030812354,38.28770588235298,36.11031372549023
93175000712,0.2020282279620099,0.1560119510395452,0.27912916039349517,0.2569839974748902,0.20786034455522892,0.24946779053425414,-0.06025120349752801,-0.015827092497374906,-0.03437448076329019,-0.004784229045981192,0.052540291461809836,0.03151710466045188,1,37.422949218750034,37.93908767361115,39.50681919642859,38.72914062500005,38.043372395833366,35.5690066964286
93185000712,0.22141379502181913,0.2114465430086734,0.3394239442021239,0.29101330906737083,0.23507119493157255,0.29450737360645746,-0.04059956344757594,-0.03122911370523712,-0.04863809626914707,-0.019063536134804143,0.032376322118273265,0.015245788705115226,4,37.18884313725495,37.3338840958606,38.71048179271712,38.27657703081237,37.67228758169938,35.028577030812336
93195000712,0.21949520381167528,0.24761312175542113,0.3092226395383477,0.31934290099889034,0.2389586162753403,0.26077887136489153,-0.027558499830774963,-0.034761425806209445,-0.0074849061493296185,-0.029660170173883674,0.027884555911441566,0.030812515557045117,4,37.35281250000005,37.06518750000002,38.20428571428573,38.05750000000004,37.42958333333336,34.93339285714288
93205000712,0.18425311831866995,0.16910630312620425,0.2678963439137328,0.2885756830958759,0.22154845221369873,0.22550791753273386,-0.01682434577093113,-0.005245833675943168,0.02024261060298658,-0.0061315918304756575,0.05443772392018753,0.054162796396835175,4,37.71550980392161,37.74894117647062,38.752196078431375,38.6662016806723,37.83907189542486,35.646156862745144
93215000712,0.19656487276537493,0.12933550048165204,0.25194470859570783,0.24315947138473964,0.18293384615760233,0.18489266459534806,0.001656430732874193,0.016571817551301434,0.0236655923664466,0.03030841326412424,0.10415330781026999,0.09903207792533814,1,38.049790940766584,38.24246563192911,39.095166749626706,39.35991538078649,38.78776422764231,36.17941762070686
93225000712,0.19704015256138518,0.1432235352112912,0.23952143348287794,0.23576299980049953,0.18865410779835654,0.2091187965706922,0.024919092174968682,0.021904071576500428,0.019959894889325366,0.03523645396489883,0.10330823934054932,0.10102347360225394,1,37.99677734375004,38.40084232954549,39.08549107142859,39.16085937500002,38.699941406250026,36.1240959821429
93235000712,0.18456883012549952,0.13285517587792128,0.20815375575330108,0.20179705653572455,0.1458896351105068,0.16119996766792608,0.04519304206769447,0.035484241074300364,0.05022299534903141,0.06334678935672855,0.138774347899016,0.1409583891509101,1,37.22869140625002,37.862843750000025,38.36888392857144,38.682812500000026,38.24906250000003,35.92754464285716
93245000712,0.1611003044481371,0.09692017848000807,0.16091771698465535,0.15167106232222388,0.08313807789601532,0.09540813721570314,0.0699362515818839,0.05305023733891693,0.08450157846890244,0.07378222788957989,0.1507489322739489,0.1557306079303517,4,35.46421568627454,35.85792941176473,36.340745098039235,37.44861064425775,36.8078692810458,34.92700840336137
93085000713,0.31655963825196337,0.26501861859842674,0.3516921735915941,0.3300009664800978,0.307770801880925,0.27456420014814004,-0.03009865993691474,-0.01262587398175419,-0.015119018998073856,-0.013212137997208032,0.030898962328306488,0.04460360785735022,3,38.40292968750002,37.46921875000003,38.90040178571432,39.1368973214286,38.638750000000044,35.48589285714288
93095000713,0.3001097156721003,0.2645065944568784,0.34161288247388955,0.34156313316494813,0.29888948389128145,0.2627704027821036,-0.019168787051503565,-0.010379629121983754,-0.025410491439933867,-0.027636084608806698,0.034049864978913,0.042007173992255155,4,37.78486274509807,37.73516078431376,38.85956862745101,39.0127899159664,38.5554509803922,35.32985434173672
93105000713,0.2607381768175401,0.23661721422104168,0.3039919990114868,0.3382703715469688,0.2428673004033044,0.22230758407386017,0.01234728321651346,0.01694259083160432,-0.005877296502148964,-0.003237925036955858,0.08886014520248864,0.0837362586025847,2,38.248886718750036,37.91929687500004,39.09476562500004,39.014542410714306,38.23617187500004,35.369386160714306
93115000713,0.21221358501443677,0.19798642414457657,0.2666351795196533,0.30521872452661103,0.17418176753848208,0.16500990887482958,0.052704759128391745,0.05893261915474546,0.028645988805767367,0.03158472654427968,0.1481584150709358,0.1475193083578465,2,38.98719607843141,38.178956862745125,39.5488347338936,39.36927170868351,38.015980392156905,35.80048739495801
93125000713,0.20975023321807384,0.1931234076619148,0.24793633562512699,0.26189119066111743,0.1549060344696045,0.18274978012777862,0.0577583922422491,0.06276410294231027,0.03955505056364928,0.0595109251444228,0.1507129138335586,0.15963053330779076,4,39.025937500000026,38.350500000000046,39.64794642857145,39.66928571428575,37.76773437500003,36.22991071428575
93135000713,0.23751368803136488,0.21871100792697828,0.2835774836586971,0.284788121546016,0.20065198266038708,0.24108622190999052,0.026141472604107478,0.02772511494912061,0.0006336924053874649,0.02867976666665545,0.11067202678498099,0.11599420276927011,4,38.7407254901961,38.36949803921574,39.40594397759105,39.978739495798344,37.83415686274512,36.34760224089637
93145000713,0.2392886433531256,0.23109232882658642,0.2942316716792537,0.29741985131712523,0.27154680636583595,0.28450325616434513,0.020215297349290375,0.017191074932834095,-0.003950387465895393,0.001309836312544112,0.049656713874462764,0.06755164969055091,3,38.78686274509806,38.27509803921572,39.52584313725491,40.2568011204482,38.17407843137259,36.2926442577031
93155000713,0.1978019792586565,0.19743442413164303,0.2820374414441176,0.2875719682779163,0.27163644309621304,0.2709519341588021,0.030792701429163575,0.01405477364642138,0.0029278328511281875,-0.013996067322295858,0.016971873734291876,0.04079502372042043,1,38.27808593750002,38.15965625000003,39.52861607142859,39.747433035714295,37.94546875000004,36.07728794642859
93165000713,0.2081122105028115,0.20267587239835777,0.2904349145351672,0.2946004035426121,0.27279382336373426,0.27856606548907714,-0.005434948096380517,-0.017630464382761835,-0.017976524728332083,-0.04115521023232563,0.020439282497938943,0.02606883634100942,1,37.994843137254925,38.08495686274513,39.32577591036417,39.07905322128853,38.110588235294145,35.79975910364146
93175000713,0.24942396359983832,0.22096993471495807,0.303149638697505,0.3254744841251522,0.29211867530830204,0.3093721409095451,-0.035481593455187976,-0.03424937159434194,-0.025293766218965178,-0.05547972505519283,0.015999464796550452,0.011540717394382227,1,38.13054687500003,38.08023437500005,39.43464285714289,38.87533482142861,38.551289062500025,35.620178571428596
93185000713,0.2610918855550242,0.2292664442576614,0.2760493884483973,0.3148571119588964,0.2123883264906266,0.24896865580596178,-0.03525671925322682,-0.028049449177057137,0.0003748875622655856,-0.02859270225699042,0.07894054383002952,0.07850943377204969,1,37.4904509803922,37.761678431372594,39.158056022409,38.84372549019612,38.29897385620917,35.49554621848741
93195000713,0.23473093751817942,0.19753537551150657,0.2099663834669627,0.2494007253553718,0.13624118678853847,0.15260110981762406,-0.008349176714546047,0.014914389299519824,0.0482125369089772,0.022676195709209427,0.1232328135042735,0.1326378894955269,4,37.50585937500002,37.78549218750003,39.007053571428585,39.052522321428626,38.089661458333374,35.6326674107143
93205000713,0.16768104044046805,0.1343446931940444,0.25402675178034084,0.25378881209919635,0.12017944486851385,0.1251549189712139,0.04470439912942865,0.06156848683451295,0.019486884461015676,0.014869669113796972,0.13238045751201383,0.12641190682663347,4,37.65588652482271,38.27536406619389,39.17643363728474,39.24314083080045,38.51799054373525,36.19662613981765
93215000713,0.20338660788077573,0.18943331241607667,0.2972765904206496,0.29223095854887604,0.17529546870635107,0.13945113489261043,-0.013939724271543894,-0.008772510723569068,-0.021405397398540603,-0.01575876243519955,0.09285114883230283,0.10535178471070071,4,37.466307692307716,38.141394405594426,38.73936263736268,38.842439560439594,38.733666666666686,36.25217582417584
93225000713,0.25115951971383765,0.2191545161185786,0.2883180797798559,0.2889971382683143,0.22807667346205565,0.21653793449513614,-0.0588022273441311,-0.03380848928281921,-0.030939450218284037,-0.024358570699405387,0.019397768584894948,0.04040297776373336,1,37.832421875000016,38.17288565340912,38.60452008928575,38.65858258928575,38.521367187500026,36.10810267857146
93235000713,0.2947309681597878,0.20267550962812758,0.24394173277359382,0.2457283053328009,0.16335787250130784,0.1721550831315564,-0.02933612162722092,0.0038060895295119763,0.0232722976482382,0.028916136540618597,0.10301112998642173,0.11275249907345164,1,37.63531372549021,38.05312941176473,38.28687394957986,38.72878991596642,38.12115686274512,36.092565826330556
93245000713,0.2468685780768283,0.15646825387375426,0.19794020481640473,0.18841077672550455,0.11995714090880938,0.12843507490470074,0.02488975633605151,0.052294572909886476,0.07205709617119282,0.07412285781174432,0.1521042842650786,0.16741223254939538,4,36.04060546875002,36.29782031250003,36.54040178571432,37.712868303571454,37.082102864583355,35.13921875000002
93255000713,0.1537788606085683,0.09065069592857765,0.11327795086870508,0.11002871715121687,-0.012100257337261748,-0.026046592658017335,0.06066014560855041,0.05394977516373672,0.0647236215382141,0.04407062850061194,0.014303197673821844,0.03414631754917613,4,35.24807291666669,35.32952083333336,35.633184523809575,37.09199404761907,36.55642361111114,34.57407738095242
93085000714,0.27651515513836983,0.2083705272860156,0.2843323505210305,0.2869971920987089,0.20011923564765266,0.20661745894097994,0.0066789657736342125,-0.005472954638681547,0.021560939618603822,0.033172810070975105,0.10468319740737538,0.12847843429374836,4,38.508281250000046,37.51117187500004,38.5147209821429,39.515078125000045,38.461386718750035,35.59825892857146
93095000714,0.27553261354857805,0.2026969134807587,0.2966684944489423,0.29321595161568886,0.21277237581271752,0.2135796648614547,0.009199204339700588,0.018334629784758184,0.015549806293611437,0.031135622368139382,0.11116806043531088,0.12726569805367322,4,37.876666666666715,37.78595294117649,38.427086834733934,39.28286274509806,38.553215686274555,35.46731092436978
93105000714,0.25772686675190926,0.21549320325721055,0.30961251980625093,0.29454198060557246,0.2291511750081554,0.23172294639516622,0.024507753034413327,0.041401978611247614,0.001076410486348323,0.0203365166526055,0.11162606094148943,0.1230726001376752,2,38.27507812500004,38.01009375000001,38.948392857142906,39.26287946428574,38.44777343750005,35.6789955357143
93115000714,0.21949144712850158,0.19482284918719645,0.28979215727132906,0.2856392638356078,0.1787843656306173,0.1933286944440767,0.05222976562731406,0.05645330044276574,0.015584438218388194,0.04110064451747081,0.14274144832994423,0.15700233450122908,2,38.91139215686279,38.40338039215689,39.51552380952383,39.51449299719891,38.26656862745101,36.19290196078433
93125000714,0.2121265132445842,0.1808669497258961,0.28154354699654505,0.26704528427217156,0.1479248975520022,0.17566371959401295,0.04962478559173178,0.053083959239302196,0.028684020857326686,0.06275037727027666,0.1660628068493679,0.1795783513225615,4,38.85216796875004,38.50586718750003,39.45029017857145,39.6848660714286,38.07500000000003,36.44448660714289
93135000714,0.2212742244496065,0.1913096765092775,0.27560280578977925,0.26294396665750763,0.1782067302979675,0.21340030022695955,0.03169401446722594,0.029357956211064375,0.02127420740092502,0.04509703201406143,0.13961548606554666,0.1456877306395886,4,38.44043137254904,38.27353725490198,39.16331092436978,39.55294677871153,38.0366013071896,36.19869467787117
93145000714,0.23576558707281947,0.21260092919692394,0.2741105854511261,0.27033287985250354,0.21228082245215774,0.24784389813430605,0.013771042949883848,0.021142969730135523,0.01612614509940613,0.019038989215914626,0.10514928835618775,0.10579661748488435,4,37.91414062500002,37.999781250000034,38.92790178571432,39.485089285714324,38.063645833333375,35.895669642857165
93155000714,0.20386726297731472,0.19422167287332806,0.2542348439533879,0.2466545193566112,0.19125089530400402,0.2187628935523859,0.015105337905514191,0.03443324769018438,0.022522413395491877,0.009141360279392656,0.10090242984785339,0.11069785994220906,1,37.5235039370079,37.932677165354356,38.9299887514061,39.438425196850424,37.99507874015752,35.84894263217101
93165000714,0.18430206348421055,0.1801039683632553,0.24726825568359345,0.2543738623498939,0.16764749144203958,0.18059896101476627,0.010602523121633565,0.02551987109836773,0.018189640581113053,0.006785644345654874,0.12128540187404724,0.12930029712515534,1,37.68533203125003,38.11275781250002,39.14444196428575,39.23812500000003,38.418593750000035,35.86063616071432
93175000714,0.23854561822087156,0.20356296423603507,0.24552804348515528,0.28348707883965735,0.2576729364839255,0.26305838653854297,-0.023082476445272858,0.002467327716522942,0.011386848624576541,-0.011832874739433036,0.0784543835211034,0.08088314798021433,1,38.15480392156866,38.0958117647059,39.32958543417371,39.07856022408968,38.7498235294118,35.78191036414571
93185000714,0.2758073969744146,0.20909786433912816,0.2306847034487873,0.2534882645122707,0.21643628069432452,0.22714744933182376,-0.05853196632233449,-0.017918220095452853,0.011073694857259397,-0.006147996631625574,0.06301746211829597,0.061723323800833896,1,37.95265625000003,37.88957812500003,39.33982142857147,39.122723214285756,38.91781250000004,35.887187500000024
93195000714,0.30059566608695093,0.1933271953648375,0.2402443022922028,0.2185299599817557,0.10373232288416043,0.11046685168678447,-0.0703768339152484,-0.027240156881915507,-0.005294698974579689,0.0008144479519290507,0.09735214710235597,0.09690831405247828,4,37.72848837209307,38.22238759689926,39.6077408637874,39.68470653377633,39.23453488372096,36.295470653377656
93205000714,0.281070760857891,0.175387985610836,0.27170766890048975,0.25181119196431734,0.126525561023556,0.11615944761310663,-0.05829874725199081,-0.001260665542131265,-0.008772764858727437,-0.013154008789775025,0.09136410813096543,0.0903482383615534,1,37.53271126760568,37.96298122065732,39.15898390342055,39.302987927565404,38.76383802816903,36.04799798792758
93215000714,0.2545865071006119,0.20355722983367738,0.2612772952998057,0.29728356597479433,0.11484689198550768,0.10622215579496697,-0.06481415545567872,-0.01967327272905095,-0.018754813595023734,-0.03414579307809617,0.0826946292654611,0.0778945000784006,1,36.892148437500026,36.82354427083335,38.02849330357148,38.26214285714287,38.071152343750015,35.54915178571431
93225000714,0.27132626704405993,0.21896452736109495,0.26354682934470475,0.33677663607522845,0.16124669875716788,0.1865680887713097,-0.05595322468434461,-0.03226973775599617,-0.013441379349387718,-0.04838838125579059,0.07497345746378414,0.0710744053212693,1,36.92941406250001,36.730109375000026,37.79870535714289,38.136875000000025,37.53679687500003,35.40372767857146
93235000714,0.2821163636796614,0.21017038120942957,0.2486648983815137,0.2802432282882578,0.17513106465339662,0.19480319443870991,-0.06277521309607169,-0.004398659540011604,0.009599304374526529,-0.001592943291453753,0.08282607758746427,0.07406449567745714,1,37.183529411764724,37.29665882352945,37.841226890756325,38.343411764705934,37.474235294117676,35.651647058823556
93245000714,0.24762700299421947,0.17375342600485855,0.20800346889916588,0.21053983569145202,0.12869829614372813,0.12743770599949591,-0.012727091702468255,0.041601235189420334,0.040197445503344725,0.04441629094528217,0.1044881319006284,0.09026722478515961,4,36.125588235294146,36.135662745098074,36.79561344537817,37.52119327731097,37.16192156862748,35.14280672268909
93255000714,0.16449253721386972,0.09598094115706637,0.10437018958685909,0.12648403160859154,-0.06303173018843716,-0.07618409875019683,0.028892426561388674,0.027447633640304288,0.05075223478659285,0.031921335656917536,-0.016344012624306195,-0.006770059310328899,4,35.4513157894737,35.30145263157898,36.18533834586468,36.9819398496241,36.91126315789476,34.7389022556391
93125000715,0.26305600463175305,0.2355947697863859,0.3009865548096451,0.28569248996528923,0.23898926260424597,0.26990748585439195,-0.015942738986774986,0.00488519607221379,0.0011729149768749895,0.025841352208426187,0.06190257420142493,0.0693855646057237,1,38.257882352941195,38.216690196078446,39.11082913165268,39.25991596638658,37.21847058823532,36.102044817927194
93135000715,0.285096104897093,0.24462270858930424,0.3226318358210846,0.30125534470425913,0.25540084688691417,0.30057223374024034,-0.034862075131968595,-0.014935639024770351,-0.0160869612445822,0.006075899120332906,0.031529002502793446,0.04099439918445569,1,37.98476562500002,38.08717187500001,38.926997767857166,39.293872767857174,37.6070377604167,35.94187500000001
93145000715,0.2506643930486604,0.2459863829774922,0.31650558394544265,0.3115509379143808,0.24733776157977533,0.2792312491758197,-0.017546443330744902,-0.009991882774396008,-0.02666811476662463,-0.01761072419547275,0.03511493439767875,0.0405561598200424,4,37.81511764705884,38.02001568627454,38.751971988795546,39.26594397759105,38.126986928104614,35.88062184873953
93155000715,0.22445421339944005,0.19166263192892075,0.288264780305326,0.24476250121369958,0.2492494429461658,0.26684645540080965,-0.005058379570982651,0.038504080846905715,-0.006198311239131726,-0.009229194482031744,0.041715268191182986,0.04628975660307332,4,37.60960937500003,37.944593750000045,38.85446428571432,39.25388392857145,38.40679687500005,35.875223214285754
93165000715,0.2658947033341974,0.2002942815825746,0.2820545393042267,0.2398548740893602,0.26379131618887186,0.24201645981520412,-0.016919391408009684,0.0035939015372580775,-0.00010771349479909943,0.006048181181540713,0.05387917847838253,0.07901690871221946,4,37.42921875000004,37.827781250000044,38.93625000000002,39.227812500000034,38.60351562500005,35.79531250000004
93175000715,0.3522234150007659,0.20687702278027661,0.3167116644920087,0.26728578899420946,0.25828515723639844,0.24866039449093388,-0.08723607213765969,-0.0026849778369069104,-0.03987788717244185,0.011348163694435476,0.06840345464354636,0.0848973805997886,1,37.236117647058855,37.63814117647063,38.63931092436977,39.01090756302524,38.53458823529415,35.6636022408964
93185000715,0.3361841648584231,0.23700749894116546,0.30444098910083994,0.268314195680432,0.20651546781300567,0.22873209140379916,-0.09713260753778741,-0.05030254722141579,-0.03508873683222191,-0.004070266182679917,0.07605173451156587,0.06314328397274949,1,37.13345703125002,37.46164062500004,38.67237723214289,38.88748883928574,38.57863281250004,35.73719866071433
93195000715,0.3618166036514455,0.29012644244195696,0.37612631127809404,0.35572418622438917,0.2985586540105036,0.3247057694279774,-0.0931050367523569,-0.07506582093545161,-0.09447716497686344,-0.07499153977292443,0.010085338655249167,-0.0037614338177837164,1,36.205121951219546,36.89796515679447,38.347063215530156,38.53706819313092,37.76052264808367,34.992000995520186
93205000715,0.3904839283111049,0.29640092615987745,0.37090764688510525,0.42928551657527103,0.537710397383746,0.5672666505271313,-0.13074811106803372,-0.08210356510883453,-0.07195778590097439,-0.0975743804200023,-0.12825350507217298,-0.1273649081295612,1,36.14254901960788,36.09494117647064,37.87541176470592,37.88364705882354,36.54707843137259,33.938672268907595
93215000715,0.3741685026325286,0.25872798013733705,0.28548766509629786,0.37131937069352716,0.36466610973002395,0.38459532582783146,-0.09655401986674406,-0.07347204729558145,-0.024604117395483627,-0.06786787863529753,-0.05610872835677584,-0.08867600449593738,1,36.34591796875003,35.538238636363666,37.52687500000005,37.4979910714286,36.604882812500044,34.06569196428574
93225000715,0.31331054016482085,0.22331456828396767,0.27987850725185126,0.3450993727892637,0.26685454972903244,0.34253396230633365,-0.0867517100268742,-0.07634816616337048,-0.0542929121038469,-0.0811790718435077,-0.029892279530031367,-0.07768091007892507,1,36.145976562500046,35.29569010416669,37.10378348214289,37.41626116071433,36.456367187500035,34.35675223214289
93235000715,0.24666815315644572,0.19762775202201108,0.25470981529847847,0.2801892834268217,0.23973506964801802,0.25832645149212186,-0.11367292510066913,-0.04680969175611307,-0.023206607174626956,-0.030511085549002802,0.0028626321572957037,-0.013699778597655261,1,36.568031496063035,35.90471391076119,37.255883014623194,37.834161979752565,37.012066929133894,35.01466816647922
93245000715,0.20764395676087588,0.15777835377957672,0.19723269087262454,0.20125583733897653,0.12799765594536439,0.11788962868740782,-0.007545528249465861,0.049185187068360385,0.047294976418925216,0.032885016105865354,0.08375889877788723,0.07503683198592627,1,36.110898437500026,35.379132812500025,36.6704910714286,37.35388392857144,37.006640625000024,34.777879464285725
93255000715,0.14567508493200876,0.0915126419859007,0.11778111294552218,0.09136011824011801,-0.003181738731655057,0.05915050563635305,0.047740188405441586,0.03495162221224746,0.04874878052942223,0.009402406922163212,0.0784607995301485,0.050206912332214415,4,35.665937500000034,34.831250000000026,36.216607142857164,36.919821428571446,36.73031250000002,34.41821428571429
93125000716,0.24106414849499622,0.2552733259746827,0.34529126157243567,0.34388726231563527,0.24586112752377268,0.28088072076978454,0.00917188439753849,-0.006961777646386301,-0.025759191897484553,-0.01985978583120797,0.07079285526850138,0.08498440085102367,1,37.67425490196081,37.81010196078434,38.79501960784317,38.97068347338936,37.16933333333337,35.80796078431375
93135000716,0.2560182533925399,0.2626528250984848,0.34167557046748703,0.33499108208343387,0.26204067829530686,0.3034087992273271,0.0015284565124602516,-0.003318614304589573,-0.022116666361398526,-0.013827626709826287,0.051611990871606395,0.06889263944503908,1,37.435898437500015,37.75350000000003,38.84497767857148,38.99625000000003,37.630625000000016,35.67573660714291
93145000716,0.2661371576435425,0.25652080212356676,0.3274091254262363,0.33164016639485083,0.2841595228980569,0.33987628303322137,-0.002727924643413109,0.011814543215747353,-0.01825206529202999,-0.01211124338282674,0.03272178413382932,0.033568472130333676,1,37.39309803921571,37.62578039215688,38.846918767507034,38.98371428571431,37.839745098039245,35.55207282913169
93155000716,0.251243969600182,0.23761491477489471,0.31730657804291695,0.32319415762322024,0.2517889720038511,0.30793947383062914,-0.005964978649899423,0.008458817028440535,-0.022973506464040838,-0.022995681432803394,0.0497627307267976,0.04543679925700417,1,37.31326171875002,37.50903906250002,38.79388392857146,38.824899553571456,37.82179687500004,35.301785714285735
93165000716,0.278917696473636,0.24056997717695033,0.34688357257936875,0.32907120783732635,0.2767514589968628,0.3081113571726431,-0.046958779997749646,-0.01843878144517224,-0.05327470258142301,-0.03624618174801544,0.0025711270474542774,-0.0074523922173291655,1,37.15013779527561,37.26006299212603,38.65724409448823,38.662384701912295,38.02759842519689,35.1541394825647
93175000716,0.3609672072343528,0.3359437453544746,0.48051354894414544,0.3004330678377301,0.34821014758199453,0.3972370745614171,-0.12242145783966409,-0.07936296299478765,-0.1698926063254476,-0.020405385512276553,-0.04616894654463976,-0.09689133742358536,1,36.42968750000003,36.64750000000004,37.847053571428596,38.320044642857184,37.63992187500005,34.81848214285718
93185000716,0.3934417631393089,0.40619274489278717,0.44737790603386735,0.28503532472409704,0.3194172041756767,0.38223330037934444,-0.15301378239366345,-0.12293162699637374,-0.14902775241692265,-0.017525560523670426,0.008948577273833127,-0.034207807349643314,1,35.69590225563914,36.09781408065624,37.29182599355535,38.25988184747587,37.640601503759434,34.79453276047265
93195000716,0.41795932159957466,0.4561110874806069,0.38854181088695455,0.3602224098861432,0.33053570802891724,0.38764233193242587,-0.13686586359670444,-0.17169505446503736,-0.085142648284616,-0.07140077435367803,-0.01329402375414914,-0.02219127000238921,1,34.79682310469315,34.8843852970135,36.68837029396599,37.29390923156268,36.182454873646236,33.77623001547192
93205000716,0.44754365447442984,0.465445515828404,0.438844712334685,0.42401314864400774,0.43183625349774957,0.5516496631316841,-0.16567473171744496,-0.18912437564231516,-0.11158746466389857,-0.10134393026237376,-0.16056624671909958,-0.17786680121207613,1,34.64824218750003,34.12622656250003,36.57018973214287,36.33510044642861,34.575585937500044,32.53677455357144
93215000716,0.4964766863514396,0.2704971605955168,0.40513290797962864,0.4391638654119828,0.44419465181874296,0.6554815136918835,-0.22334410960183426,-0.08469803406055583,-0.10401983047086819,-0.10302053689956665,-0.2328652357463451,-0.2941673996840038,1,34.97449019607846,34.128991087344055,36.555915966386564,36.325943977591066,34.67568627450986,32.66895798319329
93225000716,0.41270775941666227,0.23243225883629365,0.32557377673219895,0.36351047281641513,0.3594537317985669,0.4568106796359644,-0.1574397399963345,-0.10399138333938891,-0.08999702291475843,-0.11394446765189059,-0.10742758773631067,-0.13696726306079657,1,34.93820312500002,34.067174479166695,36.03902901785716,36.27022321428576,35.09453125000003,33.09004464285718
93235000716,0.2548140055408665,0.1836203206987942,0.24123283221441155,0.2654775035731933,0.2626037355147156,0.24867262945455665,-0.11484795259494407,-0.08988276533052032,-0.058357109224387235,-0.061037913578398086,-0.023060440987932918,-0.03247699974762166,1,35.7830392156863,34.67205228758173,36.315591036414574,36.88140616246502,36.18415686274511,33.931310924369804
93245000716,0.20665643276879564,0.1925628359313123,0.23986256233183667,0.21627791190985587,0.30410512461094186,0.2897307429811917,-0.053631361064617515,-0.0259472032848862,-0.003921767982319582,0.018528469501688957,-0.028605210849491414,-0.04173980899213347,1,34.87546875000004,34.37052734375002,35.79829241071432,36.524720982142874,36.13787760416667,33.55286830357147
93255000716,0.1717743287445046,0.14509191119577736,0.16112367896130309,0.13755990052595735,0.1370654183847364,0.15313286797027106,-0.00455352104472695,-0.013127130339853467,0.030593563635193274,0.063924475965905,0.0008969394102678046,-0.019972847454482693,4,32.35876106194695,32.841740412979384,33.8103539823009,35.06360303413401,34.60592920353982,32.15776232616944
93135000717,0.1901282964352362,0.21353695403316064,0.2615970947785292,0.2759257985981639,0.15410989090175686,0.180496669101144,0.05109582930903682,0.044591931854848735,0.04769108365819661,0.05104935629304476,0.11047635577663689,0.11625859255116143,1,37.175901960784344,37.69784313725495,38.79963585434179,39.16891316526617,37.52233333333338,35.75025770308127
93145000717,0.24106503534130752,0.24057193740736696,0.28227475041057914,0.29815751314163214,0.20554513076785952,0.2525901870103553,0.00984367175624357,0.008675344863149801,0.021298932042554952,0.02645611202433429,0.06030908555840142,0.06988449387426954,1,36.83015625000003,37.36793750000002,38.68033482142861,38.79738839285719,37.402929687500034,35.34696428571432
93155000717,0.2881319113806182,0.2535271590831233,0.34989105089038025,0.34667676266501934,0.2257724933764514,0.28583829145805506,-0.03280251549155104,-0.02122116410447394,-0.046411472595497674,-0.040568098860025846,0.04433671490234487,0.05652144444631595,1,36.666254901960805,37.18734901960784,38.32708683473392,38.520050420168076,37.59264705882355,34.93153501400563
93165000717,0.31480322865536436,0.2493712601135485,0.37043547083158046,0.3810135246021673,0.32687327946769074,0.409499044821132,-0.06259414406667929,-0.02681863234920456,-0.0608022041269578,-0.0780092266650172,-0.014470971946138889,-0.043865175452083356,1,36.70939453125001,36.85066406250002,38.03765625000005,38.2820535714286,37.36898437500004,34.605122767857175
93175000717,0.3187723821284724,0.3154794193950353,0.3641339761369369,0.3482737136237762,0.36689035308127305,0.45137653350830076,-0.11691627660218407,-0.08488012940860262,-0.06441130373699992,-0.046217168023919356,-0.04093890907425506,-0.08707200952020347,1,36.02984313725492,35.93785098039219,37.210235294117695,37.8888347338936,36.52013725490201,34.07489635854344
93185000717,0.3507072893376965,0.3837575479459264,0.4117532110795742,0.32080709773281313,0.33890319566278093,0.3535340313089019,-0.17305732142011462,-0.1412175030346947,-0.0845193384987552,-0.0361259855777804,-0.030996863434954385,-0.03673618454940435,1,34.83472125435543,34.759808679125776,36.122832254853186,37.55904927824792,36.4894947735192,33.92620706819315
93195000717,0.4183060566584269,0.4864830630667069,0.4780763031220904,0.4114374021689097,0.3787910073411231,0.3545921042853711,-0.17757042406820783,-0.2090356093411352,-0.14103839748045977,-0.13389930717793166,-0.13897436071260302,-0.11622467016910806,4,33.66749019607847,33.14162923351162,34.78405042016807,35.65568067226893,34.6111960784314,32.637507002801144
93205000717,0.39620238016633424,0.5204603258178744,0.4879744907220205,0.506365370166068,0.3380266342677322,0.42611968435493175,-0.1323642880893221,-0.2344187167534141,-0.16174633540943556,-0.23118629592890833,-0.18293188069673144,-0.19663141000212409,1,33.16172549019612,32.49884491978613,34.32995518207285,34.37637535014008,33.1340784313726,31.46658263305322
93215000717,0.37494376872200524,0.44154675801595056,0.46515782678034157,0.5479952546302229,0.35527980024926364,0.5102299037389457,-0.16885594796622172,-0.22066746379288152,-0.1512090448231902,-0.21905933113885112,-0.16159048868576065,-0.19565368519397452,1,33.31849609375003,32.83067708333334,34.630156250000034,34.654654017857176,33.310761718750044,31.614832589285733
93225000717,0.3423856048611924,0.32815485863635935,0.3854965320788324,0.4114327982533723,0.2981351395137608,0.4220083684194833,-0.1562541250314098,-0.19002543361857535,-0.13798561156727374,-0.1570767125231214,-0.15334799333504634,-0.20889820725824396,1,33.77064453125003,33.27235677083335,34.82965401785716,35.07379464285719,33.97257812500003,32.20659598214289
93235000717,0.26142247634775495,0.245432704336503,0.2932166402246438,0.29951547244015864,0.2451328217983246,0.2811890209422392,-0.12472094285721873,-0.09943835402236266,-0.08671338891281802,-0.10466799762319118,-0.07913745054427315,-0.1092859381261994,1,33.93484313725493,33.393150326797404,34.90607843137255,35.274985994397795,34.52890196078434,32.48271708683477
93245000717,0.20457159029319885,0.2101081324508414,0.25691642746096477,0.26808119629276916,0.3520047924830578,0.31757232488598675,-0.05926867900416255,-0.029516273629269566,0.009088328661164274,-0.0199863452653517,-0.04707095171761467,-0.040630415474879555,1,34.05732421875004,33.40375651041669,35.27079241071431,35.56453125000004,34.71792317708335,32.26603794642862
93255000717,0.16214183170814067,0.18336472195386888,0.20340061237220652,0.21844835276715457,0.257210952713649,0.2844022613571724,0.023096489971067054,-0.019052579268813135,0.029080580447043758,-0.0010425440741528287,-0.017381966347329587,-0.03368825286452193,1,32.52771484375004,32.46357421875002,34.011071428571455,34.790078125000036,33.69337890625001,31.363604910714333
