{
"type": "FeatureCollection",
"name": "cluster_spatial_k4",
"crs": { "type": "name", "properties": { "name": "urn:ogc:def:crs:OGC:1.3:CRS84" } },
"features": [
{ "type": "Feature", "properties": { "grid_id": 93175000687, "k-means_cluster": 4, "dtw_k-means_cluster": 4, "k-shape_cluster": 2 }, "geometry": { "type": "Polygon", "coordinates": [ [ [ 106.68999831854822, -6.167348111284069 ], [ 106.690026978129552, -6.176390414009558 ], [ 106.699061865468977, -6.176361632931085 ], [ 106.699033052859647, -6.167319372650995 ], [ 106.68999831854822, -6.167348111284069 ] ] ] } },
{ "type": "Feature", "properties": { "grid_id": 93185000687, "k-means_cluster": 4, "dtw_k-means_cluster": 4, "k-shape_cluster": 2 }, "geometry": { "type": "Polygon", "coordinates": [ [ [ 106.689969701771616, -6.158305805360579 ], [ 106.68999831854822, -6.167348111284069 ], [ 106.699033052859647, -6.167319372650995 ], [ 106.699004283270625, -6.158277109181884 ], [ 106.689969701771616, -6.158305805360579 ] ] ] } },
{ "type": "Feature", "properties": { "grid_id": 93195000687, "k-means_cluster": 4, "dtw_k-means_cluster": 4, "k-shape_cluster": 2 }, "geometry": { "type": "Polygon", "coordinates": [ [ [ 106.689941127781765, -6.149263496257051 ], [ 106.689969701771616, -6.158305805360579 ], [ 106.699004283270625, -6.158277109181884 ], [ 106.698975556701924, -6.149234842523754 ], [ 106.689941127781765, -6.149263496257051 ] ] ] } },
{ "type": "Feature", "properties": { "grid_id": 93205000687, "k-means_cluster": 4, "dtw_k-means_cluster": 3, "k-shape_cluster": 3 }, "geometry": { "type": "Polygon", "coordinates": [ [ [ 106.689912596587646, -6.140221183964505 ], [ 106.689941127781765, -6.149263496257051 ], [ 106.698975556701924, -6.149234842523754 ], [ 106.698946873153545, -6.140192572676605 ], [ 106.689912596587646, -6.140221183964505 ] ] ] } },
{ "type": "Feature", "properties": { "grid_id": 93215000687, "k-means_cluster": 3, "dtw_k-means_cluster": 3, "k-shape_cluster": 3 }, "geometry": { "type": "Polygon", "coordinates": [ [ [ 106.689884108171313, -6.131178868491923 ], [ 106.689912596587646, -6.140221183964505 ], [ 106.698946873153545, -6.140192572676605 ], [ 106.698918232625473, -6.131150299640437 ], [ 106.689884108171313, -6.131178868491923 ] ] ] } },
{ "type": "Feature", "properties": { "grid_id": 93225000687, "k-means_cluster": 1, "dtw_k-means_cluster": 3, "k-shape_cluster": 2 }, "geometry": { "type": "Polygon", "coordinates": [ [ [ 106.689855662541731, -6.122136549839304 ], [ 106.689884108171313, -6.131178868491923 ], [ 106.698918232625473, -6.131150299640437 ], [ 106.698889635099761, -6.122108023442198 ], [ 106.689855662541731, -6.122136549839304 ] ] ] } },
{ "type": "Feature", "properties": { "grid_id": 93235000687, "k-means_cluster": 4, "dtw_k-means_cluster": 3, "k-shape_cluster": 3 }, "geometry": { "type": "Polygon", "coordinates": [ [ [ 106.689827259689935, -6.113094228015633 ], [ 106.689855662541731, -6.122136549839304 ], [ 106.698889635099761, -6.122108023442198 ], [ 106.698861080585388, -6.113065744063924 ], [ 106.689827259689935, -6.113094228015633 ] ] ] } },
{ "type": "Feature", "properties": { "grid_id": 93255000687, "k-means_cluster": 4, "dtw_k-means_cluster": 4, "k-shape_cluster": 3 }, "geometry": { "type": "Polygon", "coordinates": [ [ [ 106.689770582301676, -6.095009574891064 ], [ 106.689798899606913, -6.104051903029892 ], [ 106.698832569064393, -6.104023461514597 ], [ 106.698804100554725, -6.094981175812183 ], [ 106.689770582301676, -6.095009574891064 ] ] ] } },
{ "type": "Feature", "properties": { "grid_id": 93175000688, "k-means_cluster": 4, "dtw_k-means_cluster": 4, "k-shape_cluster": 2 }, "geometry": { "type": "Polygon", "coordinates": [ [ [ 106.699033052859647, -6.167319372650995 ], [ 106.699061865468977, -6.176361632931085 ], [ 106.708096709779113, -6.176332698573076 ], [ 106.708067744141758, -6.167290480971944 ], [ 106.699033052859647, -6.167319372650995 ] ] ] } },
{ "type": "Feature", "properties": { "grid_id": 93185000688, "k-means_cluster": 4, "dtw_k-means_cluster": 4, "k-shape_cluster": 2 }, "geometry": { "type": "Polygon", "coordinates": [ [ [ 106.699004283270625, -6.158277109181884 ], [ 106.699033052859647, -6.167319372650995 ], [ 106.708067744141758, -6.167290480971944 ], [ 106.708038821749312, -6.158248260181793 ], [ 106.699004283270625, -6.158277109181884 ] ] ] } },
{ "type": "Feature", "properties": { "grid_id": 93195000688, "k-means_cluster": 4, "dtw_k-means_cluster": 4, "k-shape_cluster": 2 }, "geometry": { "type": "Polygon", "coordinates": [ [ [ 106.698975556701924, -6.149234842523754 ], [ 106.699004283270625, -6.158277109181884 ], [ 106.708038821749312, -6.158248260181793 ], [ 106.708009942610744, -6.149206036193639 ], [ 106.698975556701924, -6.149234842523754 ] ] ] } },
{ "type": "Feature", "properties": { "grid_id": 93205000688, "k-means_cluster": 4, "dtw_k-means_cluster": 3, "k-shape_cluster": 2 }, "geometry": { "type": "Polygon", "coordinates": [ [ [ 106.698946873153545, -6.140192572676605 ], [ 106.698975556701924, -6.149234842523754 ], [ 106.708009942610744, -6.149206036193639 ], [ 106.707981106717071, -6.140163809016466 ], [ 106.698946873153545, -6.140192572676605 ] ] ] } },
{ "type": "Feature", "properties": { "grid_id": 93215000688, "k-means_cluster": 4, "dtw_k-means_cluster": 3, "k-shape_cluster": 3 }, "geometry": { "type": "Polygon", "coordinates": [ [ [ 106.698918232625473, -6.131150299640437 ], [ 106.698946873153545, -6.140192572676605 ], [ 106.707981106717071, -6.140163809016466 ], [ 106.707952314068294, -6.131121578659257 ], [ 106.698918232625473, -6.131150299640437 ] ] ] } },
{ "type": "Feature", "properties": { "grid_id": 93225000688, "k-means_cluster": 1, "dtw_k-means_cluster": 3, "k-shape_cluster": 3 }, "geometry": { "type": "Polygon", "coordinates": [ [ [ 106.698889635099761, -6.122108023442198 ], [ 106.698918232625473, -6.131150299640437 ], [ 106.707952314068294, -6.131121578659257 ], [ 106.707923564655445, -6.122079345122011 ], [ 106.698889635099761, -6.122108023442198 ] ] ] } },
{ "type": "Feature", "properties": { "grid_id": 93235000688, "k-means_cluster": 4, "dtw_k-means_cluster": 3, "k-shape_cluster": 3 }, "geometry": { "type": "Polygon", "coordinates": [ [ [ 106.698861080585388, -6.113065744063924 ], [ 106.698889635099761, -6.122108023442198 ], [ 106.707923564655445, -6.122079345122011 ], [ 106.707894858469515, -6.113037108413714 ], [ 106.698861080585388, -6.113065744063924 ] ] ] } },
{ "type": "Feature", "properties": { "grid_id": 93245000688, "k-means_cluster": 4, "dtw_k-means_cluster": 3, "k-shape_cluster": 3 }, "geometry": { "type": "Polygon", "coordinates": [ [ [ 106.698832569064393, -6.104023461514597 ], [ 106.698861080585388, -6.113065744063924 ], [ 106.707894858469515, -6.113037108413714 ], [ 106.707866195528482, -6.103994868534362 ], [ 106.698832569064393, -6.104023461514597 ] ] ] } },
{ "type": "Feature", "properties": { "grid_id": 93255000688, "k-means_cluster": 4, "dtw_k-means_cluster": 3, "k-shape_cluster": 3 }, "geometry": { "type": "Polygon", "coordinates": [ [ [ 106.698804100554725, -6.094981175812183 ], [ 106.698832569064393, -6.104023461514597 ], [ 106.707866195528482, -6.103994868534362 ], [ 106.707837575805399, -6.094952625492941 ], [ 106.698804100554725, -6.094981175812183 ] ] ] } },
{ "type": "Feature", "properties": { "grid_id": 93165000689, "k-means_cluster": 3, "dtw_k-means_cluster": 3, "k-shape_cluster": 4 }, "geometry": { "type": "Polygon", "coordinates": [ [ [ 106.708096709779113, -6.176332698573076 ], [ 106.708125718679312, -6.185374912967223 ], [ 106.717160672997139, -6.185345782444105 ], [ 106.717131510835358, -6.176303610944514 ], [ 106.708096709779113, -6.176332698573076 ] ] ] } },
{ "type": "Feature", "properties": { "grid_id": 93175000689, "k-means_cluster": 4, "dtw_k-means_cluster": 4, "k-shape_cluster": 2 }, "geometry": { "type": "Polygon", "coordinates": [ [ [ 106.708067744141758, -6.167290480971944 ], [ 106.708096709779113, -6.176332698573076 ], [ 106.717131510835358, -6.176303610944514 ], [ 106.717102392170005, -6.167261436246919 ], [ 106.708067744141758, -6.167290480971944 ] ] ] } },
{ "type": "Feature", "properties": { "grid_id": 93185000689, "k-means_cluster": 4, "dtw_k-means_cluster": 4, "k-shape_cluster": 2 }, "geometry": { "type": "Polygon", "coordinates": [ [ [ 106.708038821749312, -6.158248260181793 ], [ 106.708067744141758, -6.167290480971944 ], [ 106.717102392170005, -6.167261436246919 ], [ 106.717073316983104, -6.158219258351322 ], [ 106.708038821749312, -6.158248260181793 ] ] ] } },
{ "type": "Feature", "properties": { "grid_id": 93195000689, "k-means_cluster": 4, "dtw_k-means_cluster": 3, "k-shape_cluster": 2 }, "geometry": { "type": "Polygon", "coordinates": [ [ [ 106.708009942610744, -6.149206036193639 ], [ 106.708038821749312, -6.158248260181793 ], [ 106.717073316983104, -6.158219258351322 ], [ 106.717044285265686, -6.149177077266707 ], [ 106.708009942610744, -6.149206036193639 ] ] ] } },
{ "type": "Feature", "properties": { "grid_id": 93205000689, "k-means_cluster": 4, "dtw_k-means_cluster": 3, "k-shape_cluster": 3 }, "geometry": { "type": "Polygon", "coordinates": [ [ [ 106.707981106717071, -6.140163809016466 ], [ 106.708009942610744, -6.149206036193639 ], [ 106.717044285265686, -6.149177077266707 ], [ 106.717015297035701, -6.140134892993072 ], [ 106.707981106717071, -6.140163809016466 ] ] ] } },
{ "type": "Feature", "properties": { "grid_id": 93215000689, "k-means_cluster": 4, "dtw_k-means_cluster": 3, "k-shape_cluster": 3 }, "geometry": { "type": "Polygon", "coordinates": [ [ [ 106.707952314068294, -6.131121578659257 ], [ 106.707981106717071, -6.140163809016466 ], [ 106.717015297035701, -6.140134892993072 ], [ 106.716986352266218, -6.131092705530418 ], [ 106.707952314068294, -6.131121578659257 ] ] ] } },
{ "type": "Feature", "properties": { "grid_id": 93225000689, "k-means_cluster": 4, "dtw_k-means_cluster": 3, "k-shape_cluster": 3 }, "geometry": { "type": "Polygon", "coordinates": [ [ [ 106.707923564655445, -6.122079345122011 ], [ 106.707952314068294, -6.131121578659257 ], [ 106.716986352266218, -6.131092705530418 ], [ 106.71695745096622, -6.122050514887727 ], [ 106.707923564655445, -6.122079345122011 ] ] ] } },
{ "type": "Feature", "properties": { "grid_id": 93235000689, "k-means_cluster": 4, "dtw_k-means_cluster": 2, "k-shape_cluster": 3 }, "geometry": { "type": "Polygon", "coordinates": [ [ [ 106.707894858469515, -6.113037108413714 ], [ 106.707923564655445, -6.122079345122011 ], [ 106.71695745096622, -6.122050514887727 ], [ 106.716928593135691, -6.113008321073984 ], [ 106.707894858469515, -6.113037108413714 ] ] ] } },
{ "type": "Feature", "properties": { "grid_id": 93245000689, "k-means_cluster": 4, "dtw_k-means_cluster": 2, "k-shape_cluster": 3 }, "geometry": { "type": "Polygon", "coordinates": [ [ [ 106.707866195528482, -6.103994868534362 ], [ 106.707894858469515, -6.113037108413714 ], [ 106.716928593135691, -6.113008321073984 ], [ 106.71689977875667, -6.103966124089188 ], [ 106.707866195528482, -6.103994868534362 ] ] ] } },
{ "type": "Feature", "properties": { "grid_id": 93255000689, "k-means_cluster": 4, "dtw_k-means_cluster": 2, "k-shape_cluster": 3 }, "geometry": { "type": "Polygon", "coordinates": [ [ [ 106.707837575805399, -6.094952625492941 ], [ 106.707866195528482, -6.103994868534362 ], [ 106.71689977875667, -6.103966124089188 ], [ 106.716871007838137, -6.094923923942321 ], [ 106.707837575805399, -6.094952625492941 ] ] ] } },
{ "type": "Feature", "properties": { "grid_id": 93125000690, "k-means_cluster": 2, "dtw_k-means_cluster": 1, "k-shape_cluster": 1 }, "geometry": { "type": "Polygon", "coordinates": [ [ [ 106.717248420407145, -6.212472277656051 ], [ 106.717277756545641, -6.221514436300751 ], [ 106.726313282659106, -6.221484979743084 ], [ 106.726283792360718, -6.212442864235484 ], [ 106.717248420407145, -6.212472277656051 ] ] ] } },
{ "type": "Feature", "properties": { "grid_id": 93155000690, "k-means_cluster": 3, "dtw_k-means_cluster": 3, "k-shape_cluster": 2 }, "geometry": { "type": "Polygon", "coordinates": [ [ [ 106.717160672997139, -6.185345782444105 ], [ 106.717189878637384, -6.194387950727728 ], [ 106.726224942944924, -6.194358623572378 ], [ 106.726195583818523, -6.185316498416872 ], [ 106.717160672997139, -6.185345782444105 ] ] ] } },
{ "type": "Feature", "properties": { "grid_id": 93165000690, "k-means_cluster": 3, "dtw_k-means_cluster": 3, "k-shape_cluster": 2 }, "geometry": { "type": "Polygon", "coordinates": [ [ [ 106.717131510835358, -6.176303610944514 ], [ 106.717160672997139, -6.185345782444105 ], [ 106.726195583818523, -6.185316498416872 ], [ 106.726166268413138, -6.17627437005438 ], [ 106.717131510835358, -6.176303610944514 ] ] ] } },
{ "type": "Feature", "properties": { "grid_id": 93175000690, "k-means_cluster": 4, "dtw_k-means_cluster": 4, "k-shape_cluster": 3 }, "geometry": { "type": "Polygon", "coordinates": [ [ [ 106.717102392170005, -6.167261436246919 ], [ 106.717131510835358, -6.176303610944514 ], [ 106.726166268413138, -6.17627437005438 ], [ 106.726136996719774, -6.167232238484902 ], [ 106.717102392170005, -6.167261436246919 ] ] ] } },
{ "type": "Feature", "properties": { "grid_id": 93185000690, "k-means_cluster": 4, "dtw_k-means_cluster": 3, "k-shape_cluster": 3 }, "geometry": { "type": "Polygon", "coordinates": [ [ [ 106.717073316983104, -6.158219258351322 ], [ 106.717102392170005, -6.167261436246919 ], [ 106.726136996719774, -6.167232238484902 ], [ 106.726107768729449, -6.158190103717422 ], [ 106.717073316983104, -6.158219258351322 ] ] ] } },
{ "type": "Feature", "properties": { "grid_id": 93195000690, "k-means_cluster": 3, "dtw_k-means_cluster": 4, "k-shape_cluster": 2 }, "geometry": { "type": "Polygon", "coordinates": [ [ [ 106.717044285265686, -6.149177077266707 ], [ 106.717073316983104, -6.158219258351322 ], [ 106.726107768729449, -6.158190103717422 ], [ 106.726078584451145, -6.149147965751941 ], [ 106.717044285265686, -6.149177077266707 ] ] ] } },
{ "type": "Feature", "properties": { "grid_id": 93205000690, "k-means_cluster": 3, "dtw_k-means_cluster": 3, "k-shape_cluster": 2 }, "geometry": { "type": "Polygon", "coordinates": [ [ [ 106.717015297035701, -6.140134892993072 ], [ 106.717044285265686, -6.149177077266707 ], [ 106.726078584451145, -6.149147965751941 ], [ 106.72604944387588, -6.140105824606422 ], [ 106.717015297035701, -6.140134892993072 ] ] ] } },
{ "type": "Feature", "properties": { "grid_id": 93215000690, "k-means_cluster": 4, "dtw_k-means_cluster": 3, "k-shape_cluster": 3 }, "geometry": { "type": "Polygon", "coordinates": [ [ [ 106.716986352266218, -6.131092705530418 ], [ 106.717015297035701, -6.140134892993072 ], [ 106.72604944387588, -6.140105824606422 ], [ 106.726020347003654, -6.131063680262902 ], [ 106.716986352266218, -6.131092705530418 ] ] ] } },
{ "type": "Feature", "properties": { "grid_id": 93225000690, "k-means_cluster": 4, "dtw_k-means_cluster": 3, "k-shape_cluster": 3 }, "geometry": { "type": "Polygon", "coordinates": [ [ [ 106.71695745096622, -6.122050514887727 ], [ 106.716986352266218, -6.131092705530418 ], [ 106.726020347003654, -6.131063680262902 ], [ 106.725991293825487, -6.122021532748328 ], [ 106.71695745096622, -6.122050514887727 ] ] ] } },
{ "type": "Feature", "properties": { "grid_id": 93235000690, "k-means_cluster": 4, "dtw_k-means_cluster": 2, "k-shape_cluster": 3 }, "geometry": { "type": "Polygon", "coordinates": [ [ [ 106.716928593135691, -6.113008321073984 ], [ 106.71695745096622, -6.122050514887727 ], [ 106.725991293825487, -6.122021532748328 ], [ 106.725962284332383, -6.112979382053719 ], [ 106.716928593135691, -6.113008321073984 ] ] ] } },
{ "type": "Feature", "properties": { "grid_id": 93245000690, "k-means_cluster": 4, "dtw_k-means_cluster": 2, "k-shape_cluster": 3 }, "geometry": { "type": "Polygon", "coordinates": [ [ [ 106.71689977875667, -6.103966124089188 ], [ 106.716928593135691, -6.113008321073984 ], [ 106.725962284332383, -6.112979382053719 ], [ 106.725933318533336, -6.103937228188055 ], [ 106.71689977875667, -6.103966124089188 ] ] ] } },
{ "type": "Feature", "properties": { "grid_id": 93255000690, "k-means_cluster": 4, "dtw_k-means_cluster": 2, "k-shape_cluster": 3 }, "geometry": { "type": "Polygon", "coordinates": [ [ [ 106.716871007838137, -6.094923923942321 ], [ 106.71689977875667, -6.103966124089188 ], [ 106.725933318533336, -6.103937228188055 ], [ 106.725904396419367, -6.09489507115134 ], [ 106.716871007838137, -6.094923923942321 ] ] ] } },
{ "type": "Feature", "properties": { "grid_id": 93125000691, "k-means_cluster": 2, "dtw_k-means_cluster": 1, "k-shape_cluster": 1 }, "geometry": { "type": "Polygon", "coordinates": [ [ [ 106.726283792360718, -6.212442864235484 ], [ 106.726313282659106, -6.221484979743084 ], [ 106.735348765051569, -6.221455368791969 ], [ 106.735319120584307, -6.212413296655031 ], [ 106.726283792360718, -6.212442864235484 ] ] ] } },
{ "type": "Feature", "properties": { "grid_id": 93135000691, "k-means_cluster": 2, "dtw_k-means_cluster": 1, "k-shape_cluster": 1 }, "geometry": { "type": "Polygon", "coordinates": [ [ [ 106.726254345792313, -6.203400745511916 ], [ 106.726283792360718, -6.212442864235484 ], [ 106.735319120584307, -6.212413296655031 ], [ 106.735289520080599, -6.203371221284158 ], [ 106.726254345792313, -6.203400745511916 ] ] ] } },
{ "type": "Feature", "properties": { "grid_id": 93145000691, "k-means_cluster": 3, "dtw_k-means_cluster": 3, "k-shape_cluster": 1 }, "geometry": { "type": "Polygon", "coordinates": [ [ [ 106.726224942944924, -6.194358623572378 ], [ 106.726254345792313, -6.203400745511916 ], [ 106.735289520080599, -6.203371221284158 ], [ 106.735259963531462, -6.1943291427063 ], [ 106.726224942944924, -6.194358623572378 ] ] ] } },
{ "type": "Feature", "properties": { "grid_id": 93155000691, "k-means_cluster": 3, "dtw_k-means_cluster": 3, "k-shape_cluster": 2 }, "geometry": { "type": "Polygon", "coordinates": [ [ [ 106.726195583818523, -6.185316498416872 ], [ 106.726224942944924, -6.194358623572378 ], [ 106.735259963531462, -6.1943291427063 ], [ 106.735230450927901, -6.185287060903489 ], [ 106.726195583818523, -6.185316498416872 ] ] ] } },
{ "type": "Feature", "properties": { "grid_id": 93165000691, "k-means_cluster": 3, "dtw_k-means_cluster": 4, "k-shape_cluster": 2 }, "geometry": { "type": "Polygon", "coordinates": [ [ [ 106.726166268413138, -6.17627437005438 ], [ 106.726195583818523, -6.185316498416872 ], [ 106.735230450927901, -6.185287060903489 ], [ 106.73520098226993, -6.176244975893693 ], [ 106.726166268413138, -6.17627437005438 ] ] ] } },
{ "type": "Feature", "properties": { "grid_id": 93175000691, "k-means_cluster": 3, "dtw_k-means_cluster": 4, "k-shape_cluster": 2 }, "geometry": { "type": "Polygon", "coordinates": [ [ [ 106.726136996719774, -6.167232238484902 ], [ 106.726166268413138, -6.17627437005438 ], [ 106.73520098226993, -6.176244975893693 ], [ 106.735171557548554, -6.167202887685894 ], [ 106.726136996719774, -6.167232238484902 ] ] ] } },
{ "type": "Feature", "properties": { "grid_id": 93185000691, "k-means_cluster": 3, "dtw_k-means_cluster": 4, "k-shape_cluster": 2 }, "geometry": { "type": "Polygon", "coordinates": [ [ [ 106.726107768729449, -6.158190103717422 ], [ 106.726136996719774, -6.167232238484902 ], [ 106.735171557548554, -6.167202887685894 ], [ 106.735142176772769, -6.15816079627111 ], [ 106.726107768729449, -6.158190103717422 ] ] ] } },
{ "type": "Feature", "properties": { "grid_id": 93195000691, "k-means_cluster": 3, "dtw_k-means_cluster": 4, "k-shape_cluster": 2 }, "geometry": { "type": "Polygon", "coordinates": [ [ [ 106.726078584451145, -6.149147965751941 ], [ 106.726107768729449, -6.158190103717422 ], [ 106.735142176772769, -6.15816079627111 ], [ 106.735112839933578, -6.149118701658323 ], [ 106.726078584451145, -6.149147965751941 ] ] ] } },
{ "type": "Feature", "properties": { "grid_id": 93205000691, "k-means_cluster": 3, "dtw_k-means_cluster": 4, "k-shape_cluster": 2 }, "geometry": { "type": "Polygon", "coordinates": [ [ [ 106.72604944387588, -6.140105824606422 ], [ 106.726078584451145, -6.149147965751941 ], [ 106.735112839933578, -6.149118701658323 ], [ 106.735083547022001, -6.140076603856517 ], [ 106.72604944387588, -6.140105824606422 ] ] ] } },
{ "type": "Feature", "properties": { "grid_id": 93215000691, "k-means_cluster": 3, "dtw_k-means_cluster": 3, "k-shape_cluster": 3 }, "geometry": { "type": "Polygon", "coordinates": [ [ [ 106.726020347003654, -6.131063680262902 ], [ 106.72604944387588, -6.140105824606422 ], [ 106.735083547022001, -6.140076603856517 ], [ 106.735054298038051, -6.131034502865693 ], [ 106.726020347003654, -6.131063680262902 ] ] ] } },
{ "type": "Feature", "properties": { "grid_id": 93225000691, "k-means_cluster": 4, "dtw_k-means_cluster": 3, "k-shape_cluster": 3 }, "geometry": { "type": "Polygon", "coordinates": [ [ [ 106.725991293825487, -6.122021532748328 ], [ 106.726020347003654, -6.131063680262902 ], [ 106.735054298038051, -6.131034502865693 ], [ 106.735025092981715, -6.121992398694831 ], [ 106.725991293825487, -6.122021532748328 ] ] ] } },
{ "type": "Feature", "properties": { "grid_id": 93235000691, "k-means_cluster": 4, "dtw_k-means_cluster": 3, "k-shape_cluster": 3 }, "geometry": { "type": "Polygon", "coordinates": [ [ [ 106.725962284332383, -6.112979382053719 ], [ 106.725991293825487, -6.122021532748328 ], [ 106.735025092981715, -6.121992398694831 ], [ 106.734995931844011, -6.112950291352917 ], [ 106.725962284332383, -6.112979382053719 ] ] ] } },
{ "type": "Feature", "properties": { "grid_id": 93245000691, "k-means_cluster": 4, "dtw_k-means_cluster": 3, "k-shape_cluster": 3 }, "geometry": { "type": "Polygon", "coordinates": [ [ [ 106.725933318533336, -6.103937228188055 ], [ 106.725962284332383, -6.112979382053719 ], [ 106.734995931844011, -6.112950291352917 ], [ 106.73496681462494, -6.103908180830967 ], [ 106.725933318533336, -6.103937228188055 ] ] ] } },
{ "type": "Feature", "properties": { "grid_id": 93255000691, "k-means_cluster": 4, "dtw_k-means_cluster": 4, "k-shape_cluster": 3 }, "geometry": { "type": "Polygon", "coordinates": [ [ [ 106.725904396419367, -6.09489507115134 ], [ 106.725933318533336, -6.103937228188055 ], [ 106.73496681462494, -6.103908180830967 ], [ 106.73493774131552, -6.094866067137964 ], [ 106.725904396419367, -6.09489507115134 ] ] ] } },
{ "type": "Feature", "properties": { "grid_id": 93115000692, "k-means_cluster": 2, "dtw_k-means_cluster": 1, "k-shape_cluster": 1 }, "geometry": { "type": "Polygon", "coordinates": [ [ [ 106.735348765051569, -6.221455368791969 ], [ 106.735378453473388, -6.230497437703955 ], [ 106.744414046286764, -6.230467628773136 ], [ 106.744384203480479, -6.221425603447407 ], [ 106.735348765051569, -6.221455368791969 ] ] ] } },
{ "type": "Feature", "properties": { "grid_id": 93125000692, "k-means_cluster": 3, "dtw_k-means_cluster": 1, "k-shape_cluster": 1 }, "geometry": { "type": "Polygon", "coordinates": [ [ [ 106.735319120584307, -6.212413296655031 ], [ 106.735348765051569, -6.221455368791969 ], [ 106.744384203480479, -6.221425603447407 ], [ 106.744354404853325, -6.212383574896727 ], [ 106.735319120584307, -6.212413296655031 ] ] ] } },
{ "type": "Feature", "properties": { "grid_id": 93135000692, "k-means_cluster": 3, "dtw_k-means_cluster": 3, "k-shape_cluster": 1 }, "geometry": { "type": "Polygon", "coordinates": [ [ [ 106.735289520080599, -6.203371221284158 ], [ 106.735319120584307, -6.212413296655031 ], [ 106.744354404853325, -6.212383574896727 ], [ 106.744324650414313, -6.203341543121094 ], [ 106.735289520080599, -6.203371221284158 ] ] ] } },
{ "type": "Feature", "properties": { "grid_id": 93145000692, "k-means_cluster": 3, "dtw_k-means_cluster": 3, "k-shape_cluster": 1 }, "geometry": { "type": "Polygon", "coordinates": [ [ [ 106.735259963531462, -6.1943291427063 ], [ 106.735289520080599, -6.203371221284158 ], [ 106.744324650414313, -6.203341543121094 ], [ 106.744294940163428, -6.194299508120509 ], [ 106.735259963531462, -6.1943291427063 ] ] ] } },
{ "type": "Feature", "properties": { "grid_id": 93155000692, "k-means_cluster": 3, "dtw_k-means_cluster": 3, "k-shape_cluster": 1 }, "geometry": { "type": "Polygon", "coordinates": [ [ [ 106.735230450927901, -6.185287060903489 ], [ 106.735259963531462, -6.1943291427063 ], [ 106.744294940163428, -6.194299508120509 ], [ 106.744265274082707, -6.185257469903957 ], [ 106.735230450927901, -6.185287060903489 ] ] ] } },
{ "type": "Feature", "properties": { "grid_id": 93165000692, "k-means_cluster": 3, "dtw_k-means_cluster": 4, "k-shape_cluster": 2 }, "geometry": { "type": "Polygon", "coordinates": [ [ [ 106.73520098226993, -6.176244975893693 ], [ 106.735230450927901, -6.185287060903489 ], [ 106.744265274082707, -6.185257469903957 ], [ 106.744235652181132, -6.176215428480418 ], [ 106.73520098226993, -6.176244975893693 ] ] ] } },
{ "type": "Feature", "properties": { "grid_id": 93175000692, "k-means_cluster": 3, "dtw_k-means_cluster": 4, "k-shape_cluster": 2 }, "geometry": { "type": "Polygon", "coordinates": [ [ [ 106.735171557548554, -6.167202887685894 ], [ 106.73520098226993, -6.176244975893693 ], [ 106.744235652181132, -6.176215428480418 ], [ 106.744206074449707, -6.167173383849894 ], [ 106.735171557548554, -6.167202887685894 ] ] ] } },
{ "type": "Feature", "properties": { "grid_id": 93185000692, "k-means_cluster": 3, "dtw_k-means_cluster": 4, "k-shape_cluster": 2 }, "geometry": { "type": "Polygon", "coordinates": [ [ [ 106.735142176772769, -6.15816079627111 ], [ 106.735171557548554, -6.167202887685894 ], [ 106.744206074449707, -6.167173383849894 ], [ 106.744176540888461, -6.158131336012384 ], [ 106.735142176772769, -6.15816079627111 ] ] ] } },
{ "type": "Feature", "properties": { "grid_id": 93195000692, "k-means_cluster": 3, "dtw_k-means_cluster": 4, "k-shape_cluster": 2 }, "geometry": { "type": "Polygon", "coordinates": [ [ [ 106.735112839933578, -6.149118701658323 ], [ 106.735142176772769, -6.15816079627111 ], [ 106.744176540888461, -6.158131336012384 ], [ 106.744147051488383, -6.149089284976872 ], [ 106.735112839933578, -6.149118701658323 ] ] ] } },
{ "type": "Feature", "properties": { "grid_id": 93205000692, "k-means_cluster": 3, "dtw_k-means_cluster": 4, "k-shape_cluster": 2 }, "geometry": { "type": "Polygon", "coordinates": [ [ [ 106.735083547022001, -6.140076603856517 ], [ 106.735112839933578, -6.149118701658323 ], [ 106.744147051488383, -6.149089284976872 ], [ 106.744117606240508, -6.140047230752341 ], [ 106.735083547022001, -6.140076603856517 ] ] ] } },
{ "type": "Feature", "properties": { "grid_id": 93215000692, "k-means_cluster": 3, "dtw_k-means_cluster": 3, "k-shape_cluster": 3 }, "geometry": { "type": "Polygon", "coordinates": [ [ [ 106.735054298038051, -6.131034502865693 ], [ 106.735083547022001, -6.140076603856517 ], [ 106.744117606240508, -6.140047230752341 ], [ 106.744088205162797, -6.13100517333879 ], [ 106.735054298038051, -6.131034502865693 ] ] ] } },
{ "type": "Feature", "properties": { "grid_id": 93225000692, "k-means_cluster": 3, "dtw_k-means_cluster": 3, "k-shape_cluster": 3 }, "geometry": { "type": "Polygon", "coordinates": [ [ [ 106.735025092981715, -6.121992398694831 ], [ 106.735054298038051, -6.131034502865693 ], [ 106.744088205162797, -6.13100517333879 ], [ 106.744058848228292, -6.121963112745203 ], [ 106.735025092981715, -6.121992398694831 ] ] ] } },
{ "type": "Feature", "properties": { "grid_id": 93235000692, "k-means_cluster": 3, "dtw_k-means_cluster": 4, "k-shape_cluster": 3 }, "geometry": { "type": "Polygon", "coordinates": [ [ [ 106.734995931844011, -6.112950291352917 ], [ 106.735025092981715, -6.121992398694831 ], [ 106.744058848228292, -6.121963112745203 ], [ 106.744029535436994, -6.112921048971581 ], [ 106.734995931844011, -6.112950291352917 ] ] ] } },
{ "type": "Feature", "properties": { "grid_id": 93245000692, "k-means_cluster": 3, "dtw_k-means_cluster": 4, "k-shape_cluster": 3 }, "geometry": { "type": "Polygon", "coordinates": [ [ [ 106.73496681462494, -6.103908180830967 ], [ 106.734995931844011, -6.112950291352917 ], [ 106.744029535436994, -6.112921048971581 ], [ 106.744000266797912, -6.103878982017921 ], [ 106.73496681462494, -6.103908180830967 ] ] ] } },
{ "type": "Feature", "properties": { "grid_id": 93095000693, "k-means_cluster": 2, "dtw_k-means_cluster": 1, "k-shape_cluster": 1 }, "geometry": { "type": "Polygon", "coordinates": [ [ [ 106.744443933290157, -6.239509650855946 ], [ 106.744473864490672, -6.248551669704821 ], [ 106.753509722567571, -6.248521618534301 ], [ 106.753479636524446, -6.239479643505246 ], [ 106.744443933290157, -6.239509650855946 ] ] ] } },
{ "type": "Feature", "properties": { "grid_id": 93105000693, "k-means_cluster": 2, "dtw_k-means_cluster": 1, "k-shape_cluster": 1 }, "geometry": { "type": "Polygon", "coordinates": [ [ [ 106.744414046286764, -6.230467628773136 ], [ 106.744443933290157, -6.239509650855946 ], [ 106.753479636524446, -6.239479643505246 ], [ 106.753449594911999, -6.230437665233271 ], [ 106.744414046286764, -6.230467628773136 ] ] ] } },
{ "type": "Feature", "properties": { "grid_id": 93115000693, "k-means_cluster": 2, "dtw_k-means_cluster": 1, "k-shape_cluster": 1 }, "geometry": { "type": "Polygon", "coordinates": [ [ [ 106.744384203480479, -6.221425603447407 ], [ 106.744414046286764, -6.230467628773136 ], [ 106.753449594911999, -6.230437665233271 ], [ 106.753419597712266, -6.221395683727363 ], [ 106.744384203480479, -6.221425603447407 ] ] ] } },
{ "type": "Feature", "properties": { "grid_id": 93125000693, "k-means_cluster": 2, "dtw_k-means_cluster": 1, "k-shape_cluster": 1 }, "geometry": { "type": "Polygon", "coordinates": [ [ [ 106.744354404853325, -6.212383574896727 ], [ 106.744384203480479, -6.221425603447407 ], [ 106.753419597712266, -6.221395683727363 ], [ 106.753389644934217, -6.212353698987519 ], [ 106.744354404853325, -6.212383574896727 ] ] ] } },
{ "type": "Feature", "properties": { "grid_id": 93135000693, "k-means_cluster": 3, "dtw_k-means_cluster": 3, "k-shape_cluster": 1 }, "geometry": { "type": "Polygon", "coordinates": [ [ [ 106.744324650414313, -6.203341543121094 ], [ 106.744354404853325, -6.212383574896727 ], [ 106.753389644934217, -6.212353698987519 ], [ 106.753359736568882, -6.203311711022723 ], [ 106.744324650414313, -6.203341543121094 ] ] ] } },
{ "type": "Feature", "properties": { "grid_id": 93145000693, "k-means_cluster": 3, "dtw_k-means_cluster": 3, "k-shape_cluster": 1 }, "geometry": { "type": "Polygon", "coordinates": [ [ [ 106.744294940163428, -6.194299508120509 ], [ 106.744324650414313, -6.203341543121094 ], [ 106.753359736568882, -6.203311711022723 ], [ 106.753329872616249, -6.194269719832975 ], [ 106.744294940163428, -6.194299508120509 ] ] ] } },
{ "type": "Feature", "properties": { "grid_id": 93155000693, "k-means_cluster": 3, "dtw_k-means_cluster": 3, "k-shape_cluster": 1 }, "geometry": { "type": "Polygon", "coordinates": [ [ [ 106.744265274082707, -6.185257469903957 ], [ 106.744294940163428, -6.194299508120509 ], [ 106.753329872616249, -6.194269719832975 ], [ 106.753300053067349, -6.185227725427258 ], [ 106.744265274082707, -6.185257469903957 ] ] ] } },
{ "type": "Feature", "properties": { "grid_id": 93165000693, "k-means_cluster": 4, "dtw_k-means_cluster": 3, "k-shape_cluster": 2 }, "geometry": { "type": "Polygon", "coordinates": [ [ [ 106.744235652181132, -6.176215428480418 ], [ 106.744265274082707, -6.185257469903957 ], [ 106.753300053067349, -6.185227725427258 ], [ 106.753270277931151, -6.176185727805573 ], [ 106.744235652181132, -6.176215428480418 ] ] ] } },
{ "type": "Feature", "properties": { "grid_id": 93175000693, "k-means_cluster": 3, "dtw_k-means_cluster": 3, "k-shape_cluster": 3 }, "geometry": { "type": "Polygon", "coordinates": [ [ [ 106.744206074449707, -6.167173383849894 ], [ 106.744235652181132, -6.176215428480418 ], [ 106.753270277931151, -6.176185727805573 ], [ 106.75324054718071, -6.167143726985885 ], [ 106.744206074449707, -6.167173383849894 ] ] ] } },
{ "type": "Feature", "properties": { "grid_id": 93185000693, "k-means_cluster": 3, "dtw_k-means_cluster": 3, "k-shape_cluster": 3 }, "geometry": { "type": "Polygon", "coordinates": [ [ [ 106.744176540888461, -6.158131336012384 ], [ 106.744206074449707, -6.167173383849894 ], [ 106.75324054718071, -6.167143726985885 ], [ 106.753210860833988, -6.158101722950229 ], [ 106.744176540888461, -6.158131336012384 ] ] ] } },
{ "type": "Feature", "properties": { "grid_id": 93195000693, "k-means_cluster": 3, "dtw_k-means_cluster": 4, "k-shape_cluster": 2 }, "geometry": { "type": "Polygon", "coordinates": [ [ [ 106.744147051488383, -6.149089284976872 ], [ 106.744176540888461, -6.158131336012384 ], [ 106.753210860833988, -6.158101722950229 ], [ 106.753181218873024, -6.149059715725553 ], [ 106.744147051488383, -6.149089284976872 ] ] ] } },
{ "type": "Feature", "properties": { "grid_id": 93205000693, "k-means_cluster": 3, "dtw_k-means_cluster": 4, "k-shape_cluster": 2 }, "geometry": { "type": "Polygon", "coordinates": [ [ [ 106.744117606240508, -6.140047230752341 ], [ 106.744147051488383, -6.149089284976872 ], [ 106.753181218873024, -6.149059715725553 ], [ 106.753151621306813, -6.140017705302875 ], [ 106.744117606240508, -6.140047230752341 ] ] ] } },
{ "type": "Feature", "properties": { "grid_id": 93215000693, "k-means_cluster": 3, "dtw_k-means_cluster": 4, "k-shape_cluster": 3 }, "geometry": { "type": "Polygon", "coordinates": [ [ [ 106.744088205162797, -6.13100517333879 ], [ 106.744117606240508, -6.140047230752341 ], [ 106.753151621306813, -6.140017705302875 ], [ 106.753122068126359, -6.130975691691178 ], [ 106.744088205162797, -6.13100517333879 ] ] ] } },
{ "type": "Feature", "properties": { "grid_id": 93225000693, "k-means_cluster": 3, "dtw_k-means_cluster": 3, "k-shape_cluster": 4 }, "geometry": { "type": "Polygon", "coordinates": [ [ [ 106.744058848228292, -6.121963112745203 ], [ 106.744088205162797, -6.13100517333879 ], [ 106.753122068126359, -6.130975691691178 ], [ 106.753092559313686, -6.12193367489046 ], [ 106.744058848228292, -6.121963112745203 ] ] ] } },
{ "type": "Feature", "properties": { "grid_id": 93235000693, "k-means_cluster": 3, "dtw_k-means_cluster": 1, "k-shape_cluster": 2 }, "geometry": { "type": "Polygon", "coordinates": [ [ [ 106.744029535436994, -6.112921048971581 ], [ 106.744058848228292, -6.121963112745203 ], [ 106.753092559313686, -6.12193367489046 ], [ 106.753063094895765, -6.112891654909708 ], [ 106.744029535436994, -6.112921048971581 ] ] ] } },
{ "type": "Feature", "properties": { "grid_id": 93245000693, "k-means_cluster": 3, "dtw_k-means_cluster": 3, "k-shape_cluster": 3 }, "geometry": { "type": "Polygon", "coordinates": [ [ [ 106.744000266797912, -6.103878982017921 ], [ 106.744029535436994, -6.112921048971581 ], [ 106.753063094895765, -6.112891654909708 ], [ 106.753033674836644, -6.103849631757902 ], [ 106.744000266797912, -6.103878982017921 ] ] ] } },
{ "type": "Feature", "properties": { "grid_id": 93065000694, "k-means_cluster": 2, "dtw_k-means_cluster": 1, "k-shape_cluster": 2 }, "geometry": { "type": "Polygon", "coordinates": [ [ [ 106.753570027945827, -6.266605558854676 ], [ 106.753600247289953, -6.275647524137011 ], [ 106.762636526820444, -6.275617185757128 ], [ 106.762606151959986, -6.266575264519192 ], [ 106.753570027945827, -6.266605558854676 ] ] ] } },
{ "type": "Feature", "properties": { "grid_id": 93075000694, "k-means_cluster": 2, "dtw_k-means_cluster": 4, "k-shape_cluster": 4 }, "geometry": { "type": "Polygon", "coordinates": [ [ [ 106.75353985304136, -6.25756359032044 ], [ 106.753570027945827, -6.266605558854676 ], [ 106.762606151959986, -6.266575264519192 ], [ 106.762575821754766, -6.257533340038337 ], [ 106.75353985304136, -6.25756359032044 ] ] ] } },
{ "type": "Feature", "properties": { "grid_id": 93085000694, "k-means_cluster": 2, "dtw_k-means_cluster": 4, "k-shape_cluster": 2 }, "geometry": { "type": "Polygon", "coordinates": [ [ [ 106.753509722567571, -6.248521618534301 ], [ 106.75353985304136, -6.25756359032044 ], [ 106.762575821754766, -6.257533340038337 ], [ 106.762545536222774, -6.248491412296597 ], [ 106.753509722567571, -6.248521618534301 ] ] ] } },
{ "type": "Feature", "properties": { "grid_id": 93095000694, "k-means_cluster": 2, "dtw_k-means_cluster": 1, "k-shape_cluster": 4 }, "geometry": { "type": "Polygon", "coordinates": [ [ [ 106.753479636524446, -6.239479643505246 ], [ 106.753509722567571, -6.248521618534301 ], [ 106.762545536222774, -6.248491412296597 ], [ 106.762515295337053, -6.23944948131194 ], [ 106.753479636524446, -6.239479643505246 ] ] ] } },
{ "type": "Feature", "properties": { "grid_id": 93105000694, "k-means_cluster": 2, "dtw_k-means_cluster": 1, "k-shape_cluster": 4 }, "geometry": { "type": "Polygon", "coordinates": [ [ [ 106.753449594911999, -6.230437665233271 ], [ 106.753479636524446, -6.239479643505246 ], [ 106.762515295337053, -6.23944948131194 ], [ 106.762485099115565, -6.230407547075381 ], [ 106.753449594911999, -6.230437665233271 ] ] ] } },
{ "type": "Feature", "properties": { "grid_id": 93115000694, "k-means_cluster": 2, "dtw_k-means_cluster": 1, "k-shape_cluster": 1 }, "geometry": { "type": "Polygon", "coordinates": [ [ [ 106.753419597712266, -6.221395683727363 ], [ 106.753449594911999, -6.230437665233271 ], [ 106.762485099115565, -6.230407547075381 ], [ 106.762454947531353, -6.22136560961387 ], [ 106.753419597712266, -6.221395683727363 ] ] ] } },
{ "type": "Feature", "properties": { "grid_id": 93125000694, "k-means_cluster": 2, "dtw_k-means_cluster": 1, "k-shape_cluster": 1 }, "geometry": { "type": "Polygon", "coordinates": [ [ [ 106.753389644934217, -6.212353698987519 ], [ 106.753419597712266, -6.221395683727363 ], [ 106.762454947531353, -6.22136560961387 ], [ 106.762424840602407, -6.212323668918425 ], [ 106.753389644934217, -6.212353698987519 ] ] ] } },
{ "type": "Feature", "properties": { "grid_id": 93135000694, "k-means_cluster": 3, "dtw_k-means_cluster": 3, "k-shape_cluster": 1 }, "geometry": { "type": "Polygon", "coordinates": [ [ [ 106.753359736568882, -6.203311711022723 ], [ 106.753389644934217, -6.212353698987519 ], [ 106.762424840602407, -6.212323668918425 ], [ 106.762394778319731, -6.203281724989044 ], [ 106.753359736568882, -6.203311711022723 ] ] ] } },
{ "type": "Feature", "properties": { "grid_id": 93145000694, "k-means_cluster": 3, "dtw_k-means_cluster": 3, "k-shape_cluster": 1 }, "geometry": { "type": "Polygon", "coordinates": [ [ [ 106.753329872616249, -6.194269719832975 ], [ 106.753359736568882, -6.203311711022723 ], [ 106.762394778319731, -6.203281724989044 ], [ 106.762364760665349, -6.194239777834711 ], [ 106.753329872616249, -6.194269719832975 ] ] ] } },
{ "type": "Feature", "properties": { "grid_id": 93155000694, "k-means_cluster": 3, "dtw_k-means_cluster": 3, "k-shape_cluster": 1 }, "geometry": { "type": "Polygon", "coordinates": [ [ [ 106.753300053067349, -6.185227725427258 ], [ 106.753329872616249, -6.194269719832975 ], [ 106.762364760665349, -6.194239777834711 ], [ 106.762334787657238, -6.185197827464409 ], [ 106.753300053067349, -6.185227725427258 ] ] ] } },
{ "type": "Feature", "properties": { "grid_id": 93165000694, "k-means_cluster": 3, "dtw_k-means_cluster": 3, "k-shape_cluster": 4 }, "geometry": { "type": "Polygon", "coordinates": [ [ [ 106.753270277931151, -6.176185727805573 ], [ 106.753300053067349, -6.185227725427258 ], [ 106.762334787657238, -6.185197827464409 ], [ 106.762304859268454, -6.176155873887123 ], [ 106.753270277931151, -6.176185727805573 ] ] ] } },
{ "type": "Feature", "properties": { "grid_id": 93175000694, "k-means_cluster": 3, "dtw_k-means_cluster": 3, "k-shape_cluster": 4 }, "geometry": { "type": "Polygon", "coordinates": [ [ [ 106.75324054718071, -6.167143726985885 ], [ 106.753270277931151, -6.176185727805573 ], [ 106.762304859268454, -6.176155873887123 ], [ 106.762274975516959, -6.167113917093867 ], [ 106.75324054718071, -6.167143726985885 ] ] ] } },
{ "type": "Feature", "properties": { "grid_id": 93185000694, "k-means_cluster": 3, "dtw_k-means_cluster": 3, "k-shape_cluster": 4 }, "geometry": { "type": "Polygon", "coordinates": [ [ [ 106.753210860833988, -6.158101722950229 ], [ 106.75324054718071, -6.167143726985885 ], [ 106.762274975516959, -6.167113917093867 ], [ 106.762245136384777, -6.158071957093626 ], [ 106.753210860833988, -6.158101722950229 ] ] ] } },
{ "type": "Feature", "properties": { "grid_id": 93195000694, "k-means_cluster": 3, "dtw_k-means_cluster": 4, "k-shape_cluster": 2 }, "geometry": { "type": "Polygon", "coordinates": [ [ [ 106.753181218873024, -6.149059715725553 ], [ 106.753210860833988, -6.158101722950229 ], [ 106.762245136384777, -6.158071957093626 ], [ 106.762215341880903, -6.149029993895383 ], [ 106.753181218873024, -6.149059715725553 ] ] ] } },
{ "type": "Feature", "properties": { "grid_id": 93205000694, "k-means_cluster": 3, "dtw_k-means_cluster": 4, "k-shape_cluster": 2 }, "geometry": { "type": "Polygon", "coordinates": [ [ [ 106.753151621306813, -6.140017705302875 ], [ 106.753181218873024, -6.149059715725553 ], [ 106.762215341880903, -6.149029993895383 ], [ 106.762185591987361, -6.139988027499136 ], [ 106.753151621306813, -6.140017705302875 ] ] ] } },
{ "type": "Feature", "properties": { "grid_id": 93215000694, "k-means_cluster": 3, "dtw_k-means_cluster": 3, "k-shape_cluster": 4 }, "geometry": { "type": "Polygon", "coordinates": [ [ [ 106.753122068126359, -6.130975691691178 ], [ 106.753151621306813, -6.140017705302875 ], [ 106.762185591987361, -6.139988027499136 ], [ 106.762155886704164, -6.130946057913871 ], [ 106.753122068126359, -6.130975691691178 ] ] ] } },
{ "type": "Feature", "properties": { "grid_id": 93225000694, "k-means_cluster": 3, "dtw_k-means_cluster": 3, "k-shape_cluster": 4 }, "geometry": { "type": "Polygon", "coordinates": [ [ [ 106.753092559313686, -6.12193367489046 ], [ 106.753122068126359, -6.130975691691178 ], [ 106.762155886704164, -6.130946057913871 ], [ 106.762126226031285, -6.121904085139587 ], [ 106.753092559313686, -6.12193367489046 ] ] ] } },
{ "type": "Feature", "properties": { "grid_id": 93235000694, "k-means_cluster": 3, "dtw_k-means_cluster": 4, "k-shape_cluster": 2 }, "geometry": { "type": "Polygon", "coordinates": [ [ [ 106.753063094895765, -6.112891654909708 ], [ 106.753092559313686, -6.12193367489046 ], [ 106.762126226031285, -6.121904085139587 ], [ 106.762096609968765, -6.112862109185266 ], [ 106.753063094895765, -6.112891654909708 ] ] ] } },
{ "type": "Feature", "properties": { "grid_id": 93245000694, "k-means_cluster": 3, "dtw_k-means_cluster": 4, "k-shape_cluster": 2 }, "geometry": { "type": "Polygon", "coordinates": [ [ [ 106.753033674836644, -6.103849631757902 ], [ 106.753063094895765, -6.112891654909708 ], [ 106.762096609968765, -6.112862109185266 ], [ 106.762067038507581, -6.103820130050909 ], [ 106.753033674836644, -6.103849631757902 ] ] ] } },
{ "type": "Feature", "properties": { "grid_id": 93045000695, "k-means_cluster": 2, "dtw_k-means_cluster": 1, "k-shape_cluster": 4 }, "geometry": { "type": "Polygon", "coordinates": [ [ [ 106.762666946363112, -6.284659103725198 ], [ 106.762697410570013, -6.293701018432382 ], [ 106.771733957160663, -6.293670435764642 ], [ 106.77170333697029, -6.284628565335417 ], [ 106.762666946363112, -6.284659103725198 ] ] ] } },
{ "type": "Feature", "properties": { "grid_id": 93055000695, "k-means_cluster": 2, "dtw_k-means_cluster": 1, "k-shape_cluster": 1 }, "geometry": { "type": "Polygon", "coordinates": [ [ [ 106.762636526820444, -6.275617185757128 ], [ 106.762666946363112, -6.284659103725198 ], [ 106.77170333697029, -6.284628565335417 ], [ 106.771672761686702, -6.275586691636326 ], [ 106.762636526820444, -6.275617185757128 ] ] ] } },
{ "type": "Feature", "properties": { "grid_id": 93065000695, "k-means_cluster": 2, "dtw_k-means_cluster": 1, "k-shape_cluster": 1 }, "geometry": { "type": "Polygon", "coordinates": [ [ [ 106.762606151959986, -6.266575264519192 ], [ 106.762636526820444, -6.275617185757128 ], [ 106.771672761686702, -6.275586691636326 ], [ 106.771642231300916, -6.266544814685332 ], [ 106.762606151959986, -6.266575264519192 ] ] ] } },
{ "type": "Feature", "properties": { "grid_id": 93075000695, "k-means_cluster": 2, "dtw_k-means_cluster": 1, "k-shape_cluster": 4 }, "geometry": { "type": "Polygon", "coordinates": [ [ [ 106.762575821754766, -6.257533340038337 ], [ 106.762606151959986, -6.266575264519192 ], [ 106.771642231300916, -6.266544814685332 ], [ 106.771611745812919, -6.257502934464472 ], [ 106.762575821754766, -6.257533340038337 ] ] ] } },
{ "type": "Feature", "properties": { "grid_id": 93085000695, "k-means_cluster": 2, "dtw_k-means_cluster": 4, "k-shape_cluster": 2 }, "geometry": { "type": "Polygon", "coordinates": [ [ [ 106.762545536222774, -6.248491412296597 ], [ 106.762575821754766, -6.257533340038337 ], [ 106.771611745812919, -6.257502934464472 ], [ 106.771581305213743, -6.248461051000692 ], [ 106.762545536222774, -6.248491412296597 ] ] ] } },
{ "type": "Feature", "properties": { "grid_id": 93095000695, "k-means_cluster": 2, "dtw_k-means_cluster": 1, "k-shape_cluster": 4 }, "geometry": { "type": "Polygon", "coordinates": [ [ [ 106.762515295337053, -6.23944948131194 ], [ 106.762545536222774, -6.248491412296597 ], [ 106.771581305213743, -6.248461051000692 ], [ 106.771550909494394, -6.239419164285012 ], [ 106.762515295337053, -6.23944948131194 ] ] ] } },
{ "type": "Feature", "properties": { "grid_id": 93105000695, "k-means_cluster": 2, "dtw_k-means_cluster": 3, "k-shape_cluster": 4 }, "geometry": { "type": "Polygon", "coordinates": [ [ [ 106.762485099115565, -6.230407547075381 ], [ 106.762515295337053, -6.23944948131194 ], [ 106.771550909494394, -6.239419164285012 ], [ 106.771520558663852, -6.230377274326414 ], [ 106.762485099115565, -6.230407547075381 ] ] ] } },
{ "type": "Feature", "properties": { "grid_id": 93115000695, "k-means_cluster": 2, "dtw_k-means_cluster": 1, "k-shape_cluster": 4 }, "geometry": { "type": "Polygon", "coordinates": [ [ [ 106.762454947531353, -6.22136560961387 ], [ 106.762485099115565, -6.230407547075381 ], [ 106.771520558663852, -6.230377274326414 ], [ 106.771490252704169, -6.221335381124897 ], [ 106.762454947531353, -6.22136560961387 ] ] ] } },
{ "type": "Feature", "properties": { "grid_id": 93125000695, "k-means_cluster": 2, "dtw_k-means_cluster": 1, "k-shape_cluster": 1 }, "geometry": { "type": "Polygon", "coordinates": [ [ [ 106.762424840602407, -6.212323668918425 ], [ 106.762454947531353, -6.22136560961387 ], [ 106.771490252704169, -6.221335381124897 ], [ 106.771459991633307, -6.212293484689445 ], [ 106.762424840602407, -6.212323668918425 ] ] ] } },
{ "type": "Feature", "properties": { "grid_id": 93135000695, "k-means_cluster": 3, "dtw_k-means_cluster": 3, "k-shape_cluster": 1 }, "geometry": { "type": "Polygon", "coordinates": [ [ [ 106.762394778319731, -6.203281724989044 ], [ 106.762424840602407, -6.212323668918425 ], [ 106.771459991633307, -6.212293484689445 ], [ 106.771429775424309, -6.203251585029041 ], [ 106.762394778319731, -6.203281724989044 ] ] ] } },
{ "type": "Feature", "properties": { "grid_id": 93145000695, "k-means_cluster": 3, "dtw_k-means_cluster": 3, "k-shape_cluster": 4 }, "geometry": { "type": "Polygon", "coordinates": [ [ [ 106.762364760665349, -6.194239777834711 ], [ 106.762394778319731, -6.203281724989044 ], [ 106.771429775424309, -6.203251585029041 ], [ 106.771399604086142, -6.194209682143686 ], [ 106.762364760665349, -6.194239777834711 ] ] ] } },
{ "type": "Feature", "properties": { "grid_id": 93155000695, "k-means_cluster": 3, "dtw_k-means_cluster": 3, "k-shape_cluster": 4 }, "geometry": { "type": "Polygon", "coordinates": [ [ [ 106.762334787657238, -6.185197827464409 ], [ 106.762364760665349, -6.194239777834711 ], [ 106.771399604086142, -6.194209682143686 ], [ 106.771369477609852, -6.185167776033379 ], [ 106.762334787657238, -6.185197827464409 ] ] ] } },
{ "type": "Feature", "properties": { "grid_id": 93165000695, "k-means_cluster": 3, "dtw_k-means_cluster": 3, "k-shape_cluster": 4 }, "geometry": { "type": "Polygon", "coordinates": [ [ [ 106.762304859268454, -6.176155873887123 ], [ 106.762334787657238, -6.185197827464409 ], [ 106.771369477609852, -6.185167776033379 ], [ 106.771339395986445, -6.176125866707102 ], [ 106.762304859268454, -6.176155873887123 ] ] ] } },
{ "type": "Feature", "properties": { "grid_id": 93175000695, "k-means_cluster": 3, "dtw_k-means_cluster": 3, "k-shape_cluster": 4 }, "geometry": { "type": "Polygon", "coordinates": [ [ [ 106.762274975516959, -6.167113917093867 ], [ 106.762304859268454, -6.176155873887123 ], [ 106.771339395986445, -6.176125866707102 ], [ 106.771309359233896, -6.167083954173841 ], [ 106.762274975516959, -6.167113917093867 ] ] ] } },
{ "type": "Feature", "properties": { "grid_id": 93185000695, "k-means_cluster": 3, "dtw_k-means_cluster": 4, "k-shape_cluster": 2 }, "geometry": { "type": "Polygon", "coordinates": [ [ [ 106.762245136384777, -6.158071957093626 ], [ 106.762274975516959, -6.167113917093867 ], [ 106.771309359233896, -6.167083954173841 ], [ 106.771279367325235, -6.158042038433594 ], [ 106.762245136384777, -6.158071957093626 ] ] ] } },
{ "type": "Feature", "properties": { "grid_id": 93195000695, "k-means_cluster": 3, "dtw_k-means_cluster": 4, "k-shape_cluster": 2 }, "geometry": { "type": "Polygon", "coordinates": [ [ [ 106.762215341880903, -6.149029993895383 ], [ 106.762245136384777, -6.158071957093626 ], [ 106.771279367325235, -6.158042038433594 ], [ 106.771249420260474, -6.149000119495344 ], [ 106.762215341880903, -6.149029993895383 ] ] ] } },
{ "type": "Feature", "properties": { "grid_id": 93205000695, "k-means_cluster": 3, "dtw_k-means_cluster": 4, "k-shape_cluster": 2 }, "geometry": { "type": "Polygon", "coordinates": [ [ [ 106.762185591987361, -6.139988027499136 ], [ 106.762215341880903, -6.149029993895383 ], [ 106.771249420260474, -6.149000119495344 ], [ 106.771219518048582, -6.13995819735011 ], [ 106.762185591987361, -6.139988027499136 ] ] ] } },
{ "type": "Feature", "properties": { "grid_id": 93215000695, "k-means_cluster": 3, "dtw_k-means_cluster": 2, "k-shape_cluster": 2 }, "geometry": { "type": "Polygon", "coordinates": [ [ [ 106.762155886704164, -6.130946057913871 ], [ 106.762185591987361, -6.139988027499136 ], [ 106.771219518048582, -6.13995819735011 ], [ 106.771189660680605, -6.130916272015855 ], [ 106.762155886704164, -6.130946057913871 ] ] ] } },
{ "type": "Feature", "properties": { "grid_id": 93225000695, "k-means_cluster": 3, "dtw_k-means_cluster": 2, "k-shape_cluster": 2 }, "geometry": { "type": "Polygon", "coordinates": [ [ [ 106.762126226031285, -6.121904085139587 ], [ 106.762155886704164, -6.130946057913871 ], [ 106.771189660680605, -6.130916272015855 ], [ 106.771159848147548, -6.121874343492581 ], [ 106.762126226031285, -6.121904085139587 ] ] ] } },
{ "type": "Feature", "properties": { "grid_id": 93235000695, "k-means_cluster": 3, "dtw_k-means_cluster": 4, "k-shape_cluster": 4 }, "geometry": { "type": "Polygon", "coordinates": [ [ [ 106.762096609968765, -6.112862109185266 ], [ 106.762126226031285, -6.121904085139587 ], [ 106.771159848147548, -6.121874343492581 ], [ 106.771130080440415, -6.112832411789271 ], [ 106.762096609968765, -6.112862109185266 ] ] ] } },
{ "type": "Feature", "properties": { "grid_id": 93245000695, "k-means_cluster": 3, "dtw_k-means_cluster": 4, "k-shape_cluster": 4 }, "geometry": { "type": "Polygon", "coordinates": [ [ [ 106.762067038507581, -6.103820130050909 ], [ 106.762096609968765, -6.112862109185266 ], [ 106.771130080440415, -6.112832411789271 ], [ 106.771100357568201, -6.103790476905925 ], [ 106.762067038507581, -6.103820130050909 ] ] ] } },
{ "type": "Feature", "properties": { "grid_id": 93025000696, "k-means_cluster": 2, "dtw_k-means_cluster": 1, "k-shape_cluster": 1 }, "geometry": { "type": "Polygon", "coordinates": [ [ [ 106.771764622248824, -6.302712302923998 ], [ 106.771795332243784, -6.311754166804504 ], [ 106.780832146568301, -6.311723338941606 ], [ 106.780801280131755, -6.30268151956364 ], [ 106.771764622248824, -6.302712302923998 ] ] ] } },
{ "type": "Feature", "properties": { "grid_id": 93035000696, "k-means_cluster": 2, "dtw_k-means_cluster": 1, "k-shape_cluster": 1 }, "geometry": { "type": "Polygon", "coordinates": [ [ [ 106.771733957160663, -6.293670435764642 ], [ 106.771764622248824, -6.302712302923998 ], [ 106.780801280131755, -6.30268151956364 ], [ 106.780770458844515, -6.293639696915806 ], [ 106.771733957160663, -6.293670435764642 ] ] ] } },
{ "type": "Feature", "properties": { "grid_id": 93045000696, "k-means_cluster": 2, "dtw_k-means_cluster": 1, "k-shape_cluster": 1 }, "geometry": { "type": "Polygon", "coordinates": [ [ [ 106.77170333697029, -6.284628565335417 ], [ 106.771733957160663, -6.293670435764642 ], [ 106.780770458844515, -6.293639696915806 ], [ 106.780739682679666, -6.284597870989121 ], [ 106.77170333697029, -6.284628565335417 ] ] ] } },
{ "type": "Feature", "properties": { "grid_id": 93055000696, "k-means_cluster": 2, "dtw_k-means_cluster": 1, "k-shape_cluster": 4 }, "geometry": { "type": "Polygon", "coordinates": [ [ [ 106.771672761686702, -6.275586691636326 ], [ 106.77170333697029, -6.284628565335417 ], [ 106.780739682679666, -6.284597870989121 ], [ 106.780708951655157, -6.275556041792568 ], [ 106.771672761686702, -6.275586691636326 ] ] ] } },
{ "type": "Feature", "properties": { "grid_id": 93065000696, "k-means_cluster": 2, "dtw_k-means_cluster": 1, "k-shape_cluster": 1 }, "geometry": { "type": "Polygon", "coordinates": [ [ [ 106.771642231300916, -6.266544814685332 ], [ 106.771672761686702, -6.275586691636326 ], [ 106.780708951655157, -6.275556041792568 ], [ 106.780678265753025, -6.26651420933513 ], [ 106.771642231300916, -6.266544814685332 ] ] ] } },
{ "type": "Feature", "properties": { "grid_id": 93075000696, "k-means_cluster": 2, "dtw_k-means_cluster": 1, "k-shape_cluster": 1 }, "geometry": { "type": "Polygon", "coordinates": [ [ [ 106.771611745812919, -6.257502934464472 ], [ 106.771642231300916, -6.266544814685332 ], [ 106.780678265753025, -6.26651420933513 ], [ 106.78064762497327, -6.257472373616809 ], [ 106.771611745812919, -6.257502934464472 ] ] ] } },
{ "type": "Feature", "properties": { "grid_id": 93085000696, "k-means_cluster": 2, "dtw_k-means_cluster": 1, "k-shape_cluster": 4 }, "geometry": { "type": "Polygon", "coordinates": [ [ [ 106.771581305213743, -6.248461051000692 ], [ 106.771611745812919, -6.257502934464472 ], [ 106.78064762497327, -6.257472373616809 ], [ 106.780617029315891, -6.248430534646586 ], [ 106.771581305213743, -6.248461051000692 ] ] ] } },
{ "type": "Feature", "properties": { "grid_id": 93095000696, "k-means_cluster": 2, "dtw_k-means_cluster": 1, "k-shape_cluster": 4 }, "geometry": { "type": "Polygon", "coordinates": [ [ [ 106.771550909494394, -6.239419164285012 ], [ 106.771581305213743, -6.248461051000692 ], [ 106.780617029315891, -6.248430534646586 ], [ 106.780586478771909, -6.239388692433445 ], [ 106.771550909494394, -6.239419164285012 ] ] ] } },
{ "type": "Feature", "properties": { "grid_id": 93105000696, "k-means_cluster": 2, "dtw_k-means_cluster": 3, "k-shape_cluster": 4 }, "geometry": { "type": "Polygon", "coordinates": [ [ [ 106.771520558663852, -6.230377274326414 ], [ 106.771550909494394, -6.239419164285012 ], [ 106.780586478771909, -6.239388692433445 ], [ 106.780555973332326, -6.230346846968402 ], [ 106.771520558663852, -6.230377274326414 ] ] ] } },
{ "type": "Feature", "properties": { "grid_id": 93115000696, "k-means_cluster": 2, "dtw_k-means_cluster": 1, "k-shape_cluster": 4 }, "geometry": { "type": "Polygon", "coordinates": [ [ [ 106.771490252704169, -6.221335381124897 ], [ 106.771520558663852, -6.230377274326414 ], [ 106.780555973332326, -6.230346846968402 ], [ 106.78052551300614, -6.221304998260441 ], [ 106.771490252704169, -6.221335381124897 ] ] ] } },
{ "type": "Feature", "properties": { "grid_id": 93125000696, "k-means_cluster": 2, "dtw_k-means_cluster": 4, "k-shape_cluster": 1 }, "geometry": { "type": "Polygon", "coordinates": [ [ [ 106.771459991633307, -6.212293484689445 ], [ 106.771490252704169, -6.221335381124897 ], [ 106.78052551300614, -6.221304998260441 ], [ 106.780495097784367, -6.212263146318546 ], [ 106.771459991633307, -6.212293484689445 ] ] ] } },
{ "type": "Feature", "properties": { "grid_id": 93135000696, "k-means_cluster": 3, "dtw_k-means_cluster": 3, "k-shape_cluster": 1 }, "geometry": { "type": "Polygon", "coordinates": [ [ [ 106.771429775424309, -6.203251585029041 ], [ 106.771459991633307, -6.212293484689445 ], [ 106.780495097784367, -6.212263146318546 ], [ 106.780464727658028, -6.203221291151698 ], [ 106.771429775424309, -6.203251585029041 ] ] ] } },
{ "type": "Feature", "properties": { "grid_id": 93145000696, "k-means_cluster": 3, "dtw_k-means_cluster": 3, "k-shape_cluster": 4 }, "geometry": { "type": "Polygon", "coordinates": [ [ [ 106.771399604086142, -6.194209682143686 ], [ 106.771429775424309, -6.203251585029041 ], [ 106.780464727658028, -6.203221291151698 ], [ 106.780434402636089, -6.194179432750916 ], [ 106.771399604086142, -6.194209682143686 ] ] ] } },
{ "type": "Feature", "properties": { "grid_id": 93155000696, "k-means_cluster": 3, "dtw_k-means_cluster": 3, "k-shape_cluster": 4 }, "geometry": { "type": "Polygon", "coordinates": [ [ [ 106.771369477609852, -6.185167776033379 ], [ 106.771399604086142, -6.194209682143686 ], [ 106.780434402636089, -6.194179432750916 ], [ 106.780404122700602, -6.185137571125181 ], [ 106.771369477609852, -6.185167776033379 ] ] ] } },
{ "type": "Feature", "properties": { "grid_id": 93165000696, "k-means_cluster": 3, "dtw_k-means_cluster": 3, "k-shape_cluster": 4 }, "geometry": { "type": "Polygon", "coordinates": [ [ [ 106.771339395986445, -6.176125866707102 ], [ 106.771369477609852, -6.185167776033379 ], [ 106.780404122700602, -6.185137571125181 ], [ 106.780373887851553, -6.176095706292461 ], [ 106.771339395986445, -6.176125866707102 ] ] ] } },
{ "type": "Feature", "properties": { "grid_id": 93175000696, "k-means_cluster": 3, "dtw_k-means_cluster": 3, "k-shape_cluster": 4 }, "geometry": { "type": "Polygon", "coordinates": [ [ [ 106.771309359233896, -6.167083954173841 ], [ 106.771339395986445, -6.176125866707102 ], [ 106.780373887851553, -6.176095706292461 ], [ 106.780343698088956, -6.167053838243772 ], [ 106.771309359233896, -6.167083954173841 ] ] ] } },
{ "type": "Feature", "properties": { "grid_id": 93185000696, "k-means_cluster": 3, "dtw_k-means_cluster": 4, "k-shape_cluster": 2 }, "geometry": { "type": "Polygon", "coordinates": [ [ [ 106.771279367325235, -6.158042038433594 ], [ 106.771309359233896, -6.167083954173841 ], [ 106.780343698088956, -6.167053838243772 ], [ 106.780313553412796, -6.158011966979115 ], [ 106.771279367325235, -6.158042038433594 ] ] ] } },
{ "type": "Feature", "properties": { "grid_id": 93195000696, "k-means_cluster": 3, "dtw_k-means_cluster": 4, "k-shape_cluster": 2 }, "geometry": { "type": "Polygon", "coordinates": [ [ [ 106.771249420260474, -6.149000119495344 ], [ 106.771279367325235, -6.158042038433594 ], [ 106.780313553412796, -6.158011966979115 ], [ 106.780283453805126, -6.148970092525438 ], [ 106.771249420260474, -6.149000119495344 ] ] ] } },
{ "type": "Feature", "properties": { "grid_id": 93205000696, "k-means_cluster": 3, "dtw_k-means_cluster": 4, "k-shape_cluster": 2 }, "geometry": { "type": "Polygon", "coordinates": [ [ [ 106.771219518048582, -6.13995819735011 ], [ 106.771249420260474, -6.149000119495344 ], [ 106.780283453805126, -6.148970092525438 ], [ 106.780253399274898, -6.139928214864776 ], [ 106.771219518048582, -6.13995819735011 ] ] ] } },
{ "type": "Feature", "properties": { "grid_id": 93215000696, "k-means_cluster": 3, "dtw_k-means_cluster": 4, "k-shape_cluster": 2 }, "geometry": { "type": "Polygon", "coordinates": [ [ [ 106.771189660680605, -6.130916272015855 ], [ 106.771219518048582, -6.13995819735011 ], [ 106.780253399274898, -6.139928214864776 ], [ 106.780223389813159, -6.130886334006111 ], [ 106.771189660680605, -6.130916272015855 ] ] ] } },
{ "type": "Feature", "properties": { "grid_id": 93225000696, "k-means_cluster": 3, "dtw_k-means_cluster": 4, "k-shape_cluster": 2 }, "geometry": { "type": "Polygon", "coordinates": [ [ [ 106.771159848147548, -6.121874343492581 ], [ 106.771189660680605, -6.130916272015855 ], [ 106.780223389813159, -6.130886334006111 ], [ 106.780193425419895, -6.12184444996741 ], [ 106.771159848147548, -6.121874343492581 ] ] ] } },
{ "type": "Feature", "properties": { "grid_id": 93235000696, "k-means_cluster": 3, "dtw_k-means_cluster": 3, "k-shape_cluster": 3 }, "geometry": { "type": "Polygon", "coordinates": [ [ [ 106.771130080440415, -6.112832411789271 ], [ 106.771159848147548, -6.121874343492581 ], [ 106.780193425419895, -6.12184444996741 ], [ 106.780163506086126, -6.112802562739691 ], [ 106.771130080440415, -6.112832411789271 ] ] ] } },
{ "type": "Feature", "properties": { "grid_id": 93025000697, "k-means_cluster": 2, "dtw_k-means_cluster": 1, "k-shape_cluster": 1 }, "geometry": { "type": "Polygon", "coordinates": [ [ [ 106.780801280131755, -6.30268151956364 ], [ 106.780832146568301, -6.311723338941606 ], [ 106.789868915743511, -6.311692354439472 ], [ 106.789837892883313, -6.302650579797607 ], [ 106.780801280131755, -6.30268151956364 ] ] ] } },
{ "type": "Feature", "properties": { "grid_id": 93035000697, "k-means_cluster": 2, "dtw_k-means_cluster": 1, "k-shape_cluster": 1 }, "geometry": { "type": "Polygon", "coordinates": [ [ [ 106.780770458844515, -6.293639696915806 ], [ 106.780801280131755, -6.30268151956364 ], [ 106.789837892883313, -6.302650579797607 ], [ 106.789806915397023, -6.293608801876891 ], [ 106.780770458844515, -6.293639696915806 ] ] ] } },
{ "type": "Feature", "properties": { "grid_id": 93045000697, "k-means_cluster": 2, "dtw_k-means_cluster": 1, "k-shape_cluster": 1 }, "geometry": { "type": "Polygon", "coordinates": [ [ [ 106.780739682679666, -6.284597870989121 ], [ 106.780770458844515, -6.293639696915806 ], [ 106.789806915397023, -6.293608801876891 ], [ 106.789775983266665, -6.284567020686307 ], [ 106.780739682679666, -6.284597870989121 ] ] ] } },
{ "type": "Feature", "properties": { "grid_id": 93055000697, "k-means_cluster": 2, "dtw_k-means_cluster": 1, "k-shape_cluster": 1 }, "geometry": { "type": "Polygon", "coordinates": [ [ [ 106.780708951655157, -6.275556041792568 ], [ 106.780739682679666, -6.284597870989121 ], [ 106.789775983266665, -6.284567020686307 ], [ 106.789745096492254, -6.275525236216873 ], [ 106.780708951655157, -6.275556041792568 ] ] ] } },
{ "type": "Feature", "properties": { "grid_id": 93065000697, "k-means_cluster": 2, "dtw_k-means_cluster": 1, "k-shape_cluster": 1 }, "geometry": { "type": "Polygon", "coordinates": [ [ [ 106.780678265753025, -6.26651420933513 ], [ 106.780708951655157, -6.275556041792568 ], [ 106.789745096492254, -6.275525236216873 ], [ 106.789714255082771, -6.266483448486553 ], [ 106.780678265753025, -6.26651420933513 ] ] ] } },
{ "type": "Feature", "properties": { "grid_id": 93075000697, "k-means_cluster": 2, "dtw_k-means_cluster": 1, "k-shape_cluster": 1 }, "geometry": { "type": "Polygon", "coordinates": [ [ [ 106.78064762497327, -6.257472373616809 ], [ 106.780678265753025, -6.26651420933513 ], [ 106.789714255082771, -6.266483448486553 ], [ 106.789683459020225, -6.25744165749535 ], [ 106.78064762497327, -6.257472373616809 ] ] ] } },
{ "type": "Feature", "properties": { "grid_id": 93085000697, "k-means_cluster": 2, "dtw_k-means_cluster": 1, "k-shape_cluster": 4 }, "geometry": { "type": "Polygon", "coordinates": [ [ [ 106.780617029315891, -6.248430534646586 ], [ 106.78064762497327, -6.257472373616809 ], [ 106.789683459020225, -6.25744165749535 ], [ 106.789652708304644, -6.248399863252245 ], [ 106.780617029315891, -6.248430534646586 ] ] ] } },
{ "type": "Feature", "properties": { "grid_id": 93095000697, "k-means_cluster": 2, "dtw_k-means_cluster": 1, "k-shape_cluster": 4 }, "geometry": { "type": "Polygon", "coordinates": [ [ [ 106.780586478771909, -6.239388692433445 ], [ 106.780617029315891, -6.248430534646586 ], [ 106.789652708304644, -6.248399863252245 ], [ 106.789622002927032, -6.239358065757238 ], [ 106.780586478771909, -6.239388692433445 ] ] ] } },
{ "type": "Feature", "properties": { "grid_id": 93105000697, "k-means_cluster": 2, "dtw_k-means_cluster": 1, "k-shape_cluster": 4 }, "geometry": { "type": "Polygon", "coordinates": [ [ [ 106.780555973332326, -6.230346846968402 ], [ 106.780586478771909, -6.239388692433445 ], [ 106.789622002927032, -6.239358065757238 ], [ 106.789591342896387, -6.23031626501033 ], [ 106.780555973332326, -6.230346846968402 ] ] ] } },
{ "type": "Feature", "properties": { "grid_id": 93115000697, "k-means_cluster": 2, "dtw_k-means_cluster": 1, "k-shape_cluster": 1 }, "geometry": { "type": "Polygon", "coordinates": [ [ [ 106.78052551300614, -6.221304998260441 ], [ 106.780555973332326, -6.230346846968402 ], [ 106.789591342896387, -6.23031626501033 ], [ 106.78956072820371, -6.221274461029488 ], [ 106.78052551300614, -6.221304998260441 ] ] ] } },
{ "type": "Feature", "properties": { "grid_id": 93125000697, "k-means_cluster": 2, "dtw_k-means_cluster": 4, "k-shape_cluster": 1 }, "geometry": { "type": "Polygon", "coordinates": [ [ [ 106.780495097784367, -6.212263146318546 ], [ 106.78052551300614, -6.221304998260441 ], [ 106.78956072820371, -6.221274461029488 ], [ 106.789530158840009, -6.212232653805727 ], [ 106.780495097784367, -6.212263146318546 ] ] ] } },
{ "type": "Feature", "properties": { "grid_id": 93135000697, "k-means_cluster": 3, "dtw_k-means_cluster": 3, "k-shape_cluster": 1 }, "geometry": { "type": "Polygon", "coordinates": [ [ [ 106.780464727658028, -6.203221291151698 ], [ 106.780495097784367, -6.212263146318546 ], [ 106.789530158840009, -6.212232653805727 ], [ 106.78949963480531, -6.203190843348031 ], [ 106.780464727658028, -6.203221291151698 ] ] ] } },
{ "type": "Feature", "properties": { "grid_id": 93145000697, "k-means_cluster": 3, "dtw_k-means_cluster": 3, "k-shape_cluster": 4 }, "geometry": { "type": "Polygon", "coordinates": [ [ [ 106.780434402636089, -6.194179432750916 ], [ 106.780464727658028, -6.203221291151698 ], [ 106.78949963480531, -6.203190843348031 ], [ 106.789469156090618, -6.194149029665383 ], [ 106.780434402636089, -6.194179432750916 ] ] ] } },
{ "type": "Feature", "properties": { "grid_id": 93155000697, "k-means_cluster": 3, "dtw_k-means_cluster": 3, "k-shape_cluster": 4 }, "geometry": { "type": "Polygon", "coordinates": [ [ [ 106.780404122700602, -6.185137571125181 ], [ 106.780434402636089, -6.194179432750916 ], [ 106.789469156090618, -6.194149029665383 ], [ 106.789438722704915, -6.185107212757784 ], [ 106.780404122700602, -6.185137571125181 ] ] ] } },
{ "type": "Feature", "properties": { "grid_id": 93165000697, "k-means_cluster": 3, "dtw_k-means_cluster": 3, "k-shape_cluster": 4 }, "geometry": { "type": "Polygon", "coordinates": [ [ [ 106.780373887851553, -6.176095706292461 ], [ 106.780404122700602, -6.185137571125181 ], [ 106.789438722704915, -6.185107212757784 ], [ 106.789408334630224, -6.176065392634215 ], [ 106.780373887851553, -6.176095706292461 ] ] ] } },
{ "type": "Feature", "properties": { "grid_id": 93175000697, "k-means_cluster": 3, "dtw_k-means_cluster": 3, "k-shape_cluster": 4 }, "geometry": { "type": "Polygon", "coordinates": [ [ [ 106.780343698088956, -6.167053838243772 ], [ 106.780373887851553, -6.176095706292461 ], [ 106.789408334630224, -6.176065392634215 ], [ 106.789377991866559, -6.167023569294678 ], [ 106.780343698088956, -6.167053838243772 ] ] ] } },
{ "type": "Feature", "properties": { "grid_id": 93185000697, "k-means_cluster": 3, "dtw_k-means_cluster": 4, "k-shape_cluster": 2 }, "geometry": { "type": "Polygon", "coordinates": [ [ [ 106.780313553412796, -6.158011966979115 ], [ 106.780343698088956, -6.167053838243772 ], [ 106.789377991866559, -6.167023569294678 ], [ 106.789347694413919, -6.157981742739173 ], [ 106.780313553412796, -6.158011966979115 ] ] ] } },
{ "type": "Feature", "properties": { "grid_id": 93195000697, "k-means_cluster": 3, "dtw_k-means_cluster": 4, "k-shape_cluster": 2 }, "geometry": { "type": "Polygon", "coordinates": [ [ [ 106.780283453805126, -6.148970092525438 ], [ 106.780313553412796, -6.158011966979115 ], [ 106.789347694413919, -6.157981742739173 ], [ 106.789317442272306, -6.148939912985664 ], [ 106.780283453805126, -6.148970092525438 ] ] ] } },
{ "type": "Feature", "properties": { "grid_id": 93205000697, "k-means_cluster": 3, "dtw_k-means_cluster": 4, "k-shape_cluster": 2 }, "geometry": { "type": "Polygon", "coordinates": [ [ [ 106.780253399274898, -6.139928214864776 ], [ 106.780283453805126, -6.148970092525438 ], [ 106.789317442272306, -6.148939912985664 ], [ 106.789287235432738, -6.139898080034154 ], [ 106.780253399274898, -6.139928214864776 ] ] ] } },
{ "type": "Feature", "properties": { "grid_id": 93215000697, "k-means_cluster": 3, "dtw_k-means_cluster": 4, "k-shape_cluster": 2 }, "geometry": { "type": "Polygon", "coordinates": [ [ [ 106.780223389813159, -6.130886334006111 ], [ 106.780253399274898, -6.139928214864776 ], [ 106.789287235432738, -6.139898080034154 ], [ 106.789257073886219, -6.130856243884641 ], [ 106.780223389813159, -6.130886334006111 ] ] ] } },
{ "type": "Feature", "properties": { "grid_id": 93225000697, "k-means_cluster": 3, "dtw_k-means_cluster": 4, "k-shape_cluster": 2 }, "geometry": { "type": "Polygon", "coordinates": [ [ [ 106.780193425419895, -6.12184444996741 ], [ 106.780223389813159, -6.130886334006111 ], [ 106.789257073886219, -6.130856243884641 ], [ 106.789226957632749, -6.121814404546108 ], [ 106.780193425419895, -6.12184444996741 ] ] ] } },
{ "type": "Feature", "properties": { "grid_id": 93235000697, "k-means_cluster": 3, "dtw_k-means_cluster": 3, "k-shape_cluster": 4 }, "geometry": { "type": "Polygon", "coordinates": [ [ [ 106.780163506086126, -6.112802562739691 ], [ 106.780193425419895, -6.12184444996741 ], [ 106.789226957632749, -6.121814404546108 ], [ 106.789196886672343, -6.112772562018558 ], [ 106.780163506086126, -6.112802562739691 ] ] ] } },
{ "type": "Feature", "properties": { "grid_id": 92965000698, "k-means_cluster": 4, "dtw_k-means_cluster": 3, "k-shape_cluster": 2 }, "geometry": { "type": "Polygon", "coordinates": [ [ [ 106.790024710671034, -6.356901178304342 ], [ 106.790056005810598, -6.365942933174288 ], [ 106.799093672968709, -6.365911522268838 ], [ 106.799062220031075, -6.356869812359572 ], [ 106.790024710671034, -6.356901178304342 ] ] ] } },
{ "type": "Feature", "properties": { "grid_id": 92975000698, "k-means_cluster": 3, "dtw_k-means_cluster": 3, "k-shape_cluster": 2 }, "geometry": { "type": "Polygon", "coordinates": [ [ [ 106.789993460923341, -6.347859420128596 ], [ 106.790024710671034, -6.356901178304342 ], [ 106.799062220031075, -6.356869812359572 ], [ 106.799030812709915, -6.347828099153489 ], [ 106.789993460923341, -6.347859420128596 ] ] ] } },
{ "type": "Feature", "properties": { "grid_id": 93025000698, "k-means_cluster": 2, "dtw_k-means_cluster": 1, "k-shape_cluster": 1 }, "geometry": { "type": "Polygon", "coordinates": [ [ [ 106.789837892883313, -6.302650579797607 ], [ 106.789868915743511, -6.311692354439472 ], [ 106.798905639544813, -6.31166121331607 ], [ 106.798874460269957, -6.302619483634884 ], [ 106.789837892883313, -6.302650579797607 ] ] ] } },
{ "type": "Feature", "properties": { "grid_id": 93035000698, "k-means_cluster": 2, "dtw_k-means_cluster": 1, "k-shape_cluster": 1 }, "geometry": { "type": "Polygon", "coordinates": [ [ [ 106.789806915397023, -6.293608801876891 ], [ 106.789837892883313, -6.302650579797607 ], [ 106.798874460269957, -6.302619483634884 ], [ 106.798843326584603, -6.293577750665865 ], [ 106.789806915397023, -6.293608801876891 ] ] ] } },
{ "type": "Feature", "properties": { "grid_id": 93045000698, "k-means_cluster": 2, "dtw_k-means_cluster": 1, "k-shape_cluster": 1 }, "geometry": { "type": "Polygon", "coordinates": [ [ [ 106.789775983266665, -6.284567020686307 ], [ 106.789806915397023, -6.293608801876891 ], [ 106.798843326584603, -6.293577750665865 ], [ 106.79881223848875, -6.284536014426977 ], [ 106.789775983266665, -6.284567020686307 ] ] ] } },
{ "type": "Feature", "properties": { "grid_id": 93055000698, "k-means_cluster": 2, "dtw_k-means_cluster": 1, "k-shape_cluster": 1 }, "geometry": { "type": "Polygon", "coordinates": [ [ [ 106.789745096492254, -6.275525236216873 ], [ 106.789775983266665, -6.284567020686307 ], [ 106.79881223848875, -6.284536014426977 ], [ 106.7987811959824, -6.275494274918223 ], [ 106.789745096492254, -6.275525236216873 ] ] ] } },
{ "type": "Feature", "properties": { "grid_id": 93065000698, "k-means_cluster": 2, "dtw_k-means_cluster": 1, "k-shape_cluster": 4 }, "geometry": { "type": "Polygon", "coordinates": [ [ [ 106.789714255082771, -6.266483448486553 ], [ 106.789745096492254, -6.275525236216873 ], [ 106.7987811959824, -6.275494274918223 ], [ 106.79875019905657, -6.2664525321396 ], [ 106.789714255082771, -6.266483448486553 ] ] ] } },
{ "type": "Feature", "properties": { "grid_id": 93075000698, "k-means_cluster": 2, "dtw_k-means_cluster": 1, "k-shape_cluster": 4 }, "geometry": { "type": "Polygon", "coordinates": [ [ [ 106.789683459020225, -6.25744165749535 ], [ 106.789714255082771, -6.266483448486553 ], [ 106.79875019905657, -6.2664525321396 ], [ 106.798719247711247, -6.257410786100094 ], [ 106.789683459020225, -6.25744165749535 ] ] ] } },
{ "type": "Feature", "properties": { "grid_id": 93085000698, "k-means_cluster": 2, "dtw_k-means_cluster": 1, "k-shape_cluster": 4 }, "geometry": { "type": "Polygon", "coordinates": [ [ [ 106.789652708304644, -6.248399863252245 ], [ 106.789683459020225, -6.25744165749535 ], [ 106.798719247711247, -6.257410786100094 ], [ 106.798688341946445, -6.248369036808685 ], [ 106.789652708304644, -6.248399863252245 ] ] ] } },
{ "type": "Feature", "properties": { "grid_id": 93095000698, "k-means_cluster": 2, "dtw_k-means_cluster": 1, "k-shape_cluster": 4 }, "geometry": { "type": "Polygon", "coordinates": [ [ [ 106.789622002927032, -6.239358065757238 ], [ 106.789652708304644, -6.248399863252245 ], [ 106.798688341946445, -6.248369036808685 ], [ 106.798657481753182, -6.239327284256392 ], [ 106.789622002927032, -6.239358065757238 ] ] ] } },
{ "type": "Feature", "properties": { "grid_id": 93105000698, "k-means_cluster": 2, "dtw_k-means_cluster": 1, "k-shape_cluster": 1 }, "geometry": { "type": "Polygon", "coordinates": [ [ [ 106.789591342896387, -6.23031626501033 ], [ 106.789622002927032, -6.239358065757238 ], [ 106.798657481753182, -6.239327284256392 ], [ 106.798626667122477, -6.230285528461182 ], [ 106.789591342896387, -6.23031626501033 ] ] ] } },
{ "type": "Feature", "properties": { "grid_id": 93115000698, "k-means_cluster": 2, "dtw_k-means_cluster": 1, "k-shape_cluster": 1 }, "geometry": { "type": "Polygon", "coordinates": [ [ [ 106.78956072820371, -6.221274461029488 ], [ 106.789591342896387, -6.23031626501033 ], [ 106.798626667122477, -6.230285528461182 ], [ 106.798595898063297, -6.221243769423053 ], [ 106.78956072820371, -6.221274461029488 ] ] ] } },
{ "type": "Feature", "properties": { "grid_id": 93125000698, "k-means_cluster": 2, "dtw_k-means_cluster": 1, "k-shape_cluster": 1 }, "geometry": { "type": "Polygon", "coordinates": [ [ [ 106.789530158840009, -6.212232653805727 ], [ 106.78956072820371, -6.221274461029488 ], [ 106.798595898063297, -6.221243769423053 ], [ 106.798565174566662, -6.212202007142006 ], [ 106.789530158840009, -6.212232653805727 ] ] ] } },
{ "type": "Feature", "properties": { "grid_id": 93135000698, "k-means_cluster": 2, "dtw_k-means_cluster": 3, "k-shape_cluster": 1 }, "geometry": { "type": "Polygon", "coordinates": [ [ [ 106.78949963480531, -6.203190843348031 ], [ 106.789530158840009, -6.212232653805727 ], [ 106.798565174566662, -6.212202007142006 ], [ 106.798534496623603, -6.203160241627023 ], [ 106.78949963480531, -6.203190843348031 ] ] ] } },
{ "type": "Feature", "properties": { "grid_id": 93145000698, "k-means_cluster": 3, "dtw_k-means_cluster": 3, "k-shape_cluster": 4 }, "geometry": { "type": "Polygon", "coordinates": [ [ [ 106.789469156090618, -6.194149029665383 ], [ 106.78949963480531, -6.203190843348031 ], [ 106.798534496623603, -6.203160241627023 ], [ 106.798503864225125, -6.194118472887089 ], [ 106.789469156090618, -6.194149029665383 ] ] ] } },
{ "type": "Feature", "properties": { "grid_id": 93155000698, "k-means_cluster": 3, "dtw_k-means_cluster": 3, "k-shape_cluster": 4 }, "geometry": { "type": "Polygon", "coordinates": [ [ [ 106.789438722704915, -6.185107212757784 ], [ 106.789469156090618, -6.194149029665383 ], [ 106.798503864225125, -6.194118472887089 ], [ 106.798473277389206, -6.185076700922203 ], [ 106.789438722704915, -6.185107212757784 ] ] ] } },
{ "type": "Feature", "properties": { "grid_id": 93165000698, "k-means_cluster": 3, "dtw_k-means_cluster": 3, "k-shape_cluster": 4 }, "geometry": { "type": "Polygon", "coordinates": [ [ [ 106.789408334630224, -6.176065392634215 ], [ 106.789438722704915, -6.185107212757784 ], [ 106.798473277389206, -6.185076700922203 ], [ 106.798442736088887, -6.176034925732365 ], [ 106.789408334630224, -6.176065392634215 ] ] ] } },
{ "type": "Feature", "properties": { "grid_id": 93175000698, "k-means_cluster": 3, "dtw_k-means_cluster": 1, "k-shape_cluster": 2 }, "geometry": { "type": "Polygon", "coordinates": [ [ [ 106.789377991866559, -6.167023569294678 ], [ 106.789408334630224, -6.176065392634215 ], [ 106.798442736088887, -6.176034925732365 ], [ 106.79841224033315, -6.166993147326559 ], [ 106.789377991866559, -6.167023569294678 ] ] ] } },
{ "type": "Feature", "properties": { "grid_id": 93185000698, "k-means_cluster": 3, "dtw_k-means_cluster": 1, "k-shape_cluster": 2 }, "geometry": { "type": "Polygon", "coordinates": [ [ [ 106.789347694413919, -6.157981742739173 ], [ 106.789377991866559, -6.167023569294678 ], [ 106.79841224033315, -6.166993147326559 ], [ 106.798381790121994, -6.157951365713767 ], [ 106.789347694413919, -6.157981742739173 ] ] ] } },
{ "type": "Feature", "properties": { "grid_id": 93195000698, "k-means_cluster": 3, "dtw_k-means_cluster": 1, "k-shape_cluster": 2 }, "geometry": { "type": "Polygon", "coordinates": [ [ [ 106.789317442272306, -6.148939912985664 ], [ 106.789347694413919, -6.157981742739173 ], [ 106.798381790121994, -6.157951365713767 ], [ 106.798351385437456, -6.148909580893989 ], [ 106.789317442272306, -6.148939912985664 ] ] ] } },
{ "type": "Feature", "properties": { "grid_id": 93205000698, "k-means_cluster": 3, "dtw_k-means_cluster": 1, "k-shape_cluster": 1 }, "geometry": { "type": "Polygon", "coordinates": [ [ [ 106.789287235432738, -6.139898080034154 ], [ 106.789317442272306, -6.148939912985664 ], [ 106.798351385437456, -6.148909580893989 ], [ 106.798321026288534, -6.139867792876209 ], [ 106.789287235432738, -6.139898080034154 ] ] ] } },
{ "type": "Feature", "properties": { "grid_id": 93215000698, "k-means_cluster": 3, "dtw_k-means_cluster": 1, "k-shape_cluster": 1 }, "geometry": { "type": "Polygon", "coordinates": [ [ [ 106.789257073886219, -6.130856243884641 ], [ 106.789287235432738, -6.139898080034154 ], [ 106.798321026288534, -6.139867792876209 ], [ 106.798290712657234, -6.130826001660426 ], [ 106.789257073886219, -6.130856243884641 ] ] ] } },
{ "type": "Feature", "properties": { "grid_id": 93225000698, "k-means_cluster": 3, "dtw_k-means_cluster": 4, "k-shape_cluster": 2 }, "geometry": { "type": "Polygon", "coordinates": [ [ [ 106.789226957632749, -6.121814404546108 ], [ 106.789257073886219, -6.130856243884641 ], [ 106.798290712657234, -6.130826001660426 ], [ 106.798260444561535, -6.121784207246642 ], [ 106.789226957632749, -6.121814404546108 ] ] ] } },
{ "type": "Feature", "properties": { "grid_id": 93235000698, "k-means_cluster": 3, "dtw_k-means_cluster": 3, "k-shape_cluster": 4 }, "geometry": { "type": "Polygon", "coordinates": [ [ [ 106.789196886672343, -6.112772562018558 ], [ 106.789226957632749, -6.121814404546108 ], [ 106.798260444561535, -6.121784207246642 ], [ 106.798230221974492, -6.112742409652821 ], [ 106.789196886672343, -6.112772562018558 ] ] ] } },
{ "type": "Feature", "properties": { "grid_id": 93245000698, "k-means_cluster": 3, "dtw_k-means_cluster": 3, "k-shape_cluster": 4 }, "geometry": { "type": "Polygon", "coordinates": [ [ [ 106.789166861005, -6.103730716310969 ], [ 106.789196886672343, -6.112772562018558 ], [ 106.798230221974492, -6.112742409652821 ], [ 106.798200044905087, -6.10370060886998 ], [ 106.789166861005, -6.103730716310969 ] ] ] } },
{ "type": "Feature", "properties": { "grid_id": 92965000699, "k-means_cluster": 4, "dtw_k-means_cluster": 3, "k-shape_cluster": 3 }, "geometry": { "type": "Polygon", "coordinates": [ [ [ 106.799062220031075, -6.356869812359572 ], [ 106.799093672968709, -6.365911522268838 ], [ 106.808131294492398, -6.365879953376679 ], [ 106.80809968376569, -6.356838288670638 ], [ 106.799062220031075, -6.356869812359572 ] ] ] } },
{ "type": "Feature", "properties": { "grid_id": 92975000699, "k-means_cluster": 4, "dtw_k-means_cluster": 3, "k-shape_cluster": 3 }, "geometry": { "type": "Polygon", "coordinates": [ [ [ 106.799030812709915, -6.347828099153489 ], [ 106.799062220031075, -6.356869812359572 ], [ 106.80809968376569, -6.356838288670638 ], [ 106.80806811888003, -6.347796620649814 ], [ 106.799030812709915, -6.347828099153489 ] ] ] } },
{ "type": "Feature", "properties": { "grid_id": 92985000699, "k-means_cluster": 4, "dtw_k-means_cluster": 4, "k-shape_cluster": 2 }, "geometry": { "type": "Polygon", "coordinates": [ [ [ 106.798999451005187, -6.338786382641605 ], [ 106.799030812709915, -6.347828099153489 ], [ 106.80806811888003, -6.347796620649814 ], [ 106.808036599844357, -6.33875494932319 ], [ 106.798999451005187, -6.338786382641605 ] ] ] } },
{ "type": "Feature", "properties": { "grid_id": 92995000699, "k-means_cluster": 4, "dtw_k-means_cluster": 4, "k-shape_cluster": 2 }, "geometry": { "type": "Polygon", "coordinates": [ [ [ 106.798968134916919, -6.329744662823922 ], [ 106.798999451005187, -6.338786382641605 ], [ 106.808036599844357, -6.33875494932319 ], [ 106.808005126649732, -6.329713274699747 ], [ 106.798968134916919, -6.329744662823922 ] ] ] } },
{ "type": "Feature", "properties": { "grid_id": 93025000699, "k-means_cluster": 4, "dtw_k-means_cluster": 1, "k-shape_cluster": 1 }, "geometry": { "type": "Polygon", "coordinates": [ [ [ 106.798874460269957, -6.302619483634884 ], [ 106.798905639544813, -6.31166121331607 ], [ 106.807942317756613, -6.311629915571396 ], [ 106.807910982058118, -6.302588231066486 ], [ 106.798874460269957, -6.302619483634884 ] ] ] } },
{ "type": "Feature", "properties": { "grid_id": 93035000699, "k-means_cluster": 2, "dtw_k-means_cluster": 1, "k-shape_cluster": 1 }, "geometry": { "type": "Polygon", "coordinates": [ [ [ 106.798843326584603, -6.293577750665865 ], [ 106.798874460269957, -6.302619483634884 ], [ 106.807910982058118, -6.302588231066486 ], [ 106.807879692173699, -6.293546543291709 ], [ 106.798843326584603, -6.293577750665865 ] ] ] } },
{ "type": "Feature", "properties": { "grid_id": 93045000699, "k-means_cluster": 2, "dtw_k-means_cluster": 1, "k-shape_cluster": 1 }, "geometry": { "type": "Polygon", "coordinates": [ [ [ 106.79881223848875, -6.284536014426977 ], [ 106.798843326584603, -6.293577750665865 ], [ 106.807879692173699, -6.293546543291709 ], [ 106.807848448121334, -6.284504852229097 ], [ 106.79881223848875, -6.284536014426977 ] ] ] } },
{ "type": "Feature", "properties": { "grid_id": 93055000699, "k-means_cluster": 2, "dtw_k-means_cluster": 1, "k-shape_cluster": 1 }, "geometry": { "type": "Polygon", "coordinates": [ [ [ 106.7987811959824, -6.275494274918223 ], [ 106.79881223848875, -6.284536014426977 ], [ 106.807848448121334, -6.284504852229097 ], [ 106.807817249883044, -6.275463157896618 ], [ 106.7987811959824, -6.275494274918223 ] ] ] } },
{ "type": "Feature", "properties": { "grid_id": 93065000699, "k-means_cluster": 2, "dtw_k-means_cluster": 1, "k-shape_cluster": 4 }, "geometry": { "type": "Polygon", "coordinates": [ [ [ 106.79875019905657, -6.2664525321396 ], [ 106.7987811959824, -6.275494274918223 ], [ 106.807817249883044, -6.275463157896618 ], [ 106.807786097449849, -6.266421460303254 ], [ 106.79875019905657, -6.2664525321396 ] ] ] } },
{ "type": "Feature", "properties": { "grid_id": 93075000699, "k-means_cluster": 2, "dtw_k-means_cluster": 1, "k-shape_cluster": 1 }, "geometry": { "type": "Polygon", "coordinates": [ [ [ 106.798719247711247, -6.257410786100094 ], [ 106.79875019905657, -6.2664525321396 ], [ 106.807786097449849, -6.266421460303254 ], [ 106.80775499083073, -6.257379759440023 ], [ 106.798719247711247, -6.257410786100094 ] ] ] } },
{ "type": "Feature", "properties": { "grid_id": 93085000699, "k-means_cluster": 2, "dtw_k-means_cluster": 1, "k-shape_cluster": 1 }, "geometry": { "type": "Polygon", "coordinates": [ [ [ 106.798688341946445, -6.248369036808685 ], [ 106.798719247711247, -6.257410786100094 ], [ 106.80775499083073, -6.257379759440023 ], [ 106.807723930016721, -6.248338055324891 ], [ 106.798688341946445, -6.248369036808685 ] ] ] } },
{ "type": "Feature", "properties": { "grid_id": 93095000699, "k-means_cluster": 2, "dtw_k-means_cluster": 1, "k-shape_cluster": 4 }, "geometry": { "type": "Polygon", "coordinates": [ [ [ 106.798657481753182, -6.239327284256392 ], [ 106.798688341946445, -6.248369036808685 ], [ 106.807723930016721, -6.248338055324891 ], [ 106.807692915007792, -6.239296347948874 ], [ 106.798657481753182, -6.239327284256392 ] ] ] } },
{ "type": "Feature", "properties": { "grid_id": 93105000699, "k-means_cluster": 2, "dtw_k-means_cluster": 1, "k-shape_cluster": 1 }, "geometry": { "type": "Polygon", "coordinates": [ [ [ 106.798626667122477, -6.230285528461182 ], [ 106.798657481753182, -6.239327284256392 ], [ 106.807692915007792, -6.239296347948874 ], [ 106.807661945786009, -6.230254637320956 ], [ 106.798626667122477, -6.230285528461182 ] ] ] } },
{ "type": "Feature", "properties": { "grid_id": 93115000699, "k-means_cluster": 2, "dtw_k-means_cluster": 1, "k-shape_cluster": 1 }, "geometry": { "type": "Polygon", "coordinates": [ [ [ 106.798595898063297, -6.221243769423053 ], [ 106.798626667122477, -6.230285528461182 ], [ 106.807661945786009, -6.230254637320956 ], [ 106.807631022369307, -6.221212923450119 ], [ 106.798595898063297, -6.221243769423053 ] ] ] } },
{ "type": "Feature", "properties": { "grid_id": 93125000699, "k-means_cluster": 2, "dtw_k-means_cluster": 1, "k-shape_cluster": 1 }, "geometry": { "type": "Polygon", "coordinates": [ [ [ 106.798565174566662, -6.212202007142006 ], [ 106.798595898063297, -6.221243769423053 ], [ 106.807631022369307, -6.221212923450119 ], [ 106.80760014473077, -6.212171206345348 ], [ 106.798565174566662, -6.212202007142006 ] ] ] } },
{ "type": "Feature", "properties": { "grid_id": 93135000699, "k-means_cluster": 3, "dtw_k-means_cluster": 3, "k-shape_cluster": 1 }, "geometry": { "type": "Polygon", "coordinates": [ [ [ 106.798534496623603, -6.203160241627023 ], [ 106.798565174566662, -6.212202007142006 ], [ 106.80760014473077, -6.212171206345348 ], [ 106.807569312888333, -6.203129485997658 ], [ 106.798534496623603, -6.203160241627023 ] ] ] } },
{ "type": "Feature", "properties": { "grid_id": 93145000699, "k-means_cluster": 3, "dtw_k-means_cluster": 3, "k-shape_cluster": 4 }, "geometry": { "type": "Polygon", "coordinates": [ [ [ 106.798503864225125, -6.194118472887089 ], [ 106.798534496623603, -6.203160241627023 ], [ 106.807569312888333, -6.203129485997658 ], [ 106.807538526815065, -6.194087762425016 ], [ 106.798503864225125, -6.194118472887089 ] ] ] } },
{ "type": "Feature", "properties": { "grid_id": 93155000699, "k-means_cluster": 3, "dtw_k-means_cluster": 3, "k-shape_cluster": 4 }, "geometry": { "type": "Polygon", "coordinates": [ [ [ 106.798473277389206, -6.185076700922203 ], [ 106.798503864225125, -6.194118472887089 ], [ 106.807538526815065, -6.194087762425016 ], [ 106.807507786528916, -6.185046035627423 ], [ 106.798473277389206, -6.185076700922203 ] ] ] } },
{ "type": "Feature", "properties": { "grid_id": 93165000699, "k-means_cluster": 3, "dtw_k-means_cluster": 4, "k-shape_cluster": 2 }, "geometry": { "type": "Polygon", "coordinates": [ [ [ 106.798442736088887, -6.176034925732365 ], [ 106.798473277389206, -6.185076700922203 ], [ 106.807507786528916, -6.185046035627423 ], [ 106.807477092011936, -6.176004305604877 ], [ 106.798442736088887, -6.176034925732365 ] ] ] } },
{ "type": "Feature", "properties": { "grid_id": 93175000699, "k-means_cluster": 3, "dtw_k-means_cluster": 1, "k-shape_cluster": 4 }, "geometry": { "type": "Polygon", "coordinates": [ [ [ 106.79841224033315, -6.166993147326559 ], [ 106.798442736088887, -6.176034925732365 ], [ 106.807477092011936, -6.176004305604877 ], [ 106.807446443273108, -6.16696257235738 ], [ 106.79841224033315, -6.166993147326559 ] ] ] } },
{ "type": "Feature", "properties": { "grid_id": 93185000699, "k-means_cluster": 3, "dtw_k-means_cluster": 1, "k-shape_cluster": 2 }, "geometry": { "type": "Polygon", "coordinates": [ [ [ 106.798381790121994, -6.157951365713767 ], [ 106.79841224033315, -6.166993147326559 ], [ 106.807446443273108, -6.16696257235738 ], [ 106.807415840294468, -6.157920835911881 ], [ 106.798381790121994, -6.157951365713767 ] ] ] } },
{ "type": "Feature", "properties": { "grid_id": 93195000699, "k-means_cluster": 3, "dtw_k-means_cluster": 1, "k-shape_cluster": 2 }, "geometry": { "type": "Polygon", "coordinates": [ [ [ 106.798351385437456, -6.148909580893989 ], [ 106.798381790121994, -6.157951365713767 ], [ 106.807415840294468, -6.157920835911881 ], [ 106.807385283075988, -6.148879096250412 ], [ 106.798351385437456, -6.148909580893989 ] ] ] } },
{ "type": "Feature", "properties": { "grid_id": 93205000699, "k-means_cluster": 3, "dtw_k-means_cluster": 1, "k-shape_cluster": 1 }, "geometry": { "type": "Polygon", "coordinates": [ [ [ 106.798321026288534, -6.139867792876209 ], [ 106.798351385437456, -6.148909580893989 ], [ 106.807385283075988, -6.148879096250412 ], [ 106.80735477161771, -6.139837353390941 ], [ 106.798321026288534, -6.139867792876209 ] ] ] } },
{ "type": "Feature", "properties": { "grid_id": 93215000699, "k-means_cluster": 3, "dtw_k-means_cluster": 1, "k-shape_cluster": 1 }, "geometry": { "type": "Polygon", "coordinates": [ [ [ 106.798290712657234, -6.130826001660426 ], [ 106.798321026288534, -6.139867792876209 ], [ 106.80735477161771, -6.139837353390941 ], [ 106.807324305910612, -6.130795607324485 ], [ 106.798290712657234, -6.130826001660426 ] ] ] } },
{ "type": "Feature", "properties": { "grid_id": 93225000699, "k-means_cluster": 3, "dtw_k-means_cluster": 3, "k-shape_cluster": 3 }, "geometry": { "type": "Polygon", "coordinates": [ [ [ 106.798260444561535, -6.121784207246642 ], [ 106.798290712657234, -6.130826001660426 ], [ 106.807324305910612, -6.130795607324485 ], [ 106.807293885963702, -6.12175385806901 ], [ 106.798260444561535, -6.121784207246642 ] ] ] } },
{ "type": "Feature", "properties": { "grid_id": 93235000699, "k-means_cluster": 3, "dtw_k-means_cluster": 3, "k-shape_cluster": 4 }, "geometry": { "type": "Polygon", "coordinates": [ [ [ 106.798230221974492, -6.112742409652821 ], [ 106.798260444561535, -6.121784207246642 ], [ 106.807293885963702, -6.12175385806901 ], [ 106.807263511759004, -6.112712105624515 ], [ 106.798230221974492, -6.112742409652821 ] ] ] } },
{ "type": "Feature", "properties": { "grid_id": 93245000699, "k-means_cluster": 3, "dtw_k-means_cluster": 3, "k-shape_cluster": 4 }, "geometry": { "type": "Polygon", "coordinates": [ [ [ 106.798200044905087, -6.10370060886998 ], [ 106.798230221974492, -6.112742409652821 ], [ 106.807263511759004, -6.112712105624515 ], [ 106.807233183296532, -6.103670349999984 ], [ 106.798200044905087, -6.10370060886998 ] ] ] } },
{ "type": "Feature", "properties": { "grid_id": 92975000700, "k-means_cluster": 4, "dtw_k-means_cluster": 4, "k-shape_cluster": 2 }, "geometry": { "type": "Polygon", "coordinates": [ [ [ 106.80806811888003, -6.347796620649814 ], [ 106.80809968376569, -6.356838288670638 ], [ 106.817137101650303, -6.356806607219575 ], [ 106.81710537920911, -6.347764984617571 ], [ 106.80806811888003, -6.347796620649814 ] ] ] } },
{ "type": "Feature", "properties": { "grid_id": 92985000700, "k-means_cluster": 4, "dtw_k-means_cluster": 4, "k-shape_cluster": 2 }, "geometry": { "type": "Polygon", "coordinates": [ [ [ 106.808036599844357, -6.33875494932319 ], [ 106.80806811888003, -6.347796620649814 ], [ 106.81710537920911, -6.347764984617571 ], [ 106.817073702842507, -6.338723358709768 ], [ 106.808036599844357, -6.33875494932319 ] ] ] } },
{ "type": "Feature", "properties": { "grid_id": 92995000700, "k-means_cluster": 4, "dtw_k-means_cluster": 4, "k-shape_cluster": 2 }, "geometry": { "type": "Polygon", "coordinates": [ [ [ 106.808005126649732, -6.329713274699747 ], [ 106.808036599844357, -6.33875494932319 ], [ 106.817073702842507, -6.338723358709768 ], [ 106.817042072541511, -6.329681729505146 ], [ 106.808005126649732, -6.329713274699747 ] ] ] } },
{ "type": "Feature", "properties": { "grid_id": 93005000700, "k-means_cluster": 4, "dtw_k-means_cluster": 4, "k-shape_cluster": 2 }, "geometry": { "type": "Polygon", "coordinates": [ [ [ 106.807973699287146, -6.320671596779489 ], [ 106.808005126649732, -6.329713274699747 ], [ 106.817042072541511, -6.329681729505146 ], [ 106.817010488306138, -6.320640096994725 ], [ 106.807973699287146, -6.320671596779489 ] ] ] } },
{ "type": "Feature", "properties": { "grid_id": 93015000700, "k-means_cluster": 4, "dtw_k-means_cluster": 4, "k-shape_cluster": 2 }, "geometry": { "type": "Polygon", "coordinates": [ [ [ 106.807942317756613, -6.311629915571396 ], [ 106.807973699287146, -6.320671596779489 ], [ 106.817010488306138, -6.320640096994725 ], [ 106.81697895013636, -6.31159846119647 ], [ 106.807942317756613, -6.311629915571396 ] ] ] } },
{ "type": "Feature", "properties": { "grid_id": 93025000700, "k-means_cluster": 4, "dtw_k-means_cluster": 4, "k-shape_cluster": 2 }, "geometry": { "type": "Polygon", "coordinates": [ [ [ 106.807910982058118, -6.302588231066486 ], [ 106.807942317756613, -6.311629915571396 ], [ 106.81697895013636, -6.31159846119647 ], [ 106.816947458014226, -6.302556822110381 ], [ 106.807910982058118, -6.302588231066486 ] ] ] } },
{ "type": "Feature", "properties": { "grid_id": 93035000700, "k-means_cluster": 2, "dtw_k-means_cluster": 4, "k-shape_cluster": 2 }, "geometry": { "type": "Polygon", "coordinates": [ [ [ 106.807879692173699, -6.293546543291709 ], [ 106.807910982058118, -6.302588231066486 ], [ 106.816947458014226, -6.302556822110381 ], [ 106.81691601194872, -6.293515179736458 ], [ 106.807879692173699, -6.293546543291709 ] ] ] } },
{ "type": "Feature", "properties": { "grid_id": 93045000700, "k-means_cluster": 2, "dtw_k-means_cluster": 1, "k-shape_cluster": 1 }, "geometry": { "type": "Polygon", "coordinates": [ [ [ 106.807848448121334, -6.284504852229097 ], [ 106.807879692173699, -6.293546543291709 ], [ 106.81691601194872, -6.293515179736458 ], [ 106.816884611939827, -6.284473534092667 ], [ 106.807848448121334, -6.284504852229097 ] ] ] } },
{ "type": "Feature", "properties": { "grid_id": 93055000700, "k-means_cluster": 2, "dtw_k-means_cluster": 1, "k-shape_cluster": 1 }, "geometry": { "type": "Polygon", "coordinates": [ [ [ 106.807817249883044, -6.275463157896618 ], [ 106.807848448121334, -6.284504852229097 ], [ 106.816884611939827, -6.284473534092667 ], [ 106.816853257969598, -6.275431885161042 ], [ 106.807817249883044, -6.275463157896618 ] ] ] } },
{ "type": "Feature", "properties": { "grid_id": 93065000700, "k-means_cluster": 2, "dtw_k-means_cluster": 1, "k-shape_cluster": 1 }, "geometry": { "type": "Polygon", "coordinates": [ [ [ 106.807786097449849, -6.266421460303254 ], [ 106.807817249883044, -6.275463157896618 ], [ 106.816853257969598, -6.275431885161042 ], [ 106.816821950038033, -6.266390232968534 ], [ 106.807786097449849, -6.266421460303254 ] ] ] } },
{ "type": "Feature", "properties": { "grid_id": 93075000700, "k-means_cluster": 2, "dtw_k-means_cluster": 1, "k-shape_cluster": 1 }, "geometry": { "type": "Polygon", "coordinates": [ [ [ 106.80775499083073, -6.257379759440023 ], [ 106.807786097449849, -6.266421460303254 ], [ 106.816821950038033, -6.266390232968534 ], [ 106.816790688145119, -6.25734857751514 ], [ 106.80775499083073, -6.257379759440023 ] ] ] } },
{ "type": "Feature", "properties": { "grid_id": 93085000700, "k-means_cluster": 2, "dtw_k-means_cluster": 1, "k-shape_cluster": 1 }, "geometry": { "type": "Polygon", "coordinates": [ [ [ 106.807723930016721, -6.248338055324891 ], [ 106.80775499083073, -6.257379759440023 ], [ 106.816790688145119, -6.25734857751514 ], [ 106.816759472290869, -6.248306918791878 ], [ 106.807723930016721, -6.248338055324891 ] ] ] } },
{ "type": "Feature", "properties": { "grid_id": 93095000700, "k-means_cluster": 2, "dtw_k-means_cluster": 4, "k-shape_cluster": 2 }, "geometry": { "type": "Polygon", "coordinates": [ [ [ 106.807692915007792, -6.239296347948874 ], [ 106.807723930016721, -6.248338055324891 ], [ 106.816759472290869, -6.248306918791878 ], [ 106.816728302466302, -6.239265256825699 ], [ 106.807692915007792, -6.239296347948874 ] ] ] } },
{ "type": "Feature", "properties": { "grid_id": 93105000700, "k-means_cluster": 2, "dtw_k-means_cluster": 1, "k-shape_cluster": 1 }, "geometry": { "type": "Polygon", "coordinates": [ [ [ 106.807661945786009, -6.230254637320956 ], [ 106.807692915007792, -6.239296347948874 ], [ 106.816728302466302, -6.239265256825699 ], [ 106.816697178662409, -6.230223591598635 ], [ 106.807661945786009, -6.230254637320956 ] ] ] } },
{ "type": "Feature", "properties": { "grid_id": 93115000700, "k-means_cluster": 2, "dtw_k-means_cluster": 1, "k-shape_cluster": 1 }, "geometry": { "type": "Polygon", "coordinates": [ [ [ 106.807631022369307, -6.221212923450119 ], [ 106.807661945786009, -6.230254637320956 ], [ 106.816697178662409, -6.230223591598635 ], [ 106.816666100879218, -6.221181923128653 ], [ 106.807631022369307, -6.221212923450119 ] ] ] } },
{ "type": "Feature", "properties": { "grid_id": 93125000700, "k-means_cluster": 2, "dtw_k-means_cluster": 1, "k-shape_cluster": 1 }, "geometry": { "type": "Polygon", "coordinates": [ [ [ 106.80760014473077, -6.212171206345348 ], [ 106.807631022369307, -6.221212923450119 ], [ 106.816666100879218, -6.221181923128653 ], [ 106.816635069116714, -6.212140251415753 ], [ 106.80760014473077, -6.212171206345348 ] ] ] } },
{ "type": "Feature", "properties": { "grid_id": 93135000700, "k-means_cluster": 3, "dtw_k-means_cluster": 3, "k-shape_cluster": 1 }, "geometry": { "type": "Polygon", "coordinates": [ [ [ 106.807569312888333, -6.203129485997658 ], [ 106.80760014473077, -6.212171206345348 ], [ 106.816635069116714, -6.212140251415753 ], [ 106.816604083365931, -6.203098576459935 ], [ 106.807569312888333, -6.203129485997658 ] ] ] } },
{ "type": "Feature", "properties": { "grid_id": 93145000700, "k-means_cluster": 3, "dtw_k-means_cluster": 3, "k-shape_cluster": 4 }, "geometry": { "type": "Polygon", "coordinates": [ [ [ 106.807538526815065, -6.194087762425016 ], [ 106.807569312888333, -6.203129485997658 ], [ 106.816604083365931, -6.203098576459935 ], [ 106.81657314362684, -6.194056898279165 ], [ 106.807538526815065, -6.194087762425016 ] ] ] } },
{ "type": "Feature", "properties": { "grid_id": 93155000700, "k-means_cluster": 3, "dtw_k-means_cluster": 4, "k-shape_cluster": 2 }, "geometry": { "type": "Polygon", "coordinates": [ [ [ 106.807507786528916, -6.185046035627423 ], [ 106.807538526815065, -6.194087762425016 ], [ 106.81657314362684, -6.194056898279165 ], [ 106.81654224989947, -6.185015216873442 ], [ 106.807507786528916, -6.185046035627423 ] ] ] } },
{ "type": "Feature", "properties": { "grid_id": 93165000700, "k-means_cluster": 3, "dtw_k-means_cluster": 1, "k-shape_cluster": 2 }, "geometry": { "type": "Polygon", "coordinates": [ [ [ 106.807477092011936, -6.176004305604877 ], [ 106.807507786528916, -6.185046035627423 ], [ 106.81654224989947, -6.185015216873442 ], [ 106.81651140216583, -6.175973532242768 ], [ 106.807477092011936, -6.176004305604877 ] ] ] } },
{ "type": "Feature", "properties": { "grid_id": 93175000700, "k-means_cluster": 3, "dtw_k-means_cluster": 1, "k-shape_cluster": 2 }, "geometry": { "type": "Polygon", "coordinates": [ [ [ 106.807446443273108, -6.16696257235738 ], [ 106.807477092011936, -6.176004305604877 ], [ 106.81651140216583, -6.175973532242768 ], [ 106.816480600434929, -6.166931844387142 ], [ 106.807446443273108, -6.16696257235738 ] ] ] } },
{ "type": "Feature", "properties": { "grid_id": 93185000700, "k-means_cluster": 3, "dtw_k-means_cluster": 1, "k-shape_cluster": 2 }, "geometry": { "type": "Polygon", "coordinates": [ [ [ 106.807415840294468, -6.157920835911881 ], [ 106.807446443273108, -6.16696257235738 ], [ 106.816480600434929, -6.166931844387142 ], [ 106.816449844697772, -6.157890153324531 ], [ 106.807415840294468, -6.157920835911881 ] ] ] } },
{ "type": "Feature", "properties": { "grid_id": 93195000700, "k-means_cluster": 3, "dtw_k-means_cluster": 1, "k-shape_cluster": 2 }, "geometry": { "type": "Polygon", "coordinates": [ [ [ 106.807385283075988, -6.148879096250412 ], [ 106.807415840294468, -6.157920835911881 ], [ 106.816449844697772, -6.157890153324531 ], [ 106.816419134954344, -6.148848459045951 ], [ 106.807385283075988, -6.148879096250412 ] ] ] } },
{ "type": "Feature", "properties": { "grid_id": 93205000700, "k-means_cluster": 3, "dtw_k-means_cluster": 1, "k-shape_cluster": 1 }, "geometry": { "type": "Polygon", "coordinates": [ [ [ 106.80735477161771, -6.139837353390941 ], [ 106.807385283075988, -6.148879096250412 ], [ 106.816419134954344, -6.148848459045951 ], [ 106.81638847119568, -6.139806761569368 ], [ 106.80735477161771, -6.139837353390941 ] ] ] } },
{ "type": "Feature", "properties": { "grid_id": 93215000700, "k-means_cluster": 4, "dtw_k-means_cluster": 3, "k-shape_cluster": 2 }, "geometry": { "type": "Polygon", "coordinates": [ [ [ 106.807324305910612, -6.130795607324485 ], [ 106.80735477161771, -6.139837353390941 ], [ 106.81638847119568, -6.139806761569368 ], [ 106.816357853412796, -6.130765060894783 ], [ 106.807324305910612, -6.130795607324485 ] ] ] } },
{ "type": "Feature", "properties": { "grid_id": 93225000700, "k-means_cluster": 3, "dtw_k-means_cluster": 3, "k-shape_cluster": 1 }, "geometry": { "type": "Polygon", "coordinates": [ [ [ 106.807293885963702, -6.12175385806901 ], [ 106.807324305910612, -6.130795607324485 ], [ 106.816357853412796, -6.130765060894783 ], [ 106.816327281623657, -6.121723357022195 ], [ 106.807293885963702, -6.12175385806901 ] ] ] } },
{ "type": "Feature", "properties": { "grid_id": 92975000701, "k-means_cluster": 4, "dtw_k-means_cluster": 4, "k-shape_cluster": 2 }, "geometry": { "type": "Polygon", "coordinates": [ [ [ 106.81710537920911, -6.347764984617571 ], [ 106.817137101650303, -6.356806607219575 ], [ 106.826174473460313, -6.356774768024347 ], [ 106.826142593463601, -6.347733191065744 ], [ 106.81710537920911, -6.347764984617571 ] ] ] } },
{ "type": "Feature", "properties": { "grid_id": 92985000701, "k-means_cluster": 4, "dtw_k-means_cluster": 4, "k-shape_cluster": 2 }, "geometry": { "type": "Polygon", "coordinates": [ [ [ 106.817073702842507, -6.338723358709768 ], [ 106.81710537920911, -6.347764984617571 ], [ 106.826142593463601, -6.347733191065744 ], [ 106.826110759775048, -6.338691610801339 ], [ 106.817073702842507, -6.338723358709768 ] ] ] } },
{ "type": "Feature", "properties": { "grid_id": 92995000701, "k-means_cluster": 4, "dtw_k-means_cluster": 4, "k-shape_cluster": 4 }, "geometry": { "type": "Polygon", "coordinates": [ [ [ 106.817042072541511, -6.329681729505146 ], [ 106.817073702842507, -6.338723358709768 ], [ 106.826110759775048, -6.338691610801339 ], [ 106.826078972376678, -6.329650027231135 ], [ 106.817042072541511, -6.329681729505146 ] ] ] } },
{ "type": "Feature", "properties": { "grid_id": 93005000701, "k-means_cluster": 4, "dtw_k-means_cluster": 4, "k-shape_cluster": 2 }, "geometry": { "type": "Polygon", "coordinates": [ [ [ 106.817010488306138, -6.320640096994725 ], [ 106.817042072541511, -6.329681729505146 ], [ 106.826078972376678, -6.329650027231135 ], [ 106.826047231268504, -6.320608440364112 ], [ 106.817010488306138, -6.320640096994725 ] ] ] } },
{ "type": "Feature", "properties": { "grid_id": 93015000701, "k-means_cluster": 4, "dtw_k-means_cluster": 4, "k-shape_cluster": 2 }, "geometry": { "type": "Polygon", "coordinates": [ [ [ 106.81697895013636, -6.31159846119647 ], [ 106.817010488306138, -6.320640096994725 ], [ 106.826047231268504, -6.320608440364112 ], [ 106.826015536450498, -6.311566850209257 ], [ 106.81697895013636, -6.31159846119647 ] ] ] } },
{ "type": "Feature", "properties": { "grid_id": 93025000701, "k-means_cluster": 4, "dtw_k-means_cluster": 4, "k-shape_cluster": 2 }, "geometry": { "type": "Polygon", "coordinates": [ [ [ 106.816947458014226, -6.302556822110381 ], [ 106.81697895013636, -6.31159846119647 ], [ 106.826015536450498, -6.311566850209257 ], [ 106.825983887922689, -6.302525256757584 ], [ 106.816947458014226, -6.302556822110381 ] ] ] } },
{ "type": "Feature", "properties": { "grid_id": 93035000701, "k-means_cluster": 4, "dtw_k-means_cluster": 4, "k-shape_cluster": 2 }, "geometry": { "type": "Polygon", "coordinates": [ [ [ 106.81691601194872, -6.293515179736458 ], [ 106.816947458014226, -6.302556822110381 ], [ 106.825983887922689, -6.302525256757584 ], [ 106.825952285676095, -6.293483660027061 ], [ 106.81691601194872, -6.293515179736458 ] ] ] } },
{ "type": "Feature", "properties": { "grid_id": 93045000701, "k-means_cluster": 4, "dtw_k-means_cluster": 1, "k-shape_cluster": 1 }, "geometry": { "type": "Polygon", "coordinates": [ [ [ 106.816884611939827, -6.284473534092667 ], [ 106.81691601194872, -6.293515179736458 ], [ 106.825952285676095, -6.293483660027061 ], [ 106.825920729710688, -6.284442060008703 ], [ 106.816884611939827, -6.284473534092667 ] ] ] } },
{ "type": "Feature", "properties": { "grid_id": 93055000701, "k-means_cluster": 2, "dtw_k-means_cluster": 1, "k-shape_cluster": 1 }, "geometry": { "type": "Polygon", "coordinates": [ [ [ 106.816853257969598, -6.275431885161042 ], [ 106.816884611939827, -6.284473534092667 ], [ 106.825920729710688, -6.284442060008703 ], [ 106.825889220017501, -6.275400456720479 ], [ 106.816853257969598, -6.275431885161042 ] ] ] } },
{ "type": "Feature", "properties": { "grid_id": 93065000701, "k-means_cluster": 2, "dtw_k-means_cluster": 1, "k-shape_cluster": 1 }, "geometry": { "type": "Polygon", "coordinates": [ [ [ 106.816821950038033, -6.266390232968534 ], [ 106.816853257969598, -6.275431885161042 ], [ 106.825889220017501, -6.275400456720479 ], [ 106.825857756587567, -6.266358850153403 ], [ 106.816821950038033, -6.266390232968534 ] ] ] } },
{ "type": "Feature", "properties": { "grid_id": 93075000701, "k-means_cluster": 2, "dtw_k-means_cluster": 1, "k-shape_cluster": 1 }, "geometry": { "type": "Polygon", "coordinates": [ [ [ 106.816790688145119, -6.25734857751514 ], [ 106.816821950038033, -6.266390232968534 ], [ 106.825857756587567, -6.266358850153403 ], [ 106.825826339429838, -6.257317240325443 ], [ 106.816790688145119, -6.25734857751514 ] ] ] } },
{ "type": "Feature", "properties": { "grid_id": 93085000701, "k-means_cluster": 2, "dtw_k-means_cluster": 1, "k-shape_cluster": 1 }, "geometry": { "type": "Polygon", "coordinates": [ [ [ 106.816759472290869, -6.248306918791878 ], [ 106.816790688145119, -6.25734857751514 ], [ 106.825826339429838, -6.257317240325443 ], [ 106.825794968535348, -6.248275627236597 ], [ 106.816759472290869, -6.248306918791878 ] ] ] } },
{ "type": "Feature", "properties": { "grid_id": 93095000701, "k-means_cluster": 2, "dtw_k-means_cluster": 1, "k-shape_cluster": 1 }, "geometry": { "type": "Polygon", "coordinates": [ [ [ 106.816728302466302, -6.239265256825699 ], [ 106.816759472290869, -6.248306918791878 ], [ 106.825794968535348, -6.248275627236597 ], [ 106.825763643895115, -6.239234010886868 ], [ 106.816728302466302, -6.239265256825699 ] ] ] } },
{ "type": "Feature", "properties": { "grid_id": 93105000701, "k-means_cluster": 2, "dtw_k-means_cluster": 1, "k-shape_cluster": 1 }, "geometry": { "type": "Polygon", "coordinates": [ [ [ 106.816697178662409, -6.230223591598635 ], [ 106.816728302466302, -6.239265256825699 ], [ 106.825763643895115, -6.239234010886868 ], [ 106.82573236550914, -6.230192391294221 ], [ 106.816697178662409, -6.230223591598635 ] ] ] } },
{ "type": "Feature", "properties": { "grid_id": 93115000701, "k-means_cluster": 2, "dtw_k-means_cluster": 1, "k-shape_cluster": 1 }, "geometry": { "type": "Polygon", "coordinates": [ [ [ 106.816666100879218, -6.221181923128653 ], [ 106.816697178662409, -6.230223591598635 ], [ 106.82573236550914, -6.230192391294221 ], [ 106.825701133377422, -6.221150768440689 ], [ 106.816666100879218, -6.221181923128653 ] ] ] } },
{ "type": "Feature", "properties": { "grid_id": 93125000701, "k-means_cluster": 3, "dtw_k-means_cluster": 1, "k-shape_cluster": 1 }, "geometry": { "type": "Polygon", "coordinates": [ [ [ 106.816635069116714, -6.212140251415753 ], [ 106.816666100879218, -6.221181923128653 ], [ 106.825701133377422, -6.221150768440689 ], [ 106.825669947481984, -6.212109142353222 ], [ 106.816635069116714, -6.212140251415753 ] ] ] } },
{ "type": "Feature", "properties": { "grid_id": 93135000701, "k-means_cluster": 3, "dtw_k-means_cluster": 3, "k-shape_cluster": 1 }, "geometry": { "type": "Polygon", "coordinates": [ [ [ 106.816604083365931, -6.203098576459935 ], [ 106.816635069116714, -6.212140251415753 ], [ 106.825669947481984, -6.212109142353222 ], [ 106.825638807840789, -6.203067513022837 ], [ 106.816604083365931, -6.203098576459935 ] ] ] } },
{ "type": "Feature", "properties": { "grid_id": 93145000701, "k-means_cluster": 3, "dtw_k-means_cluster": 3, "k-shape_cluster": 1 }, "geometry": { "type": "Polygon", "coordinates": [ [ [ 106.81657314362684, -6.194056898279165 ], [ 106.816604083365931, -6.203098576459935 ], [ 106.825638807840789, -6.203067513022837 ], [ 106.825607714435904, -6.194025880458517 ], [ 106.81657314362684, -6.194056898279165 ] ] ] } },
{ "type": "Feature", "properties": { "grid_id": 93155000701, "k-means_cluster": 3, "dtw_k-means_cluster": 4, "k-shape_cluster": 2 }, "geometry": { "type": "Polygon", "coordinates": [ [ [ 106.81654224989947, -6.185015216873442 ], [ 106.81657314362684, -6.194056898279165 ], [ 106.825607714435904, -6.194025880458517 ], [ 106.825576667258304, -6.184984244669245 ], [ 106.81654224989947, -6.185015216873442 ] ] ] } },
{ "type": "Feature", "properties": { "grid_id": 93165000701, "k-means_cluster": 3, "dtw_k-means_cluster": 3, "k-shape_cluster": 1 }, "geometry": { "type": "Polygon", "coordinates": [ [ [ 106.81651140216583, -6.175973532242768 ], [ 106.81654224989947, -6.185015216873442 ], [ 106.825576667258304, -6.184984244669245 ], [ 106.825545666316998, -6.17594260565502 ], [ 106.81651140216583, -6.175973532242768 ] ] ] } },
{ "type": "Feature", "properties": { "grid_id": 93175000701, "k-means_cluster": 4, "dtw_k-means_cluster": 4, "k-shape_cluster": 2 }, "geometry": { "type": "Polygon", "coordinates": [ [ [ 106.816480600434929, -6.166931844387142 ], [ 106.81651140216583, -6.175973532242768 ], [ 106.825545666316998, -6.17594260565502 ], [ 106.825514711603006, -6.166900963415845 ], [ 106.816480600434929, -6.166931844387142 ] ] ] } },
{ "type": "Feature", "properties": { "grid_id": 93185000701, "k-means_cluster": 4, "dtw_k-means_cluster": 3, "k-shape_cluster": 2 }, "geometry": { "type": "Polygon", "coordinates": [ [ [ 106.816449844697772, -6.157890153324531 ], [ 106.816480600434929, -6.166931844387142 ], [ 106.825514711603006, -6.166900963415845 ], [ 106.825483803116313, -6.157859317960701 ], [ 106.816449844697772, -6.157890153324531 ] ] ] } },
{ "type": "Feature", "properties": { "grid_id": 93195000701, "k-means_cluster": 3, "dtw_k-means_cluster": 3, "k-shape_cluster": 3 }, "geometry": { "type": "Polygon", "coordinates": [ [ [ 106.816419134954344, -6.148848459045951 ], [ 106.816449844697772, -6.157890153324531 ], [ 106.825483803116313, -6.157859317960701 ], [ 106.825452940838957, -6.148817669298571 ], [ 106.816419134954344, -6.148848459045951 ] ] ] } },
{ "type": "Feature", "properties": { "grid_id": 93205000701, "k-means_cluster": 1, "dtw_k-means_cluster": 3, "k-shape_cluster": 3 }, "geometry": { "type": "Polygon", "coordinates": [ [ [ 106.81638847119568, -6.139806761569368 ], [ 106.816419134954344, -6.148848459045951 ], [ 106.825452940838957, -6.148817669298571 ], [ 106.825422124779919, -6.139776017429455 ], [ 106.81638847119568, -6.139806761569368 ] ] ] } },
{ "type": "Feature", "properties": { "grid_id": 93215000701, "k-means_cluster": 1, "dtw_k-means_cluster": 3, "k-shape_cluster": 3 }, "geometry": { "type": "Polygon", "coordinates": [ [ [ 106.816357853412796, -6.130765060894783 ], [ 106.81638847119568, -6.139806761569368 ], [ 106.825422124779919, -6.139776017429455 ], [ 106.825391354939214, -6.130734362362337 ], [ 106.816357853412796, -6.130765060894783 ] ] ] } },
{ "type": "Feature", "properties": { "grid_id": 93225000701, "k-means_cluster": 3, "dtw_k-means_cluster": 1, "k-shape_cluster": 1 }, "geometry": { "type": "Polygon", "coordinates": [ [ [ 106.816327281623657, -6.121723357022195 ], [ 106.816357853412796, -6.130765060894783 ], [ 106.825391354939214, -6.130734362362337 ], [ 106.82536063129885, -6.121692704097216 ], [ 106.816327281623657, -6.121723357022195 ] ] ] } },
{ "type": "Feature", "properties": { "grid_id": 93235000701, "k-means_cluster": 3, "dtw_k-means_cluster": 1, "k-shape_cluster": 4 }, "geometry": { "type": "Polygon", "coordinates": [ [ [ 106.816296755801304, -6.112681649951606 ], [ 106.816327281623657, -6.121723357022195 ], [ 106.82536063129885, -6.121692704097216 ], [ 106.825329953867822, -6.112651042643077 ], [ 106.816296755801304, -6.112681649951606 ] ] ] } },
{ "type": "Feature", "properties": { "grid_id": 92975000702, "k-means_cluster": 4, "dtw_k-means_cluster": 4, "k-shape_cluster": 2 }, "geometry": { "type": "Polygon", "coordinates": [ [ [ 106.826142593463601, -6.347733191065744 ], [ 106.826174473460313, -6.356774768024347 ], [ 106.835211798971159, -6.356742771075973 ], [ 106.835179761418928, -6.34770123999433 ], [ 106.826142593463601, -6.347733191065744 ] ] ] } },
{ "type": "Feature", "properties": { "grid_id": 92985000702, "k-means_cluster": 4, "dtw_k-means_cluster": 4, "k-shape_cluster": 2 }, "geometry": { "type": "Polygon", "coordinates": [ [ [ 106.826110759775048, -6.338691610801339 ], [ 106.826142593463601, -6.347733191065744 ], [ 106.835179761418928, -6.34770123999433 ], [ 106.835147770399431, -6.338659705597904 ], [ 106.826110759775048, -6.338691610801339 ] ] ] } },
{ "type": "Feature", "properties": { "grid_id": 92995000702, "k-means_cluster": 4, "dtw_k-means_cluster": 4, "k-shape_cluster": 2 }, "geometry": { "type": "Polygon", "coordinates": [ [ [ 106.826078972376678, -6.329650027231135 ], [ 106.826110759775048, -6.338691610801339 ], [ 106.835147770399431, -6.338659705597904 ], [ 106.835115825912666, -6.329618167904662 ], [ 106.826078972376678, -6.329650027231135 ] ] ] } },
{ "type": "Feature", "properties": { "grid_id": 93005000702, "k-means_cluster": 4, "dtw_k-means_cluster": 4, "k-shape_cluster": 2 }, "geometry": { "type": "Polygon", "coordinates": [ [ [ 106.826047231268504, -6.320608440364112 ], [ 106.826078972376678, -6.329650027231135 ], [ 106.835115825912666, -6.329618167904662 ], [ 106.835083927940673, -6.320576626905618 ], [ 106.826047231268504, -6.320608440364112 ] ] ] } },
{ "type": "Feature", "properties": { "grid_id": 93015000702, "k-means_cluster": 4, "dtw_k-means_cluster": 4, "k-shape_cluster": 2 }, "geometry": { "type": "Polygon", "coordinates": [ [ [ 106.826015536450498, -6.311566850209257 ], [ 106.826047231268504, -6.320608440364112 ], [ 106.835083927940673, -6.320576626905618 ], [ 106.835052076492431, -6.311535082609757 ], [ 106.826015536450498, -6.311566850209257 ] ] ] } },
{ "type": "Feature", "properties": { "grid_id": 93025000702, "k-means_cluster": 4, "dtw_k-means_cluster": 4, "k-shape_cluster": 2 }, "geometry": { "type": "Polygon", "coordinates": [ [ [ 106.825983887922689, -6.302525256757584 ], [ 106.826015536450498, -6.311566850209257 ], [ 106.835052076492431, -6.311535082609757 ], [ 106.835020271549965, -6.302493535017081 ], [ 106.825983887922689, -6.302525256757584 ] ] ] } },
{ "type": "Feature", "properties": { "grid_id": 93035000702, "k-means_cluster": 4, "dtw_k-means_cluster": 4, "k-shape_cluster": 2 }, "geometry": { "type": "Polygon", "coordinates": [ [ [ 106.825952285676095, -6.293483660027061 ], [ 106.825983887922689, -6.302525256757584 ], [ 106.835020271549965, -6.302493535017081 ], [ 106.83498851313125, -6.293451984145552 ], [ 106.825952285676095, -6.293483660027061 ] ] ] } },
{ "type": "Feature", "properties": { "grid_id": 93045000702, "k-means_cluster": 4, "dtw_k-means_cluster": 4, "k-shape_cluster": 2 }, "geometry": { "type": "Polygon", "coordinates": [ [ [ 106.825920729710688, -6.284442060008703 ], [ 106.825952285676095, -6.293483660027061 ], [ 106.83498851313125, -6.293451984145552 ], [ 106.83495680120933, -6.284410429995173 ], [ 106.825920729710688, -6.284442060008703 ] ] ] } },
{ "type": "Feature", "properties": { "grid_id": 93055000702, "k-means_cluster": 2, "dtw_k-means_cluster": 1, "k-shape_cluster": 1 }, "geometry": { "type": "Polygon", "coordinates": [ [ [ 106.825889220017501, -6.275400456720479 ], [ 106.825920729710688, -6.284442060008703 ], [ 106.83495680120933, -6.284410429995173 ], [ 106.834925135793185, -6.27536887255696 ], [ 106.825889220017501, -6.275400456720479 ] ] ] } },
{ "type": "Feature", "properties": { "grid_id": 93065000702, "k-means_cluster": 3, "dtw_k-means_cluster": 1, "k-shape_cluster": 1 }, "geometry": { "type": "Polygon", "coordinates": [ [ [ 106.825857756587567, -6.266358850153403 ], [ 106.825889220017501, -6.275400456720479 ], [ 106.834925135793185, -6.27536887255696 ], [ 106.834893516873848, -6.266327311857863 ], [ 106.825857756587567, -6.266358850153403 ] ] ] } },
{ "type": "Feature", "properties": { "grid_id": 93075000702, "k-means_cluster": 2, "dtw_k-means_cluster": 1, "k-shape_cluster": 1 }, "geometry": { "type": "Polygon", "coordinates": [ [ [ 106.825826339429838, -6.257317240325443 ], [ 106.825857756587567, -6.266358850153403 ], [ 106.834893516873848, -6.266327311857863 ], [ 106.834861944451319, -6.257285747879915 ], [ 106.825826339429838, -6.257317240325443 ] ] ] } },
{ "type": "Feature", "properties": { "grid_id": 93085000702, "k-means_cluster": 2, "dtw_k-means_cluster": 1, "k-shape_cluster": 1 }, "geometry": { "type": "Polygon", "coordinates": [ [ [ 106.825794968535348, -6.248275627236597 ], [ 106.825826339429838, -6.257317240325443 ], [ 106.834861944451319, -6.257285747879915 ], [ 106.834830418516589, -6.248244180650065 ], [ 106.825794968535348, -6.248275627236597 ] ] ] } },
{ "type": "Feature", "properties": { "grid_id": 93095000702, "k-means_cluster": 2, "dtw_k-means_cluster": 1, "k-shape_cluster": 1 }, "geometry": { "type": "Polygon", "coordinates": [ [ [ 106.825763643895115, -6.239234010886868 ], [ 106.825794968535348, -6.248275627236597 ], [ 106.834830418516589, -6.248244180650065 ], [ 106.834798939069685, -6.239202610150348 ], [ 106.825763643895115, -6.239234010886868 ] ] ] } },
{ "type": "Feature", "properties": { "grid_id": 93105000702, "k-means_cluster": 2, "dtw_k-means_cluster": 1, "k-shape_cluster": 1 }, "geometry": { "type": "Polygon", "coordinates": [ [ [ 106.82573236550914, -6.230192391294221 ], [ 106.825763643895115, -6.239234010886868 ], [ 106.834798939069685, -6.239202610150348 ], [ 106.834767506110595, -6.230161036407712 ], [ 106.82573236550914, -6.230192391294221 ] ] ] } },
{ "type": "Feature", "properties": { "grid_id": 93115000702, "k-means_cluster": 2, "dtw_k-means_cluster": 1, "k-shape_cluster": 1 }, "geometry": { "type": "Polygon", "coordinates": [ [ [ 106.825701133377422, -6.221150768440689 ], [ 106.82573236550914, -6.230192391294221 ], [ 106.834767506110595, -6.230161036407712 ], [ 106.834736119621354, -6.221119459404193 ], [ 106.825701133377422, -6.221150768440689 ] ] ] } },
{ "type": "Feature", "properties": { "grid_id": 93125000702, "k-means_cluster": 3, "dtw_k-means_cluster": 1, "k-shape_cluster": 1 }, "geometry": { "type": "Polygon", "coordinates": [ [ [ 106.825669947481984, -6.212109142353222 ], [ 106.825701133377422, -6.221150768440689 ], [ 106.834736119621354, -6.221119459404193 ], [ 106.834704779610945, -6.212077879166737 ], [ 106.825669947481984, -6.212109142353222 ] ] ] } },
{ "type": "Feature", "properties": { "grid_id": 93135000702, "k-means_cluster": 3, "dtw_k-means_cluster": 1, "k-shape_cluster": 1 }, "geometry": { "type": "Polygon", "coordinates": [ [ [ 106.825638807840789, -6.203067513022837 ], [ 106.825669947481984, -6.212109142353222 ], [ 106.834704779610945, -6.212077879166737 ], [ 106.834673486070386, -6.203036295677381 ], [ 106.825638807840789, -6.203067513022837 ] ] ] } },
{ "type": "Feature", "properties": { "grid_id": 93145000702, "k-means_cluster": 3, "dtw_k-means_cluster": 3, "k-shape_cluster": 1 }, "geometry": { "type": "Polygon", "coordinates": [ [ [ 106.825607714435904, -6.194025880458517 ], [ 106.825638807840789, -6.203067513022837 ], [ 106.834673486070386, -6.203036295677381 ], [ 106.834642238999692, -6.193994708963073 ], [ 106.825607714435904, -6.194025880458517 ] ] ] } },
{ "type": "Feature", "properties": { "grid_id": 93155000702, "k-means_cluster": 3, "dtw_k-means_cluster": 3, "k-shape_cluster": 4 }, "geometry": { "type": "Polygon", "coordinates": [ [ [ 106.825576667258304, -6.184984244669245 ], [ 106.825607714435904, -6.194025880458517 ], [ 106.834642238999692, -6.193994708963073 ], [ 106.834611038389838, -6.18495311901483 ], [ 106.825576667258304, -6.184984244669245 ] ] ] } },
{ "type": "Feature", "properties": { "grid_id": 93165000702, "k-means_cluster": 3, "dtw_k-means_cluster": 3, "k-shape_cluster": 1 }, "geometry": { "type": "Polygon", "coordinates": [ [ [ 106.825545666316998, -6.17594260565502 ], [ 106.825576667258304, -6.184984244669245 ], [ 106.834611038389838, -6.18495311901483 ], [ 106.834579884240867, -6.175911525841635 ], [ 106.825545666316998, -6.17594260565502 ] ] ] } },
{ "type": "Feature", "properties": { "grid_id": 93175000702, "k-means_cluster": 4, "dtw_k-means_cluster": 4, "k-shape_cluster": 2 }, "geometry": { "type": "Polygon", "coordinates": [ [ [ 106.825514711603006, -6.166900963415845 ], [ 106.825545666316998, -6.17594260565502 ], [ 106.834579884240867, -6.175911525841635 ], [ 106.834548776552765, -6.166869929443489 ], [ 106.825514711603006, -6.166900963415845 ] ] ] } },
{ "type": "Feature", "properties": { "grid_id": 93185000702, "k-means_cluster": 1, "dtw_k-means_cluster": 3, "k-shape_cluster": 4 }, "geometry": { "type": "Polygon", "coordinates": [ [ [ 106.825483803116313, -6.157859317960701 ], [ 106.825514711603006, -6.166900963415845 ], [ 106.834548776552765, -6.166869929443489 ], [ 106.834517715307555, -6.157828329829373 ], [ 106.825483803116313, -6.157859317960701 ] ] ] } },
{ "type": "Feature", "properties": { "grid_id": 93195000702, "k-means_cluster": 1, "dtw_k-means_cluster": 4, "k-shape_cluster": 2 }, "geometry": { "type": "Polygon", "coordinates": [ [ [ 106.825452940838957, -6.148817669298571 ], [ 106.825483803116313, -6.157859317960701 ], [ 106.834517715307555, -6.157828329829373 ], [ 106.834486700514233, -6.148786727008272 ], [ 106.825452940838957, -6.148817669298571 ] ] ] } },
{ "type": "Feature", "properties": { "grid_id": 93205000702, "k-means_cluster": 1, "dtw_k-means_cluster": 2, "k-shape_cluster": 3 }, "geometry": { "type": "Polygon", "coordinates": [ [ [ 106.825422124779919, -6.139776017429455 ], [ 106.825452940838957, -6.148817669298571 ], [ 106.834486700514233, -6.148786727008272 ], [ 106.834455732163804, -6.139745120980185 ], [ 106.825422124779919, -6.139776017429455 ] ] ] } },
{ "type": "Feature", "properties": { "grid_id": 93215000702, "k-means_cluster": 1, "dtw_k-means_cluster": 2, "k-shape_cluster": 3 }, "geometry": { "type": "Polygon", "coordinates": [ [ [ 106.825391354939214, -6.130734362362337 ], [ 106.825422124779919, -6.139776017429455 ], [ 106.834455732163804, -6.139745120980185 ], [ 106.83442481025628, -6.130703511745113 ], [ 106.825391354939214, -6.130734362362337 ] ] ] } },
{ "type": "Feature", "properties": { "grid_id": 93225000702, "k-means_cluster": 3, "dtw_k-means_cluster": 4, "k-shape_cluster": 2 }, "geometry": { "type": "Polygon", "coordinates": [ [ [ 106.82536063129885, -6.121692704097216 ], [ 106.825391354939214, -6.130734362362337 ], [ 106.83442481025628, -6.130703511745113 ], [ 106.834393934782668, -6.121661899312039 ], [ 106.82536063129885, -6.121692704097216 ] ] ] } },
{ "type": "Feature", "properties": { "grid_id": 92995000703, "k-means_cluster": 4, "dtw_k-means_cluster": 4, "k-shape_cluster": 2 }, "geometry": { "type": "Polygon", "coordinates": [ [ [ 106.835115825912666, -6.329618167904662 ], [ 106.835147770399431, -6.338659705597904 ], [ 106.844184734509057, -6.338627643117429 ], [ 106.844152632924917, -6.329586151507761 ], [ 106.835115825912666, -6.329618167904662 ] ] ] } },
{ "type": "Feature", "properties": { "grid_id": 93005000703, "k-means_cluster": 4, "dtw_k-means_cluster": 4, "k-shape_cluster": 2 }, "geometry": { "type": "Polygon", "coordinates": [ [ [ 106.835083927940673, -6.320576626905618 ], [ 106.835115825912666, -6.329618167904662 ], [ 106.844152632924917, -6.329586151507761 ], [ 106.844120578098085, -6.320544656601275 ], [ 106.835083927940673, -6.320576626905618 ] ] ] } },
{ "type": "Feature", "properties": { "grid_id": 93015000703, "k-means_cluster": 4, "dtw_k-means_cluster": 4, "k-shape_cluster": 2 }, "geometry": { "type": "Polygon", "coordinates": [ [ [ 106.835052076492431, -6.311535082609757 ], [ 106.835083927940673, -6.320576626905618 ], [ 106.844120578098085, -6.320544656601275 ], [ 106.844088570010598, -6.311503158397971 ], [ 106.835052076492431, -6.311535082609757 ] ] ] } },
{ "type": "Feature", "properties": { "grid_id": 93025000703, "k-means_cluster": 4, "dtw_k-means_cluster": 4, "k-shape_cluster": 2 }, "geometry": { "type": "Polygon", "coordinates": [ [ [ 106.835020271549965, -6.302493535017081 ], [ 106.835052076492431, -6.311535082609757 ], [ 106.844088570010598, -6.311503158397971 ], [ 106.844056608671451, -6.302461656897852 ], [ 106.835020271549965, -6.302493535017081 ] ] ] } },
{ "type": "Feature", "properties": { "grid_id": 93035000703, "k-means_cluster": 4, "dtw_k-means_cluster": 4, "k-shape_cluster": 2 }, "geometry": { "type": "Polygon", "coordinates": [ [ [ 106.83498851313125, -6.293451984145552 ], [ 106.835020271549965, -6.302493535017081 ], [ 106.844056608671451, -6.302461656897852 ], [ 106.844024694071635, -6.293420152109897 ], [ 106.83498851313125, -6.293451984145552 ] ] ] } },
{ "type": "Feature", "properties": { "grid_id": 93045000703, "k-means_cluster": 4, "dtw_k-means_cluster": 4, "k-shape_cluster": 2 }, "geometry": { "type": "Polygon", "coordinates": [ [ [ 106.83495680120933, -6.284410429995173 ], [ 106.83498851313125, -6.293451984145552 ], [ 106.844024694071635, -6.293420152109897 ], [ 106.843992826202182, -6.284378644043092 ], [ 106.83495680120933, -6.284410429995173 ] ] ] } },
{ "type": "Feature", "properties": { "grid_id": 93055000703, "k-means_cluster": 2, "dtw_k-means_cluster": 1, "k-shape_cluster": 1 }, "geometry": { "type": "Polygon", "coordinates": [ [ [ 106.834925135793185, -6.27536887255696 ], [ 106.83495680120933, -6.284410429995173 ], [ 106.843992826202182, -6.284378644043092 ], [ 106.843961005072074, -6.275337132697437 ], [ 106.834925135793185, -6.27536887255696 ] ] ] } },
{ "type": "Feature", "properties": { "grid_id": 93065000703, "k-means_cluster": 2, "dtw_k-means_cluster": 1, "k-shape_cluster": 1 }, "geometry": { "type": "Polygon", "coordinates": [ [ [ 106.834893516873848, -6.266327311857863 ], [ 106.834925135793185, -6.27536887255696 ], [ 106.843961005072074, -6.275337132697437 ], [ 106.843929230663349, -6.26629561807293 ], [ 106.834893516873848, -6.266327311857863 ] ] ] } },
{ "type": "Feature", "properties": { "grid_id": 93075000703, "k-means_cluster": 2, "dtw_k-means_cluster": 1, "k-shape_cluster": 1 }, "geometry": { "type": "Polygon", "coordinates": [ [ [ 106.834861944451319, -6.257285747879915 ], [ 106.834893516873848, -6.266327311857863 ], [ 106.843929230663349, -6.26629561807293 ], [ 106.843897502975992, -6.257254100187539 ], [ 106.834861944451319, -6.257285747879915 ] ] ] } },
{ "type": "Feature", "properties": { "grid_id": 93085000703, "k-means_cluster": 2, "dtw_k-means_cluster": 1, "k-shape_cluster": 1 }, "geometry": { "type": "Polygon", "coordinates": [ [ [ 106.834830418516589, -6.248244180650065 ], [ 106.834861944451319, -6.257285747879915 ], [ 106.843897502975992, -6.257254100187539 ], [ 106.843865822010017, -6.24821257903228 ], [ 106.834830418516589, -6.248244180650065 ] ] ] } },
{ "type": "Feature", "properties": { "grid_id": 93095000703, "k-means_cluster": 2, "dtw_k-means_cluster": 1, "k-shape_cluster": 1 }, "geometry": { "type": "Polygon", "coordinates": [ [ [ 106.834798939069685, -6.239202610150348 ], [ 106.834830418516589, -6.248244180650065 ], [ 106.843865822010017, -6.24821257903228 ], [ 106.843834187765424, -6.239171054616137 ], [ 106.834798939069685, -6.239202610150348 ] ] ] } },
{ "type": "Feature", "properties": { "grid_id": 93105000703, "k-means_cluster": 2, "dtw_k-means_cluster": 1, "k-shape_cluster": 1 }, "geometry": { "type": "Polygon", "coordinates": [ [ [ 106.834767506110595, -6.230161036407712 ], [ 106.834798939069685, -6.239202610150348 ], [ 106.843834187765424, -6.239171054616137 ], [ 106.843802600224237, -6.23012952693911 ], [ 106.834767506110595, -6.230161036407712 ] ] ] } },
{ "type": "Feature", "properties": { "grid_id": 93115000703, "k-means_cluster": 2, "dtw_k-means_cluster": 1, "k-shape_cluster": 1 }, "geometry": { "type": "Polygon", "coordinates": [ [ [ 106.834736119621354, -6.221119459404193 ], [ 106.834767506110595, -6.230161036407712 ], [ 106.843802600224237, -6.23012952693911 ], [ 106.843771059395451, -6.221087996019164 ], [ 106.834736119621354, -6.221119459404193 ] ] ] } },
{ "type": "Feature", "properties": { "grid_id": 93125000703, "k-means_cluster": 3, "dtw_k-means_cluster": 1, "k-shape_cluster": 1 }, "geometry": { "type": "Polygon", "coordinates": [ [ [ 106.834704779610945, -6.212077879166737 ], [ 106.834736119621354, -6.221119459404193 ], [ 106.843771059395451, -6.221087996019164 ], [ 106.84373956527007, -6.2120464618563 ], [ 106.834704779610945, -6.212077879166737 ] ] ] } },
{ "type": "Feature", "properties": { "grid_id": 93135000703, "k-means_cluster": 3, "dtw_k-means_cluster": 3, "k-shape_cluster": 1 }, "geometry": { "type": "Polygon", "coordinates": [ [ [ 106.834673486070386, -6.203036295677381 ], [ 106.834704779610945, -6.212077879166737 ], [ 106.84373956527007, -6.2120464618563 ], [ 106.843708117839128, -6.203004924441535 ], [ 106.834673486070386, -6.203036295677381 ] ] ] } },
{ "type": "Feature", "properties": { "grid_id": 93145000703, "k-means_cluster": 3, "dtw_k-means_cluster": 3, "k-shape_cluster": 1 }, "geometry": { "type": "Polygon", "coordinates": [ [ [ 106.834642238999692, -6.193994708963073 ], [ 106.834673486070386, -6.203036295677381 ], [ 106.843708117839128, -6.203004924441535 ], [ 106.843676717111592, -6.193963383792835 ], [ 106.834642238999692, -6.193994708963073 ] ] ] } },
{ "type": "Feature", "properties": { "grid_id": 93155000703, "k-means_cluster": 3, "dtw_k-means_cluster": 3, "k-shape_cluster": 4 }, "geometry": { "type": "Polygon", "coordinates": [ [ [ 106.834611038389838, -6.18495311901483 ], [ 106.834642238999692, -6.193994708963073 ], [ 106.843676717111592, -6.193963383792835 ], [ 106.843645363069498, -6.184921839919182 ], [ 106.834611038389838, -6.18495311901483 ] ] ] } },
{ "type": "Feature", "properties": { "grid_id": 93165000703, "k-means_cluster": 3, "dtw_k-means_cluster": 1, "k-shape_cluster": 2 }, "geometry": { "type": "Polygon", "coordinates": [ [ [ 106.834579884240867, -6.175911525841635 ], [ 106.834611038389838, -6.18495311901483 ], [ 106.843645363069498, -6.184921839919182 ], [ 106.843614055712848, -6.175880292811596 ], [ 106.834579884240867, -6.175911525841635 ] ] ] } },
{ "type": "Feature", "properties": { "grid_id": 93175000703, "k-means_cluster": 3, "dtw_k-means_cluster": 1, "k-shape_cluster": 2 }, "geometry": { "type": "Polygon", "coordinates": [ [ [ 106.834548776552765, -6.166869929443489 ], [ 106.834579884240867, -6.175911525841635 ], [ 106.843614055712848, -6.175880292811596 ], [ 106.843582795041641, -6.166838742479056 ], [ 106.834548776552765, -6.166869929443489 ] ] ] } },
{ "type": "Feature", "properties": { "grid_id": 93185000703, "k-means_cluster": 1, "dtw_k-means_cluster": 3, "k-shape_cluster": 2 }, "geometry": { "type": "Polygon", "coordinates": [ [ [ 106.834517715307555, -6.157828329829373 ], [ 106.834548776552765, -6.166869929443489 ], [ 106.843582795041641, -6.166838742479056 ], [ 106.843551581055891, -6.157797188939532 ], [ 106.834517715307555, -6.157828329829373 ] ] ] } },
{ "type": "Feature", "properties": { "grid_id": 93195000703, "k-means_cluster": 1, "dtw_k-means_cluster": 2, "k-shape_cluster": 2 }, "geometry": { "type": "Polygon", "coordinates": [ [ [ 106.834486700514233, -6.148786727008272 ], [ 106.834517715307555, -6.157828329829373 ], [ 106.843551581055891, -6.157797188939532 ], [ 106.843520413746603, -6.148755632175055 ], [ 106.834486700514233, -6.148786727008272 ] ] ] } },
{ "type": "Feature", "properties": { "grid_id": 93205000703, "k-means_cluster": 1, "dtw_k-means_cluster": 2, "k-shape_cluster": 2 }, "geometry": { "type": "Polygon", "coordinates": [ [ [ 106.834455732163804, -6.139745120980185 ], [ 106.834486700514233, -6.148786727008272 ], [ 106.843520413746603, -6.148755632175055 ], [ 106.843489293104781, -6.139714072203593 ], [ 106.834455732163804, -6.139745120980185 ] ] ] } },
{ "type": "Feature", "properties": { "grid_id": 93215000703, "k-means_cluster": 1, "dtw_k-means_cluster": 2, "k-shape_cluster": 3 }, "geometry": { "type": "Polygon", "coordinates": [ [ [ 106.83442481025628, -6.130703511745113 ], [ 106.834455732163804, -6.139745120980185 ], [ 106.843489293104781, -6.139714072203593 ], [ 106.84345821913044, -6.130672509034128 ], [ 106.83442481025628, -6.130703511745113 ] ] ] } },
{ "type": "Feature", "properties": { "grid_id": 93225000703, "k-means_cluster": 1, "dtw_k-means_cluster": 2, "k-shape_cluster": 3 }, "geometry": { "type": "Polygon", "coordinates": [ [ [ 106.834393934782668, -6.121661899312039 ], [ 106.83442481025628, -6.130703511745113 ], [ 106.84345821913044, -6.130672509034128 ], [ 106.843427191823594, -6.121630942657679 ], [ 106.834393934782668, -6.121661899312039 ] ] ] } },
{ "type": "Feature", "properties": { "grid_id": 92995000704, "k-means_cluster": 2, "dtw_k-means_cluster": 4, "k-shape_cluster": 2 }, "geometry": { "type": "Polygon", "coordinates": [ [ [ 106.844152632924917, -6.329586151507761 ], [ 106.844184734509057, -6.338627643117429 ], [ 106.85322165185238, -6.338595423341949 ], [ 106.853189393188828, -6.329553978058399 ], [ 106.844152632924917, -6.329586151507761 ] ] ] } },
{ "type": "Feature", "properties": { "grid_id": 93005000704, "k-means_cluster": 4, "dtw_k-means_cluster": 4, "k-shape_cluster": 2 }, "geometry": { "type": "Polygon", "coordinates": [ [ [ 106.844120578098085, -6.320544656601275 ], [ 106.844152632924917, -6.329586151507761 ], [ 106.853189393188828, -6.329553978058399 ], [ 106.85315718149819, -6.320512529469049 ], [ 106.844120578098085, -6.320544656601275 ] ] ] } },
{ "type": "Feature", "properties": { "grid_id": 93015000704, "k-means_cluster": 4, "dtw_k-means_cluster": 4, "k-shape_cluster": 2 }, "geometry": { "type": "Polygon", "coordinates": [ [ [ 106.844088570010598, -6.311503158397971 ], [ 106.844120578098085, -6.320544656601275 ], [ 106.85315718149819, -6.320512529469049 ], [ 106.853125016789434, -6.311471077582882 ], [ 106.844088570010598, -6.311503158397971 ] ] ] } },
{ "type": "Feature", "properties": { "grid_id": 93025000704, "k-means_cluster": 4, "dtw_k-means_cluster": 4, "k-shape_cluster": 2 }, "geometry": { "type": "Polygon", "coordinates": [ [ [ 106.844056608671451, -6.302461656897852 ], [ 106.844088570010598, -6.311503158397971 ], [ 106.853125016789434, -6.311471077582882 ], [ 106.853092899053593, -6.302429622399898 ], [ 106.844056608671451, -6.302461656897852 ] ] ] } },
{ "type": "Feature", "properties": { "grid_id": 93035000704, "k-means_cluster": 4, "dtw_k-means_cluster": 4, "k-shape_cluster": 2 }, "geometry": { "type": "Polygon", "coordinates": [ [ [ 106.844024694071635, -6.293420152109897 ], [ 106.844056608671451, -6.302461656897852 ], [ 106.853092899053593, -6.302429622399898 ], [ 106.853060828281656, -6.29338816392908 ], [ 106.844024694071635, -6.293420152109897 ] ] ] } },
{ "type": "Feature", "properties": { "grid_id": 93045000704, "k-means_cluster": 4, "dtw_k-means_cluster": 4, "k-shape_cluster": 2 }, "geometry": { "type": "Polygon", "coordinates": [ [ [ 106.843992826202182, -6.284378644043092 ], [ 106.844024694071635, -6.293420152109897 ], [ 106.853060828281656, -6.29338816392908 ], [ 106.853028804473666, -6.284346702170428 ], [ 106.843992826202182, -6.284378644043092 ] ] ] } },
{ "type": "Feature", "properties": { "grid_id": 93055000704, "k-means_cluster": 2, "dtw_k-means_cluster": 1, "k-shape_cluster": 1 }, "geometry": { "type": "Polygon", "coordinates": [ [ [ 106.843961005072074, -6.275337132697437 ], [ 106.843992826202182, -6.284378644043092 ], [ 106.853028804473666, -6.284346702170428 ], [ 106.852996827620601, -6.275305237132925 ], [ 106.843961005072074, -6.275337132697437 ] ] ] } },
{ "type": "Feature", "properties": { "grid_id": 93065000704, "k-means_cluster": 2, "dtw_k-means_cluster": 1, "k-shape_cluster": 1 }, "geometry": { "type": "Polygon", "coordinates": [ [ [ 106.843929230663349, -6.26629561807293 ], [ 106.843961005072074, -6.275337132697437 ], [ 106.852996827620601, -6.275305237132925 ], [ 106.852964897731454, -6.266263768825555 ], [ 106.843929230663349, -6.26629561807293 ] ] ] } },
{ "type": "Feature", "properties": { "grid_id": 93075000704, "k-means_cluster": 2, "dtw_k-means_cluster": 4, "k-shape_cluster": 1 }, "geometry": { "type": "Polygon", "coordinates": [ [ [ 106.843897502975992, -6.257254100187539 ], [ 106.843929230663349, -6.26629561807293 ], [ 106.852964897731454, -6.266263768825555 ], [ 106.852933014788277, -6.257222297239333 ], [ 106.843897502975992, -6.257254100187539 ] ] ] } },
{ "type": "Feature", "properties": { "grid_id": 93085000704, "k-means_cluster": 2, "dtw_k-means_cluster": 1, "k-shape_cluster": 1 }, "geometry": { "type": "Polygon", "coordinates": [ [ [ 106.843865822010017, -6.24821257903228 ], [ 106.843897502975992, -6.257254100187539 ], [ 106.852933014788277, -6.257222297239333 ], [ 106.852901178800039, -6.248180822392228 ], [ 106.843865822010017, -6.24821257903228 ] ] ] } },
{ "type": "Feature", "properties": { "grid_id": 93095000704, "k-means_cluster": 2, "dtw_k-means_cluster": 1, "k-shape_cluster": 1 }, "geometry": { "type": "Polygon", "coordinates": [ [ [ 106.843834187765424, -6.239171054616137 ], [ 106.843865822010017, -6.24821257903228 ], [ 106.852901178800039, -6.248180822392228 ], [ 106.852869389748761, -6.239139344275254 ], [ 106.843834187765424, -6.239171054616137 ] ] ] } },
{ "type": "Feature", "properties": { "grid_id": 93105000704, "k-means_cluster": 2, "dtw_k-means_cluster": 1, "k-shape_cluster": 1 }, "geometry": { "type": "Polygon", "coordinates": [ [ [ 106.843802600224237, -6.23012952693911 ], [ 106.843834187765424, -6.239171054616137 ], [ 106.852869389748761, -6.239139344275254 ], [ 106.852837647634473, -6.230097862915363 ], [ 106.843802600224237, -6.23012952693911 ] ] ] } },
{ "type": "Feature", "properties": { "grid_id": 93115000704, "k-means_cluster": 2, "dtw_k-means_cluster": 1, "k-shape_cluster": 1 }, "geometry": { "type": "Polygon", "coordinates": [ [ [ 106.843771059395451, -6.221087996019164 ], [ 106.843802600224237, -6.23012952693911 ], [ 106.852837647634473, -6.230097862915363 ], [ 106.852805952466127, -6.221056378294587 ], [ 106.843771059395451, -6.221087996019164 ] ] ] } },
{ "type": "Feature", "properties": { "grid_id": 93125000704, "k-means_cluster": 3, "dtw_k-means_cluster": 1, "k-shape_cluster": 1 }, "geometry": { "type": "Polygon", "coordinates": [ [ [ 106.84373956527007, -6.2120464618563 ], [ 106.843771059395451, -6.221087996019164 ], [ 106.852805952466127, -6.221056378294587 ], [ 106.85277430422579, -6.212014890421909 ], [ 106.84373956527007, -6.2120464618563 ] ] ] } },
{ "type": "Feature", "properties": { "grid_id": 93135000704, "k-means_cluster": 3, "dtw_k-means_cluster": 1, "k-shape_cluster": 2 }, "geometry": { "type": "Polygon", "coordinates": [ [ [ 106.843708117839128, -6.203004924441535 ], [ 106.84373956527007, -6.2120464618563 ], [ 106.85277430422579, -6.212014890421909 ], [ 106.852742702913432, -6.202973399315297 ], [ 106.843708117839128, -6.203004924441535 ] ] ] } },
{ "type": "Feature", "properties": { "grid_id": 93145000704, "k-means_cluster": 3, "dtw_k-means_cluster": 4, "k-shape_cluster": 4 }, "geometry": { "type": "Polygon", "coordinates": [ [ [ 106.843676717111592, -6.193963383792835 ], [ 106.843708117839128, -6.203004924441535 ], [ 106.852742702913432, -6.202973399315297 ], [ 106.852711148520086, -6.193931904965766 ], [ 106.843676717111592, -6.193963383792835 ] ] ] } },
{ "type": "Feature", "properties": { "grid_id": 93155000704, "k-means_cluster": 3, "dtw_k-means_cluster": 4, "k-shape_cluster": 2 }, "geometry": { "type": "Polygon", "coordinates": [ [ [ 106.843645363069498, -6.184921839919182 ], [ 106.843676717111592, -6.193963383792835 ], [ 106.852711148520086, -6.193931904965766 ], [ 106.852679641054721, -6.184890407382301 ], [ 106.843645363069498, -6.184921839919182 ] ] ] } },
{ "type": "Feature", "properties": { "grid_id": 93165000704, "k-means_cluster": 3, "dtw_k-means_cluster": 4, "k-shape_cluster": 2 }, "geometry": { "type": "Polygon", "coordinates": [ [ [ 106.843614055712848, -6.175880292811596 ], [ 106.843645363069498, -6.184921839919182 ], [ 106.852679641054721, -6.184890407382301 ], [ 106.852648180499386, -6.175848906564901 ], [ 106.843614055712848, -6.175880292811596 ] ] ] } },
{ "type": "Feature", "properties": { "grid_id": 93175000704, "k-means_cluster": 3, "dtw_k-means_cluster": 1, "k-shape_cluster": 2 }, "geometry": { "type": "Polygon", "coordinates": [ [ [ 106.843582795041641, -6.166838742479056 ], [ 106.843614055712848, -6.175880292811596 ], [ 106.852648180499386, -6.175848906564901 ], [ 106.852616766863051, -6.166807402531531 ], [ 106.843582795041641, -6.166838742479056 ] ] ] } },
{ "type": "Feature", "properties": { "grid_id": 93185000704, "k-means_cluster": 1, "dtw_k-means_cluster": 4, "k-shape_cluster": 2 }, "geometry": { "type": "Polygon", "coordinates": [ [ [ 106.843551581055891, -6.157797188939532 ], [ 106.843582795041641, -6.166838742479056 ], [ 106.852616766863051, -6.166807402531531 ], [ 106.852585400127765, -6.15776589527321 ], [ 106.843551581055891, -6.157797188939532 ] ] ] } },
{ "type": "Feature", "properties": { "grid_id": 93195000704, "k-means_cluster": 1, "dtw_k-means_cluster": 4, "k-shape_cluster": 2 }, "geometry": { "type": "Polygon", "coordinates": [ [ [ 106.843520413746603, -6.148755632175055 ], [ 106.843551581055891, -6.157797188939532 ], [ 106.852585400127765, -6.15776589527321 ], [ 106.852554080302511, -6.148724384807903 ], [ 106.843520413746603, -6.148755632175055 ] ] ] } },
{ "type": "Feature", "properties": { "grid_id": 93205000704, "k-means_cluster": 1, "dtw_k-means_cluster": 2, "k-shape_cluster": 2 }, "geometry": { "type": "Polygon", "coordinates": [ [ [ 106.843489293104781, -6.139714072203593 ], [ 106.843520413746603, -6.148755632175055 ], [ 106.852554080302511, -6.148724384807903 ], [ 106.852522807378278, -6.139682871126627 ], [ 106.843489293104781, -6.139714072203593 ] ] ] } },
{ "type": "Feature", "properties": { "grid_id": 93215000704, "k-means_cluster": 1, "dtw_k-means_cluster": 2, "k-shape_cluster": 3 }, "geometry": { "type": "Polygon", "coordinates": [ [ [ 106.84345821913044, -6.130672509034128 ], [ 106.843489293104781, -6.139714072203593 ], [ 106.852522807378278, -6.139682871126627 ], [ 106.852491581346115, -6.130641354238366 ], [ 106.84345821913044, -6.130672509034128 ] ] ] } },
{ "type": "Feature", "properties": { "grid_id": 93225000704, "k-means_cluster": 1, "dtw_k-means_cluster": 2, "k-shape_cluster": 3 }, "geometry": { "type": "Polygon", "coordinates": [ [ [ 106.843427191823594, -6.121630942657679 ], [ 106.84345821913044, -6.130672509034128 ], [ 106.852491581346115, -6.130641354238366 ], [ 106.85246040220602, -6.12159983414312 ], [ 106.843427191823594, -6.121630942657679 ] ] ] } },
{ "type": "Feature", "properties": { "grid_id": 92985000705, "k-means_cluster": 4, "dtw_k-means_cluster": 4, "k-shape_cluster": 2 }, "geometry": { "type": "Polygon", "coordinates": [ [ [ 106.85322165185238, -6.338595423341949 ], [ 106.853253957506809, -6.347636865319698 ], [ 106.862290985181218, -6.347604441725463 ], [ 106.862258522222803, -6.338563046289428 ], [ 106.85322165185238, -6.338595423341949 ] ] ] } },
{ "type": "Feature", "properties": { "grid_id": 92995000705, "k-means_cluster": 4, "dtw_k-means_cluster": 4, "k-shape_cluster": 3 }, "geometry": { "type": "Polygon", "coordinates": [ [ [ 106.853189393188828, -6.329553978058399 ], [ 106.85322165185238, -6.338595423341949 ], [ 106.862258522222803, -6.338563046289428 ], [ 106.862226106470857, -6.329521647556576 ], [ 106.853189393188828, -6.329553978058399 ] ] ] } },
{ "type": "Feature", "properties": { "grid_id": 93005000705, "k-means_cluster": 4, "dtw_k-means_cluster": 3, "k-shape_cluster": 3 }, "geometry": { "type": "Polygon", "coordinates": [ [ [ 106.85315718149819, -6.320512529469049 ], [ 106.853189393188828, -6.329553978058399 ], [ 106.862226106470857, -6.329521647556576 ], [ 106.862193737934362, -6.320480245508941 ], [ 106.85315718149819, -6.320512529469049 ] ] ] } },
{ "type": "Feature", "properties": { "grid_id": 93015000705, "k-means_cluster": 4, "dtw_k-means_cluster": 4, "k-shape_cluster": 3 }, "geometry": { "type": "Polygon", "coordinates": [ [ [ 106.853125016789434, -6.311471077582882 ], [ 106.85315718149819, -6.320512529469049 ], [ 106.862193737934362, -6.320480245508941 ], [ 106.862161416595356, -6.311438840164489 ], [ 106.853125016789434, -6.311471077582882 ] ] ] } },
{ "type": "Feature", "properties": { "grid_id": 93025000705, "k-means_cluster": 4, "dtw_k-means_cluster": 4, "k-shape_cluster": 2 }, "geometry": { "type": "Polygon", "coordinates": [ [ [ 106.853092899053593, -6.302429622399898 ], [ 106.853125016789434, -6.311471077582882 ], [ 106.862161416595356, -6.311438840164489 ], [ 106.86212914246282, -6.30239743152322 ], [ 106.853092899053593, -6.302429622399898 ] ] ] } },
{ "type": "Feature", "properties": { "grid_id": 93035000705, "k-means_cluster": 4, "dtw_k-means_cluster": 4, "k-shape_cluster": 2 }, "geometry": { "type": "Polygon", "coordinates": [ [ [ 106.853060828281656, -6.29338816392908 ], [ 106.853092899053593, -6.302429622399898 ], [ 106.86212914246282, -6.30239743152322 ], [ 106.862096915518777, -6.293356019594117 ], [ 106.853060828281656, -6.29338816392908 ] ] ] } },
{ "type": "Feature", "properties": { "grid_id": 93045000705, "k-means_cluster": 4, "dtw_k-means_cluster": 4, "k-shape_cluster": 2 }, "geometry": { "type": "Polygon", "coordinates": [ [ [ 106.853028804473666, -6.284346702170428 ], [ 106.853060828281656, -6.29338816392908 ], [ 106.862096915518777, -6.293356019594117 ], [ 106.862064735772236, -6.28431460437718 ], [ 106.853028804473666, -6.284346702170428 ] ] ] } },
{ "type": "Feature", "properties": { "grid_id": 93055000705, "k-means_cluster": 3, "dtw_k-means_cluster": 3, "k-shape_cluster": 4 }, "geometry": { "type": "Polygon", "coordinates": [ [ [ 106.852996827620601, -6.275305237132925 ], [ 106.853028804473666, -6.284346702170428 ], [ 106.862064735772236, -6.28431460437718 ], [ 106.862032603214175, -6.275273185872408 ], [ 106.852996827620601, -6.275305237132925 ] ] ] } },
{ "type": "Feature", "properties": { "grid_id": 93065000705, "k-means_cluster": 2, "dtw_k-means_cluster": 1, "k-shape_cluster": 2 }, "geometry": { "type": "Polygon", "coordinates": [ [ [ 106.852964897731454, -6.266263768825555 ], [ 106.852996827620601, -6.275305237132925 ], [ 106.862032603214175, -6.275273185872408 ], [ 106.862000517844635, -6.266231764097769 ], [ 106.852964897731454, -6.266263768825555 ] ] ] } },
{ "type": "Feature", "properties": { "grid_id": 93075000705, "k-means_cluster": 2, "dtw_k-means_cluster": 1, "k-shape_cluster": 1 }, "geometry": { "type": "Polygon", "coordinates": [ [ [ 106.852933014788277, -6.257222297239333 ], [ 106.852964897731454, -6.266263768825555 ], [ 106.862000517844635, -6.266231764097769 ], [ 106.861968479654607, -6.257190339053263 ], [ 106.852933014788277, -6.257222297239333 ] ] ] } },
{ "type": "Feature", "properties": { "grid_id": 93085000705, "k-means_cluster": 2, "dtw_k-means_cluster": 4, "k-shape_cluster": 1 }, "geometry": { "type": "Polygon", "coordinates": [ [ [ 106.852901178800039, -6.248180822392228 ], [ 106.852933014788277, -6.257222297239333 ], [ 106.861968479654607, -6.257190339053263 ], [ 106.861936488635109, -6.248148910729906 ], [ 106.852901178800039, -6.248180822392228 ] ] ] } },
{ "type": "Feature", "properties": { "grid_id": 93095000705, "k-means_cluster": 2, "dtw_k-means_cluster": 1, "k-shape_cluster": 1 }, "geometry": { "type": "Polygon", "coordinates": [ [ [ 106.852869389748761, -6.239139344275254 ], [ 106.852901178800039, -6.248180822392228 ], [ 106.861936488635109, -6.248148910729906 ], [ 106.861904544786157, -6.239107479154647 ], [ 106.852869389748761, -6.239139344275254 ] ] ] } },
{ "type": "Feature", "properties": { "grid_id": 93105000705, "k-means_cluster": 2, "dtw_k-means_cluster": 1, "k-shape_cluster": 1 }, "geometry": { "type": "Polygon", "coordinates": [ [ [ 106.852837647634473, -6.230097862915363 ], [ 106.852869389748761, -6.239139344275254 ], [ 106.861904544786157, -6.239107479154647 ], [ 106.861872648116716, -6.230066044309521 ], [ 106.852837647634473, -6.230097862915363 ] ] ] } },
{ "type": "Feature", "properties": { "grid_id": 93115000705, "k-means_cluster": 2, "dtw_k-means_cluster": 1, "k-shape_cluster": 1 }, "geometry": { "type": "Polygon", "coordinates": [ [ [ 106.852805952466127, -6.221056378294587 ], [ 106.852837647634473, -6.230097862915363 ], [ 106.861872648116716, -6.230066044309521 ], [ 106.861840798599843, -6.221024606221477 ], [ 106.852805952466127, -6.221056378294587 ] ] ] } },
{ "type": "Feature", "properties": { "grid_id": 93125000705, "k-means_cluster": 3, "dtw_k-means_cluster": 1, "k-shape_cluster": 1 }, "geometry": { "type": "Polygon", "coordinates": [ [ [ 106.85277430422579, -6.212014890421909 ], [ 106.852805952466127, -6.221056378294587 ], [ 106.861840798599843, -6.221024606221477 ], [ 106.861808996253501, -6.211983164881532 ], [ 106.85277430422579, -6.212014890421909 ] ] ] } },
{ "type": "Feature", "properties": { "grid_id": 93135000705, "k-means_cluster": 3, "dtw_k-means_cluster": 4, "k-shape_cluster": 2 }, "geometry": { "type": "Polygon", "coordinates": [ [ [ 106.852742702913432, -6.202973399315297 ], [ 106.85277430422579, -6.212014890421909 ], [ 106.861808996253501, -6.211983164881532 ], [ 106.861777241059741, -6.202941720289685 ], [ 106.852742702913432, -6.202973399315297 ] ] ] } },
{ "type": "Feature", "properties": { "grid_id": 93145000705, "k-means_cluster": 3, "dtw_k-means_cluster": 4, "k-shape_cluster": 2 }, "geometry": { "type": "Polygon", "coordinates": [ [ [ 106.852711148520086, -6.193931904965766 ], [ 106.852742702913432, -6.202973399315297 ], [ 106.861777241059741, -6.202941720289685 ], [ 106.861745533018549, -6.193900272463902 ], [ 106.852711148520086, -6.193931904965766 ] ] ] } },
{ "type": "Feature", "properties": { "grid_id": 93155000705, "k-means_cluster": 3, "dtw_k-means_cluster": 4, "k-shape_cluster": 2 }, "geometry": { "type": "Polygon", "coordinates": [ [ [ 106.852679641054721, -6.184890407382301 ], [ 106.852711148520086, -6.193931904965766 ], [ 106.861745533018549, -6.193900272463902 ], [ 106.86171387212093, -6.184858821404186 ], [ 106.852679641054721, -6.184890407382301 ] ] ] } },
{ "type": "Feature", "properties": { "grid_id": 93165000705, "k-means_cluster": 3, "dtw_k-means_cluster": 4, "k-shape_cluster": 2 }, "geometry": { "type": "Polygon", "coordinates": [ [ [ 106.852648180499386, -6.175848906564901 ], [ 106.852679641054721, -6.184890407382301 ], [ 106.86171387212093, -6.184858821404186 ], [ 106.861682258375893, -6.175817367110533 ], [ 106.852648180499386, -6.175848906564901 ] ] ] } },
{ "type": "Feature", "properties": { "grid_id": 93175000705, "k-means_cluster": 3, "dtw_k-means_cluster": 4, "k-shape_cluster": 2 }, "geometry": { "type": "Polygon", "coordinates": [ [ [ 106.852616766863051, -6.166807402531531 ], [ 106.852648180499386, -6.175848906564901 ], [ 106.861682258375893, -6.175817367110533 ], [ 106.861650691765462, -6.16677590959193 ], [ 106.852616766863051, -6.166807402531531 ] ] ] } },
{ "type": "Feature", "properties": { "grid_id": 93185000705, "k-means_cluster": 1, "dtw_k-means_cluster": 4, "k-shape_cluster": 2 }, "geometry": { "type": "Polygon", "coordinates": [ [ [ 106.852585400127765, -6.15776589527321 ], [ 106.852616766863051, -6.166807402531531 ], [ 106.861650691765462, -6.16677590959193 ], [ 106.861619172298603, -6.157734448857357 ], [ 106.852585400127765, -6.15776589527321 ] ] ] } },
{ "type": "Feature", "properties": { "grid_id": 93195000705, "k-means_cluster": 1, "dtw_k-means_cluster": 4, "k-shape_cluster": 2 }, "geometry": { "type": "Polygon", "coordinates": [ [ [ 106.852554080302511, -6.148724384807903 ], [ 106.852585400127765, -6.15776589527321 ], [ 106.861619172298603, -6.157734448857357 ], [ 106.861587699957369, -6.148692984897832 ], [ 106.852554080302511, -6.148724384807903 ] ] ] } },
{ "type": "Feature", "properties": { "grid_id": 93205000705, "k-means_cluster": 1, "dtw_k-means_cluster": 2, "k-shape_cluster": 2 }, "geometry": { "type": "Polygon", "coordinates": [ [ [ 106.852522807378278, -6.139682871126627 ], [ 106.852554080302511, -6.148724384807903 ], [ 106.861587699957369, -6.148692984897832 ], [ 106.86155627475074, -6.139651517731322 ], [ 106.852522807378278, -6.139682871126627 ] ] ] } },
{ "type": "Feature", "properties": { "grid_id": 93215000705, "k-means_cluster": 1, "dtw_k-means_cluster": 2, "k-shape_cluster": 3 }, "geometry": { "type": "Polygon", "coordinates": [ [ [ 106.852491581346115, -6.130641354238366 ], [ 106.852522807378278, -6.139682871126627 ], [ 106.86155627475074, -6.139651517731322 ], [ 106.861524896669735, -6.130610047357827 ], [ 106.852491581346115, -6.130641354238366 ] ] ] } },
{ "type": "Feature", "properties": { "grid_id": 93225000705, "k-means_cluster": 1, "dtw_k-means_cluster": 2, "k-shape_cluster": 3 }, "geometry": { "type": "Polygon", "coordinates": [ [ [ 106.85246040220602, -6.12159983414312 ], [ 106.852491581346115, -6.130641354238366 ], [ 106.861524896669735, -6.130610047357827 ], [ 106.861493565705359, -6.121568573786329 ], [ 106.85246040220602, -6.12159983414312 ] ] ] } },
{ "type": "Feature", "properties": { "grid_id": 93235000705, "k-means_cluster": 3, "dtw_k-means_cluster": 2, "k-shape_cluster": 4 }, "geometry": { "type": "Polygon", "coordinates": [ [ [ 106.852429269957966, -6.112558310858854 ], [ 106.85246040220602, -6.12159983414312 ], [ 106.861493565705359, -6.121568573786329 ], [ 106.861462281857627, -6.112527097007845 ], [ 106.852429269957966, -6.112558310858854 ] ] ] } },
{ "type": "Feature", "properties": { "grid_id": 92975000706, "k-means_cluster": 4, "dtw_k-means_cluster": 4, "k-shape_cluster": 3 }, "geometry": { "type": "Polygon", "coordinates": [ [ [ 106.862290985181218, -6.347604441725463 ], [ 106.862323495364052, -6.356645833837731 ], [ 106.871360633360567, -6.356613205957617 ], [ 106.871327965649158, -6.347571860620625 ], [ 106.862290985181218, -6.347604441725463 ] ] ] } },
{ "type": "Feature", "properties": { "grid_id": 92985000706, "k-means_cluster": 4, "dtw_k-means_cluster": 2, "k-shape_cluster": 3 }, "geometry": { "type": "Polygon", "coordinates": [ [ [ 106.862258522222803, -6.338563046289428 ], [ 106.862290985181218, -6.347604441725463 ], [ 106.871327965649158, -6.347571860620625 ], [ 106.871295345377774, -6.338530511968851 ], [ 106.862258522222803, -6.338563046289428 ] ] ] } },
{ "type": "Feature", "properties": { "grid_id": 92995000706, "k-means_cluster": 4, "dtw_k-means_cluster": 4, "k-shape_cluster": 2 }, "geometry": { "type": "Polygon", "coordinates": [ [ [ 106.862226106470857, -6.329521647556576 ], [ 106.862258522222803, -6.338563046289428 ], [ 106.871295345377774, -6.338530511968851 ], [ 106.871262772546416, -6.329489160002293 ], [ 106.862226106470857, -6.329521647556576 ] ] ] } },
{ "type": "Feature", "properties": { "grid_id": 93005000706, "k-means_cluster": 4, "dtw_k-means_cluster": 2, "k-shape_cluster": 2 }, "geometry": { "type": "Polygon", "coordinates": [ [ [ 106.862193737934362, -6.320480245508941 ], [ 106.862226106470857, -6.329521647556576 ], [ 106.871262772546416, -6.329489160002293 ], [ 106.871230247155097, -6.320447804729934 ], [ 106.862193737934362, -6.320480245508941 ] ] ] } },
{ "type": "Feature", "properties": { "grid_id": 93015000706, "k-means_cluster": 4, "dtw_k-means_cluster": 4, "k-shape_cluster": 2 }, "geometry": { "type": "Polygon", "coordinates": [ [ [ 106.862161416595356, -6.311438840164489 ], [ 106.862193737934362, -6.320480245508941 ], [ 106.871230247155097, -6.320447804729934 ], [ 106.871197769203803, -6.311406446151776 ], [ 106.862161416595356, -6.311438840164489 ] ] ] } },
{ "type": "Feature", "properties": { "grid_id": 93025000706, "k-means_cluster": 4, "dtw_k-means_cluster": 4, "k-shape_cluster": 2 }, "geometry": { "type": "Polygon", "coordinates": [ [ [ 106.86212914246282, -6.30239743152322 ], [ 106.862161416595356, -6.311438840164489 ], [ 106.871197769203803, -6.311406446151776 ], [ 106.871165338674572, -6.3023650842768 ], [ 106.86212914246282, -6.30239743152322 ] ] ] } },
{ "type": "Feature", "properties": { "grid_id": 93035000706, "k-means_cluster": 3, "dtw_k-means_cluster": 4, "k-shape_cluster": 2 }, "geometry": { "type": "Polygon", "coordinates": [ [ [ 106.862096915518777, -6.293356019594117 ], [ 106.86212914246282, -6.30239743152322 ], [ 106.871165338674572, -6.3023650842768 ], [ 106.871132955576385, -6.293323719113991 ], [ 106.862096915518777, -6.293356019594117 ] ] ] } },
{ "type": "Feature", "properties": { "grid_id": 93045000706, "k-means_cluster": 3, "dtw_k-means_cluster": 3, "k-shape_cluster": 4 }, "geometry": { "type": "Polygon", "coordinates": [ [ [ 106.862064735772236, -6.28431460437718 ], [ 106.862096915518777, -6.293356019594117 ], [ 106.871132955576385, -6.293323719113991 ], [ 106.87110061989128, -6.284282350663347 ], [ 106.862064735772236, -6.28431460437718 ] ] ] } },
{ "type": "Feature", "properties": { "grid_id": 93055000706, "k-means_cluster": 2, "dtw_k-means_cluster": 1, "k-shape_cluster": 3 }, "geometry": { "type": "Polygon", "coordinates": [ [ [ 106.862032603214175, -6.275273185872408 ], [ 106.862064735772236, -6.28431460437718 ], [ 106.87110061989128, -6.284282350663347 ], [ 106.871068331628251, -6.27524097892487 ], [ 106.862032603214175, -6.275273185872408 ] ] ] } },
{ "type": "Feature", "properties": { "grid_id": 93065000706, "k-means_cluster": 2, "dtw_k-means_cluster": 1, "k-shape_cluster": 2 }, "geometry": { "type": "Polygon", "coordinates": [ [ [ 106.862000517844635, -6.266231764097769 ], [ 106.862032603214175, -6.275273185872408 ], [ 106.871068331628251, -6.27524097892487 ], [ 106.87103609077829, -6.266199603907541 ], [ 106.862000517844635, -6.266231764097769 ] ] ] } },
{ "type": "Feature", "properties": { "grid_id": 93075000706, "k-means_cluster": 2, "dtw_k-means_cluster": 1, "k-shape_cluster": 1 }, "geometry": { "type": "Polygon", "coordinates": [ [ [ 106.861968479654607, -6.257190339053263 ], [ 106.862000517844635, -6.266231764097769 ], [ 106.87103609077829, -6.266199603907541 ], [ 106.871003897332429, -6.257158225620346 ], [ 106.861968479654607, -6.257190339053263 ] ] ] } },
{ "type": "Feature", "properties": { "grid_id": 93085000706, "k-means_cluster": 2, "dtw_k-means_cluster": 1, "k-shape_cluster": 1 }, "geometry": { "type": "Polygon", "coordinates": [ [ [ 106.861936488635109, -6.248148910729906 ], [ 106.861968479654607, -6.257190339053263 ], [ 106.871003897332429, -6.257158225620346 ], [ 106.870971751299649, -6.248116844063282 ], [ 106.861936488635109, -6.248148910729906 ] ] ] } },
{ "type": "Feature", "properties": { "grid_id": 93095000706, "k-means_cluster": 2, "dtw_k-means_cluster": 1, "k-shape_cluster": 1 }, "geometry": { "type": "Polygon", "coordinates": [ [ [ 106.861904544786157, -6.239107479154647 ], [ 106.861936488635109, -6.248148910729906 ], [ 106.870971751299649, -6.248116844063282 ], [ 106.870939652661988, -6.239075459236351 ], [ 106.861904544786157, -6.239107479154647 ] ] ] } },
{ "type": "Feature", "properties": { "grid_id": 93105000706, "k-means_cluster": 2, "dtw_k-means_cluster": 1, "k-shape_cluster": 1 }, "geometry": { "type": "Polygon", "coordinates": [ [ [ 106.861872648116716, -6.230066044309521 ], [ 106.861904544786157, -6.239107479154647 ], [ 106.870939652661988, -6.239075459236351 ], [ 106.870907601428414, -6.230034071148536 ], [ 106.861872648116716, -6.230066044309521 ] ] ] } },
{ "type": "Feature", "properties": { "grid_id": 93115000706, "k-means_cluster": 3, "dtw_k-means_cluster": 1, "k-shape_cluster": 1 }, "geometry": { "type": "Polygon", "coordinates": [ [ [ 106.861840798599843, -6.221024606221477 ], [ 106.861872648116716, -6.230066044309521 ], [ 106.870907601428414, -6.230034071148536 ], [ 106.870875597580977, -6.220992679817802 ], [ 106.861840798599843, -6.221024606221477 ] ] ] } },
{ "type": "Feature", "properties": { "grid_id": 93125000706, "k-means_cluster": 3, "dtw_k-means_cluster": 3, "k-shape_cluster": 1 }, "geometry": { "type": "Polygon", "coordinates": [ [ [ 106.861808996253501, -6.211983164881532 ], [ 106.861840798599843, -6.221024606221477 ], [ 106.870875597580977, -6.220992679817802 ], [ 106.870843641119677, -6.211951285226184 ], [ 106.861808996253501, -6.211983164881532 ] ] ] } },
{ "type": "Feature", "properties": { "grid_id": 93135000706, "k-means_cluster": 3, "dtw_k-means_cluster": 3, "k-shape_cluster": 2 }, "geometry": { "type": "Polygon", "coordinates": [ [ [ 106.861777241059741, -6.202941720289685 ], [ 106.861808996253501, -6.211983164881532 ], [ 106.870843641119677, -6.211951285226184 ], [ 106.870811732053483, -6.202909887391647 ], [ 106.861777241059741, -6.202941720289685 ] ] ] } },
{ "type": "Feature", "properties": { "grid_id": 93145000706, "k-means_cluster": 3, "dtw_k-means_cluster": 3, "k-shape_cluster": 2 }, "geometry": { "type": "Polygon", "coordinates": [ [ [ 106.861745533018549, -6.193900272463902 ], [ 106.861777241059741, -6.202941720289685 ], [ 106.870811732053483, -6.202909887391647 ], [ 106.870779870364444, -6.193868486314193 ], [ 106.861745533018549, -6.193900272463902 ] ] ] } },
{ "type": "Feature", "properties": { "grid_id": 93155000706, "k-means_cluster": 3, "dtw_k-means_cluster": 4, "k-shape_cluster": 2 }, "geometry": { "type": "Polygon", "coordinates": [ [ [ 106.86171387212093, -6.184858821404186 ], [ 106.861745533018549, -6.193900272463902 ], [ 106.870779870364444, -6.193868486314193 ], [ 106.870748056052548, -6.18482708199382 ], [ 106.86171387212093, -6.184858821404186 ] ] ] } },
{ "type": "Feature", "properties": { "grid_id": 93165000706, "k-means_cluster": 3, "dtw_k-means_cluster": 4, "k-shape_cluster": 2 }, "geometry": { "type": "Polygon", "coordinates": [ [ [ 106.861682258375893, -6.175817367110533 ], [ 106.86171387212093, -6.184858821404186 ], [ 106.870748056052548, -6.18482708199382 ], [ 106.870716289108827, -6.175785674448496 ], [ 106.861682258375893, -6.175817367110533 ] ] ] } },
{ "type": "Feature", "properties": { "grid_id": 93175000706, "k-means_cluster": 3, "dtw_k-means_cluster": 4, "k-shape_cluster": 2 }, "geometry": { "type": "Polygon", "coordinates": [ [ [ 106.861650691765462, -6.16677590959193 ], [ 106.861682258375893, -6.175817367110533 ], [ 106.870716289108827, -6.175785674448496 ], [ 106.870684569542234, -6.166744263678218 ], [ 106.861650691765462, -6.16677590959193 ] ] ] } },
{ "type": "Feature", "properties": { "grid_id": 93185000706, "k-means_cluster": 1, "dtw_k-means_cluster": 3, "k-shape_cluster": 2 }, "geometry": { "type": "Polygon", "coordinates": [ [ [ 106.861619172298603, -6.157734448857357 ], [ 106.861650691765462, -6.16677590959193 ], [ 106.870684569542234, -6.166744263678218 ], [ 106.870652897334836, -6.15770284968299 ], [ 106.861619172298603, -6.157734448857357 ] ] ] } },
{ "type": "Feature", "properties": { "grid_id": 93195000706, "k-means_cluster": 1, "dtw_k-means_cluster": 2, "k-shape_cluster": 2 }, "geometry": { "type": "Polygon", "coordinates": [ [ [ 106.861587699957369, -6.148692984897832 ], [ 106.861619172298603, -6.157734448857357 ], [ 106.870652897334836, -6.15770284968299 ], [ 106.870621272486616, -6.148661432471793 ], [ 106.861587699957369, -6.148692984897832 ] ] ] } },
{ "type": "Feature", "properties": { "grid_id": 93205000706, "k-means_cluster": 1, "dtw_k-means_cluster": 2, "k-shape_cluster": 3 }, "geometry": { "type": "Polygon", "coordinates": [ [ [ 106.86155627475074, -6.139651517731322 ], [ 106.861587699957369, -6.148692984897832 ], [ 106.870621272486616, -6.148661432471793 ], [ 106.870589695006572, -6.139620012044627 ], [ 106.86155627475074, -6.139651517731322 ] ] ] } },
{ "type": "Feature", "properties": { "grid_id": 93215000706, "k-means_cluster": 1, "dtw_k-means_cluster": 2, "k-shape_cluster": 3 }, "geometry": { "type": "Polygon", "coordinates": [ [ [ 106.861524896669735, -6.130610047357827 ], [ 106.86155627475074, -6.139651517731322 ], [ 106.870589695006572, -6.139620012044627 ], [ 106.870558164867731, -6.130578588401493 ], [ 106.861524896669735, -6.130610047357827 ] ] ] } },
{ "type": "Feature", "properties": { "grid_id": 93225000706, "k-means_cluster": 1, "dtw_k-means_cluster": 2, "k-shape_cluster": 3 }, "geometry": { "type": "Polygon", "coordinates": [ [ [ 106.861493565705359, -6.121568573786329 ], [ 106.861524896669735, -6.130610047357827 ], [ 106.870558164867731, -6.130578588401493 ], [ 106.870526682088084, -6.121537161569339 ], [ 106.861493565705359, -6.121568573786329 ] ] ] } },
{ "type": "Feature", "properties": { "grid_id": 93235000706, "k-means_cluster": 1, "dtw_k-means_cluster": 2, "k-shape_cluster": 3 }, "geometry": { "type": "Polygon", "coordinates": [ [ [ 106.861462281857627, -6.112527097007845 ], [ 106.861493565705359, -6.121568573786329 ], [ 106.870526682088084, -6.121537161569339 ], [ 106.870495246649639, -6.1124957315302 ], [ 106.861462281857627, -6.112527097007845 ] ] ] } },
{ "type": "Feature", "properties": { "grid_id": 92965000707, "k-means_cluster": 4, "dtw_k-means_cluster": 4, "k-shape_cluster": 2 }, "geometry": { "type": "Polygon", "coordinates": [ [ [ 106.871360633360567, -6.356613205957617 ], [ 106.871393348520996, -6.365654547979824 ], [ 106.880430596830621, -6.365621715373656 ], [ 106.880397723908061, -6.356580420360287 ], [ 106.871360633360567, -6.356613205957617 ] ] ] } },
{ "type": "Feature", "properties": { "grid_id": 92975000707, "k-means_cluster": 4, "dtw_k-means_cluster": 4, "k-shape_cluster": 3 }, "geometry": { "type": "Polygon", "coordinates": [ [ [ 106.871327965649158, -6.347571860620625 ], [ 106.871360633360567, -6.356613205957617 ], [ 106.880397723908061, -6.356580420360287 ], [ 106.880364898659096, -6.347539122023152 ], [ 106.871327965649158, -6.347571860620625 ] ] ] } },
{ "type": "Feature", "properties": { "grid_id": 92985000707, "k-means_cluster": 4, "dtw_k-means_cluster": 4, "k-shape_cluster": 2 }, "geometry": { "type": "Polygon", "coordinates": [ [ [ 106.871295345377774, -6.338530511968851 ], [ 106.871327965649158, -6.347571860620625 ], [ 106.880364898659096, -6.347539122023152 ], [ 106.880332121083725, -6.338497820371233 ], [ 106.871295345377774, -6.338530511968851 ] ] ] } },
{ "type": "Feature", "properties": { "grid_id": 92995000707, "k-means_cluster": 4, "dtw_k-means_cluster": 4, "k-shape_cluster": 2 }, "geometry": { "type": "Polygon", "coordinates": [ [ [ 106.871262772546416, -6.329489160002293 ], [ 106.871295345377774, -6.338530511968851 ], [ 106.880332121083725, -6.338497820371233 ], [ 106.880299391190931, -6.329456515395547 ], [ 106.871262772546416, -6.329489160002293 ] ] ] } },
{ "type": "Feature", "properties": { "grid_id": 93005000707, "k-means_cluster": 4, "dtw_k-means_cluster": 4, "k-shape_cluster": 2 }, "geometry": { "type": "Polygon", "coordinates": [ [ [ 106.871230247155097, -6.320447804729934 ], [ 106.871262772546416, -6.329489160002293 ], [ 106.880299391190931, -6.329456515395547 ], [ 106.880266708953755, -6.320415207123045 ], [ 106.871230247155097, -6.320447804729934 ] ] ] } },
{ "type": "Feature", "properties": { "grid_id": 93015000707, "k-means_cluster": 4, "dtw_k-means_cluster": 4, "k-shape_cluster": 2 }, "geometry": { "type": "Polygon", "coordinates": [ [ [ 106.871197769203803, -6.311406446151776 ], [ 106.871230247155097, -6.320447804729934 ], [ 106.880266708953755, -6.320415207123045 ], [ 106.880234074381192, -6.311373895544742 ], [ 106.871197769203803, -6.311406446151776 ] ] ] } },
{ "type": "Feature", "properties": { "grid_id": 93025000707, "k-means_cluster": 4, "dtw_k-means_cluster": 4, "k-shape_cluster": 2 }, "geometry": { "type": "Polygon", "coordinates": [ [ [ 106.871165338674572, -6.3023650842768 ], [ 106.871197769203803, -6.311406446151776 ], [ 106.880234074381192, -6.311373895544742 ], [ 106.880201487464248, -6.302332580660639 ], [ 106.871165338674572, -6.3023650842768 ] ] ] } },
{ "type": "Feature", "properties": { "grid_id": 93035000707, "k-means_cluster": 4, "dtw_k-means_cluster": 4, "k-shape_cluster": 2 }, "geometry": { "type": "Polygon", "coordinates": [ [ [ 106.871132955576385, -6.293323719113991 ], [ 106.871165338674572, -6.3023650842768 ], [ 106.880201487464248, -6.302332580660639 ], [ 106.880168948202936, -6.293291262488702 ], [ 106.871132955576385, -6.293323719113991 ] ] ] } },
{ "type": "Feature", "properties": { "grid_id": 93045000707, "k-means_cluster": 2, "dtw_k-means_cluster": 1, "k-shape_cluster": 2 }, "geometry": { "type": "Polygon", "coordinates": [ [ [ 106.87110061989128, -6.284282350663347 ], [ 106.871132955576385, -6.293323719113991 ], [ 106.880168948202936, -6.293291262488702 ], [ 106.880136456588275, -6.284249941028931 ], [ 106.87110061989128, -6.284282350663347 ] ] ] } },
{ "type": "Feature", "properties": { "grid_id": 93055000707, "k-means_cluster": 2, "dtw_k-means_cluster": 1, "k-shape_cluster": 3 }, "geometry": { "type": "Polygon", "coordinates": [ [ [ 106.871068331628251, -6.27524097892487 ], [ 106.87110061989128, -6.284282350663347 ], [ 106.880136456588275, -6.284249941028931 ], [ 106.880104012629232, -6.275208616281327 ], [ 106.871068331628251, -6.27524097892487 ] ] ] } },
{ "type": "Feature", "properties": { "grid_id": 93065000707, "k-means_cluster": 2, "dtw_k-means_cluster": 1, "k-shape_cluster": 2 }, "geometry": { "type": "Polygon", "coordinates": [ [ [ 106.87103609077829, -6.266199603907541 ], [ 106.871068331628251, -6.27524097892487 ], [ 106.880104012629232, -6.275208616281327 ], [ 106.880071616298864, -6.266167288254871 ], [ 106.87103609077829, -6.266199603907541 ] ] ] } },
{ "type": "Feature", "properties": { "grid_id": 93075000707, "k-means_cluster": 2, "dtw_k-means_cluster": 1, "k-shape_cluster": 2 }, "geometry": { "type": "Polygon", "coordinates": [ [ [ 106.871003897332429, -6.257158225620346 ], [ 106.87103609077829, -6.266199603907541 ], [ 106.880071616298864, -6.266167288254871 ], [ 106.880039267615146, -6.257125956949564 ], [ 106.871003897332429, -6.257158225620346 ] ] ] } },
{ "type": "Feature", "properties": { "grid_id": 93085000707, "k-means_cluster": 2, "dtw_k-means_cluster": 1, "k-shape_cluster": 4 }, "geometry": { "type": "Polygon", "coordinates": [ [ [ 106.870971751299649, -6.248116844063282 ], [ 106.871003897332429, -6.257158225620346 ], [ 106.880039267615146, -6.257125956949564 ], [ 106.880006966560089, -6.24808462237439 ], [ 106.870971751299649, -6.248116844063282 ] ] ] } },
{ "type": "Feature", "properties": { "grid_id": 93095000707, "k-means_cluster": 2, "dtw_k-means_cluster": 1, "k-shape_cluster": 1 }, "geometry": { "type": "Polygon", "coordinates": [ [ [ 106.870939652661988, -6.239075459236351 ], [ 106.870971751299649, -6.248116844063282 ], [ 106.880006966560089, -6.24808462237439 ], [ 106.879974713142701, -6.239043284538331 ], [ 106.870939652661988, -6.239075459236351 ] ] ] } },
{ "type": "Feature", "properties": { "grid_id": 93105000707, "k-means_cluster": 3, "dtw_k-means_cluster": 1, "k-shape_cluster": 1 }, "geometry": { "type": "Polygon", "coordinates": [ [ [ 106.870907601428414, -6.230034071148536 ], [ 106.870939652661988, -6.239075459236351 ], [ 106.879974713142701, -6.239043284538331 ], [ 106.879942507345007, -6.230001943432405 ], [ 106.870907601428414, -6.230034071148536 ] ] ] } },
{ "type": "Feature", "properties": { "grid_id": 93115000707, "k-means_cluster": 3, "dtw_k-means_cluster": 1, "k-shape_cluster": 1 }, "geometry": { "type": "Polygon", "coordinates": [ [ [ 106.870875597580977, -6.220992679817802 ], [ 106.870907601428414, -6.230034071148536 ], [ 106.879942507345007, -6.230001943432405 ], [ 106.879910349167005, -6.220960599074577 ], [ 106.870875597580977, -6.220992679817802 ] ] ] } },
{ "type": "Feature", "properties": { "grid_id": 93125000707, "k-means_cluster": 3, "dtw_k-means_cluster": 3, "k-shape_cluster": 1 }, "geometry": { "type": "Polygon", "coordinates": [ [ [ 106.870843641119677, -6.211951285226184 ], [ 106.870875597580977, -6.220992679817802 ], [ 106.879910349167005, -6.220960599074577 ], [ 106.879878238608697, -6.211919251464849 ], [ 106.870843641119677, -6.211951285226184 ] ] ] } },
{ "type": "Feature", "properties": { "grid_id": 93135000707, "k-means_cluster": 3, "dtw_k-means_cluster": 3, "k-shape_cluster": 4 }, "geometry": { "type": "Polygon", "coordinates": [ [ [ 106.870811732053483, -6.202909887391647 ], [ 106.870843641119677, -6.211951285226184 ], [ 106.879878238608697, -6.211919251464849 ], [ 106.8798461756611, -6.202877900603219 ], [ 106.870811732053483, -6.202909887391647 ] ] ] } },
{ "type": "Feature", "properties": { "grid_id": 93145000707, "k-means_cluster": 3, "dtw_k-means_cluster": 4, "k-shape_cluster": 2 }, "geometry": { "type": "Polygon", "coordinates": [ [ [ 106.870779870364444, -6.193868486314193 ], [ 106.870811732053483, -6.202909887391647 ], [ 106.8798461756611, -6.202877900603219 ], [ 106.879814160333197, -6.19383654649867 ], [ 106.870779870364444, -6.193868486314193 ] ] ] } },
{ "type": "Feature", "properties": { "grid_id": 93155000707, "k-means_cluster": 3, "dtw_k-means_cluster": 4, "k-shape_cluster": 2 }, "geometry": { "type": "Polygon", "coordinates": [ [ [ 106.870748056052548, -6.18482708199382 ], [ 106.870779870364444, -6.193868486314193 ], [ 106.879814160333197, -6.19383654649867 ], [ 106.879782192598029, -6.184795189160186 ], [ 106.870748056052548, -6.18482708199382 ] ] ] } },
{ "type": "Feature", "properties": { "grid_id": 93165000707, "k-means_cluster": 3, "dtw_k-means_cluster": 4, "k-shape_cluster": 2 }, "geometry": { "type": "Polygon", "coordinates": [ [ [ 106.870716289108827, -6.175785674448496 ], [ 106.870748056052548, -6.18482708199382 ], [ 106.879782192598029, -6.184795189160186 ], [ 106.879750272473586, -6.175753828587768 ], [ 106.870716289108827, -6.175785674448496 ] ] ] } },
{ "type": "Feature", "properties": { "grid_id": 93175000707, "k-means_cluster": 3, "dtw_k-means_cluster": 4, "k-shape_cluster": 2 }, "geometry": { "type": "Polygon", "coordinates": [ [ [ 106.870684569542234, -6.166744263678218 ], [ 106.870716289108827, -6.175785674448496 ], [ 106.879750272473586, -6.175753828587768 ], [ 106.879718399941879, -6.166712464781415 ], [ 106.870684569542234, -6.166744263678218 ] ] ] } },
{ "type": "Feature", "properties": { "grid_id": 93185000707, "k-means_cluster": 1, "dtw_k-means_cluster": 2, "k-shape_cluster": 3 }, "geometry": { "type": "Polygon", "coordinates": [ [ [ 106.870652897334836, -6.15770284968299 ], [ 106.870684569542234, -6.166744263678218 ], [ 106.879718399941879, -6.166712464781415 ], [ 106.879686575002907, -6.157671097759093 ], [ 106.870652897334836, -6.15770284968299 ] ] ] } },
{ "type": "Feature", "properties": { "grid_id": 93195000707, "k-means_cluster": 1, "dtw_k-means_cluster": 2, "k-shape_cluster": 3 }, "geometry": { "type": "Polygon", "coordinates": [ [ [ 106.870621272486616, -6.148661432471793 ], [ 106.870652897334836, -6.15770284968299 ], [ 106.879686575002907, -6.157671097759093 ], [ 106.879654797656684, -6.148629727511818 ], [ 106.870621272486616, -6.148661432471793 ] ] ] } },
{ "type": "Feature", "properties": { "grid_id": 93205000707, "k-means_cluster": 1, "dtw_k-means_cluster": 2, "k-shape_cluster": 3 }, "geometry": { "type": "Polygon", "coordinates": [ [ [ 106.870589695006572, -6.139620012044627 ], [ 106.870621272486616, -6.148661432471793 ], [ 106.879654797656684, -6.148629727511818 ], [ 106.879623067903211, -6.139588354048576 ], [ 106.870589695006572, -6.139620012044627 ] ] ] } },
{ "type": "Feature", "properties": { "grid_id": 93215000707, "k-means_cluster": 1, "dtw_k-means_cluster": 2, "k-shape_cluster": 3 }, "geometry": { "type": "Polygon", "coordinates": [ [ [ 106.870558164867731, -6.130578588401493 ], [ 106.870589695006572, -6.139620012044627 ], [ 106.879623067903211, -6.139588354048576 ], [ 106.879591385715528, -6.130546977378348 ], [ 106.870558164867731, -6.130578588401493 ] ] ] } },
{ "type": "Feature", "properties": { "grid_id": 93225000707, "k-means_cluster": 1, "dtw_k-means_cluster": 2, "k-shape_cluster": 3 }, "geometry": { "type": "Polygon", "coordinates": [ [ [ 106.870526682088084, -6.121537161569339 ], [ 106.870558164867731, -6.130578588401493 ], [ 106.879591385715528, -6.130546977378348 ], [ 106.879559751120595, -6.121505597501134 ], [ 106.870526682088084, -6.121537161569339 ] ] ] } },
{ "type": "Feature", "properties": { "grid_id": 93235000707, "k-means_cluster": 1, "dtw_k-means_cluster": 2, "k-shape_cluster": 3 }, "geometry": { "type": "Polygon", "coordinates": [ [ [ 106.870495246649639, -6.1124957315302 ], [ 106.870526682088084, -6.121537161569339 ], [ 106.879559751120595, -6.121505597501134 ], [ 106.879528164091454, -6.112464214425917 ], [ 106.870495246649639, -6.1124957315302 ] ] ] } },
{ "type": "Feature", "properties": { "grid_id": 93245000707, "k-means_cluster": 1, "dtw_k-means_cluster": 2, "k-shape_cluster": 1 }, "geometry": { "type": "Polygon", "coordinates": [ [ [ 106.870463858552412, -6.103454298293058 ], [ 106.870495246649639, -6.1124957315302 ], [ 106.879528164091454, -6.112464214425917 ], [ 106.879496624637085, -6.103422828152699 ], [ 106.870463858552412, -6.103454298293058 ] ] ] } },
{ "type": "Feature", "properties": { "grid_id": 92955000708, "k-means_cluster": 4, "dtw_k-means_cluster": 4, "k-shape_cluster": 3 }, "geometry": { "type": "Polygon", "coordinates": [ [ [ 106.880430596830621, -6.365621715373656 ], [ 106.880463517435757, -6.374663007063259 ], [ 106.889500876040529, -6.374629969290863 ], [ 106.889467797448688, -6.365588724825695 ], [ 106.880430596830621, -6.365621715373656 ] ] ] } },
{ "type": "Feature", "properties": { "grid_id": 92965000708, "k-means_cluster": 4, "dtw_k-means_cluster": 4, "k-shape_cluster": 3 }, "geometry": { "type": "Polygon", "coordinates": [ [ [ 106.880397723908061, -6.356580420360287 ], [ 106.880430596830621, -6.365621715373656 ], [ 106.889467797448688, -6.365588724825695 ], [ 106.889434766772979, -6.356547477045744 ], [ 106.880397723908061, -6.356580420360287 ] ] ] } },
{ "type": "Feature", "properties": { "grid_id": 92975000708, "k-means_cluster": 4, "dtw_k-means_cluster": 4, "k-shape_cluster": 3 }, "geometry": { "type": "Polygon", "coordinates": [ [ [ 106.880364898659096, -6.347539122023152 ], [ 106.880397723908061, -6.356580420360287 ], [ 106.889434766772979, -6.356547477045744 ], [ 106.889401783995453, -6.347506225933043 ], [ 106.880364898659096, -6.347539122023152 ] ] ] } },
{ "type": "Feature", "properties": { "grid_id": 92985000708, "k-means_cluster": 4, "dtw_k-means_cluster": 2, "k-shape_cluster": 2 }, "geometry": { "type": "Polygon", "coordinates": [ [ [ 106.880332121083725, -6.338497820371233 ], [ 106.880364898659096, -6.347539122023152 ], [ 106.889401783995453, -6.347506225933043 ], [ 106.889368849134058, -6.338464971505559 ], [ 106.880332121083725, -6.338497820371233 ] ] ] } },
{ "type": "Feature", "properties": { "grid_id": 92995000708, "k-means_cluster": 4, "dtw_k-means_cluster": 2, "k-shape_cluster": 2 }, "geometry": { "type": "Polygon", "coordinates": [ [ [ 106.880299391190931, -6.329456515395547 ], [ 106.880332121083725, -6.338497820371233 ], [ 106.889368849134058, -6.338464971505559 ], [ 106.889335962161852, -6.32942371376329 ], [ 106.880299391190931, -6.329456515395547 ] ] ] } },
{ "type": "Feature", "properties": { "grid_id": 93005000708, "k-means_cluster": 4, "dtw_k-means_cluster": 4, "k-shape_cluster": 3 }, "geometry": { "type": "Polygon", "coordinates": [ [ [ 106.880266708953755, -6.320415207123045 ], [ 106.880299391190931, -6.329456515395547 ], [ 106.889335962161852, -6.32942371376329 ], [ 106.889303123078818, -6.32038245270624 ], [ 106.880266708953755, -6.320415207123045 ] ] ] } },
{ "type": "Feature", "properties": { "grid_id": 93015000708, "k-means_cluster": 4, "dtw_k-means_cluster": 3, "k-shape_cluster": 3 }, "geometry": { "type": "Polygon", "coordinates": [ [ [ 106.880234074381192, -6.311373895544742 ], [ 106.880266708953755, -6.320415207123045 ], [ 106.889303123078818, -6.32038245270624 ], [ 106.889270331893968, -6.311341188343389 ], [ 106.880234074381192, -6.311373895544742 ] ] ] } },
{ "type": "Feature", "properties": { "grid_id": 93025000708, "k-means_cluster": 4, "dtw_k-means_cluster": 4, "k-shape_cluster": 2 }, "geometry": { "type": "Polygon", "coordinates": [ [ [ 106.880201487464248, -6.302332580660639 ], [ 106.880234074381192, -6.311373895544742 ], [ 106.889270331893968, -6.311341188343389 ], [ 106.88923758859832, -6.302299920683719 ], [ 106.880201487464248, -6.302332580660639 ] ] ] } },
{ "type": "Feature", "properties": { "grid_id": 93035000708, "k-means_cluster": 2, "dtw_k-means_cluster": 4, "k-shape_cluster": 2 }, "geometry": { "type": "Polygon", "coordinates": [ [ [ 106.880168948202936, -6.293291262488702 ], [ 106.880201487464248, -6.302332580660639 ], [ 106.88923758859832, -6.302299920683719 ], [ 106.88920489318285, -6.293258649736217 ], [ 106.880168948202936, -6.293291262488702 ] ] ] } },
{ "type": "Feature", "properties": { "grid_id": 93045000708, "k-means_cluster": 2, "dtw_k-means_cluster": 1, "k-shape_cluster": 1 }, "geometry": { "type": "Polygon", "coordinates": [ [ [ 106.880136456588275, -6.284249941028931 ], [ 106.880168948202936, -6.293291262488702 ], [ 106.88920489318285, -6.293258649736217 ], [ 106.8891722456476, -6.284217375482914 ], [ 106.880136456588275, -6.284249941028931 ] ] ] } },
{ "type": "Feature", "properties": { "grid_id": 93055000708, "k-means_cluster": 2, "dtw_k-means_cluster": 1, "k-shape_cluster": 1 }, "geometry": { "type": "Polygon", "coordinates": [ [ [ 106.880104012629232, -6.275208616281327 ], [ 106.880136456588275, -6.284249941028931 ], [ 106.8891722456476, -6.284217375482914 ], [ 106.889139645983576, -6.27517609795076 ], [ 106.880104012629232, -6.275208616281327 ] ] ] } },
{ "type": "Feature", "properties": { "grid_id": 93065000708, "k-means_cluster": 2, "dtw_k-means_cluster": 1, "k-shape_cluster": 1 }, "geometry": { "type": "Polygon", "coordinates": [ [ [ 106.880071616298864, -6.266167288254871 ], [ 106.880104012629232, -6.275208616281327 ], [ 106.889139645983576, -6.27517609795076 ], [ 106.889107094190763, -6.266134817139756 ], [ 106.880071616298864, -6.266167288254871 ] ] ] } },
{ "type": "Feature", "properties": { "grid_id": 93075000708, "k-means_cluster": 2, "dtw_k-means_cluster": 1, "k-shape_cluster": 4 }, "geometry": { "type": "Polygon", "coordinates": [ [ [ 106.880039267615146, -6.257125956949564 ], [ 106.880071616298864, -6.266167288254871 ], [ 106.889107094190763, -6.266134817139756 ], [ 106.889074590260194, -6.257093533049901 ], [ 106.880039267615146, -6.257125956949564 ] ] ] } },
{ "type": "Feature", "properties": { "grid_id": 93085000708, "k-means_cluster": 2, "dtw_k-means_cluster": 4, "k-shape_cluster": 4 }, "geometry": { "type": "Polygon", "coordinates": [ [ [ 106.880006966560089, -6.24808462237439 ], [ 106.880039267615146, -6.257125956949564 ], [ 106.889074590260194, -6.257093533049901 ], [ 106.889042134200835, -6.248052245681195 ], [ 106.880006966560089, -6.24808462237439 ] ] ] } },
{ "type": "Feature", "properties": { "grid_id": 93095000708, "k-means_cluster": 2, "dtw_k-means_cluster": 4, "k-shape_cluster": 2 }, "geometry": { "type": "Polygon", "coordinates": [ [ [ 106.879974713142701, -6.239043284538331 ], [ 106.880006966560089, -6.24808462237439 ], [ 106.889042134200835, -6.248052245681195 ], [ 106.88900972599474, -6.239010955051604 ], [ 106.879974713142701, -6.239043284538331 ] ] ] } },
{ "type": "Feature", "properties": { "grid_id": 93105000708, "k-means_cluster": 3, "dtw_k-means_cluster": 3, "k-shape_cluster": 1 }, "geometry": { "type": "Polygon", "coordinates": [ [ [ 106.879942507345007, -6.230001943432405 ], [ 106.879974713142701, -6.239043284538331 ], [ 106.88900972599474, -6.239010955051604 ], [ 106.888977365641907, -6.22996966116113 ], [ 106.879942507345007, -6.230001943432405 ] ] ] } },
{ "type": "Feature", "properties": { "grid_id": 93115000708, "k-means_cluster": 3, "dtw_k-means_cluster": 3, "k-shape_cluster": 1 }, "geometry": { "type": "Polygon", "coordinates": [ [ [ 106.879910349167005, -6.220960599074577 ], [ 106.879942507345007, -6.230001943432405 ], [ 106.888977365641907, -6.22996966116113 ], [ 106.888945053142322, -6.220928364000788 ], [ 106.879910349167005, -6.220960599074577 ] ] ] } },
{ "type": "Feature", "properties": { "grid_id": 93125000708, "k-means_cluster": 3, "dtw_k-means_cluster": 3, "k-shape_cluster": 3 }, "geometry": { "type": "Polygon", "coordinates": [ [ [ 106.879878238608697, -6.211919251464849 ], [ 106.879910349167005, -6.220960599074577 ], [ 106.888945053142322, -6.220928364000788 ], [ 106.888912788487005, -6.211887063597526 ], [ 106.879878238608697, -6.211919251464849 ] ] ] } },
{ "type": "Feature", "properties": { "grid_id": 93135000708, "k-means_cluster": 3, "dtw_k-means_cluster": 3, "k-shape_cluster": 2 }, "geometry": { "type": "Polygon", "coordinates": [ [ [ 106.8798461756611, -6.202877900603219 ], [ 106.879878238608697, -6.211919251464849 ], [ 106.888912788487005, -6.211887063597526 ], [ 106.888880571666988, -6.202845759942365 ], [ 106.8798461756611, -6.202877900603219 ] ] ] } },
{ "type": "Feature", "properties": { "grid_id": 93145000708, "k-means_cluster": 3, "dtw_k-means_cluster": 4, "k-shape_cluster": 2 }, "geometry": { "type": "Polygon", "coordinates": [ [ [ 106.879814160333197, -6.19383654649867 ], [ 106.8798461756611, -6.202877900603219 ], [ 106.888880571666988, -6.202845759942365 ], [ 106.888848402691238, -6.193804453044285 ], [ 106.879814160333197, -6.19383654649867 ] ] ] } },
{ "type": "Feature", "properties": { "grid_id": 93155000708, "k-means_cluster": 3, "dtw_k-means_cluster": 4, "k-shape_cluster": 4 }, "geometry": { "type": "Polygon", "coordinates": [ [ [ 106.879782192598029, -6.184795189160186 ], [ 106.879814160333197, -6.19383654649867 ], [ 106.888848402691238, -6.193804453044285 ], [ 106.888816281550774, -6.184763142903286 ], [ 106.879782192598029, -6.184795189160186 ] ] ] } },
{ "type": "Feature", "properties": { "grid_id": 93165000708, "k-means_cluster": 3, "dtw_k-means_cluster": 4, "k-shape_cluster": 2 }, "geometry": { "type": "Polygon", "coordinates": [ [ [ 106.879750272473586, -6.175753828587768 ], [ 106.879782192598029, -6.184795189160186 ], [ 106.888816281550774, -6.184763142903286 ], [ 106.888784208236615, -6.175721829528353 ], [ 106.879750272473586, -6.175753828587768 ] ] ] } },
{ "type": "Feature", "properties": { "grid_id": 93175000708, "k-means_cluster": 3, "dtw_k-means_cluster": 3, "k-shape_cluster": 4 }, "geometry": { "type": "Polygon", "coordinates": [ [ [ 106.879718399941879, -6.166712464781415 ], [ 106.879750272473586, -6.175753828587768 ], [ 106.888784208236615, -6.175721829528353 ], [ 106.888752182757742, -6.166680512919484 ], [ 106.879718399941879, -6.166712464781415 ] ] ] } },
{ "type": "Feature", "properties": { "grid_id": 93185000708, "k-means_cluster": 4, "dtw_k-means_cluster": 2, "k-shape_cluster": 2 }, "geometry": { "type": "Polygon", "coordinates": [ [ [ 106.879686575002907, -6.157671097759093 ], [ 106.879718399941879, -6.166712464781415 ], [ 106.888752182757742, -6.166680512919484 ], [ 106.888720205087211, -6.157639193085664 ], [ 106.879686575002907, -6.157671097759093 ] ] ] } },
{ "type": "Feature", "properties": { "grid_id": 93195000708, "k-means_cluster": 1, "dtw_k-means_cluster": 2, "k-shape_cluster": 3 }, "geometry": { "type": "Polygon", "coordinates": [ [ [ 106.879654797656684, -6.148629727511818 ], [ 106.879686575002907, -6.157671097759093 ], [ 106.888720205087211, -6.157639193085664 ], [ 106.888688275242998, -6.148597870035875 ], [ 106.879654797656684, -6.148629727511818 ] ] ] } },
{ "type": "Feature", "properties": { "grid_id": 93205000708, "k-means_cluster": 1, "dtw_k-means_cluster": 2, "k-shape_cluster": 3 }, "geometry": { "type": "Polygon", "coordinates": [ [ [ 106.879623067903211, -6.139588354048576 ], [ 106.879654797656684, -6.148629727511818 ], [ 106.888688275242998, -6.148597870035875 ], [ 106.888656393216095, -6.139556543761134 ], [ 106.879623067903211, -6.139588354048576 ] ] ] } },
{ "type": "Feature", "properties": { "grid_id": 93215000708, "k-means_cluster": 1, "dtw_k-means_cluster": 2, "k-shape_cluster": 3 }, "geometry": { "type": "Polygon", "coordinates": [ [ [ 106.879591385715528, -6.130546977378348 ], [ 106.879623067903211, -6.139588354048576 ], [ 106.888656393216095, -6.139556543761134 ], [ 106.888624558988553, -6.130515214279407 ], [ 106.879591385715528, -6.130546977378348 ] ] ] } },
{ "type": "Feature", "properties": { "grid_id": 93225000708, "k-means_cluster": 1, "dtw_k-means_cluster": 2, "k-shape_cluster": 3 }, "geometry": { "type": "Polygon", "coordinates": [ [ [ 106.879559751120595, -6.121505597501134 ], [ 106.879591385715528, -6.130546977378348 ], [ 106.888624558988553, -6.130515214279407 ], [ 106.888592772578335, -6.121473881590695 ], [ 106.879559751120595, -6.121505597501134 ] ] ] } },
{ "type": "Feature", "properties": { "grid_id": 93235000708, "k-means_cluster": 1, "dtw_k-means_cluster": 2, "k-shape_cluster": 3 }, "geometry": { "type": "Polygon", "coordinates": [ [ [ 106.879528164091454, -6.112464214425917 ], [ 106.879559751120595, -6.121505597501134 ], [ 106.888592772578335, -6.121473881590695 ], [ 106.888561033967463, -6.112432545703981 ], [ 106.879528164091454, -6.112464214425917 ] ] ] } },
{ "type": "Feature", "properties": { "grid_id": 93245000708, "k-means_cluster": 4, "dtw_k-means_cluster": 2, "k-shape_cluster": 2 }, "geometry": { "type": "Polygon", "coordinates": [ [ [ 106.879496624637085, -6.103422828152699 ], [ 106.879528164091454, -6.112464214425917 ], [ 106.888561033967463, -6.112432545703981 ], [ 106.888529343146971, -6.103391206619264 ], [ 106.879496624637085, -6.103422828152699 ] ] ] } },
{ "type": "Feature", "properties": { "grid_id": 92955000709, "k-means_cluster": 3, "dtw_k-means_cluster": 3, "k-shape_cluster": 3 }, "geometry": { "type": "Polygon", "coordinates": [ [ [ 106.889467797448688, -6.365588724825695 ], [ 106.889500876040529, -6.374629969290863 ], [ 106.898538186738151, -6.374596773343113 ], [ 106.898504950168586, -6.365555576335941 ], [ 106.889467797448688, -6.365588724825695 ] ] ] } },
{ "type": "Feature", "properties": { "grid_id": 92965000709, "k-means_cluster": 4, "dtw_k-means_cluster": 4, "k-shape_cluster": 3 }, "geometry": { "type": "Polygon", "coordinates": [ [ [ 106.889434766772979, -6.356547477045744 ], [ 106.889467797448688, -6.365588724825695 ], [ 106.898504950168586, -6.365555576335941 ], [ 106.898471761730747, -6.356514376005004 ], [ 106.889434766772979, -6.356547477045744 ] ] ] } },
{ "type": "Feature", "properties": { "grid_id": 92975000709, "k-means_cluster": 4, "dtw_k-means_cluster": 4, "k-shape_cluster": 2 }, "geometry": { "type": "Polygon", "coordinates": [ [ [ 106.889401783995453, -6.347506225933043 ], [ 106.889434766772979, -6.356547477045744 ], [ 106.898471761730747, -6.356514376005004 ], [ 106.898438621433627, -6.347473172350298 ], [ 106.889401783995453, -6.347506225933043 ] ] ] } },
{ "type": "Feature", "properties": { "grid_id": 92985000709, "k-means_cluster": 4, "dtw_k-means_cluster": 4, "k-shape_cluster": 2 }, "geometry": { "type": "Polygon", "coordinates": [ [ [ 106.889368849134058, -6.338464971505559 ], [ 106.889401783995453, -6.347506225933043 ], [ 106.898438621433627, -6.347473172350298 ], [ 106.898405529268246, -6.338431965371828 ], [ 106.889368849134058, -6.338464971505559 ] ] ] } },
{ "type": "Feature", "properties": { "grid_id": 92995000709, "k-means_cluster": 4, "dtw_k-means_cluster": 2, "k-shape_cluster": 2 }, "geometry": { "type": "Polygon", "coordinates": [ [ [ 106.889335962161852, -6.32942371376329 ], [ 106.889368849134058, -6.338464971505559 ], [ 106.898405529268246, -6.338431965371828 ], [ 106.898372485234589, -6.329390755078573 ], [ 106.889335962161852, -6.32942371376329 ] ] ] } },
{ "type": "Feature", "properties": { "grid_id": 93005000709, "k-means_cluster": 4, "dtw_k-means_cluster": 4, "k-shape_cluster": 2 }, "geometry": { "type": "Polygon", "coordinates": [ [ [ 106.889303123078818, -6.32038245270624 ], [ 106.889335962161852, -6.32942371376329 ], [ 106.898372485234589, -6.329390755078573 ], [ 106.898339489323689, -6.320349541479518 ], [ 106.889303123078818, -6.32038245270624 ] ] ] } },
{ "type": "Feature", "properties": { "grid_id": 93015000709, "k-means_cluster": 4, "dtw_k-means_cluster": 4, "k-shape_cluster": 2 }, "geometry": { "type": "Polygon", "coordinates": [ [ [ 106.889270331893968, -6.311341188343389 ], [ 106.889303123078818, -6.32038245270624 ], [ 106.898339489323689, -6.320349541479518 ], [ 106.898306541526551, -6.31130832456568 ], [ 106.889270331893968, -6.311341188343389 ] ] ] } },
{ "type": "Feature", "properties": { "grid_id": 93025000709, "k-means_cluster": 4, "dtw_k-means_cluster": 4, "k-shape_cluster": 2 }, "geometry": { "type": "Polygon", "coordinates": [ [ [ 106.88923758859832, -6.302299920683719 ], [ 106.889270331893968, -6.311341188343389 ], [ 106.898306541526551, -6.31130832456568 ], [ 106.898273641852171, -6.302267104355025 ], [ 106.88923758859832, -6.302299920683719 ] ] ] } },
{ "type": "Feature", "properties": { "grid_id": 93035000709, "k-means_cluster": 4, "dtw_k-means_cluster": 3, "k-shape_cluster": 2 }, "geometry": { "type": "Polygon", "coordinates": [ [ [ 106.88920489318285, -6.293258649736217 ], [ 106.88923758859832, -6.302299920683719 ], [ 106.898273641852171, -6.302267104355025 ], [ 106.898240790282571, -6.29322588083857 ], [ 106.88920489318285, -6.293258649736217 ] ] ] } },
{ "type": "Feature", "properties": { "grid_id": 93045000709, "k-means_cluster": 3, "dtw_k-means_cluster": 3, "k-shape_cluster": 4 }, "geometry": { "type": "Polygon", "coordinates": [ [ [ 106.8891722456476, -6.284217375482914 ], [ 106.88920489318285, -6.293258649736217 ], [ 106.898240790282571, -6.29322588083857 ], [ 106.898207986826733, -6.28418465403428 ], [ 106.8891722456476, -6.284217375482914 ] ] ] } },
{ "type": "Feature", "properties": { "grid_id": 93055000709, "k-means_cluster": 3, "dtw_k-means_cluster": 3, "k-shape_cluster": 4 }, "geometry": { "type": "Polygon", "coordinates": [ [ [ 106.889139645983576, -6.27517609795076 ], [ 106.8891722456476, -6.284217375482914 ], [ 106.898207986826733, -6.28418465403428 ], [ 106.898175231466695, -6.275143423942156 ], [ 106.889139645983576, -6.27517609795076 ] ] ] } },
{ "type": "Feature", "properties": { "grid_id": 93065000709, "k-means_cluster": 3, "dtw_k-means_cluster": 1, "k-shape_cluster": 2 }, "geometry": { "type": "Polygon", "coordinates": [ [ [ 106.889107094190763, -6.266134817139756 ], [ 106.889139645983576, -6.27517609795076 ], [ 106.898175231466695, -6.275143423942156 ], [ 106.898142524211437, -6.266102190571182 ], [ 106.889107094190763, -6.266134817139756 ] ] ] } },
{ "type": "Feature", "properties": { "grid_id": 93075000709, "k-means_cluster": 3, "dtw_k-means_cluster": 1, "k-shape_cluster": 1 }, "geometry": { "type": "Polygon", "coordinates": [ [ [ 106.889074590260194, -6.257093533049901 ], [ 106.889107094190763, -6.266134817139756 ], [ 106.898142524211437, -6.266102190571182 ], [ 106.898109865042997, -6.257060953921357 ], [ 106.889074590260194, -6.257093533049901 ] ] ] } },
{ "type": "Feature", "properties": { "grid_id": 93085000709, "k-means_cluster": 3, "dtw_k-means_cluster": 3, "k-shape_cluster": 1 }, "geometry": { "type": "Polygon", "coordinates": [ [ [ 106.889042134200835, -6.248052245681195 ], [ 106.889074590260194, -6.257093533049901 ], [ 106.898109865042997, -6.257060953921357 ], [ 106.898077253979352, -6.248019713992681 ], [ 106.889042134200835, -6.248052245681195 ] ] ] } },
{ "type": "Feature", "properties": { "grid_id": 93095000709, "k-means_cluster": 3, "dtw_k-means_cluster": 3, "k-shape_cluster": 4 }, "geometry": { "type": "Polygon", "coordinates": [ [ [ 106.88900972599474, -6.239010955051604 ], [ 106.889042134200835, -6.248052245681195 ], [ 106.898077253979352, -6.248019713992681 ], [ 106.89804469099353, -6.238978470794138 ], [ 106.88900972599474, -6.239010955051604 ] ] ] } },
{ "type": "Feature", "properties": { "grid_id": 93105000709, "k-means_cluster": 3, "dtw_k-means_cluster": 3, "k-shape_cluster": 2 }, "geometry": { "type": "Polygon", "coordinates": [ [ [ 106.888977365641907, -6.22996966116113 ], [ 106.88900972599474, -6.239010955051604 ], [ 106.89804469099353, -6.238978470794138 ], [ 106.898012176085544, -6.22993722433471 ], [ 106.888977365641907, -6.22996966116113 ] ] ] } },
{ "type": "Feature", "properties": { "grid_id": 93115000709, "k-means_cluster": 3, "dtw_k-means_cluster": 3, "k-shape_cluster": 3 }, "geometry": { "type": "Polygon", "coordinates": [ [ [ 106.888945053142322, -6.220928364000788 ], [ 106.888977365641907, -6.22996966116113 ], [ 106.898012176085544, -6.22993722433471 ], [ 106.897979709264376, -6.220895974614398 ], [ 106.888945053142322, -6.220928364000788 ] ] ] } },
{ "type": "Feature", "properties": { "grid_id": 93125000709, "k-means_cluster": 4, "dtw_k-means_cluster": 4, "k-shape_cluster": 2 }, "geometry": { "type": "Polygon", "coordinates": [ [ [ 106.888912788487005, -6.211887063597526 ], [ 106.888945053142322, -6.220928364000788 ], [ 106.897979709264376, -6.220895974614398 ], [ 106.897947290512064, -6.211854721633201 ], [ 106.888912788487005, -6.211887063597526 ] ] ] } },
{ "type": "Feature", "properties": { "grid_id": 93135000709, "k-means_cluster": 3, "dtw_k-means_cluster": 4, "k-shape_cluster": 2 }, "geometry": { "type": "Polygon", "coordinates": [ [ [ 106.888880571666988, -6.202845759942365 ], [ 106.888912788487005, -6.211887063597526 ], [ 106.897947290512064, -6.211854721633201 ], [ 106.897914919837575, -6.202813465409086 ], [ 106.888880571666988, -6.202845759942365 ] ] ] } },
{ "type": "Feature", "properties": { "grid_id": 93145000709, "k-means_cluster": 3, "dtw_k-means_cluster": 4, "k-shape_cluster": 2 }, "geometry": { "type": "Polygon", "coordinates": [ [ [ 106.888848402691238, -6.193804453044285 ], [ 106.888880571666988, -6.202845759942365 ], [ 106.897914919837575, -6.202813465409086 ], [ 106.897882597222974, -6.19377220593307 ], [ 106.888848402691238, -6.193804453044285 ] ] ] } },
{ "type": "Feature", "properties": { "grid_id": 93155000709, "k-means_cluster": 3, "dtw_k-means_cluster": 4, "k-shape_cluster": 2 }, "geometry": { "type": "Polygon", "coordinates": [ [ [ 106.888816281550774, -6.184763142903286 ], [ 106.888848402691238, -6.193804453044285 ], [ 106.897882597222974, -6.19377220593307 ], [ 106.897850322668219, -6.184730943214135 ], [ 106.888816281550774, -6.184763142903286 ] ] ] } },
{ "type": "Feature", "properties": { "grid_id": 93165000709, "k-means_cluster": 3, "dtw_k-means_cluster": 4, "k-shape_cluster": 2 }, "geometry": { "type": "Polygon", "coordinates": [ [ [ 106.888784208236615, -6.175721829528353 ], [ 106.888816281550774, -6.184763142903286 ], [ 106.897850322668219, -6.184730943214135 ], [ 106.89781809618232, -6.175689677261265 ], [ 106.888784208236615, -6.175721829528353 ] ] ] } },
{ "type": "Feature", "properties": { "grid_id": 93175000709, "k-means_cluster": 1, "dtw_k-means_cluster": 2, "k-shape_cluster": 3 }, "geometry": { "type": "Polygon", "coordinates": [ [ [ 106.888752182757742, -6.166680512919484 ], [ 106.888784208236615, -6.175721829528353 ], [ 106.89781809618232, -6.175689677261265 ], [ 106.897785917747314, -6.166648408083444 ], [ 106.888752182757742, -6.166680512919484 ] ] ] } },
{ "type": "Feature", "properties": { "grid_id": 93185000709, "k-means_cluster": 4, "dtw_k-means_cluster": 2, "k-shape_cluster": 2 }, "geometry": { "type": "Polygon", "coordinates": [ [ [ 106.888720205087211, -6.157639193085664 ], [ 106.888752182757742, -6.166680512919484 ], [ 106.897785917747314, -6.166648408083444 ], [ 106.897753787354205, -6.157607135671688 ], [ 106.888720205087211, -6.157639193085664 ] ] ] } },
{ "type": "Feature", "properties": { "grid_id": 93195000709, "k-means_cluster": 4, "dtw_k-means_cluster": 2, "k-shape_cluster": 2 }, "geometry": { "type": "Polygon", "coordinates": [ [ [ 106.888688275242998, -6.148597870035875 ], [ 106.888720205087211, -6.157639193085664 ], [ 106.897753787354205, -6.157607135671688 ], [ 106.897721705020956, -6.148565860034979 ], [ 106.888688275242998, -6.148597870035875 ] ] ] } },
{ "type": "Feature", "properties": { "grid_id": 93205000709, "k-means_cluster": 1, "dtw_k-means_cluster": 2, "k-shape_cluster": 3 }, "geometry": { "type": "Polygon", "coordinates": [ [ [ 106.888656393216095, -6.139556543761134 ], [ 106.888688275242998, -6.148597870035875 ], [ 106.897721705020956, -6.148565860034979 ], [ 106.897689670720638, -6.139524581182302 ], [ 106.888656393216095, -6.139556543761134 ] ] ] } },
{ "type": "Feature", "properties": { "grid_id": 93215000709, "k-means_cluster": 1, "dtw_k-means_cluster": 2, "k-shape_cluster": 3 }, "geometry": { "type": "Polygon", "coordinates": [ [ [ 106.888624558988553, -6.130515214279407 ], [ 106.888656393216095, -6.139556543761134 ], [ 106.897689670720638, -6.139524581182302 ], [ 106.897657684462217, -6.130483299122639 ], [ 106.888624558988553, -6.130515214279407 ] ] ] } },
{ "type": "Feature", "properties": { "grid_id": 93225000709, "k-means_cluster": 1, "dtw_k-means_cluster": 2, "k-shape_cluster": 4 }, "geometry": { "type": "Polygon", "coordinates": [ [ [ 106.888592772578335, -6.121473881590695 ], [ 106.888624558988553, -6.130515214279407 ], [ 106.897657684462217, -6.130483299122639 ], [ 106.897625746236713, -6.121442013847008 ], [ 106.888592772578335, -6.121473881590695 ] ] ] } },
{ "type": "Feature", "properties": { "grid_id": 93235000709, "k-means_cluster": 1, "dtw_k-means_cluster": 2, "k-shape_cluster": 4 }, "geometry": { "type": "Polygon", "coordinates": [ [ [ 106.888561033967463, -6.112432545703981 ], [ 106.888592772578335, -6.121473881590695 ], [ 106.897625746236713, -6.121442013847008 ], [ 106.897593856044125, -6.112400725373375 ], [ 106.888561033967463, -6.112432545703981 ] ] ] } },
{ "type": "Feature", "properties": { "grid_id": 93245000709, "k-means_cluster": 4, "dtw_k-means_cluster": 2, "k-shape_cluster": 2 }, "geometry": { "type": "Polygon", "coordinates": [ [ [ 106.888529343146971, -6.103391206619264 ], [ 106.888561033967463, -6.112432545703981 ], [ 106.897593856044125, -6.112400725373375 ], [ 106.897562013875472, -6.103359433692756 ], [ 106.888529343146971, -6.103391206619264 ] ] ] } },
{ "type": "Feature", "properties": { "grid_id": 93255000709, "k-means_cluster": 4, "dtw_k-means_cluster": 2, "k-shape_cluster": 3 }, "geometry": { "type": "Polygon", "coordinates": [ [ [ 106.888497700125839, -6.094349864336545 ], [ 106.888529343146971, -6.103391206619264 ], [ 106.897562013875472, -6.103359433692756 ], [ 106.897530219730754, -6.094318138823117 ], [ 106.888497700125839, -6.094349864336545 ] ] ] } },
{ "type": "Feature", "properties": { "grid_id": 92965000710, "k-means_cluster": 3, "dtw_k-means_cluster": 4, "k-shape_cluster": 2 }, "geometry": { "type": "Polygon", "coordinates": [ [ [ 106.898471761730747, -6.356514376005004 ], [ 106.898504950168586, -6.365555576335941 ], [ 106.907542054738784, -6.365522269913377 ], [ 106.90750870855679, -6.356481117265014 ], [ 106.898471761730747, -6.356514376005004 ] ] ] } },
{ "type": "Feature", "properties": { "grid_id": 92975000710, "k-means_cluster": 4, "dtw_k-means_cluster": 4, "k-shape_cluster": 3 }, "geometry": { "type": "Polygon", "coordinates": [ [ [ 106.898438621433627, -6.347473172350298 ], [ 106.898471761730747, -6.356514376005004 ], [ 106.90750870855679, -6.356481117265014 ], [ 106.907475410740076, -6.347439961283902 ], [ 106.898438621433627, -6.347473172350298 ] ] ] } },
{ "type": "Feature", "properties": { "grid_id": 92985000710, "k-means_cluster": 4, "dtw_k-means_cluster": 4, "k-shape_cluster": 2 }, "geometry": { "type": "Polygon", "coordinates": [ [ [ 106.898405529268246, -6.338431965371828 ], [ 106.898438621433627, -6.347473172350298 ], [ 106.907475410740076, -6.347439961283902 ], [ 106.907442161288671, -6.338398801988006 ], [ 106.898405529268246, -6.338431965371828 ] ] ] } },
{ "type": "Feature", "properties": { "grid_id": 92995000710, "k-means_cluster": 4, "dtw_k-means_cluster": 2, "k-shape_cluster": 2 }, "geometry": { "type": "Polygon", "coordinates": [ [ [ 106.898372485234589, -6.329390755078573 ], [ 106.898405529268246, -6.338431965371828 ], [ 106.907442161288671, -6.338398801988006 ], [ 106.907408960193578, -6.329357639368344 ], [ 106.898372485234589, -6.329390755078573 ] ] ] } },
{ "type": "Feature", "properties": { "grid_id": 93005000710, "k-means_cluster": 4, "dtw_k-means_cluster": 4, "k-shape_cluster": 2 }, "geometry": { "type": "Polygon", "coordinates": [ [ [ 106.898339489323689, -6.320349541479518 ], [ 106.898372485234589, -6.329390755078573 ], [ 106.907408960193578, -6.329357639368344 ], [ 106.907375807445803, -6.320316473442881 ], [ 106.898339489323689, -6.320349541479518 ] ] ] } },
{ "type": "Feature", "properties": { "grid_id": 93015000710, "k-means_cluster": 4, "dtw_k-means_cluster": 4, "k-shape_cluster": 2 }, "geometry": { "type": "Polygon", "coordinates": [ [ [ 106.898306541526551, -6.31130832456568 ], [ 106.898339489323689, -6.320349541479518 ], [ 106.907375807445803, -6.320316473442881 ], [ 106.907342703045373, -6.311275304202635 ], [ 106.898306541526551, -6.31130832456568 ] ] ] } },
{ "type": "Feature", "properties": { "grid_id": 93025000710, "k-means_cluster": 4, "dtw_k-means_cluster": 4, "k-shape_cluster": 2 }, "geometry": { "type": "Polygon", "coordinates": [ [ [ 106.898273641852171, -6.302267104355025 ], [ 106.898306541526551, -6.31130832456568 ], [ 106.907342703045373, -6.311275304202635 ], [ 106.90730964699226, -6.302234131656588 ], [ 106.898273641852171, -6.302267104355025 ] ] ] } },
{ "type": "Feature", "properties": { "grid_id": 93035000710, "k-means_cluster": 4, "dtw_k-means_cluster": 3, "k-shape_cluster": 2 }, "geometry": { "type": "Polygon", "coordinates": [ [ [ 106.898240790282571, -6.29322588083857 ], [ 106.898273641852171, -6.302267104355025 ], [ 106.90730964699226, -6.302234131656588 ], [ 106.907276639277484, -6.293192955822708 ], [ 106.898240790282571, -6.29322588083857 ] ] ] } },
{ "type": "Feature", "properties": { "grid_id": 93045000710, "k-means_cluster": 3, "dtw_k-means_cluster": 3, "k-shape_cluster": 4 }, "geometry": { "type": "Polygon", "coordinates": [ [ [ 106.898207986826733, -6.28418465403428 ], [ 106.898240790282571, -6.29322588083857 ], [ 106.907276639277484, -6.293192955822708 ], [ 106.907243679901072, -6.284151776683028 ], [ 106.898207986826733, -6.28418465403428 ] ] ] } },
{ "type": "Feature", "properties": { "grid_id": 93055000710, "k-means_cluster": 3, "dtw_k-means_cluster": 3, "k-shape_cluster": 4 }, "geometry": { "type": "Polygon", "coordinates": [ [ [ 106.898175231466695, -6.275143423942156 ], [ 106.898207986826733, -6.28418465403428 ], [ 106.907243679901072, -6.284151776683028 ], [ 106.907210768854014, -6.275110594264497 ], [ 106.898175231466695, -6.275143423942156 ] ] ] } },
{ "type": "Feature", "properties": { "grid_id": 93065000710, "k-means_cluster": 3, "dtw_k-means_cluster": 4, "k-shape_cluster": 2 }, "geometry": { "type": "Polygon", "coordinates": [ [ [ 106.898142524211437, -6.266102190571182 ], [ 106.898175231466695, -6.275143423942156 ], [ 106.907210768854014, -6.275110594264497 ], [ 106.907177906136312, -6.266069408549148 ], [ 106.898142524211437, -6.266102190571182 ] ] ] } },
{ "type": "Feature", "properties": { "grid_id": 93075000710, "k-means_cluster": 3, "dtw_k-means_cluster": 3, "k-shape_cluster": 2 }, "geometry": { "type": "Polygon", "coordinates": [ [ [ 106.898109865042997, -6.257060953921357 ], [ 106.898142524211437, -6.266102190571182 ], [ 106.907177906136312, -6.266069408549148 ], [ 106.907145091738997, -6.257028219563932 ], [ 106.898109865042997, -6.257060953921357 ] ] ] } },
{ "type": "Feature", "properties": { "grid_id": 93085000710, "k-means_cluster": 4, "dtw_k-means_cluster": 3, "k-shape_cluster": 2 }, "geometry": { "type": "Polygon", "coordinates": [ [ [ 106.898077253979352, -6.248019713992681 ], [ 106.898109865042997, -6.257060953921357 ], [ 106.907145091738997, -6.257028219563932 ], [ 106.907112325662055, -6.247987027299866 ], [ 106.898077253979352, -6.248019713992681 ] ] ] } },
{ "type": "Feature", "properties": { "grid_id": 93095000710, "k-means_cluster": 3, "dtw_k-means_cluster": 3, "k-shape_cluster": 4 }, "geometry": { "type": "Polygon", "coordinates": [ [ [ 106.89804469099353, -6.238978470794138 ], [ 106.898077253979352, -6.248019713992681 ], [ 106.907112325662055, -6.247987027299866 ], [ 106.907079607905501, -6.238945831756948 ], [ 106.89804469099353, -6.238978470794138 ] ] ] } },
{ "type": "Feature", "properties": { "grid_id": 93105000710, "k-means_cluster": 3, "dtw_k-means_cluster": 1, "k-shape_cluster": 1 }, "geometry": { "type": "Polygon", "coordinates": [ [ [ 106.898012176085544, -6.22993722433471 ], [ 106.89804469099353, -6.238978470794138 ], [ 106.907079607905501, -6.238945831756948 ], [ 106.907046938451359, -6.229904632962129 ], [ 106.898012176085544, -6.22993722433471 ] ] ] } },
{ "type": "Feature", "properties": { "grid_id": 93115000710, "k-means_cluster": 2, "dtw_k-means_cluster": 1, "k-shape_cluster": 1 }, "geometry": { "type": "Polygon", "coordinates": [ [ [ 106.897979709264376, -6.220895974614398 ], [ 106.898012176085544, -6.22993722433471 ], [ 106.907046938451359, -6.229904632962129 ], [ 106.907014317317589, -6.220863430897443 ], [ 106.897979709264376, -6.220895974614398 ] ] ] } },
{ "type": "Feature", "properties": { "grid_id": 93125000710, "k-means_cluster": 2, "dtw_k-means_cluster": 4, "k-shape_cluster": 4 }, "geometry": { "type": "Polygon", "coordinates": [ [ [ 106.897947290512064, -6.211854721633201 ], [ 106.897979709264376, -6.220895974614398 ], [ 106.907014317317589, -6.220863430897443 ], [ 106.90698174447725, -6.211822225571871 ], [ 106.897947290512064, -6.211854721633201 ] ] ] } },
{ "type": "Feature", "properties": { "grid_id": 93135000710, "k-means_cluster": 2, "dtw_k-means_cluster": 1, "k-shape_cluster": 1 }, "geometry": { "type": "Polygon", "coordinates": [ [ [ 106.897914919837575, -6.202813465409086 ], [ 106.897947290512064, -6.211854721633201 ], [ 106.90698174447725, -6.211822225571871 ], [ 106.90694921993034, -6.202781017003382 ], [ 106.897914919837575, -6.202813465409086 ] ] ] } },
{ "type": "Feature", "properties": { "grid_id": 93145000710, "k-means_cluster": 3, "dtw_k-means_cluster": 3, "k-shape_cluster": 3 }, "geometry": { "type": "Polygon", "coordinates": [ [ [ 106.897882597222974, -6.19377220593307 ], [ 106.897914919837575, -6.202813465409086 ], [ 106.90694921993034, -6.202781017003382 ], [ 106.906916743685855, -6.193739805182991 ], [ 106.897882597222974, -6.19377220593307 ] ] ] } },
{ "type": "Feature", "properties": { "grid_id": 93155000710, "k-means_cluster": 3, "dtw_k-means_cluster": 4, "k-shape_cluster": 2 }, "geometry": { "type": "Polygon", "coordinates": [ [ [ 106.897850322668219, -6.184730943214135 ], [ 106.897882597222974, -6.19377220593307 ], [ 106.906916743685855, -6.193739805182991 ], [ 106.906884315734786, -6.184698590119683 ], [ 106.897850322668219, -6.184730943214135 ] ] ] } },
{ "type": "Feature", "properties": { "grid_id": 93165000710, "k-means_cluster": 3, "dtw_k-means_cluster": 2, "k-shape_cluster": 4 }, "geometry": { "type": "Polygon", "coordinates": [ [ [ 106.89781809618232, -6.175689677261265 ], [ 106.897850322668219, -6.184730943214135 ], [ 106.906884315734786, -6.184698590119683 ], [ 106.906851936068165, -6.175657371813456 ], [ 106.89781809618232, -6.175689677261265 ] ] ] } },
{ "type": "Feature", "properties": { "grid_id": 93175000710, "k-means_cluster": 4, "dtw_k-means_cluster": 2, "k-shape_cluster": 2 }, "geometry": { "type": "Polygon", "coordinates": [ [ [ 106.897785917747314, -6.166648408083444 ], [ 106.89781809618232, -6.175689677261265 ], [ 106.906851936068165, -6.175657371813456 ], [ 106.906819604685992, -6.166616150282278 ], [ 106.897785917747314, -6.166648408083444 ] ] ] } },
{ "type": "Feature", "properties": { "grid_id": 93185000710, "k-means_cluster": 4, "dtw_k-means_cluster": 4, "k-shape_cluster": 2 }, "geometry": { "type": "Polygon", "coordinates": [ [ [ 106.897753787354205, -6.157607135671688 ], [ 106.897785917747314, -6.166648408083444 ], [ 106.906819604685992, -6.166616150282278 ], [ 106.906787321579287, -6.157574925517164 ], [ 106.897753787354205, -6.157607135671688 ] ] ] } },
{ "type": "Feature", "properties": { "grid_id": 93195000710, "k-means_cluster": 4, "dtw_k-means_cluster": 2, "k-shape_cluster": 2 }, "geometry": { "type": "Polygon", "coordinates": [ [ [ 106.897721705020956, -6.148565860034979 ], [ 106.897753787354205, -6.157607135671688 ], [ 106.906787321579287, -6.157574925517164 ], [ 106.906755086748049, -6.148533697527098 ], [ 106.897721705020956, -6.148565860034979 ] ] ] } },
{ "type": "Feature", "properties": { "grid_id": 93205000710, "k-means_cluster": 1, "dtw_k-means_cluster": 2, "k-shape_cluster": 3 }, "geometry": { "type": "Polygon", "coordinates": [ [ [ 106.897689670720638, -6.139524581182302 ], [ 106.897721705020956, -6.148565860034979 ], [ 106.906755086748049, -6.148533697527098 ], [ 106.906722900183283, -6.139492466321063 ], [ 106.897689670720638, -6.139524581182302 ] ] ] } },
{ "type": "Feature", "properties": { "grid_id": 93215000710, "k-means_cluster": 1, "dtw_k-means_cluster": 2, "k-shape_cluster": 3 }, "geometry": { "type": "Polygon", "coordinates": [ [ [ 106.897657684462217, -6.130483299122639 ], [ 106.897689670720638, -6.139524581182302 ], [ 106.906722900183283, -6.139492466321063 ], [ 106.906690761893969, -6.130451231899061 ], [ 106.897657684462217, -6.130483299122639 ] ] ] } },
{ "type": "Feature", "properties": { "grid_id": 93225000710, "k-means_cluster": 1, "dtw_k-means_cluster": 2, "k-shape_cluster": 3 }, "geometry": { "type": "Polygon", "coordinates": [ [ [ 106.897625746236713, -6.121442013847008 ], [ 106.897657684462217, -6.130483299122639 ], [ 106.906690761893969, -6.130451231899061 ], [ 106.906658671862175, -6.121409994261088 ], [ 106.897625746236713, -6.121442013847008 ] ] ] } },
{ "type": "Feature", "properties": { "grid_id": 93235000710, "k-means_cluster": 1, "dtw_k-means_cluster": 2, "k-shape_cluster": 3 }, "geometry": { "type": "Polygon", "coordinates": [ [ [ 106.897593856044125, -6.112400725373375 ], [ 106.897625746236713, -6.121442013847008 ], [ 106.906658671862175, -6.121409994261088 ], [ 106.906626630087871, -6.112368753425114 ], [ 106.897593856044125, -6.112400725373375 ] ] ] } },
{ "type": "Feature", "properties": { "grid_id": 93245000710, "k-means_cluster": 4, "dtw_k-means_cluster": 2, "k-shape_cluster": 3 }, "geometry": { "type": "Polygon", "coordinates": [ [ [ 106.897562013875472, -6.103359433692756 ], [ 106.897593856044125, -6.112400725373375 ], [ 106.906626630087871, -6.112368753425114 ], [ 106.906594636571057, -6.103327509391137 ], [ 106.897562013875472, -6.103359433692756 ] ] ] } },
{ "type": "Feature", "properties": { "grid_id": 93255000710, "k-means_cluster": 4, "dtw_k-means_cluster": 2, "k-shape_cluster": 3 }, "geometry": { "type": "Polygon", "coordinates": [ [ [ 106.897530219730754, -6.094318138823117 ], [ 106.897562013875472, -6.103359433692756 ], [ 106.906594636571057, -6.103327509391137 ], [ 106.906562691302753, -6.094286262150176 ], [ 106.897530219730754, -6.094318138823117 ] ] ] } },
{ "type": "Feature", "properties": { "grid_id": 92965000711, "k-means_cluster": 3, "dtw_k-means_cluster": 3, "k-shape_cluster": 3 }, "geometry": { "type": "Polygon", "coordinates": [ [ [ 106.90750870855679, -6.356481117265014 ], [ 106.907542054738784, -6.365522269913377 ], [ 106.916579110943687, -6.36548880554902 ], [ 106.916545607017525, -6.356447700807811 ], [ 106.90750870855679, -6.356481117265014 ] ] ] } },
{ "type": "Feature", "properties": { "grid_id": 92975000711, "k-means_cluster": 4, "dtw_k-means_cluster": 3, "k-shape_cluster": 3 }, "geometry": { "type": "Polygon", "coordinates": [ [ [ 106.907475410740076, -6.347439961283902 ], [ 106.90750870855679, -6.356481117265014 ], [ 106.916545607017525, -6.356447700807811 ], [ 106.916512151690213, -6.347406592742836 ], [ 106.907475410740076, -6.347439961283902 ] ] ] } },
{ "type": "Feature", "properties": { "grid_id": 92985000711, "k-means_cluster": 4, "dtw_k-means_cluster": 2, "k-shape_cluster": 3 }, "geometry": { "type": "Polygon", "coordinates": [ [ [ 106.907442161288671, -6.338398801988006 ], [ 106.907475410740076, -6.347439961283902 ], [ 106.916512151690213, -6.347406592742836 ], [ 106.916478744943802, -6.338365481345111 ], [ 106.907442161288671, -6.338398801988006 ] ] ] } },
{ "type": "Feature", "properties": { "grid_id": 92995000711, "k-means_cluster": 4, "dtw_k-means_cluster": 4, "k-shape_cluster": 2 }, "geometry": { "type": "Polygon", "coordinates": [ [ [ 106.907408960193578, -6.329357639368344 ], [ 106.907442161288671, -6.338398801988006 ], [ 106.916478744943802, -6.338365481345111 ], [ 106.91644538678726, -6.329324366632602 ], [ 106.907408960193578, -6.329357639368344 ] ] ] } },
{ "type": "Feature", "properties": { "grid_id": 93005000711, "k-means_cluster": 4, "dtw_k-means_cluster": 4, "k-shape_cluster": 2 }, "geometry": { "type": "Polygon", "coordinates": [ [ [ 106.907375807445803, -6.320316473442881 ], [ 106.907408960193578, -6.329357639368344 ], [ 106.91644538678726, -6.329324366632602 ], [ 106.916412077211618, -6.320283248596327 ], [ 106.907375807445803, -6.320316473442881 ] ] ] } },
{ "type": "Feature", "properties": { "grid_id": 93015000711, "k-means_cluster": 4, "dtw_k-means_cluster": 4, "k-shape_cluster": 2 }, "geometry": { "type": "Polygon", "coordinates": [ [ [ 106.907342703045373, -6.311275304202635 ], [ 106.907375807445803, -6.320316473442881 ], [ 106.916412077211618, -6.320283248596327 ], [ 106.916378816216849, -6.311242127263236 ], [ 106.907342703045373, -6.311275304202635 ] ] ] } },
{ "type": "Feature", "properties": { "grid_id": 93025000711, "k-means_cluster": 4, "dtw_k-means_cluster": 4, "k-shape_cluster": 2 }, "geometry": { "type": "Polygon", "coordinates": [ [ [ 106.90730964699226, -6.302234131656588 ], [ 106.907342703045373, -6.311275304202635 ], [ 106.916378816216849, -6.311242127263236 ], [ 106.916345603793999, -6.302201002615361 ], [ 106.90730964699226, -6.302234131656588 ] ] ] } },
{ "type": "Feature", "properties": { "grid_id": 93085000711, "k-means_cluster": 4, "dtw_k-means_cluster": 3, "k-shape_cluster": 3 }, "geometry": { "type": "Polygon", "coordinates": [ [ [ 106.907112325662055, -6.247987027299866 ], [ 106.907145091738997, -6.257028219563932 ], [ 106.916180270114609, -6.256995329986609 ], [ 106.916147349042362, -6.24795418561173 ], [ 106.907112325662055, -6.247987027299866 ] ] ] } },
{ "type": "Feature", "properties": { "grid_id": 93095000711, "k-means_cluster": 3, "dtw_k-means_cluster": 3, "k-shape_cluster": 4 }, "geometry": { "type": "Polygon", "coordinates": [ [ [ 106.907079607905501, -6.238945831756948 ], [ 106.907112325662055, -6.247987027299866 ], [ 106.916147349042362, -6.24795418561173 ], [ 106.916114476506081, -6.238913037958 ], [ 106.907079607905501, -6.238945831756948 ] ] ] } },
{ "type": "Feature", "properties": { "grid_id": 93105000711, "k-means_cluster": 2, "dtw_k-means_cluster": 1, "k-shape_cluster": 1 }, "geometry": { "type": "Polygon", "coordinates": [ [ [ 106.907046938451359, -6.229904632962129 ], [ 106.907079607905501, -6.238945831756948 ], [ 106.916114476506081, -6.238913037958 ], [ 106.916081652514748, -6.229871887043386 ], [ 106.907046938451359, -6.229904632962129 ] ] ] } },
{ "type": "Feature", "properties": { "grid_id": 93115000711, "k-means_cluster": 2, "dtw_k-means_cluster": 3, "k-shape_cluster": 4 }, "geometry": { "type": "Polygon", "coordinates": [ [ [ 106.907014317317589, -6.220863430897443 ], [ 106.907046938451359, -6.229904632962129 ], [ 106.916081652514748, -6.229871887043386 ], [ 106.916048877059396, -6.220830732858905 ], [ 106.907014317317589, -6.220863430897443 ] ] ] } },
{ "type": "Feature", "properties": { "grid_id": 93125000711, "k-means_cluster": 2, "dtw_k-means_cluster": 3, "k-shape_cluster": 4 }, "geometry": { "type": "Polygon", "coordinates": [ [ [ 106.90698174447725, -6.211822225571871 ], [ 106.907014317317589, -6.220863430897443 ], [ 106.916048877059396, -6.220830732858905 ], [ 106.916016150131043, -6.211789575422521 ], [ 106.90698174447725, -6.211822225571871 ] ] ] } },
{ "type": "Feature", "properties": { "grid_id": 93135000711, "k-means_cluster": 2, "dtw_k-means_cluster": 4, "k-shape_cluster": 4 }, "geometry": { "type": "Polygon", "coordinates": [ [ [ 106.90694921993034, -6.202781017003382 ], [ 106.90698174447725, -6.211822225571871 ], [ 106.916016150131043, -6.211789575422521 ], [ 106.915983471738656, -6.202748414734237 ], [ 106.90694921993034, -6.202781017003382 ] ] ] } },
{ "type": "Feature", "properties": { "grid_id": 93145000711, "k-means_cluster": 3, "dtw_k-means_cluster": 1, "k-shape_cluster": 3 }, "geometry": { "type": "Polygon", "coordinates": [ [ [ 106.906916743685855, -6.193739805182991 ], [ 106.90694921993034, -6.202781017003382 ], [ 106.915983471738656, -6.202748414734237 ], [ 106.915950841864287, -6.19370725079405 ], [ 106.906916743685855, -6.193739805182991 ] ] ] } },
{ "type": "Feature", "properties": { "grid_id": 93155000711, "k-means_cluster": 3, "dtw_k-means_cluster": 1, "k-shape_cluster": 1 }, "geometry": { "type": "Polygon", "coordinates": [ [ [ 106.906884315734786, -6.184698590119683 ], [ 106.906916743685855, -6.193739805182991 ], [ 106.915950841864287, -6.19370725079405 ], [ 106.915918260507922, -6.184666083601964 ], [ 106.906884315734786, -6.184698590119683 ] ] ] } },
{ "type": "Feature", "properties": { "grid_id": 93165000711, "k-means_cluster": 4, "dtw_k-means_cluster": 2, "k-shape_cluster": 2 }, "geometry": { "type": "Polygon", "coordinates": [ [ [ 106.906851936068165, -6.175657371813456 ], [ 106.906884315734786, -6.184698590119683 ], [ 106.915918260507922, -6.184666083601964 ], [ 106.915885727669561, -6.175624913175941 ], [ 106.906851936068165, -6.175657371813456 ] ] ] } },
{ "type": "Feature", "properties": { "grid_id": 93175000711, "k-means_cluster": 1, "dtw_k-means_cluster": 2, "k-shape_cluster": 2 }, "geometry": { "type": "Polygon", "coordinates": [ [ [ 106.906819604685992, -6.166616150282278 ], [ 106.906851936068165, -6.175657371813456 ], [ 106.915885727669561, -6.175624913175941 ], [ 106.915853243340237, -6.166583739515984 ], [ 106.906819604685992, -6.166616150282278 ] ] ] } },
{ "type": "Feature", "properties": { "grid_id": 93185000711, "k-means_cluster": 4, "dtw_k-means_cluster": 4, "k-shape_cluster": 2 }, "geometry": { "type": "Polygon", "coordinates": [ [ [ 106.906787321579287, -6.157574925517164 ], [ 106.906819604685992, -6.166616150282278 ], [ 106.915853243340237, -6.166583739515984 ], [ 106.915820807519921, -6.157542562631074 ], [ 106.906787321579287, -6.157574925517164 ] ] ] } },
{ "type": "Feature", "properties": { "grid_id": 93195000711, "k-means_cluster": 4, "dtw_k-means_cluster": 2, "k-shape_cluster": 2 }, "geometry": { "type": "Polygon", "coordinates": [ [ [ 106.906755086748049, -6.148533697527098 ], [ 106.906787321579287, -6.157574925517164 ], [ 106.915820807519921, -6.157542562631074 ], [ 106.915788420208642, -6.14850138251223 ], [ 106.906755086748049, -6.148533697527098 ] ] ] } },
{ "type": "Feature", "properties": { "grid_id": 93205000711, "k-means_cluster": 1, "dtw_k-means_cluster": 2, "k-shape_cluster": 3 }, "geometry": { "type": "Polygon", "coordinates": [ [ [ 106.906722900183283, -6.139492466321063 ], [ 106.906755086748049, -6.148533697527098 ], [ 106.915788420208642, -6.14850138251223 ], [ 106.915756081388423, -6.139460199168434 ], [ 106.906722900183283, -6.139492466321063 ] ] ] } },
{ "type": "Feature", "properties": { "grid_id": 93215000711, "k-means_cluster": 1, "dtw_k-means_cluster": 2, "k-shape_cluster": 3 }, "geometry": { "type": "Polygon", "coordinates": [ [ [ 106.906690761893969, -6.130451231899061 ], [ 106.906722900183283, -6.139492466321063 ], [ 106.915756081388423, -6.139460199168434 ], [ 106.915723791059264, -6.130419012617653 ], [ 106.906690761893969, -6.130451231899061 ] ] ] } },
{ "type": "Feature", "properties": { "grid_id": 93225000711, "k-means_cluster": 1, "dtw_k-means_cluster": 2, "k-shape_cluster": 3 }, "geometry": { "type": "Polygon", "coordinates": [ [ [ 106.906658671862175, -6.121409994261088 ], [ 106.906690761893969, -6.130451231899061 ], [ 106.915723791059264, -6.130419012617653 ], [ 106.915691549230132, -6.121377822850903 ], [ 106.906658671862175, -6.121409994261088 ] ] ] } },
{ "type": "Feature", "properties": { "grid_id": 93235000711, "k-means_cluster": 1, "dtw_k-means_cluster": 2, "k-shape_cluster": 3 }, "geometry": { "type": "Polygon", "coordinates": [ [ [ 106.906626630087871, -6.112368753425114 ], [ 106.906658671862175, -6.121409994261088 ], [ 106.915691549230132, -6.121377822850903 ], [ 106.915659355883093, -6.112336629877166 ], [ 106.906626630087871, -6.112368753425114 ] ] ] } },
{ "type": "Feature", "properties": { "grid_id": 93245000711, "k-means_cluster": 4, "dtw_k-means_cluster": 2, "k-shape_cluster": 3 }, "geometry": { "type": "Polygon", "coordinates": [ [ [ 106.906594636571057, -6.103327509391137 ], [ 106.906626630087871, -6.112368753425114 ], [ 106.915659355883093, -6.112336629877166 ], [ 106.915627211018119, -6.103295433705428 ], [ 106.906594636571057, -6.103327509391137 ] ] ] } },
{ "type": "Feature", "properties": { "grid_id": 93015000712, "k-means_cluster": 4, "dtw_k-means_cluster": 4, "k-shape_cluster": 2 }, "geometry": { "type": "Polygon", "coordinates": [ [ [ 106.916378816216849, -6.311242127263236 ], [ 106.916412077211618, -6.320283248596327 ], [ 106.925448298414494, -6.320249866966808 ], [ 106.925414880816433, -6.311208793747483 ], [ 106.916378816216849, -6.311242127263236 ] ] ] } },
{ "type": "Feature", "properties": { "grid_id": 93025000712, "k-means_cluster": 4, "dtw_k-means_cluster": 4, "k-shape_cluster": 3 }, "geometry": { "type": "Polygon", "coordinates": [ [ [ 106.916345603793999, -6.302201002615361 ], [ 106.916378816216849, -6.311242127263236 ], [ 106.925414880816433, -6.311208793747483 ], [ 106.925381512023833, -6.30216771723134 ], [ 106.916345603793999, -6.302201002615361 ] ] ] } },
{ "type": "Feature", "properties": { "grid_id": 93085000712, "k-means_cluster": 2, "dtw_k-means_cluster": 3, "k-shape_cluster": 3 }, "geometry": { "type": "Polygon", "coordinates": [ [ [ 106.916147349042362, -6.24795418561173 ], [ 106.916180270114609, -6.256995329986609 ], [ 106.925215399945273, -6.256962285189388 ], [ 106.925182323868711, -6.247921188928276 ], [ 106.916147349042362, -6.24795418561173 ] ] ] } },
{ "type": "Feature", "properties": { "grid_id": 93095000712, "k-means_cluster": 2, "dtw_k-means_cluster": 3, "k-shape_cluster": 4 }, "geometry": { "type": "Polygon", "coordinates": [ [ [ 106.916114476506081, -6.238913037958 ], [ 106.916147349042362, -6.24795418561173 ], [ 106.925182323868711, -6.247921188928276 ], [ 106.92514929657068, -6.238880089397296 ], [ 106.916114476506081, -6.238913037958 ] ] ] } },
{ "type": "Feature", "properties": { "grid_id": 93105000712, "k-means_cluster": 2, "dtw_k-means_cluster": 1, "k-shape_cluster": 4 }, "geometry": { "type": "Polygon", "coordinates": [ [ [ 106.916081652514748, -6.229871887043386 ], [ 106.916114476506081, -6.238913037958 ], [ 106.92514929657068, -6.238880089397296 ], [ 106.925116318042171, -6.229838986587465 ], [ 106.916081652514748, -6.229871887043386 ] ] ] } },
{ "type": "Feature", "properties": { "grid_id": 93115000712, "k-means_cluster": 2, "dtw_k-means_cluster": 3, "k-shape_cluster": 4 }, "geometry": { "type": "Polygon", "coordinates": [ [ [ 106.916048877059396, -6.220830732858905 ], [ 106.916081652514748, -6.229871887043386 ], [ 106.925116318042171, -6.229838986587465 ], [ 106.925083388274217, -6.220797880516749 ], [ 106.916048877059396, -6.220830732858905 ] ] ] } },
{ "type": "Feature", "properties": { "grid_id": 93125000712, "k-means_cluster": 2, "dtw_k-means_cluster": 3, "k-shape_cluster": 4 }, "geometry": { "type": "Polygon", "coordinates": [ [ [ 106.916016150131043, -6.211789575422521 ], [ 106.916048877059396, -6.220830732858905 ], [ 106.925083388274217, -6.220797880516749 ], [ 106.925050507266832, -6.21175677118515 ], [ 106.916016150131043, -6.211789575422521 ] ] ] } },
{ "type": "Feature", "properties": { "grid_id": 93135000712, "k-means_cluster": 4, "dtw_k-means_cluster": 2, "k-shape_cluster": 2 }, "geometry": { "type": "Polygon", "coordinates": [ [ [ 106.915983471738656, -6.202748414734237 ], [ 106.916016150131043, -6.211789575422521 ], [ 106.925050507266832, -6.21175677118515 ], [ 106.925017675019987, -6.202715658601649 ], [ 106.915983471738656, -6.202748414734237 ] ] ] } },
{ "type": "Feature", "properties": { "grid_id": 93145000712, "k-means_cluster": 4, "dtw_k-means_cluster": 4, "k-shape_cluster": 2 }, "geometry": { "type": "Polygon", "coordinates": [ [ [ 106.915950841864287, -6.19370725079405 ], [ 106.915983471738656, -6.202748414734237 ], [ 106.925017675019987, -6.202715658601649 ], [ 106.924984891524716, -6.193674542766247 ], [ 106.915950841864287, -6.19370725079405 ] ] ] } },
{ "type": "Feature", "properties": { "grid_id": 93155000712, "k-means_cluster": 4, "dtw_k-means_cluster": 4, "k-shape_cluster": 2 }, "geometry": { "type": "Polygon", "coordinates": [ [ [ 106.915918260507922, -6.184666083601964 ], [ 106.915950841864287, -6.19370725079405 ], [ 106.924984891524716, -6.193674542766247 ], [ 106.924952156772036, -6.184633423678942 ], [ 106.915918260507922, -6.184666083601964 ] ] ] } },
{ "type": "Feature", "properties": { "grid_id": 93165000712, "k-means_cluster": 1, "dtw_k-means_cluster": 2, "k-shape_cluster": 2 }, "geometry": { "type": "Polygon", "coordinates": [ [ [ 106.915885727669561, -6.175624913175941 ], [ 106.915918260507922, -6.184666083601964 ], [ 106.924952156772036, -6.184633423678942 ], [ 106.924919470761935, -6.175592301357704 ], [ 106.915885727669561, -6.175624913175941 ] ] ] } },
{ "type": "Feature", "properties": { "grid_id": 93175000712, "k-means_cluster": 1, "dtw_k-means_cluster": 2, "k-shape_cluster": 3 }, "geometry": { "type": "Polygon", "coordinates": [ [ [ 106.915853243340237, -6.166583739515984 ], [ 106.915885727669561, -6.175624913175941 ], [ 106.924919470761935, -6.175592301357704 ], [ 106.924886833494426, -6.16655117580253 ], [ 106.915853243340237, -6.166583739515984 ] ] ] } },
{ "type": "Feature", "properties": { "grid_id": 93185000712, "k-means_cluster": 1, "dtw_k-means_cluster": 2, "k-shape_cluster": 2 }, "geometry": { "type": "Polygon", "coordinates": [ [ [ 106.915820807519921, -6.157542562631074 ], [ 106.915853243340237, -6.166583739515984 ], [ 106.924886833494426, -6.16655117580253 ], [ 106.924854244960514, -6.157510047004438 ], [ 106.915820807519921, -6.157542562631074 ] ] ] } },
{ "type": "Feature", "properties": { "grid_id": 93195000712, "k-means_cluster": 4, "dtw_k-means_cluster": 2, "k-shape_cluster": 4 }, "geometry": { "type": "Polygon", "coordinates": [ [ [ 106.915788420208642, -6.14850138251223 ], [ 106.915820807519921, -6.157542562631074 ], [ 106.924854244960514, -6.157510047004438 ], [ 106.924821705160227, -6.148468914990377 ], [ 106.915788420208642, -6.14850138251223 ] ] ] } },
{ "type": "Feature", "properties": { "grid_id": 93205000712, "k-means_cluster": 1, "dtw_k-means_cluster": 2, "k-shape_cluster": 3 }, "geometry": { "type": "Polygon", "coordinates": [ [ [ 106.915756081388423, -6.139460199168434 ], [ 106.915788420208642, -6.14850138251223 ], [ 106.924821705160227, -6.148468914990377 ], [ 106.924789214093522, -6.139427779742382 ], [ 106.915756081388423, -6.139460199168434 ] ] ] } },
{ "type": "Feature", "properties": { "grid_id": 93215000712, "k-means_cluster": 1, "dtw_k-means_cluster": 2, "k-shape_cluster": 3 }, "geometry": { "type": "Polygon", "coordinates": [ [ [ 106.915723791059264, -6.130419012617653 ], [ 106.915756081388423, -6.139460199168434 ], [ 106.924789214093522, -6.139427779742382 ], [ 106.924756771742466, -6.130386641287401 ], [ 106.915723791059264, -6.130419012617653 ] ] ] } },
{ "type": "Feature", "properties": { "grid_id": 93225000712, "k-means_cluster": 1, "dtw_k-means_cluster": 2, "k-shape_cluster": 3 }, "geometry": { "type": "Polygon", "coordinates": [ [ [ 106.915691549230132, -6.121377822850903 ], [ 106.915723791059264, -6.130419012617653 ], [ 106.924756771742466, -6.130386641287401 ], [ 106.924724378107044, -6.121345499607467 ], [ 106.915691549230132, -6.121377822850903 ] ] ] } },
{ "type": "Feature", "properties": { "grid_id": 93235000712, "k-means_cluster": 1, "dtw_k-means_cluster": 2, "k-shape_cluster": 3 }, "geometry": { "type": "Polygon", "coordinates": [ [ [ 106.915659355883093, -6.112336629877166 ], [ 106.915691549230132, -6.121377822850903 ], [ 106.924724378107044, -6.121345499607467 ], [ 106.924692033196237, -6.112304354729532 ], [ 106.915659355883093, -6.112336629877166 ] ] ] } },
{ "type": "Feature", "properties": { "grid_id": 93245000712, "k-means_cluster": 4, "dtw_k-means_cluster": 2, "k-shape_cluster": 3 }, "geometry": { "type": "Polygon", "coordinates": [ [ [ 106.915627211018119, -6.103295433705428 ], [ 106.915659355883093, -6.112336629877166 ], [ 106.924692033196237, -6.112304354729532 ], [ 106.924659736992098, -6.103263206644611 ], [ 106.915627211018119, -6.103295433705428 ] ] ] } },
{ "type": "Feature", "properties": { "grid_id": 93085000713, "k-means_cluster": 3, "dtw_k-means_cluster": 3, "k-shape_cluster": 3 }, "geometry": { "type": "Polygon", "coordinates": [ [ [ 106.925182323868711, -6.247921188928276 ], [ 106.925215399945273, -6.256962285189388 ], [ 106.934250480988425, -6.256929085190236 ], [ 106.934217249925538, -6.247888037267469 ], [ 106.925182323868711, -6.247921188928276 ] ] ] } },
{ "type": "Feature", "properties": { "grid_id": 93095000713, "k-means_cluster": 4, "dtw_k-means_cluster": 3, "k-shape_cluster": 3 }, "geometry": { "type": "Polygon", "coordinates": [ [ [ 106.92514929657068, -6.238880089397296 ], [ 106.925182323868711, -6.247921188928276 ], [ 106.934217249925538, -6.247888037267469 ], [ 106.934184067865743, -6.238846986065851 ], [ 106.92514929657068, -6.238880089397296 ] ] ] } },
{ "type": "Feature", "properties": { "grid_id": 93105000713, "k-means_cluster": 2, "dtw_k-means_cluster": 1, "k-shape_cluster": 4 }, "geometry": { "type": "Polygon", "coordinates": [ [ [ 106.925116318042171, -6.229838986587465 ], [ 106.92514929657068, -6.238880089397296 ], [ 106.934184067865743, -6.238846986065851 ], [ 106.934150934800059, -6.229805931603349 ], [ 106.925116318042171, -6.229838986587465 ] ] ] } },
{ "type": "Feature", "properties": { "grid_id": 93115000713, "k-means_cluster": 2, "dtw_k-means_cluster": 3, "k-shape_cluster": 2 }, "geometry": { "type": "Polygon", "coordinates": [ [ [ 106.925083388274217, -6.220797880516749 ], [ 106.925116318042171, -6.229838986587465 ], [ 106.934150934800059, -6.229805931603349 ], [ 106.934117850728484, -6.220764873861996 ], [ 106.925083388274217, -6.220797880516749 ] ] ] } },
{ "type": "Feature", "properties": { "grid_id": 93125000713, "k-means_cluster": 1, "dtw_k-means_cluster": 2, "k-shape_cluster": 4 }, "geometry": { "type": "Polygon", "coordinates": [ [ [ 106.925050507266832, -6.21175677118515 ], [ 106.925083388274217, -6.220797880516749 ], [ 106.934117850728484, -6.220764873861996 ], [ 106.934084815651048, -6.211723812868741 ], [ 106.925050507266832, -6.21175677118515 ] ] ] } },
{ "type": "Feature", "properties": { "grid_id": 93135000713, "k-means_cluster": 1, "dtw_k-means_cluster": 2, "k-shape_cluster": 4 }, "geometry": { "type": "Polygon", "coordinates": [ [ [ 106.925017675019987, -6.202715658601649 ], [ 106.925050507266832, -6.21175677118515 ], [ 106.934084815651048, -6.211723812868741 ], [ 106.934051829549745, -6.202682748614603 ], [ 106.925017675019987, -6.202715658601649 ] ] ] } },
{ "type": "Feature", "properties": { "grid_id": 93145000713, "k-means_cluster": 3, "dtw_k-means_cluster": 2, "k-shape_cluster": 2 }, "geometry": { "type": "Polygon", "coordinates": [ [ [ 106.924984891524716, -6.193674542766247 ], [ 106.925017675019987, -6.202715658601649 ], [ 106.934051829549745, -6.202682748614603 ], [ 106.934018892433571, -6.193641681108563 ], [ 106.924984891524716, -6.193674542766247 ] ] ] } },
{ "type": "Feature", "properties": { "grid_id": 93155000713, "k-means_cluster": 1, "dtw_k-means_cluster": 2, "k-shape_cluster": 3 }, "geometry": { "type": "Polygon", "coordinates": [ [ [ 106.924952156772036, -6.184633423678942 ], [ 106.924984891524716, -6.193674542766247 ], [ 106.934018892433571, -6.193641681108563 ], [ 106.933986004284577, -6.184600610359604 ], [ 106.924952156772036, -6.184633423678942 ] ] ] } },
{ "type": "Feature", "properties": { "grid_id": 93165000713, "k-means_cluster": 1, "dtw_k-means_cluster": 2, "k-shape_cluster": 3 }, "geometry": { "type": "Polygon", "coordinates": [ [ [ 106.924919470761935, -6.175592301357704 ], [ 106.924952156772036, -6.184633423678942 ], [ 106.933986004284577, -6.184600610359604 ], [ 106.933953165111717, -6.175559536358745 ], [ 106.924919470761935, -6.175592301357704 ] ] ] } },
{ "type": "Feature", "properties": { "grid_id": 93175000713, "k-means_cluster": 1, "dtw_k-means_cluster": 2, "k-shape_cluster": 3 }, "geometry": { "type": "Polygon", "coordinates": [ [ [ 106.924886833494426, -6.16655117580253 ], [ 106.924919470761935, -6.175592301357704 ], [ 106.933953165111717, -6.175559536358745 ], [ 106.933920374915019, -6.16651845912395 ], [ 106.924886833494426, -6.16655117580253 ] ] ] } },
{ "type": "Feature", "properties": { "grid_id": 93185000713, "k-means_cluster": 1, "dtw_k-means_cluster": 2, "k-shape_cluster": 3 }, "geometry": { "type": "Polygon", "coordinates": [ [ [ 106.924854244960514, -6.157510047004438 ], [ 106.924886833494426, -6.16655117580253 ], [ 106.933920374915019, -6.16651845912395 ], [ 106.933887633676491, -6.15747737865522 ], [ 106.924854244960514, -6.157510047004438 ] ] ] } },
{ "type": "Feature", "properties": { "grid_id": 93195000713, "k-means_cluster": 1, "dtw_k-means_cluster": 2, "k-shape_cluster": 4 }, "geometry": { "type": "Polygon", "coordinates": [ [ [ 106.924821705160227, -6.148468914990377 ], [ 106.924854244960514, -6.157510047004438 ], [ 106.933887633676491, -6.15747737865522 ], [ 106.933854941396163, -6.148436294961539 ], [ 106.924821705160227, -6.148468914990377 ] ] ] } },
{ "type": "Feature", "properties": { "grid_id": 93205000713, "k-means_cluster": 1, "dtw_k-means_cluster": 2, "k-shape_cluster": 4 }, "geometry": { "type": "Polygon", "coordinates": [ [ [ 106.924789214093522, -6.139427779742382 ], [ 106.924821705160227, -6.148468914990377 ], [ 106.933854941396163, -6.148436294961539 ], [ 106.933822298074006, -6.139395208042905 ], [ 106.924789214093522, -6.139427779742382 ] ] ] } },
{ "type": "Feature", "properties": { "grid_id": 93215000713, "k-means_cluster": 1, "dtw_k-means_cluster": 2, "k-shape_cluster": 3 }, "geometry": { "type": "Polygon", "coordinates": [ [ [ 106.924756771742466, -6.130386641287401 ], [ 106.924789214093522, -6.139427779742382 ], [ 106.933822298074006, -6.139395208042905 ], [ 106.933789703701052, -6.13035411789932 ], [ 106.924756771742466, -6.130386641287401 ] ] ] } },
{ "type": "Feature", "properties": { "grid_id": 93225000713, "k-means_cluster": 1, "dtw_k-means_cluster": 2, "k-shape_cluster": 3 }, "geometry": { "type": "Polygon", "coordinates": [ [ [ 106.924724378107044, -6.121345499607467 ], [ 106.924756771742466, -6.130386641287401 ], [ 106.933789703701052, -6.13035411789932 ], [ 106.933757158277302, -6.121313024548749 ], [ 106.924724378107044, -6.121345499607467 ] ] ] } },
{ "type": "Feature", "properties": { "grid_id": 93235000713, "k-means_cluster": 1, "dtw_k-means_cluster": 2, "k-shape_cluster": 3 }, "geometry": { "type": "Polygon", "coordinates": [ [ [ 106.924692033196237, -6.112304354729532 ], [ 106.924724378107044, -6.121345499607467 ], [ 106.933757158277302, -6.121313024548749 ], [ 106.933724661793761, -6.112271927982209 ], [ 106.924692033196237, -6.112304354729532 ] ] ] } },
{ "type": "Feature", "properties": { "grid_id": 93245000713, "k-means_cluster": 4, "dtw_k-means_cluster": 2, "k-shape_cluster": 2 }, "geometry": { "type": "Polygon", "coordinates": [ [ [ 106.924659736992098, -6.103263206644611 ], [ 106.924692033196237, -6.112304354729532 ], [ 106.933724661793761, -6.112271927982209 ], [ 106.933692214259423, -6.103230828208685 ], [ 106.924659736992098, -6.103263206644611 ] ] ] } },
{ "type": "Feature", "properties": { "grid_id": 93255000713, "k-means_cluster": 4, "dtw_k-means_cluster": 2, "k-shape_cluster": 3 }, "geometry": { "type": "Polygon", "coordinates": [ [ [ 106.924627489494611, -6.094222055352704 ], [ 106.924659736992098, -6.103263206644611 ], [ 106.933692214259423, -6.103230828208685 ], [ 106.933659815647331, -6.094189725237157 ], [ 106.924627489494611, -6.094222055352704 ] ] ] } },
{ "type": "Feature", "properties": { "grid_id": 93085000714, "k-means_cluster": 4, "dtw_k-means_cluster": 3, "k-shape_cluster": 3 }, "geometry": { "type": "Polygon", "coordinates": [ [ [ 106.934217249925538, -6.247888037267469 ], [ 106.934250480988425, -6.256929085190236 ], [ 106.943285513037466, -6.256895729971185 ], [ 106.943252126988241, -6.247854730620325 ], [ 106.934217249925538, -6.247888037267469 ] ] ] } },
{ "type": "Feature", "properties": { "grid_id": 93095000714, "k-means_cluster": 4, "dtw_k-means_cluster": 2, "k-shape_cluster": 3 }, "geometry": { "type": "Polygon", "coordinates": [ [ [ 106.934184067865743, -6.238846986065851 ], [ 106.934217249925538, -6.247888037267469 ], [ 106.943252126988241, -6.247854730620325 ], [ 106.943218790166682, -6.238813727981632 ], [ 106.934184067865743, -6.238846986065851 ] ] ] } },
{ "type": "Feature", "properties": { "grid_id": 93105000714, "k-means_cluster": 2, "dtw_k-means_cluster": 3, "k-shape_cluster": 4 }, "geometry": { "type": "Polygon", "coordinates": [ [ [ 106.934150934800059, -6.229805931603349 ], [ 106.934184067865743, -6.238846986065851 ], [ 106.943218790166682, -6.238813727981632 ], [ 106.943185502572803, -6.229772722082054 ], [ 106.934150934800059, -6.229805931603349 ] ] ] } },
{ "type": "Feature", "properties": { "grid_id": 93115000714, "k-means_cluster": 2, "dtw_k-means_cluster": 3, "k-shape_cluster": 1 }, "geometry": { "type": "Polygon", "coordinates": [ [ [ 106.934117850728484, -6.220764873861996 ], [ 106.934150934800059, -6.229805931603349 ], [ 106.943185502572803, -6.229772722082054 ], [ 106.943152264197622, -6.220731712903626 ], [ 106.934117850728484, -6.220764873861996 ] ] ] } },
{ "type": "Feature", "properties": { "grid_id": 93125000714, "k-means_cluster": 1, "dtw_k-means_cluster": 2, "k-shape_cluster": 4 }, "geometry": { "type": "Polygon", "coordinates": [ [ [ 106.934084815651048, -6.211723812868741 ], [ 106.934117850728484, -6.220764873861996 ], [ 106.943152264197622, -6.220731712903626 ], [ 106.943119075041139, -6.211690700473295 ], [ 106.934084815651048, -6.211723812868741 ] ] ] } },
{ "type": "Feature", "properties": { "grid_id": 93135000714, "k-means_cluster": 1, "dtw_k-means_cluster": 2, "k-shape_cluster": 3 }, "geometry": { "type": "Polygon", "coordinates": [ [ [ 106.934051829549745, -6.202682748614603 ], [ 106.934084815651048, -6.211723812868741 ], [ 106.943119075041139, -6.211690700473295 ], [ 106.943085935094359, -6.202649684773098 ], [ 106.934051829549745, -6.202682748614603 ] ] ] } },
{ "type": "Feature", "properties": { "grid_id": 93145000714, "k-means_cluster": 1, "dtw_k-means_cluster": 2, "k-shape_cluster": 3 }, "geometry": { "type": "Polygon", "coordinates": [ [ [ 106.934018892433571, -6.193641681108563 ], [ 106.934051829549745, -6.202682748614603 ], [ 106.943085935094359, -6.202649684773098 ], [ 106.943052844357297, -6.193608665829982 ], [ 106.934018892433571, -6.193641681108563 ] ] ] } },
{ "type": "Feature", "properties": { "grid_id": 93155000714, "k-means_cluster": 1, "dtw_k-means_cluster": 2, "k-shape_cluster": 3 }, "geometry": { "type": "Polygon", "coordinates": [ [ [ 106.933986004284577, -6.184600610359604 ], [ 106.934018892433571, -6.193641681108563 ], [ 106.943052844357297, -6.193608665829982 ], [ 106.943019802829951, -6.184567643625981 ], [ 106.933986004284577, -6.184600610359604 ] ] ] } },
{ "type": "Feature", "properties": { "grid_id": 93165000714, "k-means_cluster": 1, "dtw_k-means_cluster": 2, "k-shape_cluster": 3 }, "geometry": { "type": "Polygon", "coordinates": [ [ [ 106.933953165111717, -6.175559536358745 ], [ 106.933986004284577, -6.184600610359604 ], [ 106.943019802829951, -6.184567643625981 ], [ 106.942986810503314, -6.175526618188046 ], [ 106.933953165111717, -6.175559536358745 ] ] ] } },
{ "type": "Feature", "properties": { "grid_id": 93175000714, "k-means_cluster": 1, "dtw_k-means_cluster": 2, "k-shape_cluster": 3 }, "geometry": { "type": "Polygon", "coordinates": [ [ [ 106.933920374915019, -6.16651845912395 ], [ 106.933953165111717, -6.175559536358745 ], [ 106.942986810503314, -6.175526618188046 ], [ 106.942953867368445, -6.166485589507192 ], [ 106.933920374915019, -6.16651845912395 ] ] ] } },
{ "type": "Feature", "properties": { "grid_id": 93185000714, "k-means_cluster": 1, "dtw_k-means_cluster": 2, "k-shape_cluster": 3 }, "geometry": { "type": "Polygon", "coordinates": [ [ [ 106.933887633676491, -6.15747737865522 ], [ 106.933920374915019, -6.16651845912395 ], [ 106.942953867368445, -6.166485589507192 ], [ 106.942920973425302, -6.157444557583421 ], [ 106.933887633676491, -6.15747737865522 ] ] ] } },
{ "type": "Feature", "properties": { "grid_id": 93195000714, "k-means_cluster": 1, "dtw_k-means_cluster": 2, "k-shape_cluster": 2 }, "geometry": { "type": "Polygon", "coordinates": [ [ [ 106.933854941396163, -6.148436294961539 ], [ 106.933887633676491, -6.15747737865522 ], [ 106.942920973425302, -6.157444557583421 ], [ 106.942888128673914, -6.14840352244368 ], [ 106.933854941396163, -6.148436294961539 ] ] ] } },
{ "type": "Feature", "properties": { "grid_id": 93205000714, "k-means_cluster": 1, "dtw_k-means_cluster": 2, "k-shape_cluster": 3 }, "geometry": { "type": "Polygon", "coordinates": [ [ [ 106.933822298074006, -6.139395208042905 ], [ 106.933854941396163, -6.148436294961539 ], [ 106.942888128673914, -6.14840352244368 ], [ 106.942855333105285, -6.139362484070005 ], [ 106.933822298074006, -6.139395208042905 ] ] ] } },
{ "type": "Feature", "properties": { "grid_id": 93215000714, "k-means_cluster": 1, "dtw_k-means_cluster": 2, "k-shape_cluster": 3 }, "geometry": { "type": "Polygon", "coordinates": [ [ [ 106.933789703701052, -6.13035411789932 ], [ 106.933822298074006, -6.139395208042905 ], [ 106.942855333105285, -6.139362484070005 ], [ 106.942822586710435, -6.130321442471377 ], [ 106.933789703701052, -6.13035411789932 ] ] ] } },
{ "type": "Feature", "properties": { "grid_id": 93225000714, "k-means_cluster": 1, "dtw_k-means_cluster": 2, "k-shape_cluster": 3 }, "geometry": { "type": "Polygon", "coordinates": [ [ [ 106.933757158277302, -6.121313024548749 ], [ 106.933789703701052, -6.13035411789932 ], [ 106.942822586710435, -6.130321442471377 ], [ 106.942789889498343, -6.121280397656782 ], [ 106.933757158277302, -6.121313024548749 ] ] ] } },
{ "type": "Feature", "properties": { "grid_id": 93235000714, "k-means_cluster": 1, "dtw_k-means_cluster": 2, "k-shape_cluster": 3 }, "geometry": { "type": "Polygon", "coordinates": [ [ [ 106.933724661793761, -6.112271927982209 ], [ 106.933757158277302, -6.121313024548749 ], [ 106.942789889498343, -6.121280397656782 ], [ 106.942757241460043, -6.1122393496352 ], [ 106.933724661793761, -6.112271927982209 ] ] ] } },
{ "type": "Feature", "properties": { "grid_id": 93245000714, "k-means_cluster": 4, "dtw_k-means_cluster": 2, "k-shape_cluster": 2 }, "geometry": { "type": "Polygon", "coordinates": [ [ [ 106.933692214259423, -6.103230828208685 ], [ 106.933724661793761, -6.112271927982209 ], [ 106.942757241460043, -6.1122393496352 ], [ 106.942724642586526, -6.103198298406633 ], [ 106.933692214259423, -6.103230828208685 ] ] ] } },
{ "type": "Feature", "properties": { "grid_id": 93255000714, "k-means_cluster": 4, "dtw_k-means_cluster": 2, "k-shape_cluster": 4 }, "geometry": { "type": "Polygon", "coordinates": [ [ [ 106.933659815647331, -6.094189725237157 ], [ 106.933692214259423, -6.103230828208685 ], [ 106.942724642586526, -6.103198298406633 ], [ 106.942692092868825, -6.09415724397108 ], [ 106.933659815647331, -6.094189725237157 ] ] ] } },
{ "type": "Feature", "properties": { "grid_id": 93125000715, "k-means_cluster": 1, "dtw_k-means_cluster": 2, "k-shape_cluster": 3 }, "geometry": { "type": "Polygon", "coordinates": [ [ [ 106.943119075041139, -6.211690700473295 ], [ 106.943152264197622, -6.220731712903626 ], [ 106.952186628448061, -6.220698397650622 ], [ 106.952153285221527, -6.211657433998812 ], [ 106.943119075041139, -6.211690700473295 ] ] ] } },
{ "type": "Feature", "properties": { "grid_id": 93135000715, "k-means_cluster": 1, "dtw_k-means_cluster": 2, "k-shape_cluster": 2 }, "geometry": { "type": "Polygon", "coordinates": [ [ [ 106.943085935094359, -6.202649684773098 ], [ 106.943119075041139, -6.211690700473295 ], [ 106.952153285221527, -6.211657433998812 ], [ 106.952119991438252, -6.202616467086117 ], [ 106.943085935094359, -6.202649684773098 ] ] ] } },
{ "type": "Feature", "properties": { "grid_id": 93145000715, "k-means_cluster": 1, "dtw_k-means_cluster": 2, "k-shape_cluster": 3 }, "geometry": { "type": "Polygon", "coordinates": [ [ [ 106.943052844357297, -6.193608665829982 ], [ 106.943085935094359, -6.202649684773098 ], [ 106.952119991438252, -6.202616467086117 ], [ 106.952086747089282, -6.193575496921521 ], [ 106.943052844357297, -6.193608665829982 ] ] ] } },
{ "type": "Feature", "properties": { "grid_id": 93155000715, "k-means_cluster": 1, "dtw_k-means_cluster": 2, "k-shape_cluster": 2 }, "geometry": { "type": "Polygon", "coordinates": [ [ [ 106.943019802829951, -6.184567643625981 ], [ 106.943052844357297, -6.193608665829982 ], [ 106.952086747089282, -6.193575496921521 ], [ 106.95205355217459, -6.184534523505024 ], [ 106.943019802829951, -6.184567643625981 ] ] ] } },
{ "type": "Feature", "properties": { "grid_id": 93165000715, "k-means_cluster": 1, "dtw_k-means_cluster": 2, "k-shape_cluster": 2 }, "geometry": { "type": "Polygon", "coordinates": [ [ [ 106.942986810503314, -6.175526618188046 ], [ 106.943019802829951, -6.184567643625981 ], [ 106.95205355217459, -6.184534523505024 ], [ 106.952020406685207, -6.175493546845608 ], [ 106.942986810503314, -6.175526618188046 ] ] ] } },
{ "type": "Feature", "properties": { "grid_id": 93175000715, "k-means_cluster": 1, "dtw_k-means_cluster": 2, "k-shape_cluster": 3 }, "geometry": { "type": "Polygon", "coordinates": [ [ [ 106.942953867368445, -6.166485589507192 ], [ 106.942986810503314, -6.175526618188046 ], [ 106.952020406685207, -6.175493546845608 ], [ 106.951987310630116, -6.166452566934292 ], [ 106.942953867368445, -6.166485589507192 ] ] ] } },
{ "type": "Feature", "properties": { "grid_id": 93185000715, "k-means_cluster": 1, "dtw_k-means_cluster": 2, "k-shape_cluster": 3 }, "geometry": { "type": "Polygon", "coordinates": [ [ [ 106.942920973425302, -6.157444557583421 ], [ 106.942953867368445, -6.166485589507192 ], [ 106.951987310630116, -6.166452566934292 ], [ 106.951954263991354, -6.157411583798023 ], [ 106.942920973425302, -6.157444557583421 ] ] ] } },
{ "type": "Feature", "properties": { "grid_id": 93195000715, "k-means_cluster": 1, "dtw_k-means_cluster": 2, "k-shape_cluster": 3 }, "geometry": { "type": "Polygon", "coordinates": [ [ [ 106.942888128673914, -6.14840352244368 ], [ 106.942920973425302, -6.157444557583421 ], [ 106.951954263991354, -6.157411583798023 ], [ 106.951921266759925, -6.148370597427819 ], [ 106.942888128673914, -6.14840352244368 ] ] ] } },
{ "type": "Feature", "properties": { "grid_id": 93205000715, "k-means_cluster": 1, "dtw_k-means_cluster": 2, "k-shape_cluster": 3 }, "geometry": { "type": "Polygon", "coordinates": [ [ [ 106.942855333105285, -6.139362484070005 ], [ 106.942888128673914, -6.14840352244368 ], [ 106.951921266759925, -6.148370597427819 ], [ 106.951888318953806, -6.13932960782368 ], [ 106.942855333105285, -6.139362484070005 ] ] ] } },
{ "type": "Feature", "properties": { "grid_id": 93215000715, "k-means_cluster": 1, "dtw_k-means_cluster": 2, "k-shape_cluster": 3 }, "geometry": { "type": "Polygon", "coordinates": [ [ [ 106.942822586710435, -6.130321442471377 ], [ 106.942855333105285, -6.139362484070005 ], [ 106.951888318953806, -6.13932960782368 ], [ 106.951855420546039, -6.130288615003574 ], [ 106.942822586710435, -6.130321442471377 ] ] ] } },
{ "type": "Feature", "properties": { "grid_id": 93225000715, "k-means_cluster": 1, "dtw_k-means_cluster": 2, "k-shape_cluster": 3 }, "geometry": { "type": "Polygon", "coordinates": [ [ [ 106.942789889498343, -6.121280397656782 ], [ 106.942822586710435, -6.130321442471377 ], [ 106.951855420546039, -6.130288615003574 ], [ 106.95182257154562, -6.121247618958514 ], [ 106.942789889498343, -6.121280397656782 ] ] ] } },
{ "type": "Feature", "properties": { "grid_id": 93235000715, "k-means_cluster": 1, "dtw_k-means_cluster": 2, "k-shape_cluster": 3 }, "geometry": { "type": "Polygon", "coordinates": [ [ [ 106.942757241460043, -6.1122393496352 ], [ 106.942789889498343, -6.121280397656782 ], [ 106.95182257154562, -6.121247618958514 ], [ 106.951789771952534, -6.112206619706469 ], [ 106.942757241460043, -6.1122393496352 ] ] ] } },
{ "type": "Feature", "properties": { "grid_id": 93245000715, "k-means_cluster": 1, "dtw_k-means_cluster": 2, "k-shape_cluster": 3 }, "geometry": { "type": "Polygon", "coordinates": [ [ [ 106.942724642586526, -6.103198298406633 ], [ 106.942757241460043, -6.1122393496352 ], [ 106.951789771952534, -6.112206619706469 ], [ 106.951757021748833, -6.103165617238456 ], [ 106.942724642586526, -6.103198298406633 ] ] ] } },
{ "type": "Feature", "properties": { "grid_id": 93255000715, "k-means_cluster": 1, "dtw_k-means_cluster": 2, "k-shape_cluster": 3 }, "geometry": { "type": "Polygon", "coordinates": [ [ [ 106.942692092868825, -6.09415724397108 ], [ 106.942724642586526, -6.103198298406633 ], [ 106.951757021748833, -6.103165617238456 ], [ 106.951724320934503, -6.09412461157244 ], [ 106.942692092868825, -6.09415724397108 ] ] ] } },
{ "type": "Feature", "properties": { "grid_id": 93125000716, "k-means_cluster": 3, "dtw_k-means_cluster": 2, "k-shape_cluster": 2 }, "geometry": { "type": "Polygon", "coordinates": [ [ [ 106.952153285221527, -6.211657433998812 ], [ 106.952186628448061, -6.220698397650622 ], [ 106.961220943255228, -6.220664928094002 ], [ 106.961187445958643, -6.211624013454274 ], [ 106.952153285221527, -6.211657433998812 ] ] ] } },
{ "type": "Feature", "properties": { "grid_id": 93135000716, "k-means_cluster": 1, "dtw_k-means_cluster": 2, "k-shape_cluster": 2 }, "geometry": { "type": "Polygon", "coordinates": [ [ [ 106.952119991438252, -6.202616467086117 ], [ 106.952153285221527, -6.211657433998812 ], [ 106.961187445958643, -6.211624013454274 ], [ 106.961153998338872, -6.202583095553662 ], [ 106.952119991438252, -6.202616467086117 ] ] ] } },
{ "type": "Feature", "properties": { "grid_id": 93145000716, "k-means_cluster": 1, "dtw_k-means_cluster": 2, "k-shape_cluster": 3 }, "geometry": { "type": "Polygon", "coordinates": [ [ [ 106.952086747089282, -6.193575496921521 ], [ 106.952119991438252, -6.202616467086117 ], [ 106.961153998338872, -6.202583095553662 ], [ 106.961120600386963, -6.193542174401147 ], [ 106.952086747089282, -6.193575496921521 ] ] ] } },
{ "type": "Feature", "properties": { "grid_id": 93155000716, "k-means_cluster": 1, "dtw_k-means_cluster": 2, "k-shape_cluster": 3 }, "geometry": { "type": "Polygon", "coordinates": [ [ [ 106.95205355217459, -6.184534523505024 ], [ 106.952086747089282, -6.193575496921521 ], [ 106.961120600386963, -6.193542174401147 ], [ 106.961087252093932, -6.184501249987749 ], [ 106.95205355217459, -6.184534523505024 ] ] ] } },
{ "type": "Feature", "properties": { "grid_id": 93165000716, "k-means_cluster": 1, "dtw_k-means_cluster": 2, "k-shape_cluster": 3 }, "geometry": { "type": "Polygon", "coordinates": [ [ [ 106.952020406685207, -6.175493546845608 ], [ 106.95205355217459, -6.184534523505024 ], [ 106.961087252093932, -6.184501249987749 ], [ 106.961053953450772, -6.175460322331432 ], [ 106.952020406685207, -6.175493546845608 ] ] ] } },
{ "type": "Feature", "properties": { "grid_id": 93175000716, "k-means_cluster": 1, "dtw_k-means_cluster": 2, "k-shape_cluster": 3 }, "geometry": { "type": "Polygon", "coordinates": [ [ [ 106.951987310630116, -6.166452566934292 ], [ 106.952020406685207, -6.175493546845608 ], [ 106.961053953450772, -6.175460322331432 ], [ 106.961020704466492, -6.166419391432197 ], [ 106.951987310630116, -6.166452566934292 ] ] ] } },
{ "type": "Feature", "properties": { "grid_id": 93185000716, "k-means_cluster": 1, "dtw_k-means_cluster": 2, "k-shape_cluster": 3 }, "geometry": { "type": "Polygon", "coordinates": [ [ [ 106.951954263991354, -6.157411583798023 ], [ 106.951987310630116, -6.166452566934292 ], [ 106.961020704466492, -6.166419391432197 ], [ 106.960987505132096, -6.157378457290044 ], [ 106.951954263991354, -6.157411583798023 ] ] ] } },
{ "type": "Feature", "properties": { "grid_id": 93195000716, "k-means_cluster": 1, "dtw_k-means_cluster": 2, "k-shape_cluster": 3 }, "geometry": { "type": "Polygon", "coordinates": [ [ [ 106.951921266759925, -6.148370597427819 ], [ 106.951954263991354, -6.157411583798023 ], [ 106.960987505132096, -6.157378457290044 ], [ 106.960954355447583, -6.148337519922939 ], [ 106.951921266759925, -6.148370597427819 ] ] ] } },
{ "type": "Feature", "properties": { "grid_id": 93205000716, "k-means_cluster": 1, "dtw_k-means_cluster": 3, "k-shape_cluster": 3 }, "geometry": { "type": "Polygon", "coordinates": [ [ [ 106.951888318953806, -6.13932960782368 ], [ 106.951921266759925, -6.148370597427819 ], [ 106.960954355447583, -6.148337519922939 ], [ 106.960921255394979, -6.139296579321899 ], [ 106.951888318953806, -6.13932960782368 ] ] ] } },
{ "type": "Feature", "properties": { "grid_id": 93215000716, "k-means_cluster": 1, "dtw_k-means_cluster": 2, "k-shape_cluster": 3 }, "geometry": { "type": "Polygon", "coordinates": [ [ [ 106.951855420546039, -6.130288615003574 ], [ 106.951888318953806, -6.13932960782368 ], [ 106.960921255394979, -6.139296579321899 ], [ 106.960888204983291, -6.130255635495907 ], [ 106.951855420546039, -6.130288615003574 ] ] ] } },
{ "type": "Feature", "properties": { "grid_id": 93225000716, "k-means_cluster": 1, "dtw_k-means_cluster": 2, "k-shape_cluster": 3 }, "geometry": { "type": "Polygon", "coordinates": [ [ [ 106.95182257154562, -6.121247618958514 ], [ 106.951855420546039, -6.130288615003574 ], [ 106.960888204983291, -6.130255635495907 ], [ 106.960855204203526, -6.121214688444963 ], [ 106.95182257154562, -6.121247618958514 ] ] ] } },
{ "type": "Feature", "properties": { "grid_id": 93235000716, "k-means_cluster": 1, "dtw_k-means_cluster": 2, "k-shape_cluster": 3 }, "geometry": { "type": "Polygon", "coordinates": [ [ [ 106.951789771952534, -6.112206619706469 ], [ 106.95182257154562, -6.121247618958514 ], [ 106.960855204203526, -6.121214688444963 ], [ 106.960822253046686, -6.112173738187034 ], [ 106.951789771952534, -6.112206619706469 ] ] ] } },
{ "type": "Feature", "properties": { "grid_id": 93245000716, "k-means_cluster": 1, "dtw_k-means_cluster": 2, "k-shape_cluster": 3 }, "geometry": { "type": "Polygon", "coordinates": [ [ [ 106.951757021748833, -6.103165617238456 ], [ 106.951789771952534, -6.112206619706469 ], [ 106.960822253046686, -6.112173738187034 ], [ 106.960789351521768, -6.10313278472212 ], [ 106.951757021748833, -6.103165617238456 ] ] ] } },
{ "type": "Feature", "properties": { "grid_id": 93255000716, "k-means_cluster": 1, "dtw_k-means_cluster": 2, "k-shape_cluster": 4 }, "geometry": { "type": "Polygon", "coordinates": [ [ [ 106.951724320934503, -6.09412461157244 ], [ 106.951757021748833, -6.103165617238456 ], [ 106.960789351521768, -6.10313278472212 ], [ 106.96075649961081, -6.094091828041236 ], [ 106.951724320934503, -6.09412461157244 ] ] ] } },
{ "type": "Feature", "properties": { "grid_id": 93135000717, "k-means_cluster": 1, "dtw_k-means_cluster": 2, "k-shape_cluster": 2 }, "geometry": { "type": "Polygon", "coordinates": [ [ [ 106.961153998338872, -6.202583095553662 ], [ 106.961187445958643, -6.211624013454274 ], [ 106.970221557027898, -6.211590438848665 ], [ 106.970187955580627, -6.202549570184713 ], [ 106.961153998338872, -6.202583095553662 ] ] ] } },
{ "type": "Feature", "properties": { "grid_id": 93145000717, "k-means_cluster": 1, "dtw_k-means_cluster": 2, "k-shape_cluster": 3 }, "geometry": { "type": "Polygon", "coordinates": [ [ [ 106.961120600386963, -6.193542174401147 ], [ 106.961153998338872, -6.202583095553662 ], [ 106.970187955580627, -6.202549570184713 ], [ 106.97015440401681, -6.193508698259876 ], [ 106.961120600386963, -6.193542174401147 ] ] ] } },
{ "type": "Feature", "properties": { "grid_id": 93155000717, "k-means_cluster": 1, "dtw_k-means_cluster": 2, "k-shape_cluster": 3 }, "geometry": { "type": "Polygon", "coordinates": [ [ [ 106.961087252093932, -6.184501249987749 ], [ 106.961120600386963, -6.193542174401147 ], [ 106.97015440401681, -6.193508698259876 ], [ 106.970120902345414, -6.184467823083138 ], [ 106.961087252093932, -6.184501249987749 ] ] ] } },
{ "type": "Feature", "properties": { "grid_id": 93165000717, "k-means_cluster": 1, "dtw_k-means_cluster": 2, "k-shape_cluster": 3 }, "geometry": { "type": "Polygon", "coordinates": [ [ [ 106.961053953450772, -6.175460322331432 ], [ 106.961087252093932, -6.184501249987749 ], [ 106.970120902345414, -6.184467823083138 ], [ 106.970087450566453, -6.175426944654499 ], [ 106.961053953450772, -6.175460322331432 ] ] ] } },
{ "type": "Feature", "properties": { "grid_id": 93175000717, "k-means_cluster": 1, "dtw_k-means_cluster": 2, "k-shape_cluster": 3 }, "geometry": { "type": "Polygon", "coordinates": [ [ [ 106.961020704466492, -6.166419391432197 ], [ 106.961053953450772, -6.175460322331432 ], [ 106.970087450566453, -6.175426944654499 ], [ 106.970054048661964, -6.166386062982942 ], [ 106.961020704466492, -6.166419391432197 ] ] ] } },
{ "type": "Feature", "properties": { "grid_id": 93185000717, "k-means_cluster": 1, "dtw_k-means_cluster": 2, "k-shape_cluster": 3 }, "geometry": { "type": "Polygon", "coordinates": [ [ [ 106.960987505132096, -6.157378457290044 ], [ 106.961020704466492, -6.166419391432197 ], [ 106.970054048661964, -6.166386062982942 ], [ 106.970020696631934, -6.15734517807745 ], [ 106.960987505132096, -6.157378457290044 ] ] ] } },
{ "type": "Feature", "properties": { "grid_id": 93195000717, "k-means_cluster": 4, "dtw_k-means_cluster": 2, "k-shape_cluster": 3 }, "geometry": { "type": "Polygon", "coordinates": [ [ [ 106.960954355447583, -6.148337519922939 ], [ 106.960987505132096, -6.157378457290044 ], [ 106.970020696631934, -6.15734517807745 ], [ 106.969987394485344, -6.148304289929039 ], [ 106.960954355447583, -6.148337519922939 ] ] ] } },
{ "type": "Feature", "properties": { "grid_id": 93205000717, "k-means_cluster": 1, "dtw_k-means_cluster": 3, "k-shape_cluster": 3 }, "geometry": { "type": "Polygon", "coordinates": [ [ [ 106.960921255394979, -6.139296579321899 ], [ 106.960954355447583, -6.148337519922939 ], [ 106.969987394485344, -6.148304289929039 ], [ 106.969954142195263, -6.139263398555677 ], [ 106.960921255394979, -6.139296579321899 ] ] ] } },
{ "type": "Feature", "properties": { "grid_id": 93215000717, "k-means_cluster": 1, "dtw_k-means_cluster": 2, "k-shape_cluster": 3 }, "geometry": { "type": "Polygon", "coordinates": [ [ [ 106.960888204983291, -6.130255635495907 ], [ 106.960921255394979, -6.139296579321899 ], [ 106.969954142195263, -6.139263398555677 ], [ 106.969920939779641, -6.13022250394838 ], [ 106.960888204983291, -6.130255635495907 ] ] ] } },
{ "type": "Feature", "properties": { "grid_id": 93225000717, "k-means_cluster": 1, "dtw_k-means_cluster": 2, "k-shape_cluster": 2 }, "geometry": { "type": "Polygon", "coordinates": [ [ [ 106.960855204203526, -6.121214688444963 ], [ 106.960888204983291, -6.130255635495907 ], [ 106.969920939779641, -6.13022250394838 ], [ 106.969887787220514, -6.121181606125114 ], [ 106.960855204203526, -6.121214688444963 ] ] ] } },
{ "type": "Feature", "properties": { "grid_id": 93235000717, "k-means_cluster": 1, "dtw_k-means_cluster": 2, "k-shape_cluster": 3 }, "geometry": { "type": "Polygon", "coordinates": [ [ [ 106.960822253046686, -6.112173738187034 ], [ 106.960855204203526, -6.121214688444963 ], [ 106.969887787220514, -6.121181606125114 ], [ 106.969854684517898, -6.112140705085879 ], [ 106.960822253046686, -6.112173738187034 ] ] ] } },
{ "type": "Feature", "properties": { "grid_id": 93245000717, "k-means_cluster": 1, "dtw_k-means_cluster": 2, "k-shape_cluster": 3 }, "geometry": { "type": "Polygon", "coordinates": [ [ [ 106.960789351521768, -6.10313278472212 ], [ 106.960822253046686, -6.112173738187034 ], [ 106.969854684517898, -6.112140705085879 ], [ 106.969821631671763, -6.103099800839658 ], [ 106.960789351521768, -6.10313278472212 ] ] ] } },
{ "type": "Feature", "properties": { "grid_id": 93255000717, "k-means_cluster": 3, "dtw_k-means_cluster": 2, "k-shape_cluster": 2 }, "geometry": { "type": "Polygon", "coordinates": [ [ [ 106.96075649961081, -6.094091828041236 ], [ 106.960789351521768, -6.10313278472212 ], [ 106.969821631671763, -6.103099800839658 ], [ 106.969788628673157, -6.094058893377468 ], [ 106.96075649961081, -6.094091828041236 ] ] ] } }
]
}
