{
"type": "FeatureCollection",
"name": "NDVI_NDBI_SemuaTahun_Jakarta",
"crs": { "type": "name", "properties": { "name": "urn:ogc:def:crs:OGC:1.3:CRS84" } },
"features": [
{ "type": "Feature", "properties": { "id": "+687+9317", "ndbi2009": -0.040686943380933371, "ndvi2009": 0.32638405729085213, "first": 1, "grid_id": 93175000687, "sensor": "landsat7", "year": "2009", "ndvi2012": 0.17515112666296775, "ndbi2012": -0.00409451234190783, "ndvi2015": 0.31779056717641652, "ndbi2015": -0.0059625017347570957, "ndvi2018": null, "ndbi2018": null, "ndvi2021": 0.19304983515758067, "ndbi2021": 0.063980121641179721, "ndvi2024": 0.20786944704013877, "ndbi2024": 0.047478213244176004 }, "geometry": { "type": "Polygon", "coordinates": [ [ [ 106.68999831854822, -6.167348111284069 ], [ 106.690026978129552, -6.176390414009558 ], [ 106.699061865468977, -6.176361632931085 ], [ 106.699033052859647, -6.167319372650995 ], [ 106.68999831854822, -6.167348111284069 ] ] ] } },
{ "type": "Feature", "properties": { "id": "+687+9318", "ndbi2009": 0.011988572606488185, "ndvi2009": 0.27274925884078527, "first": 1, "grid_id": 93185000687, "sensor": "landsat7", "year": "2009", "ndvi2012": 0.12797649257323324, "ndbi2012": 0.035870857867320964, "ndvi2015": 0.23807899735721891, "ndbi2015": 0.041063036751367299, "ndvi2018": null, "ndbi2018": null, "ndvi2021": 0.18914250924306758, "ndbi2021": 0.0926383986950432, "ndvi2024": 0.20237353268791647, "ndbi2024": 0.090975530642796953 }, "geometry": { "type": "Polygon", "coordinates": [ [ [ 106.689969701771616, -6.158305805360579 ], [ 106.68999831854822, -6.167348111284069 ], [ 106.699033052859647, -6.167319372650995 ], [ 106.699004283270625, -6.158277109181884 ], [ 106.689969701771616, -6.158305805360579 ] ] ] } },
{ "type": "Feature", "properties": { "id": "+687+9319", "ndbi2009": 0.025512446336506404, "ndvi2009": 0.25028766121249651, "first": 1, "grid_id": 93195000687, "sensor": "landsat7", "year": "2009", "ndvi2012": 0.12455935805337504, "ndbi2012": 0.028683726952294823, "ndvi2015": 0.22448579641059044, "ndbi2015": 0.033562479809916113, "ndvi2018": null, "ndbi2018": null, "ndvi2021": 0.1937701323768124, "ndbi2021": 0.062131626866175793, "ndvi2024": 0.17313358007231724, "ndbi2024": 0.046912029996747151 }, "geometry": { "type": "Polygon", "coordinates": [ [ [ 106.689941127781765, -6.149263496257051 ], [ 106.689969701771616, -6.158305805360579 ], [ 106.699004283270625, -6.158277109181884 ], [ 106.698975556701924, -6.149234842523754 ], [ 106.689941127781765, -6.149263496257051 ] ] ] } },
{ "type": "Feature", "properties": { "id": "+687+9320", "ndbi2009": 0.0033107391102056884, "ndvi2009": 0.2595026856543971, "first": 1, "grid_id": 93205000687, "sensor": "landsat7", "year": "2009", "ndvi2012": 0.090307820876877692, "ndbi2012": 0.03047111404000544, "ndvi2015": 0.24585726506569808, "ndbi2015": 0.014075083577749775, "ndvi2018": null, "ndbi2018": null, "ndvi2021": 0.19750386108370388, "ndbi2021": 0.049498435781866898, "ndvi2024": 0.16380534622014736, "ndbi2024": 0.027620034588172155 }, "geometry": { "type": "Polygon", "coordinates": [ [ [ 106.689912596587646, -6.140221183964505 ], [ 106.689941127781765, -6.149263496257051 ], [ 106.698975556701924, -6.149234842523754 ], [ 106.698946873153545, -6.140192572676605 ], [ 106.689912596587646, -6.140221183964505 ] ] ] } },
{ "type": "Feature", "properties": { "id": "+687+9321", "ndbi2009": -0.0076407968048371518, "ndvi2009": 0.25773311502793256, "first": 1, "grid_id": 93215000687, "sensor": "landsat7", "year": "2009", "ndvi2012": 0.0018587749634011077, "ndbi2012": 0.063464035298310073, "ndvi2015": 0.24074774898734747, "ndbi2015": 0.0036784813027171512, "ndvi2018": null, "ndbi2018": null, "ndvi2021": 0.23653024937592299, "ndbi2021": 0.047439946175790296, "ndvi2024": 0.19100584013789307, "ndbi2024": 0.02101271957085997 }, "geometry": { "type": "Polygon", "coordinates": [ [ [ 106.689884108171313, -6.131178868491923 ], [ 106.689912596587646, -6.140221183964505 ], [ 106.698946873153545, -6.140192572676605 ], [ 106.698918232625473, -6.131150299640437 ], [ 106.689884108171313, -6.131178868491923 ] ] ] } },
{ "type": "Feature", "properties": { "id": "+687+9322", "ndbi2009": -0.040446143655572087, "ndvi2009": 0.29536927072331309, "first": 1, "grid_id": 93225000687, "sensor": "landsat7", "year": "2009", "ndvi2012": 0.028728277000482191, "ndbi2012": 0.018503912200685594, "ndvi2015": 0.22770133632002398, "ndbi2015": -0.032094328162202146, "ndvi2018": null, "ndbi2018": null, "ndvi2021": 0.26217029232066125, "ndbi2021": 0.017295723890129004, "ndvi2024": 0.19636075623566285, "ndbi2024": -0.0035614676417026229 }, "geometry": { "type": "Polygon", "coordinates": [ [ [ 106.689855662541731, -6.122136549839304 ], [ 106.689884108171313, -6.131178868491923 ], [ 106.698918232625473, -6.131150299640437 ], [ 106.698889635099761, -6.122108023442198 ], [ 106.689855662541731, -6.122136549839304 ] ] ] } },
{ "type": "Feature", "properties": { "id": "+687+9323", "ndbi2009": -0.048730531919606128, "ndvi2009": 0.30684120330629466, "first": 1, "grid_id": 93235000687, "sensor": "landsat7", "year": "2009", "ndvi2012": 0.13678326567768545, "ndbi2012": -0.043105585477020161, "ndvi2015": 0.25859604134589809, "ndbi2015": -0.076152990521069316, "ndvi2018": null, "ndbi2018": null, "ndvi2021": 0.24387220214690838, "ndbi2021": 0.0087550139754130341, "ndvi2024": 0.19562797927403749, "ndbi2024": -0.0052071595839558796 }, "geometry": { "type": "Polygon", "coordinates": [ [ [ 106.689827259689935, -6.113094228015633 ], [ 106.689855662541731, -6.122136549839304 ], [ 106.698889635099761, -6.122108023442198 ], [ 106.698861080585388, -6.113065744063924 ], [ 106.689827259689935, -6.113094228015633 ] ] ] } },
{ "type": "Feature", "properties": { "id": "+687+9325", "ndbi2009": -0.0023949350212134572, "ndvi2009": 0.24010226726531983, "first": 1, "grid_id": 93255000687, "sensor": "landsat7", "year": "2009", "ndvi2012": 0.082738275080919271, "ndbi2012": 0.017283711202588734, "ndvi2015": 0.24232689364283694, "ndbi2015": 0.009783510104113935, "ndvi2018": null, "ndbi2018": null, "ndvi2021": 0.20045917484105802, "ndbi2021": 0.085542381540233012, "ndvi2024": 0.16190037908507329, "ndbi2024": 0.049932599330649655 }, "geometry": { "type": "Polygon", "coordinates": [ [ [ 106.689770582301676, -6.095009574891064 ], [ 106.689798899606913, -6.104051903029892 ], [ 106.698832569064393, -6.104023461514597 ], [ 106.698804100554725, -6.094981175812183 ], [ 106.689770582301676, -6.095009574891064 ] ] ] } },
{ "type": "Feature", "properties": { "id": "+688+9317", "ndbi2009": -0.040009648564691636, "ndvi2009": 0.31213445943944595, "first": 1, "grid_id": 93175000688, "sensor": "landsat7", "year": "2009", "ndvi2012": 0.1581165669595494, "ndbi2012": 0.0040032883046888833, "ndvi2015": 0.31426930462612823, "ndbi2015": -0.0075897963681057379, "ndvi2018": null, "ndbi2018": null, "ndvi2021": 0.2442461714440701, "ndbi2021": 0.046370592041342869, "ndvi2024": 0.24193300324327804, "ndbi2024": 0.046962389729770959 }, "geometry": { "type": "Polygon", "coordinates": [ [ [ 106.699033052859647, -6.167319372650995 ], [ 106.699061865468977, -6.176361632931085 ], [ 106.708096709779113, -6.176332698573076 ], [ 106.708067744141758, -6.167290480971944 ], [ 106.699033052859647, -6.167319372650995 ] ] ] } },
{ "type": "Feature", "properties": { "id": "+688+9318", "ndbi2009": 0.0060575066097811169, "ndvi2009": 0.26335052725146796, "first": 1, "grid_id": 93185000688, "sensor": "landsat7", "year": "2009", "ndvi2012": 0.14941975965219387, "ndbi2012": 0.016572111669708702, "ndvi2015": 0.24765460228218752, "ndbi2015": 0.027710055508742146, "ndvi2018": null, "ndbi2018": null, "ndvi2021": 0.17866427728942796, "ndbi2021": 0.10130459303949393, "ndvi2024": 0.18630715310573576, "ndbi2024": 0.097219620703482154 }, "geometry": { "type": "Polygon", "coordinates": [ [ [ 106.699004283270625, -6.158277109181884 ], [ 106.699033052859647, -6.167319372650995 ], [ 106.708067744141758, -6.167290480971944 ], [ 106.708038821749312, -6.158248260181793 ], [ 106.699004283270625, -6.158277109181884 ] ] ] } },
{ "type": "Feature", "properties": { "id": "+688+9319", "ndbi2009": 0.008937489750678651, "ndvi2009": 0.25586366065545008, "first": 1, "grid_id": 93195000688, "sensor": "landsat7", "year": "2009", "ndvi2012": 0.10935240151593463, "ndbi2012": 0.019679673206155712, "ndvi2015": 0.24277457129210236, "ndbi2015": 0.02238559340548818, "ndvi2018": null, "ndbi2018": null, "ndvi2021": 0.19985306041780859, "ndbi2021": 0.085706481768283993, "ndvi2024": 0.14377968080225401, "ndbi2024": 0.060204378722119145 }, "geometry": { "type": "Polygon", "coordinates": [ [ [ 106.698975556701924, -6.149234842523754 ], [ 106.699004283270625, -6.158277109181884 ], [ 106.708038821749312, -6.158248260181793 ], [ 106.708009942610744, -6.149206036193639 ], [ 106.698975556701924, -6.149234842523754 ] ] ] } },
{ "type": "Feature", "properties": { "id": "+688+9320", "ndbi2009": -0.017602820489920824, "ndvi2009": 0.26503813103133556, "first": 1, "grid_id": 93205000688, "sensor": "landsat7", "year": "2009", "ndvi2012": 0.048737512959861284, "ndbi2012": 0.036508023711469245, "ndvi2015": 0.25479642217065773, "ndbi2015": 0.010638358122577853, "ndvi2018": null, "ndbi2018": null, "ndvi2021": 0.19753627999156131, "ndbi2021": 0.067064816081056411, "ndvi2024": 0.13438976521001142, "ndbi2024": 0.02980083358638427 }, "geometry": { "type": "Polygon", "coordinates": [ [ [ 106.698946873153545, -6.140192572676605 ], [ 106.698975556701924, -6.149234842523754 ], [ 106.708009942610744, -6.149206036193639 ], [ 106.707981106717071, -6.140163809016466 ], [ 106.698946873153545, -6.140192572676605 ] ] ] } },
{ "type": "Feature", "properties": { "id": "+688+9321", "ndbi2009": -0.018333353138586972, "ndvi2009": 0.25707195408176636, "first": 1, "grid_id": 93215000688, "sensor": "landsat7", "year": "2009", "ndvi2012": 0.034310851500777069, "ndbi2012": 0.050547167025456481, "ndvi2015": 0.23505983676295727, "ndbi2015": 0.015940219695039559, "ndvi2018": null, "ndbi2018": null, "ndvi2021": 0.19754966627806428, "ndbi2021": 0.069063429371453822, "ndvi2024": 0.15988439600914719, "ndbi2024": 0.038393723240005784 }, "geometry": { "type": "Polygon", "coordinates": [ [ [ 106.698918232625473, -6.131150299640437 ], [ 106.698946873153545, -6.140192572676605 ], [ 106.707981106717071, -6.140163809016466 ], [ 106.707952314068294, -6.131121578659257 ], [ 106.698918232625473, -6.131150299640437 ] ] ] } },
{ "type": "Feature", "properties": { "id": "+688+9322", "ndbi2009": -0.021338759479569452, "ndvi2009": 0.246166746581302, "first": 1, "grid_id": 93225000688, "sensor": "landsat7", "year": "2009", "ndvi2012": 0.085691477095379553, "ndbi2012": -0.0076523381343577054, "ndvi2015": 0.24468271673894396, "ndbi2015": -0.0078622124577854193, "ndvi2018": null, "ndbi2018": null, "ndvi2021": 0.24140655106189202, "ndbi2021": 0.032859766437653815, "ndvi2024": 0.18240129410051831, "ndbi2024": 0.022290174333451721 }, "geometry": { "type": "Polygon", "coordinates": [ [ [ 106.698889635099761, -6.122108023442198 ], [ 106.698918232625473, -6.131150299640437 ], [ 106.707952314068294, -6.131121578659257 ], [ 106.707923564655445, -6.122079345122011 ], [ 106.698889635099761, -6.122108023442198 ] ] ] } },
{ "type": "Feature", "properties": { "id": "+688+9323", "ndbi2009": -0.013453854528052034, "ndvi2009": 0.20315680195926689, "first": 1, "grid_id": 93235000688, "sensor": "landsat7", "year": "2009", "ndvi2012": 0.094959626585477963, "ndbi2012": -0.020624104246962819, "ndvi2015": 0.27147217711899424, "ndbi2015": -0.034405373473418883, "ndvi2018": null, "ndbi2018": null, "ndvi2021": 0.25125216046581039, "ndbi2021": 0.036698133544632583, "ndvi2024": 0.18958576966542751, "ndbi2024": 0.022814809110968781 }, "geometry": { "type": "Polygon", "coordinates": [ [ [ 106.698861080585388, -6.113065744063924 ], [ 106.698889635099761, -6.122108023442198 ], [ 106.707923564655445, -6.122079345122011 ], [ 106.707894858469515, -6.113037108413714 ], [ 106.698861080585388, -6.113065744063924 ] ] ] } },
{ "type": "Feature", "properties": { "id": "+688+9324", "ndbi2009": 0.011523721350386037, "ndvi2009": 0.19396152326953597, "first": 1, "grid_id": 93245000688, "sensor": "landsat7", "year": "2009", "ndvi2012": 0.090536009258357794, "ndbi2012": 0.013661412231158463, "ndvi2015": 0.26093436498194927, "ndbi2015": -0.012894572646473536, "ndvi2018": null, "ndbi2018": null, "ndvi2021": 0.30991505063138902, "ndbi2021": 0.030554637094610374, "ndvi2024": 0.26473407360026607, "ndbi2024": 0.0031286738339986178 }, "geometry": { "type": "Polygon", "coordinates": [ [ [ 106.698832569064393, -6.104023461514597 ], [ 106.698861080585388, -6.113065744063924 ], [ 106.707894858469515, -6.113037108413714 ], [ 106.707866195528482, -6.103994868534362 ], [ 106.698832569064393, -6.104023461514597 ] ] ] } },
{ "type": "Feature", "properties": { "id": "+688+9325", "ndbi2009": 0.038192518318400662, "ndvi2009": 0.18996425609962611, "first": 1, "grid_id": 93255000688, "sensor": "landsat7", "year": "2009", "ndvi2012": 0.085675554591066697, "ndbi2012": 0.037544161519583535, "ndvi2015": 0.2186919936946794, "ndbi2015": 0.017280294556243747, "ndvi2018": null, "ndbi2018": null, "ndvi2021": 0.28704475666962415, "ndbi2021": 0.042143775814888526, "ndvi2024": 0.24413693307661546, "ndbi2024": 0.015251350585444298 }, "geometry": { "type": "Polygon", "coordinates": [ [ [ 106.698804100554725, -6.094981175812183 ], [ 106.698832569064393, -6.104023461514597 ], [ 106.707866195528482, -6.103994868534362 ], [ 106.707837575805399, -6.094952625492941 ], [ 106.698804100554725, -6.094981175812183 ] ] ] } },
{ "type": "Feature", "properties": { "id": "+689+9316", "ndbi2009": -0.0088888317542640781, "ndvi2009": 0.29629667197403153, "first": 1, "grid_id": 93165000689, "sensor": "landsat7", "year": "2009", "ndvi2012": 0.14758391619512909, "ndbi2012": -0.0041721733225705583, "ndvi2015": 0.29930797031051232, "ndbi2015": 0.0077624120112312449, "ndvi2018": null, "ndbi2018": null, "ndvi2021": 0.22003840811942754, "ndbi2021": 0.056663885742033779, "ndvi2024": 0.20676047731386987, "ndbi2024": 0.06202924522130112 }, "geometry": { "type": "Polygon", "coordinates": [ [ [ 106.708096709779113, -6.176332698573076 ], [ 106.708125718679312, -6.185374912967223 ], [ 106.717160672997139, -6.185345782444105 ], [ 106.717131510835358, -6.176303610944514 ], [ 106.708096709779113, -6.176332698573076 ] ] ] } },
{ "type": "Feature", "properties": { "id": "+689+9317", "ndbi2009": -0.0060523833641234568, "ndvi2009": 0.27279341103983862, "first": 1, "grid_id": 93175000689, "sensor": "landsat7", "year": "2009", "ndvi2012": 0.16217260761003868, "ndbi2012": -0.00059865873087854926, "ndvi2015": 0.34208217017790854, "ndbi2015": -0.02524040515224139, "ndvi2018": null, "ndbi2018": null, "ndvi2021": 0.21528855924512827, "ndbi2021": 0.052427219972014424, "ndvi2024": 0.19454463030777724, "ndbi2024": 0.045527678289834193 }, "geometry": { "type": "Polygon", "coordinates": [ [ [ 106.708067744141758, -6.167290480971944 ], [ 106.708096709779113, -6.176332698573076 ], [ 106.717131510835358, -6.176303610944514 ], [ 106.717102392170005, -6.167261436246919 ], [ 106.708067744141758, -6.167290480971944 ] ] ] } },
{ "type": "Feature", "properties": { "id": "+689+9318", "ndbi2009": -0.02075542932288954, "ndvi2009": 0.27019163127988582, "first": 1, "grid_id": 93185000689, "sensor": "landsat7", "year": "2009", "ndvi2012": 0.21840854221954945, "ndbi2012": -0.03106595270219259, "ndvi2015": 0.33728606579825288, "ndbi2015": -0.030814020137768239, "ndvi2018": null, "ndbi2018": null, "ndvi2021": 0.23668620083481073, "ndbi2021": 0.038608395436313003, "ndvi2024": 0.23727823421359062, "ndbi2024": 0.038249070319579921 }, "geometry": { "type": "Polygon", "coordinates": [ [ [ 106.708038821749312, -6.158248260181793 ], [ 106.708067744141758, -6.167290480971944 ], [ 106.717102392170005, -6.167261436246919 ], [ 106.717073316983104, -6.158219258351322 ], [ 106.708038821749312, -6.158248260181793 ] ] ] } },
{ "type": "Feature", "properties": { "id": "+689+9319", "ndbi2009": -0.012752187631878197, "ndvi2009": 0.25868877230906018, "first": 1, "grid_id": 93195000689, "sensor": "landsat7", "year": "2009", "ndvi2012": 0.1058308417306227, "ndbi2012": -0.01428251122581024, "ndvi2015": 0.28680037657419843, "ndbi2015": -0.0021588043259529797, "ndvi2018": null, "ndbi2018": null, "ndvi2021": 0.24074940774955, "ndbi2021": 0.051356802048052055, "ndvi2024": 0.22566493597685122, "ndbi2024": 0.052394668933223282 }, "geometry": { "type": "Polygon", "coordinates": [ [ [ 106.708009942610744, -6.149206036193639 ], [ 106.708038821749312, -6.158248260181793 ], [ 106.717073316983104, -6.158219258351322 ], [ 106.717044285265686, -6.149177077266707 ], [ 106.708009942610744, -6.149206036193639 ] ] ] } },
{ "type": "Feature", "properties": { "id": "+689+9320", "ndbi2009": -0.0018789512926105085, "ndvi2009": 0.24712009343784305, "first": 1, "grid_id": 93205000689, "sensor": "landsat7", "year": "2009", "ndvi2012": -0.037576005342998542, "ndbi2012": 0.040104071485075117, "ndvi2015": 0.2523963683051989, "ndbi2015": -0.0016855318576745053, "ndvi2018": null, "ndbi2018": null, "ndvi2021": 0.21177083416841927, "ndbi2021": 0.071909987032995573, "ndvi2024": 0.16968487942358479, "ndbi2024": 0.049890394242538605 }, "geometry": { "type": "Polygon", "coordinates": [ [ [ 106.707981106717071, -6.140163809016466 ], [ 106.708009942610744, -6.149206036193639 ], [ 106.717044285265686, -6.149177077266707 ], [ 106.717015297035701, -6.140134892993072 ], [ 106.707981106717071, -6.140163809016466 ] ] ] } },
{ "type": "Feature", "properties": { "id": "+689+9321", "ndbi2009": -0.015303335809448981, "ndvi2009": 0.24265555088641122, "first": 1, "grid_id": 93215000689, "sensor": "landsat7", "year": "2009", "ndvi2012": 0.004074835982464723, "ndbi2012": 0.030190006221289426, "ndvi2015": 0.23348648787941786, "ndbi2015": 0.0012184727997919254, "ndvi2018": null, "ndbi2018": null, "ndvi2021": 0.18129505513934421, "ndbi2021": 0.066604768901015632, "ndvi2024": 0.15073466947069394, "ndbi2024": 0.028230636062289708 }, "geometry": { "type": "Polygon", "coordinates": [ [ [ 106.707952314068294, -6.131121578659257 ], [ 106.707981106717071, -6.140163809016466 ], [ 106.717015297035701, -6.140134892993072 ], [ 106.716986352266218, -6.131092705530418 ], [ 106.707952314068294, -6.131121578659257 ] ] ] } },
{ "type": "Feature", "properties": { "id": "+689+9322", "ndbi2009": 0.0015749998317629681, "ndvi2009": 0.2123080742709777, "first": 1, "grid_id": 93225000689, "sensor": "landsat7", "year": "2009", "ndvi2012": 0.050487604912589579, "ndbi2012": 0.010995949710680483, "ndvi2015": 0.21951508177261725, "ndbi2015": 0.026812228599709335, "ndvi2018": null, "ndbi2018": null, "ndvi2021": 0.16225145955880482, "ndbi2021": 0.073939338819507289, "ndvi2024": 0.13043241267110789, "ndbi2024": 0.039300727144833292 }, "geometry": { "type": "Polygon", "coordinates": [ [ [ 106.707923564655445, -6.122079345122011 ], [ 106.707952314068294, -6.131121578659257 ], [ 106.716986352266218, -6.131092705530418 ], [ 106.71695745096622, -6.122050514887727 ], [ 106.707923564655445, -6.122079345122011 ] ] ] } },
{ "type": "Feature", "properties": { "id": "+689+9323", "ndbi2009": 0.042751844819576945, "ndvi2009": 0.1550155088189058, "first": 1, "grid_id": 93235000689, "sensor": "landsat7", "year": "2009", "ndvi2012": 0.046485321814543568, "ndbi2012": 0.039526288048364222, "ndvi2015": 0.19902389892376962, "ndbi2015": 0.045478320855181671, "ndvi2018": null, "ndbi2018": null, "ndvi2021": 0.14301492751110345, "ndbi2021": 0.1256230359977053, "ndvi2024": 0.1012306954653468, "ndbi2024": 0.071200673379280488 }, "geometry": { "type": "Polygon", "coordinates": [ [ [ 106.707894858469515, -6.113037108413714 ], [ 106.707923564655445, -6.122079345122011 ], [ 106.71695745096622, -6.122050514887727 ], [ 106.716928593135691, -6.113008321073984 ], [ 106.707894858469515, -6.113037108413714 ] ] ] } },
{ "type": "Feature", "properties": { "id": "+689+9324", "ndbi2009": 0.020469797497578695, "ndvi2009": 0.14050369712651944, "first": 1, "grid_id": 93245000689, "sensor": "landsat7", "year": "2009", "ndvi2012": 0.080575629075368249, "ndbi2012": 0.04614592910397286, "ndvi2015": 0.19621688852123187, "ndbi2015": 0.043697667267977025, "ndvi2018": null, "ndbi2018": null, "ndvi2021": 0.18266320029894512, "ndbi2021": 0.10633481238402571, "ndvi2024": 0.14868272408550862, "ndbi2024": 0.063617640032487766 }, "geometry": { "type": "Polygon", "coordinates": [ [ [ 106.707866195528482, -6.103994868534362 ], [ 106.707894858469515, -6.113037108413714 ], [ 106.716928593135691, -6.113008321073984 ], [ 106.71689977875667, -6.103966124089188 ], [ 106.707866195528482, -6.103994868534362 ] ] ] } },
{ "type": "Feature", "properties": { "id": "+689+9325", "ndbi2009": 0.00054798959536128894, "ndvi2009": 0.16829502687323841, "first": 1, "grid_id": 93255000689, "sensor": "landsat7", "year": "2009", "ndvi2012": 0.12245633770362474, "ndbi2012": 0.032453864398121368, "ndvi2015": 0.19801917084259912, "ndbi2015": 0.028193728108817595, "ndvi2018": null, "ndbi2018": null, "ndvi2021": 0.25853553519118577, "ndbi2021": 0.028493952049757354, "ndvi2024": 0.2349685282970313, "ndbi2024": 0.024397567416599486 }, "geometry": { "type": "Polygon", "coordinates": [ [ [ 106.707837575805399, -6.094952625492941 ], [ 106.707866195528482, -6.103994868534362 ], [ 106.71689977875667, -6.103966124089188 ], [ 106.716871007838137, -6.094923923942321 ], [ 106.707837575805399, -6.094952625492941 ] ] ] } },
{ "type": "Feature", "properties": { "id": "+690+9312", "ndbi2009": -0.014342796319659363, "ndvi2009": 0.30052920638977948, "first": 1, "grid_id": 93125000690, "sensor": "landsat7", "year": "2009", "ndvi2012": 0.11759051881931924, "ndbi2012": 0.011804650546059952, "ndvi2015": 0.38590942819913232, "ndbi2015": -0.021367081046641409, "ndvi2018": null, "ndbi2018": null, "ndvi2021": 0.26786268549459474, "ndbi2021": 0.04025779238289541, "ndvi2024": 0.26379264864298674, "ndbi2024": 0.065100470507467117 }, "geometry": { "type": "Polygon", "coordinates": [ [ [ 106.717248420407145, -6.212472277656051 ], [ 106.717277756545641, -6.221514436300751 ], [ 106.726313282659106, -6.221484979743084 ], [ 106.726283792360718, -6.212442864235484 ], [ 106.717248420407145, -6.212472277656051 ] ] ] } },
{ "type": "Feature", "properties": { "id": "+690+9315", "ndbi2009": -0.046581449278164655, "ndvi2009": 0.32179754227399826, "first": 1, "grid_id": 93155000690, "sensor": "landsat7", "year": "2009", "ndvi2012": 0.16309599007945511, "ndbi2012": -0.033224452594367911, "ndvi2015": 0.34175804210826755, "ndbi2015": -0.014264777048083493, "ndvi2018": null, "ndbi2018": null, "ndvi2021": 0.31175433355383575, "ndbi2021": -0.0091437272785697132, "ndvi2024": 0.28231400670483708, "ndbi2024": 0.0073629019170766688 }, "geometry": { "type": "Polygon", "coordinates": [ [ [ 106.717160672997139, -6.185345782444105 ], [ 106.717189878637384, -6.194387950727728 ], [ 106.726224942944924, -6.194358623572378 ], [ 106.726195583818523, -6.185316498416872 ], [ 106.717160672997139, -6.185345782444105 ] ] ] } },
{ "type": "Feature", "properties": { "id": "+690+9316", "ndbi2009": -0.017102774627068461, "ndvi2009": 0.27603991756252216, "first": 1, "grid_id": 93165000690, "sensor": "landsat7", "year": "2009", "ndvi2012": 0.061709407804643415, "ndbi2012": 0.011429701522723133, "ndvi2015": 0.30948582361726201, "ndbi2015": 0.0061430258019005545, "ndvi2018": null, "ndbi2018": null, "ndvi2021": 0.27443612276339063, "ndbi2021": 0.016937575912943072, "ndvi2024": 0.26405533961221284, "ndbi2024": 0.026387915745669718 }, "geometry": { "type": "Polygon", "coordinates": [ [ [ 106.717131510835358, -6.176303610944514 ], [ 106.717160672997139, -6.185345782444105 ], [ 106.726195583818523, -6.185316498416872 ], [ 106.726166268413138, -6.17627437005438 ], [ 106.717131510835358, -6.176303610944514 ] ] ] } },
{ "type": "Feature", "properties": { "id": "+690+9317", "ndbi2009": -0.0063419240877919938, "ndvi2009": 0.25720549991820013, "first": 1, "grid_id": 93175000690, "sensor": "landsat7", "year": "2009", "ndvi2012": 0.064960404808516628, "ndbi2012": 0.0089960061077363207, "ndvi2015": 0.34017588838469237, "ndbi2015": -0.014362250599333494, "ndvi2018": null, "ndbi2018": null, "ndvi2021": 0.20688190648797899, "ndbi2021": 0.065078898194769863, "ndvi2024": 0.20634199125925079, "ndbi2024": 0.052720486721227644 }, "geometry": { "type": "Polygon", "coordinates": [ [ [ 106.717102392170005, -6.167261436246919 ], [ 106.717131510835358, -6.176303610944514 ], [ 106.726166268413138, -6.17627437005438 ], [ 106.726136996719774, -6.167232238484902 ], [ 106.717102392170005, -6.167261436246919 ] ] ] } },
{ "type": "Feature", "properties": { "id": "+690+9318", "ndbi2009": -0.006499507763692236, "ndvi2009": 0.25088973063975573, "first": 1, "grid_id": 93185000690, "sensor": "landsat7", "year": "2009", "ndvi2012": 0.1592319744231645, "ndbi2012": -0.032954374324617675, "ndvi2015": 0.3184000754263252, "ndbi2015": -0.015096655134584584, "ndvi2018": null, "ndbi2018": null, "ndvi2021": 0.24001865013269708, "ndbi2021": 0.035340651680598967, "ndvi2024": 0.27287316881120205, "ndbi2024": 0.029729108737228668 }, "geometry": { "type": "Polygon", "coordinates": [ [ [ 106.717073316983104, -6.158219258351322 ], [ 106.717102392170005, -6.167261436246919 ], [ 106.726136996719774, -6.167232238484902 ], [ 106.726107768729449, -6.158190103717422 ], [ 106.717073316983104, -6.158219258351322 ] ] ] } },
{ "type": "Feature", "properties": { "id": "+690+9319", "ndbi2009": 0.014473993886335223, "ndvi2009": 0.22191018321934869, "first": 1, "grid_id": 93195000690, "sensor": "landsat7", "year": "2009", "ndvi2012": 0.052005227523691522, "ndbi2012": -0.0033668270005899302, "ndvi2015": 0.26783386936374737, "ndbi2015": 0.010551001763373029, "ndvi2018": null, "ndbi2018": null, "ndvi2021": 0.23029471869562188, "ndbi2021": 0.026916912125021803, "ndvi2024": 0.26126169316908893, "ndbi2024": 0.029462690344628166 }, "geometry": { "type": "Polygon", "coordinates": [ [ [ 106.717044285265686, -6.149177077266707 ], [ 106.717073316983104, -6.158219258351322 ], [ 106.726107768729449, -6.158190103717422 ], [ 106.726078584451145, -6.149147965751941 ], [ 106.717044285265686, -6.149177077266707 ] ] ] } },
{ "type": "Feature", "properties": { "id": "+690+9320", "ndbi2009": 0.021370621494497751, "ndvi2009": 0.22124471701681617, "first": 1, "grid_id": 93205000690, "sensor": "landsat7", "year": "2009", "ndvi2012": -0.043017831689212471, "ndbi2012": 0.049489524331875145, "ndvi2015": 0.24729793006554246, "ndbi2015": 0.011230390773562251, "ndvi2018": null, "ndbi2018": null, "ndvi2021": 0.19339317921549082, "ndbi2021": 0.067849526996724308, "ndvi2024": 0.16582288919016719, "ndbi2024": 0.054730392061173916 }, "geometry": { "type": "Polygon", "coordinates": [ [ [ 106.717015297035701, -6.140134892993072 ], [ 106.717044285265686, -6.149177077266707 ], [ 106.726078584451145, -6.149147965751941 ], [ 106.72604944387588, -6.140105824606422 ], [ 106.717015297035701, -6.140134892993072 ] ] ] } },
{ "type": "Feature", "properties": { "id": "+690+9321", "ndbi2009": 0.003465015446679212, "ndvi2009": 0.21371879815820632, "first": 1, "grid_id": 93215000690, "sensor": "landsat7", "year": "2009", "ndvi2012": 0.00723160795984775, "ndbi2012": 0.036829464210886648, "ndvi2015": 0.22014497361314575, "ndbi2015": 0.0023128667275245322, "ndvi2018": null, "ndbi2018": null, "ndvi2021": 0.18312701735440201, "ndbi2021": 0.076061837287165049, "ndvi2024": 0.15103106265227625, "ndbi2024": 0.038857268521518218 }, "geometry": { "type": "Polygon", "coordinates": [ [ [ 106.716986352266218, -6.131092705530418 ], [ 106.717015297035701, -6.140134892993072 ], [ 106.72604944387588, -6.140105824606422 ], [ 106.726020347003654, -6.131063680262902 ], [ 106.716986352266218, -6.131092705530418 ] ] ] } },
{ "type": "Feature", "properties": { "id": "+690+9322", "ndbi2009": -0.0046489861706504598, "ndvi2009": 0.16247499879682437, "first": 1, "grid_id": 93225000690, "sensor": "landsat7", "year": "2009", "ndvi2012": 0.049647081767034258, "ndbi2012": 0.023417704747771498, "ndvi2015": 0.21115844551241025, "ndbi2015": 0.017101132757034062, "ndvi2018": null, "ndbi2018": null, "ndvi2021": 0.14873628798522986, "ndbi2021": 0.087714955516275964, "ndvi2024": 0.12413499553804287, "ndbi2024": 0.041106358765318873 }, "geometry": { "type": "Polygon", "coordinates": [ [ [ 106.71695745096622, -6.122050514887727 ], [ 106.716986352266218, -6.131092705530418 ], [ 106.726020347003654, -6.131063680262902 ], [ 106.725991293825487, -6.122021532748328 ], [ 106.71695745096622, -6.122050514887727 ] ] ] } },
{ "type": "Feature", "properties": { "id": "+690+9323", "ndbi2009": 0.017162414961585812, "ndvi2009": 0.15384624027738386, "first": 1, "grid_id": 93235000690, "sensor": "landsat7", "year": "2009", "ndvi2012": 0.10857275447570811, "ndbi2012": 0.02723459464077856, "ndvi2015": 0.2081913313444923, "ndbi2015": 0.041198097269836011, "ndvi2018": null, "ndbi2018": null, "ndvi2021": 0.14874450266361236, "ndbi2021": 0.10714970231056214, "ndvi2024": 0.10965605169242504, "ndbi2024": 0.060934521951803981 }, "geometry": { "type": "Polygon", "coordinates": [ [ [ 106.716928593135691, -6.113008321073984 ], [ 106.71695745096622, -6.122050514887727 ], [ 106.725991293825487, -6.122021532748328 ], [ 106.725962284332383, -6.112979382053719 ], [ 106.716928593135691, -6.113008321073984 ] ] ] } },
{ "type": "Feature", "properties": { "id": "+690+9324", "ndbi2009": -0.094497519789957532, "ndvi2009": 0.11080774072484643, "first": 1, "grid_id": 93245000690, "sensor": "landsat7", "year": "2009", "ndvi2012": 0.10868567184490317, "ndbi2012": -0.054496230754782174, "ndvi2015": 0.17026238231097951, "ndbi2015": 0.024592663844426474, "ndvi2018": null, "ndbi2018": null, "ndvi2021": 0.1471868214946167, "ndbi2021": 0.10734807708684137, "ndvi2024": 0.10319686524716079, "ndbi2024": 0.082762909344598359 }, "geometry": { "type": "Polygon", "coordinates": [ [ [ 106.71689977875667, -6.103966124089188 ], [ 106.716928593135691, -6.113008321073984 ], [ 106.725962284332383, -6.112979382053719 ], [ 106.725933318533336, -6.103937228188055 ], [ 106.71689977875667, -6.103966124089188 ] ] ] } },
{ "type": "Feature", "properties": { "id": "+690+9325", "ndbi2009": -0.15853369855176427, "ndvi2009": 0.067991481664648745, "first": 1, "grid_id": 93255000690, "sensor": "landsat7", "year": "2009", "ndvi2012": 0.089623784355353564, "ndbi2012": -0.10433596609800588, "ndvi2015": 0.16386272176168859, "ndbi2015": -0.035705890000826912, "ndvi2018": null, "ndbi2018": null, "ndvi2021": 0.21126426907721907, "ndbi2021": 0.022967461991356689, "ndvi2024": 0.1975121907889843, "ndbi2024": 0.017036063727573488 }, "geometry": { "type": "Polygon", "coordinates": [ [ [ 106.716871007838137, -6.094923923942321 ], [ 106.71689977875667, -6.103966124089188 ], [ 106.725933318533336, -6.103937228188055 ], [ 106.725904396419367, -6.09489507115134 ], [ 106.716871007838137, -6.094923923942321 ] ] ] } },
{ "type": "Feature", "properties": { "id": "+691+9312", "ndbi2009": 0.0055997377885432797, "ndvi2009": 0.27498723845928907, "first": 1, "grid_id": 93125000691, "sensor": "landsat7", "year": "2009", "ndvi2012": 0.11237663426436482, "ndbi2012": 0.012399716573327169, "ndvi2015": 0.36122276575770229, "ndbi2015": -0.003442691493546588, "ndvi2018": null, "ndbi2018": null, "ndvi2021": 0.22422135563101619, "ndbi2021": 0.082192223504534923, "ndvi2024": 0.23471484548645091, "ndbi2024": 0.10687753150705248 }, "geometry": { "type": "Polygon", "coordinates": [ [ [ 106.726283792360718, -6.212442864235484 ], [ 106.726313282659106, -6.221484979743084 ], [ 106.735348765051569, -6.221455368791969 ], [ 106.735319120584307, -6.212413296655031 ], [ 106.726283792360718, -6.212442864235484 ] ] ] } },
{ "type": "Feature", "properties": { "id": "+691+9313", "ndbi2009": -0.014929151000253832, "ndvi2009": 0.30552424204889495, "first": 1, "grid_id": 93135000691, "sensor": "landsat7", "year": "2009", "ndvi2012": 0.12401192609337564, "ndbi2012": 0.012057016451132425, "ndvi2015": 0.38416272432961945, "ndbi2015": -0.031185211360662244, "ndvi2018": null, "ndbi2018": null, "ndvi2021": 0.25049002016878291, "ndbi2021": 0.026714256805617637, "ndvi2024": 0.26369215205363694, "ndbi2024": 0.068313348661939444 }, "geometry": { "type": "Polygon", "coordinates": [ [ [ 106.726254345792313, -6.203400745511916 ], [ 106.726283792360718, -6.212442864235484 ], [ 106.735319120584307, -6.212413296655031 ], [ 106.735289520080599, -6.203371221284158 ], [ 106.726254345792313, -6.203400745511916 ] ] ] } },
{ "type": "Feature", "properties": { "id": "+691+9314", "ndbi2009": -0.028153083021607021, "ndvi2009": 0.30230527411913505, "first": 1, "grid_id": 93145000691, "sensor": "landsat7", "year": "2009", "ndvi2012": 0.134740109089762, "ndbi2012": -0.0058927398204105001, "ndvi2015": 0.38223319139797246, "ndbi2015": -0.037993717516656041, "ndvi2018": null, "ndbi2018": null, "ndvi2021": 0.25388952856883412, "ndbi2021": 0.0040283620764967071, "ndvi2024": 0.25116335123311728, "ndbi2024": 0.034572906673361103 }, "geometry": { "type": "Polygon", "coordinates": [ [ [ 106.726224942944924, -6.194358623572378 ], [ 106.726254345792313, -6.203400745511916 ], [ 106.735289520080599, -6.203371221284158 ], [ 106.735259963531462, -6.1943291427063 ], [ 106.726224942944924, -6.194358623572378 ] ] ] } },
{ "type": "Feature", "properties": { "id": "+691+9315", "ndbi2009": -0.022364765438525117, "ndvi2009": 0.27444307178843258, "first": 1, "grid_id": 93155000691, "sensor": "landsat7", "year": "2009", "ndvi2012": 0.10968299423362696, "ndbi2012": 0.0041843260830158688, "ndvi2015": 0.36035814039847436, "ndbi2015": -0.028509131906663675, "ndvi2018": null, "ndbi2018": null, "ndvi2021": 0.23910297634554845, "ndbi2021": -0.0092373496670202886, "ndvi2024": 0.22913067895992131, "ndbi2024": 0.0048702624365093879 }, "geometry": { "type": "Polygon", "coordinates": [ [ [ 106.726195583818523, -6.185316498416872 ], [ 106.726224942944924, -6.194358623572378 ], [ 106.735259963531462, -6.1943291427063 ], [ 106.735230450927901, -6.185287060903489 ], [ 106.726195583818523, -6.185316498416872 ] ] ] } },
{ "type": "Feature", "properties": { "id": "+691+9316", "ndbi2009": -0.013824250538121252, "ndvi2009": 0.2716989026350134, "first": 1, "grid_id": 93165000691, "sensor": "landsat7", "year": "2009", "ndvi2012": 0.10952407618363699, "ndbi2012": 0.013198065234567312, "ndvi2015": 0.32587709368443962, "ndbi2015": -0.0057823799039218946, "ndvi2018": null, "ndbi2018": null, "ndvi2021": 0.2593547587301217, "ndbi2021": 0.022050366530596624, "ndvi2024": 0.2461969754275154, "ndbi2024": 0.028602853727837406 }, "geometry": { "type": "Polygon", "coordinates": [ [ [ 106.726166268413138, -6.17627437005438 ], [ 106.726195583818523, -6.185316498416872 ], [ 106.735230450927901, -6.185287060903489 ], [ 106.73520098226993, -6.176244975893693 ], [ 106.726166268413138, -6.17627437005438 ] ] ] } },
{ "type": "Feature", "properties": { "id": "+691+9317", "ndbi2009": 0.0048737829019955842, "ndvi2009": 0.25707028096076101, "first": 1, "grid_id": 93175000691, "sensor": "landsat7", "year": "2009", "ndvi2012": 0.11278563065570779, "ndbi2012": -0.0049905697342182975, "ndvi2015": 0.30002615798730403, "ndbi2015": 0.00530709342820046, "ndvi2018": null, "ndbi2018": null, "ndvi2021": 0.2585954240057618, "ndbi2021": 0.06341638247249648, "ndvi2024": 0.23692773457150906, "ndbi2024": 0.065340675864717937 }, "geometry": { "type": "Polygon", "coordinates": [ [ [ 106.726136996719774, -6.167232238484902 ], [ 106.726166268413138, -6.17627437005438 ], [ 106.73520098226993, -6.176244975893693 ], [ 106.735171557548554, -6.167202887685894 ], [ 106.726136996719774, -6.167232238484902 ] ] ] } },
{ "type": "Feature", "properties": { "id": "+691+9318", "ndbi2009": 0.024588565166130304, "ndvi2009": 0.22355802280931017, "first": 1, "grid_id": 93185000691, "sensor": "landsat7", "year": "2009", "ndvi2012": 0.032728943885780688, "ndbi2012": -0.00096720367611393158, "ndvi2015": 0.23954563353240019, "ndbi2015": 0.026306000144008222, "ndvi2018": null, "ndbi2018": null, "ndvi2021": 0.19932847478844989, "ndbi2021": 0.071392588684056679, "ndvi2024": 0.2114067674856486, "ndbi2024": 0.081525204776544263 }, "geometry": { "type": "Polygon", "coordinates": [ [ [ 106.726107768729449, -6.158190103717422 ], [ 106.726136996719774, -6.167232238484902 ], [ 106.735171557548554, -6.167202887685894 ], [ 106.735142176772769, -6.15816079627111 ], [ 106.726107768729449, -6.158190103717422 ] ] ] } },
{ "type": "Feature", "properties": { "id": "+691+9319", "ndbi2009": 0.047183392915030709, "ndvi2009": 0.18417038884945217, "first": 1, "grid_id": 93195000691, "sensor": "landsat7", "year": "2009", "ndvi2012": -0.05441544268978759, "ndbi2012": 0.054156299127498642, "ndvi2015": 0.22029440256301314, "ndbi2015": 0.035920535361583461, "ndvi2018": null, "ndbi2018": null, "ndvi2021": 0.15043170555145483, "ndbi2021": 0.084647691350255627, "ndvi2024": 0.18971624126425013, "ndbi2024": 0.1107497089979006 }, "geometry": { "type": "Polygon", "coordinates": [ [ [ 106.726078584451145, -6.149147965751941 ], [ 106.726107768729449, -6.158190103717422 ], [ 106.735142176772769, -6.15816079627111 ], [ 106.735112839933578, -6.149118701658323 ], [ 106.726078584451145, -6.149147965751941 ] ] ] } },
{ "type": "Feature", "properties": { "id": "+691+9320", "ndbi2009": 0.035540772897793962, "ndvi2009": 0.188696526779848, "first": 1, "grid_id": 93205000691, "sensor": "landsat7", "year": "2009", "ndvi2012": -0.0013342706084835745, "ndbi2012": 0.053083500441839446, "ndvi2015": 0.21636285851983464, "ndbi2015": 0.01154491179211832, "ndvi2018": null, "ndbi2018": null, "ndvi2021": 0.15429532171464433, "ndbi2021": 0.081515270792970468, "ndvi2024": 0.1438339384163127, "ndbi2024": 0.093070791851656093 }, "geometry": { "type": "Polygon", "coordinates": [ [ [ 106.72604944387588, -6.140105824606422 ], [ 106.726078584451145, -6.149147965751941 ], [ 106.735112839933578, -6.149118701658323 ], [ 106.735083547022001, -6.140076603856517 ], [ 106.72604944387588, -6.140105824606422 ] ] ] } },
{ "type": "Feature", "properties": { "id": "+691+9321", "ndbi2009": 0.0033035595261026165, "ndvi2009": 0.18409692915156484, "first": 1, "grid_id": 93215000691, "sensor": "landsat7", "year": "2009", "ndvi2012": 0.022792689618654549, "ndbi2012": 0.014006216486905032, "ndvi2015": 0.19332472095265985, "ndbi2015": -0.0051105004567943996, "ndvi2018": null, "ndbi2018": null, "ndvi2021": 0.1540024692658335, "ndbi2021": 0.055743755307048559, "ndvi2024": 0.11395575222559272, "ndbi2024": 0.030085939506534487 }, "geometry": { "type": "Polygon", "coordinates": [ [ [ 106.726020347003654, -6.131063680262902 ], [ 106.72604944387588, -6.140105824606422 ], [ 106.735083547022001, -6.140076603856517 ], [ 106.735054298038051, -6.131034502865693 ], [ 106.726020347003654, -6.131063680262902 ] ] ] } },
{ "type": "Feature", "properties": { "id": "+691+9322", "ndbi2009": -0.0046733428316656491, "ndvi2009": 0.11897351371590048, "first": 1, "grid_id": 93225000691, "sensor": "landsat7", "year": "2009", "ndvi2012": 0.036984571313951171, "ndbi2012": 0.011632190944510514, "ndvi2015": 0.2015793826431036, "ndbi2015": 0.016000607109162956, "ndvi2018": null, "ndbi2018": null, "ndvi2021": 0.1557174373883754, "ndbi2021": 0.073209512978792191, "ndvi2024": 0.11352614802308381, "ndbi2024": 0.03184699360281229 }, "geometry": { "type": "Polygon", "coordinates": [ [ [ 106.725991293825487, -6.122021532748328 ], [ 106.726020347003654, -6.131063680262902 ], [ 106.735054298038051, -6.131034502865693 ], [ 106.735025092981715, -6.121992398694831 ], [ 106.725991293825487, -6.122021532748328 ] ] ] } },
{ "type": "Feature", "properties": { "id": "+691+9323", "ndbi2009": -0.02724123081813256, "ndvi2009": 0.12506268937505927, "first": 1, "grid_id": 93235000691, "sensor": "landsat7", "year": "2009", "ndvi2012": 0.13650638899382425, "ndbi2012": 0.0026682167441821562, "ndvi2015": 0.27362616868580092, "ndbi2015": -0.02600939228546386, "ndvi2018": null, "ndbi2018": null, "ndvi2021": 0.22477372867219589, "ndbi2021": 0.017484298962004048, "ndvi2024": 0.19647871290936192, "ndbi2024": -0.015904693510018143 }, "geometry": { "type": "Polygon", "coordinates": [ [ [ 106.725962284332383, -6.112979382053719 ], [ 106.725991293825487, -6.122021532748328 ], [ 106.735025092981715, -6.121992398694831 ], [ 106.734995931844011, -6.112950291352917 ], [ 106.725962284332383, -6.112979382053719 ] ] ] } },
{ "type": "Feature", "properties": { "id": "+691+9324", "ndbi2009": -0.17325205024098977, "ndvi2009": 0.11211995104895323, "first": 1, "grid_id": 93245000691, "sensor": "landsat7", "year": "2009", "ndvi2012": 0.1478632072976325, "ndbi2012": -0.13098279345285849, "ndvi2015": 0.36841030226787552, "ndbi2015": -0.16368272737599912, "ndvi2018": null, "ndbi2018": null, "ndvi2021": 0.34182874107500538, "ndbi2021": -0.14342136232880875, "ndvi2024": 0.32452701820875524, "ndbi2024": -0.15817657241132113 }, "geometry": { "type": "Polygon", "coordinates": [ [ [ 106.725933318533336, -6.103937228188055 ], [ 106.725962284332383, -6.112979382053719 ], [ 106.734995931844011, -6.112950291352917 ], [ 106.73496681462494, -6.103908180830967 ], [ 106.725933318533336, -6.103937228188055 ] ] ] } },
{ "type": "Feature", "properties": { "id": "+691+9325", "ndbi2009": -0.32824750761775412, "ndvi2009": -0.030028626151090747, "first": 1, "grid_id": 93255000691, "sensor": "landsat7", "year": "2009", "ndvi2012": 0.060250594919803099, "ndbi2012": -0.25744257344334731, "ndvi2015": 0.26021953195917841, "ndbi2015": -0.19448777159639435, "ndvi2018": null, "ndbi2018": null, "ndvi2021": 0.29291474515316535, "ndbi2021": -0.13872609956591736, "ndvi2024": 0.31141179756206627, "ndbi2024": -0.1560895243111779 }, "geometry": { "type": "Polygon", "coordinates": [ [ [ 106.725904396419367, -6.09489507115134 ], [ 106.725933318533336, -6.103937228188055 ], [ 106.73496681462494, -6.103908180830967 ], [ 106.73493774131552, -6.094866067137964 ], [ 106.725904396419367, -6.09489507115134 ] ] ] } },
{ "type": "Feature", "properties": { "id": "+692+9311", "ndbi2009": -0.011913024433530294, "ndvi2009": 0.30930718244650429, "first": 1, "grid_id": 93115000692, "sensor": "landsat7", "year": "2009", "ndvi2012": 0.086227156718571979, "ndbi2012": 0.037147041674082469, "ndvi2015": 0.31616933490985477, "ndbi2015": 0.027168732308424429, "ndvi2018": null, "ndbi2018": null, "ndvi2021": 0.23854888776938118, "ndbi2021": 0.040266082168389582, "ndvi2024": 0.26805146634578708, "ndbi2024": 0.065674384183083204 }, "geometry": { "type": "Polygon", "coordinates": [ [ [ 106.735348765051569, -6.221455368791969 ], [ 106.735378453473388, -6.230497437703955 ], [ 106.744414046286764, -6.230467628773136 ], [ 106.744384203480479, -6.221425603447407 ], [ 106.735348765051569, -6.221455368791969 ] ] ] } },
{ "type": "Feature", "properties": { "id": "+692+9312", "ndbi2009": -0.045786831027975206, "ndvi2009": 0.3566326740540956, "first": 1, "grid_id": 93125000692, "sensor": "landsat7", "year": "2009", "ndvi2012": 0.10258224726768961, "ndbi2012": 0.03062974786255182, "ndvi2015": 0.39637080148646714, "ndbi2015": -0.03381414784674059, "ndvi2018": null, "ndbi2018": null, "ndvi2021": 0.27824521817659081, "ndbi2021": 0.014503950021115311, "ndvi2024": 0.31197378635406492, "ndbi2024": 0.03943451700993536 }, "geometry": { "type": "Polygon", "coordinates": [ [ [ 106.735319120584307, -6.212413296655031 ], [ 106.735348765051569, -6.221455368791969 ], [ 106.744384203480479, -6.221425603447407 ], [ 106.744354404853325, -6.212383574896727 ], [ 106.735319120584307, -6.212413296655031 ] ] ] } },
{ "type": "Feature", "properties": { "id": "+692+9313", "ndbi2009": -0.041307522784846069, "ndvi2009": 0.33683376936133269, "first": 1, "grid_id": 93135000692, "sensor": "landsat7", "year": "2009", "ndvi2012": 0.1518866776376383, "ndbi2012": 0.0079535692060503978, "ndvi2015": 0.3664821556801926, "ndbi2015": -0.017309388529929668, "ndvi2018": null, "ndbi2018": null, "ndvi2021": 0.26754766308380012, "ndbi2021": 0.013347572980426861, "ndvi2024": 0.31297908358072957, "ndbi2024": 0.039954699401957519 }, "geometry": { "type": "Polygon", "coordinates": [ [ [ 106.735289520080599, -6.203371221284158 ], [ 106.735319120584307, -6.212413296655031 ], [ 106.744354404853325, -6.212383574896727 ], [ 106.744324650414313, -6.203341543121094 ], [ 106.735289520080599, -6.203371221284158 ] ] ] } },
{ "type": "Feature", "properties": { "id": "+692+9314", "ndbi2009": -0.020027950973599218, "ndvi2009": 0.26081135054118931, "first": 1, "grid_id": 93145000692, "sensor": "landsat7", "year": "2009", "ndvi2012": 0.12911237654043362, "ndbi2012": 0.0053764550248160941, "ndvi2015": 0.34053613990545278, "ndbi2015": -0.011281070648692547, "ndvi2018": null, "ndbi2018": null, "ndvi2021": 0.24001753306947649, "ndbi2021": 0.0019614386401372035, "ndvi2024": 0.29376743454486126, "ndbi2024": 0.028193120899686619 }, "geometry": { "type": "Polygon", "coordinates": [ [ [ 106.735259963531462, -6.1943291427063 ], [ 106.735289520080599, -6.203371221284158 ], [ 106.744324650414313, -6.203341543121094 ], [ 106.744294940163428, -6.194299508120509 ], [ 106.735259963531462, -6.1943291427063 ] ] ] } },
{ "type": "Feature", "properties": { "id": "+692+9315", "ndbi2009": -0.009143872179237067, "ndvi2009": 0.22419804609289357, "first": 1, "grid_id": 93155000692, "sensor": "landsat7", "year": "2009", "ndvi2012": 0.094551118083444297, "ndbi2012": 0.0088331505291017864, "ndvi2015": 0.34963170769167884, "ndbi2015": -0.025326309864427531, "ndvi2018": null, "ndbi2018": null, "ndvi2021": 0.20514037679223454, "ndbi2021": -0.012004681160746544, "ndvi2024": 0.26421721793857278, "ndbi2024": 0.010528964367147318 }, "geometry": { "type": "Polygon", "coordinates": [ [ [ 106.735230450927901, -6.185287060903489 ], [ 106.735259963531462, -6.1943291427063 ], [ 106.744294940163428, -6.194299508120509 ], [ 106.744265274082707, -6.185257469903957 ], [ 106.735230450927901, -6.185287060903489 ] ] ] } },
{ "type": "Feature", "properties": { "id": "+692+9316", "ndbi2009": -0.017083209981137774, "ndvi2009": 0.23447451292304325, "first": 1, "grid_id": 93165000692, "sensor": "landsat7", "year": "2009", "ndvi2012": 0.16423484013648704, "ndbi2012": -0.023540761036201733, "ndvi2015": 0.34663900267332792, "ndbi2015": -0.021609113362501375, "ndvi2018": null, "ndbi2018": null, "ndvi2021": 0.23373705585254356, "ndbi2021": 0.0062922934239395562, "ndvi2024": 0.25612612493569031, "ndbi2024": 0.027738939796108752 }, "geometry": { "type": "Polygon", "coordinates": [ [ [ 106.73520098226993, -6.176244975893693 ], [ 106.735230450927901, -6.185287060903489 ], [ 106.744265274082707, -6.185257469903957 ], [ 106.744235652181132, -6.176215428480418 ], [ 106.73520098226993, -6.176244975893693 ] ] ] } },
{ "type": "Feature", "properties": { "id": "+692+9317", "ndbi2009": -0.011714769094525016, "ndvi2009": 0.23416443227552902, "first": 1, "grid_id": 93175000692, "sensor": "landsat7", "year": "2009", "ndvi2012": 0.14834484668339001, "ndbi2012": -0.019932538185122556, "ndvi2015": 0.30817517305121706, "ndbi2015": 0.0015286941373465115, "ndvi2018": null, "ndbi2018": null, "ndvi2021": 0.31127585663514978, "ndbi2021": 0.0031376386390012875, "ndvi2024": 0.28733236865670075, "ndbi2024": 0.020625463128089903 }, "geometry": { "type": "Polygon", "coordinates": [ [ [ 106.735171557548554, -6.167202887685894 ], [ 106.73520098226993, -6.176244975893693 ], [ 106.744235652181132, -6.176215428480418 ], [ 106.744206074449707, -6.167173383849894 ], [ 106.735171557548554, -6.167202887685894 ] ] ] } },
{ "type": "Feature", "properties": { "id": "+692+9318", "ndbi2009": 0.0065084365196526042, "ndvi2009": 0.21821897628251466, "first": 1, "grid_id": 93185000692, "sensor": "landsat7", "year": "2009", "ndvi2012": 0.0082635472645051812, "ndbi2012": 0.02762450230147806, "ndvi2015": 0.23065964307170364, "ndbi2015": 0.022225163884286303, "ndvi2018": null, "ndbi2018": null, "ndvi2021": 0.22059634386096152, "ndbi2021": 0.050481241283705458, "ndvi2024": 0.20316899725003165, "ndbi2024": 0.069309862301452099 }, "geometry": { "type": "Polygon", "coordinates": [ [ [ 106.735142176772769, -6.15816079627111 ], [ 106.735171557548554, -6.167202887685894 ], [ 106.744206074449707, -6.167173383849894 ], [ 106.744176540888461, -6.158131336012384 ], [ 106.735142176772769, -6.15816079627111 ] ] ] } },
{ "type": "Feature", "properties": { "id": "+692+9319", "ndbi2009": 0.023212533000332769, "ndvi2009": 0.16771002364112064, "first": 1, "grid_id": 93195000692, "sensor": "landsat7", "year": "2009", "ndvi2012": -0.08966087264707312, "ndbi2012": 0.081101588846649975, "ndvi2015": 0.19643879123032093, "ndbi2015": 0.043667240628565196, "ndvi2018": null, "ndbi2018": null, "ndvi2021": 0.099766201921738698, "ndbi2021": 0.13298585673328489, "ndvi2024": 0.10765627591172233, "ndbi2024": 0.1614156027790159 }, "geometry": { "type": "Polygon", "coordinates": [ [ [ 106.735112839933578, -6.149118701658323 ], [ 106.735142176772769, -6.15816079627111 ], [ 106.744176540888461, -6.158131336012384 ], [ 106.744147051488383, -6.149089284976872 ], [ 106.735112839933578, -6.149118701658323 ] ] ] } },
{ "type": "Feature", "properties": { "id": "+692+9320", "ndbi2009": 0.024074496522399721, "ndvi2009": 0.13415833919071685, "first": 1, "grid_id": 93205000692, "sensor": "landsat7", "year": "2009", "ndvi2012": -0.0060499517941007448, "ndbi2012": 0.065381461578505745, "ndvi2015": 0.20644185636557782, "ndbi2015": 0.03678441509312274, "ndvi2018": null, "ndbi2018": null, "ndvi2021": 0.10911058923777411, "ndbi2021": 0.15538085006615693, "ndvi2024": 0.10783571510338316, "ndbi2024": 0.14720610710335713 }, "geometry": { "type": "Polygon", "coordinates": [ [ [ 106.735083547022001, -6.140076603856517 ], [ 106.735112839933578, -6.149118701658323 ], [ 106.744147051488383, -6.149089284976872 ], [ 106.744117606240508, -6.140047230752341 ], [ 106.735083547022001, -6.140076603856517 ] ] ] } },
{ "type": "Feature", "properties": { "id": "+692+9321", "ndbi2009": 0.017100642133300425, "ndvi2009": 0.1354667036794126, "first": 1, "grid_id": 93215000692, "sensor": "landsat7", "year": "2009", "ndvi2012": 0.030345348503033168, "ndbi2012": 0.026812968140177418, "ndvi2015": 0.20210036233766007, "ndbi2015": 0.025598022917620252, "ndvi2018": null, "ndbi2018": null, "ndvi2021": 0.095497172704199329, "ndbi2021": 0.12910037810797803, "ndvi2024": 0.077393779152771458, "ndbi2024": 0.10715212932700525 }, "geometry": { "type": "Polygon", "coordinates": [ [ [ 106.735054298038051, -6.131034502865693 ], [ 106.735083547022001, -6.140076603856517 ], [ 106.744117606240508, -6.140047230752341 ], [ 106.744088205162797, -6.13100517333879 ], [ 106.735054298038051, -6.131034502865693 ] ] ] } },
{ "type": "Feature", "properties": { "id": "+692+9322", "ndbi2009": 0.0083542560537656144, "ndvi2009": 0.13278733160273701, "first": 1, "grid_id": 93225000692, "sensor": "landsat7", "year": "2009", "ndvi2012": 0.019275362943025197, "ndbi2012": 0.036867990605898342, "ndvi2015": 0.24440694831165613, "ndbi2015": 0.000378832723214928, "ndvi2018": null, "ndbi2018": null, "ndvi2021": 0.16476995515472748, "ndbi2021": 0.036876134253015697, "ndvi2024": 0.16934026339474845, "ndbi2024": 0.021623430948923612 }, "geometry": { "type": "Polygon", "coordinates": [ [ [ 106.735025092981715, -6.121992398694831 ], [ 106.735054298038051, -6.131034502865693 ], [ 106.744088205162797, -6.13100517333879 ], [ 106.744058848228292, -6.121963112745203 ], [ 106.735025092981715, -6.121992398694831 ] ] ] } },
{ "type": "Feature", "properties": { "id": "+692+9323", "ndbi2009": -0.047222718974808224, "ndvi2009": 0.22094522358383983, "first": 1, "grid_id": 93235000692, "sensor": "landsat7", "year": "2009", "ndvi2012": 0.13805356749799103, "ndbi2012": -0.0054811022710055113, "ndvi2015": 0.32495651533827186, "ndbi2015": -0.070719779934734106, "ndvi2018": null, "ndbi2018": null, "ndvi2021": 0.27113486593589187, "ndbi2021": -0.044961826177313924, "ndvi2024": 0.26486503891646862, "ndbi2024": -0.071188367321155965 }, "geometry": { "type": "Polygon", "coordinates": [ [ [ 106.734995931844011, -6.112950291352917 ], [ 106.735025092981715, -6.121992398694831 ], [ 106.744058848228292, -6.121963112745203 ], [ 106.744029535436994, -6.112921048971581 ], [ 106.734995931844011, -6.112950291352917 ] ] ] } },
{ "type": "Feature", "properties": { "id": "+692+9324", "ndbi2009": -0.20814816706320818, "ndvi2009": 0.21010528671390871, "first": 1, "grid_id": 93245000692, "sensor": "landsat7", "year": "2009", "ndvi2012": 0.19836411663130221, "ndbi2012": -0.11914923337160371, "ndvi2015": 0.36610930456834684, "ndbi2015": -0.15071283497062385, "ndvi2018": null, "ndbi2018": null, "ndvi2021": 0.32359613916453195, "ndbi2021": -0.12859344239912779, "ndvi2024": 0.29813620062435375, "ndbi2024": -0.14131182137073256 }, "geometry": { "type": "Polygon", "coordinates": [ [ [ 106.73496681462494, -6.103908180830967 ], [ 106.734995931844011, -6.112950291352917 ], [ 106.744029535436994, -6.112921048971581 ], [ 106.744000266797912, -6.103878982017921 ], [ 106.73496681462494, -6.103908180830967 ] ] ] } },
{ "type": "Feature", "properties": { "id": "+692+9326", "ndbi2009": -0.4538003044435755, "ndvi2009": -0.21333093754947188, "first": 1, "grid_id": 93265000692, "sensor": "landsat7", "year": "2009", "ndvi2012": -0.11102896025113296, "ndbi2012": -0.36279735015705228, "ndvi2015": 0.052847654558718211, "ndbi2015": -0.004957244473189351, "ndvi2018": null, "ndbi2018": null, "ndvi2021": 0.11815758253214882, "ndbi2021": 0.011700136386934901, "ndvi2024": 0.19248826638795435, "ndbi2024": -0.027736347314203158 }, "geometry": { "type": "Polygon", "coordinates": [ [ [ 106.734908711915764, -6.085823950282891 ], [ 106.73493774131552, -6.094866067137964 ], [ 106.743971042302022, -6.09483691189321 ], [ 106.743941861940371, -6.085794838606428 ], [ 106.734908711915764, -6.085823950282891 ] ] ] } },
{ "type": "Feature", "properties": { "id": "+693+9309", "ndbi2009": 0.01554314418731687, "ndvi2009": 0.27775034623650408, "first": 1, "grid_id": 93095000693, "sensor": "landsat7", "year": "2009", "ndvi2012": 0.095577372846981659, "ndbi2012": 0.031358390612205349, "ndvi2015": 0.31965608092454767, "ndbi2015": 0.028831153176724911, "ndvi2018": null, "ndbi2018": null, "ndvi2021": 0.20667339804080817, "ndbi2021": 0.085743941903973997, "ndvi2024": 0.23478429327503991, "ndbi2024": 0.093647916156512051 }, "geometry": { "type": "Polygon", "coordinates": [ [ [ 106.744443933290157, -6.239509650855946 ], [ 106.744473864490672, -6.248551669704821 ], [ 106.753509722567571, -6.248521618534301 ], [ 106.753479636524446, -6.239479643505246 ], [ 106.744443933290157, -6.239509650855946 ] ] ] } },
{ "type": "Feature", "properties": { "id": "+693+9310", "ndbi2009": 0.021282338645662473, "ndvi2009": 0.26916052118457601, "first": 1, "grid_id": 93105000693, "sensor": "landsat7", "year": "2009", "ndvi2012": 0.075986270889126017, "ndbi2012": 0.034198897224369237, "ndvi2015": 0.29081930920224763, "ndbi2015": 0.050001535211400744, "ndvi2018": null, "ndbi2018": null, "ndvi2021": 0.19539193764072044, "ndbi2021": 0.038290367871201762, "ndvi2024": 0.26086654854488789, "ndbi2024": 0.081306717326414993 }, "geometry": { "type": "Polygon", "coordinates": [ [ [ 106.744414046286764, -6.230467628773136 ], [ 106.744443933290157, -6.239509650855946 ], [ 106.753479636524446, -6.239479643505246 ], [ 106.753449594911999, -6.230437665233271 ], [ 106.744414046286764, -6.230467628773136 ] ] ] } },
{ "type": "Feature", "properties": { "id": "+693+9311", "ndbi2009": -0.0063786112904256481, "ndvi2009": 0.29941881719757529, "first": 1, "grid_id": 93115000693, "sensor": "landsat7", "year": "2009", "ndvi2012": 0.09057235916455586, "ndbi2012": 0.034766677241115006, "ndvi2015": 0.31581013868836794, "ndbi2015": 0.027723419461764535, "ndvi2018": null, "ndbi2018": null, "ndvi2021": 0.25776328888593936, "ndbi2021": 0.026401742671926819, "ndvi2024": 0.27695619744413041, "ndbi2024": 0.035332178809296559 }, "geometry": { "type": "Polygon", "coordinates": [ [ [ 106.744384203480479, -6.221425603447407 ], [ 106.744414046286764, -6.230467628773136 ], [ 106.753449594911999, -6.230437665233271 ], [ 106.753419597712266, -6.221395683727363 ], [ 106.744384203480479, -6.221425603447407 ] ] ] } },
{ "type": "Feature", "properties": { "id": "+693+9312", "ndbi2009": -0.049157332182706646, "ndvi2009": 0.34310038812044591, "first": 1, "grid_id": 93125000693, "sensor": "landsat7", "year": "2009", "ndvi2012": 0.1348057578628262, "ndbi2012": 0.015657711405462276, "ndvi2015": 0.39804405822522115, "ndbi2015": -0.034818585910316974, "ndvi2018": null, "ndbi2018": null, "ndvi2021": 0.31591760905252564, "ndbi2021": 0.0019787371590306649, "ndvi2024": 0.31787016754969949, "ndbi2024": 0.0047762630294730301 }, "geometry": { "type": "Polygon", "coordinates": [ [ [ 106.744354404853325, -6.212383574896727 ], [ 106.744384203480479, -6.221425603447407 ], [ 106.753419597712266, -6.221395683727363 ], [ 106.753389644934217, -6.212353698987519 ], [ 106.744354404853325, -6.212383574896727 ] ] ] } },
{ "type": "Feature", "properties": { "id": "+693+9313", "ndbi2009": -0.042992170107027057, "ndvi2009": 0.32359998894389713, "first": 1, "grid_id": 93135000693, "sensor": "landsat7", "year": "2009", "ndvi2012": 0.1827205375302583, "ndbi2012": 0.0056493265001336104, "ndvi2015": 0.3629455961054191, "ndbi2015": -0.018982437923114048, "ndvi2018": null, "ndbi2018": null, "ndvi2021": 0.32000152004184201, "ndbi2021": -0.013220264460869657, "ndvi2024": 0.34186948952265084, "ndbi2024": -0.010934808747379066 }, "geometry": { "type": "Polygon", "coordinates": [ [ [ 106.744324650414313, -6.203341543121094 ], [ 106.744354404853325, -6.212383574896727 ], [ 106.753389644934217, -6.212353698987519 ], [ 106.753359736568882, -6.203311711022723 ], [ 106.744324650414313, -6.203341543121094 ] ] ] } },
{ "type": "Feature", "properties": { "id": "+693+9314", "ndbi2009": 0.00027813861767450945, "ndvi2009": 0.24442427941397121, "first": 1, "grid_id": 93145000693, "sensor": "landsat7", "year": "2009", "ndvi2012": 0.14715640461620161, "ndbi2012": 0.014662171907576861, "ndvi2015": 0.32411744991938274, "ndbi2015": -0.0065979260403443776, "ndvi2018": null, "ndbi2018": null, "ndvi2021": 0.22426582130731321, "ndbi2021": 0.022942086816856673, "ndvi2024": 0.25329974422267842, "ndbi2024": 0.024185666681824286 }, "geometry": { "type": "Polygon", "coordinates": [ [ [ 106.744294940163428, -6.194299508120509 ], [ 106.744324650414313, -6.203341543121094 ], [ 106.753359736568882, -6.203311711022723 ], [ 106.753329872616249, -6.194269719832975 ], [ 106.744294940163428, -6.194299508120509 ] ] ] } },
{ "type": "Feature", "properties": { "id": "+693+9315", "ndbi2009": 0.0074683894054032845, "ndvi2009": 0.21475007641129196, "first": 1, "grid_id": 93155000693, "sensor": "landsat7", "year": "2009", "ndvi2012": 0.091720021096989512, "ndbi2012": 0.023569780722027645, "ndvi2015": 0.32730371691286564, "ndbi2015": -0.016444439170300026, "ndvi2018": null, "ndbi2018": null, "ndvi2021": 0.20594235649332407, "ndbi2021": 0.021541377049288712, "ndvi2024": 0.24167840275913477, "ndbi2024": 0.032324540661647916 }, "geometry": { "type": "Polygon", "coordinates": [ [ [ 106.744265274082707, -6.185257469903957 ], [ 106.744294940163428, -6.194299508120509 ], [ 106.753329872616249, -6.194269719832975 ], [ 106.753300053067349, -6.185227725427258 ], [ 106.744265274082707, -6.185257469903957 ] ] ] } },
{ "type": "Feature", "properties": { "id": "+693+9316", "ndbi2009": -0.012301225244300442, "ndvi2009": 0.22370395273901522, "first": 1, "grid_id": 93165000693, "sensor": "landsat7", "year": "2009", "ndvi2012": 0.11526655789930373, "ndbi2012": -0.01919975018245168, "ndvi2015": 0.32914110226556664, "ndbi2015": -0.021222415467491373, "ndvi2018": null, "ndbi2018": null, "ndvi2021": 0.21917332638986409, "ndbi2021": 0.019003387977136299, "ndvi2024": 0.25047160009853542, "ndbi2024": 0.032398665134678595 }, "geometry": { "type": "Polygon", "coordinates": [ [ [ 106.744235652181132, -6.176215428480418 ], [ 106.744265274082707, -6.185257469903957 ], [ 106.753300053067349, -6.185227725427258 ], [ 106.753270277931151, -6.176185727805573 ], [ 106.744235652181132, -6.176215428480418 ] ] ] } },
{ "type": "Feature", "properties": { "id": "+693+9317", "ndbi2009": -0.021272630960333584, "ndvi2009": 0.22733922308566523, "first": 1, "grid_id": 93175000693, "sensor": "landsat7", "year": "2009", "ndvi2012": 0.092796705750858077, "ndbi2012": -0.016478639017498378, "ndvi2015": 0.28953178934022494, "ndbi2015": 0.0078864265817637537, "ndvi2018": null, "ndbi2018": null, "ndvi2021": 0.24057274513384874, "ndbi2021": 0.020084802295063056, "ndvi2024": 0.26279233057124946, "ndbi2024": 0.029178390462024539 }, "geometry": { "type": "Polygon", "coordinates": [ [ [ 106.744206074449707, -6.167173383849894 ], [ 106.744235652181132, -6.176215428480418 ], [ 106.753270277931151, -6.176185727805573 ], [ 106.75324054718071, -6.167143726985885 ], [ 106.744206074449707, -6.167173383849894 ] ] ] } },
{ "type": "Feature", "properties": { "id": "+693+9318", "ndbi2009": -0.018120082626410298, "ndvi2009": 0.19259370019426572, "first": 1, "grid_id": 93185000693, "sensor": "landsat7", "year": "2009", "ndvi2012": 0.029496924196791948, "ndbi2012": 0.016053950725108731, "ndvi2015": 0.263332579866983, "ndbi2015": 0.012720943061140131, "ndvi2018": null, "ndbi2018": null, "ndvi2021": 0.20013673938228749, "ndbi2021": 0.037263644800987102, "ndvi2024": 0.21641139427083544, "ndbi2024": 0.038125125800434034 }, "geometry": { "type": "Polygon", "coordinates": [ [ [ 106.744176540888461, -6.158131336012384 ], [ 106.744206074449707, -6.167173383849894 ], [ 106.75324054718071, -6.167143726985885 ], [ 106.753210860833988, -6.158101722950229 ], [ 106.744176540888461, -6.158131336012384 ] ] ] } },
{ "type": "Feature", "properties": { "id": "+693+9319", "ndbi2009": -0.018404777964767745, "ndvi2009": 0.16470052650946335, "first": 1, "grid_id": 93195000693, "sensor": "landsat7", "year": "2009", "ndvi2012": 0.00200443623558156, "ndbi2012": 0.034030442641256015, "ndvi2015": 0.2401483761161331, "ndbi2015": 0.023539857106561972, "ndvi2018": null, "ndbi2018": null, "ndvi2021": 0.15696200121223458, "ndbi2021": 0.074288746591393409, "ndvi2024": 0.15442638248791843, "ndbi2024": 0.081022059926249862 }, "geometry": { "type": "Polygon", "coordinates": [ [ [ 106.744147051488383, -6.149089284976872 ], [ 106.744176540888461, -6.158131336012384 ], [ 106.753210860833988, -6.158101722950229 ], [ 106.753181218873024, -6.149059715725553 ], [ 106.744147051488383, -6.149089284976872 ] ] ] } },
{ "type": "Feature", "properties": { "id": "+693+9320", "ndbi2009": -0.018591373220260724, "ndvi2009": 0.15158219943987208, "first": 1, "grid_id": 93205000693, "sensor": "landsat7", "year": "2009", "ndvi2012": 0.0035412226570770131, "ndbi2012": 0.050203586777570308, "ndvi2015": 0.18833776377141478, "ndbi2015": 0.049148169287946075, "ndvi2018": null, "ndbi2018": null, "ndvi2021": 0.12715285224840045, "ndbi2021": 0.13518918788759038, "ndvi2024": 0.1222458824631758, "ndbi2024": 0.12057188368635252 }, "geometry": { "type": "Polygon", "coordinates": [ [ [ 106.744117606240508, -6.140047230752341 ], [ 106.744147051488383, -6.149089284976872 ], [ 106.753181218873024, -6.149059715725553 ], [ 106.753151621306813, -6.140017705302875 ], [ 106.744117606240508, -6.140047230752341 ] ] ] } },
{ "type": "Feature", "properties": { "id": "+693+9321", "ndbi2009": 0.0037616708334170129, "ndvi2009": 0.086964109761174774, "first": 1, "grid_id": 93215000693, "sensor": "landsat7", "year": "2009", "ndvi2012": -0.020443949731541615, "ndbi2012": 0.0513012843535227, "ndvi2015": 0.17198137687701806, "ndbi2015": 0.05595445425487032, "ndvi2018": null, "ndbi2018": null, "ndvi2021": 0.097873904482991089, "ndbi2021": 0.12835854971233537, "ndvi2024": 0.09138327942175023, "ndbi2024": 0.10262474287666527 }, "geometry": { "type": "Polygon", "coordinates": [ [ [ 106.744088205162797, -6.13100517333879 ], [ 106.744117606240508, -6.140047230752341 ], [ 106.753151621306813, -6.140017705302875 ], [ 106.753122068126359, -6.130975691691178 ], [ 106.744088205162797, -6.13100517333879 ] ] ] } },
{ "type": "Feature", "properties": { "id": "+693+9322", "ndbi2009": -0.023334223718619814, "ndvi2009": 0.11953461992887635, "first": 1, "grid_id": 93225000693, "sensor": "landsat7", "year": "2009", "ndvi2012": 0.042549649465317814, "ndbi2012": 0.0037277282599140586, "ndvi2015": 0.28491847877408943, "ndbi2015": -0.016970261785329555, "ndvi2018": null, "ndbi2018": null, "ndvi2021": 0.22082239103083517, "ndbi2021": -0.01693010980299875, "ndvi2024": 0.22605809925817977, "ndbi2024": -0.033287128265581875 }, "geometry": { "type": "Polygon", "coordinates": [ [ [ 106.744058848228292, -6.121963112745203 ], [ 106.744088205162797, -6.13100517333879 ], [ 106.753122068126359, -6.130975691691178 ], [ 106.753092559313686, -6.12193367489046 ], [ 106.744058848228292, -6.121963112745203 ] ] ] } },
{ "type": "Feature", "properties": { "id": "+693+9323", "ndbi2009": -0.086946074523439165, "ndvi2009": 0.28722466586623341, "first": 1, "grid_id": 93235000693, "sensor": "landsat7", "year": "2009", "ndvi2012": 0.18439574945659842, "ndbi2012": -0.067569990729680285, "ndvi2015": 0.37195630604401231, "ndbi2015": -0.098524141474626958, "ndvi2018": null, "ndbi2018": null, "ndvi2021": 0.30552196118514985, "ndbi2021": -0.085673777153715491, "ndvi2024": 0.27610680268844595, "ndbi2024": -0.097853992469026707 }, "geometry": { "type": "Polygon", "coordinates": [ [ [ 106.744029535436994, -6.112921048971581 ], [ 106.744058848228292, -6.121963112745203 ], [ 106.753092559313686, -6.12193367489046 ], [ 106.753063094895765, -6.112891654909708 ], [ 106.744029535436994, -6.112921048971581 ] ] ] } },
{ "type": "Feature", "properties": { "id": "+693+9324", "ndbi2009": -0.25470298981549688, "ndvi2009": 0.281430935976552, "first": 1, "grid_id": 93245000693, "sensor": "landsat7", "year": "2009", "ndvi2012": 0.26084910040976955, "ndbi2012": -0.17340604908326093, "ndvi2015": 0.38908960445254459, "ndbi2015": -0.15238738968676213, "ndvi2018": null, "ndbi2018": null, "ndvi2021": 0.30738410575717107, "ndbi2021": -0.10406572672666288, "ndvi2024": 0.24964499093738257, "ndbi2024": -0.10348604276191956 }, "geometry": { "type": "Polygon", "coordinates": [ [ [ 106.744000266797912, -6.103878982017921 ], [ 106.744029535436994, -6.112921048971581 ], [ 106.753063094895765, -6.112891654909708 ], [ 106.753033674836644, -6.103849631757902 ], [ 106.744000266797912, -6.103878982017921 ] ] ] } },
{ "type": "Feature", "properties": { "id": "+693+9326", "ndbi2009": -0.46636772237572016, "ndvi2009": -0.22150642036222945, "first": 1, "grid_id": 93265000693, "sensor": "landsat7", "year": "2009", "ndvi2012": -0.14079272337988311, "ndbi2012": -0.38349448021720434, "ndvi2015": 0.068015121201089782, "ndbi2015": 0.043576399339180366, "ndvi2018": null, "ndbi2018": null, "ndvi2021": 0.1722756375869115, "ndbi2021": 0.0017556581646203991, "ndvi2024": 0.26160698848612168, "ndbi2024": -0.063432916560593772 }, "geometry": { "type": "Polygon", "coordinates": [ [ [ 106.743941861940371, -6.085794838606428 ], [ 106.743971042302022, -6.09483691189321 ], [ 106.753004299154298, -6.094807605435044 ], [ 106.752974967839748, -6.085765575941132 ], [ 106.743941861940371, -6.085794838606428 ] ] ] } },
{ "type": "Feature", "properties": { "id": "+693+9327", "ndbi2009": -0.44600278360899109, "ndvi2009": -0.24231467344040092, "first": 1, "grid_id": 93275000693, "sensor": "landsat7", "year": "2009", "ndvi2012": -0.18051720580389335, "ndbi2012": -0.37004943420720654, "ndvi2015": 0.02469835736095732, "ndbi2015": 0.034500842732052471, "ndvi2018": null, "ndbi2018": null, "ndvi2021": 0.21242601188809374, "ndbi2021": -0.017029553391905719, "ndvi2024": 0.32476794691972954, "ndbi2024": -0.064896226076539179 }, "geometry": { "type": "Polygon", "coordinates": [ [ [ 106.743912725721941, -6.076752762166559 ], [ 106.743941861940371, -6.085794838606428 ], [ 106.752974967839748, -6.085765575941132 ], [ 106.752945680884011, -6.076723543285151 ], [ 106.743912725721941, -6.076752762166559 ] ] ] } },
{ "type": "Feature", "properties": { "id": "+694+9306", "ndbi2009": -0.026698724607772686, "ndvi2009": 0.32388193209966026, "first": 1, "grid_id": 93065000694, "sensor": "landsat7", "year": "2009", "ndvi2012": 0.12354633469207613, "ndbi2012": 0.011669568549476417, "ndvi2015": 0.36147427944576038, "ndbi2015": -0.0098995248001872323, "ndvi2018": null, "ndbi2018": null, "ndvi2021": 0.23940684643446231, "ndbi2021": 0.027108793997881461, "ndvi2024": 0.30117666627846512, "ndbi2024": 0.041591615032623791 }, "geometry": { "type": "Polygon", "coordinates": [ [ [ 106.753570027945827, -6.266605558854676 ], [ 106.753600247289953, -6.275647524137011 ], [ 106.762636526820444, -6.275617185757128 ], [ 106.762606151959986, -6.266575264519192 ], [ 106.753570027945827, -6.266605558854676 ] ] ] } },
{ "type": "Feature", "properties": { "id": "+694+9307", "ndbi2009": -0.012078282488801051, "ndvi2009": 0.31565600703470409, "first": 1, "grid_id": 93075000694, "sensor": "landsat7", "year": "2009", "ndvi2012": 0.10759889727341942, "ndbi2012": 0.018036957830190659, "ndvi2015": 0.35747002635616804, "ndbi2015": -0.007048398932965938, "ndvi2018": null, "ndbi2018": null, "ndvi2021": 0.23306561127537861, "ndbi2021": 0.054658325730997603, "ndvi2024": 0.27625056088436395, "ndbi2024": 0.066488777709309943 }, "geometry": { "type": "Polygon", "coordinates": [ [ [ 106.75353985304136, -6.25756359032044 ], [ 106.753570027945827, -6.266605558854676 ], [ 106.762606151959986, -6.266575264519192 ], [ 106.762575821754766, -6.257533340038337 ], [ 106.75353985304136, -6.25756359032044 ] ] ] } },
{ "type": "Feature", "properties": { "id": "+694+9308", "ndbi2009": -0.0071178947982843957, "ndvi2009": 0.31792253535240889, "first": 1, "grid_id": 93085000694, "sensor": "landsat7", "year": "2009", "ndvi2012": 0.14496359287295488, "ndbi2012": 0.021773151471279562, "ndvi2015": 0.34422476496547461, "ndbi2015": 0.0075955202482873565, "ndvi2018": null, "ndbi2018": null, "ndvi2021": 0.27648513065651065, "ndbi2021": 0.080416997545398758, "ndvi2024": 0.27211468201130634, "ndbi2024": 0.075459481624420746 }, "geometry": { "type": "Polygon", "coordinates": [ [ [ 106.753509722567571, -6.248521618534301 ], [ 106.75353985304136, -6.25756359032044 ], [ 106.762575821754766, -6.257533340038337 ], [ 106.762545536222774, -6.248491412296597 ], [ 106.753509722567571, -6.248521618534301 ] ] ] } },
{ "type": "Feature", "properties": { "id": "+694+9309", "ndbi2009": -0.009620588071145646, "ndvi2009": 0.3125394578055134, "first": 1, "grid_id": 93095000694, "sensor": "landsat7", "year": "2009", "ndvi2012": 0.15706165102640474, "ndbi2012": 0.011358266784332868, "ndvi2015": 0.33725350930934822, "ndbi2015": 0.010139222328338448, "ndvi2018": null, "ndbi2018": null, "ndvi2021": 0.272595858186718, "ndbi2021": 0.053295222133046063, "ndvi2024": 0.28744753690685809, "ndbi2024": 0.053674644702590826 }, "geometry": { "type": "Polygon", "coordinates": [ [ [ 106.753479636524446, -6.239479643505246 ], [ 106.753509722567571, -6.248521618534301 ], [ 106.762545536222774, -6.248491412296597 ], [ 106.762515295337053, -6.23944948131194 ], [ 106.753479636524446, -6.239479643505246 ] ] ] } },
{ "type": "Feature", "properties": { "id": "+694+9310", "ndbi2009": 0.0097395591983513441, "ndvi2009": 0.28120669699274009, "first": 1, "grid_id": 93105000694, "sensor": "landsat7", "year": "2009", "ndvi2012": 0.064144191841478473, "ndbi2012": 0.060427173481002676, "ndvi2015": 0.31243067339528358, "ndbi2015": 0.023745923721435247, "ndvi2018": null, "ndbi2018": null, "ndvi2021": 0.21481774881249296, "ndbi2021": 0.05995950320357224, "ndvi2024": 0.24194586277008059, "ndbi2024": 0.074269759294111296 }, "geometry": { "type": "Polygon", "coordinates": [ [ [ 106.753449594911999, -6.230437665233271 ], [ 106.753479636524446, -6.239479643505246 ], [ 106.762515295337053, -6.23944948131194 ], [ 106.762485099115565, -6.230407547075381 ], [ 106.753449594911999, -6.230437665233271 ] ] ] } },
{ "type": "Feature", "properties": { "id": "+694+9311", "ndbi2009": 0.0015142412165870202, "ndvi2009": 0.28653465992920879, "first": 1, "grid_id": 93115000694, "sensor": "landsat7", "year": "2009", "ndvi2012": 0.078127495983576448, "ndbi2012": 0.062723525988680501, "ndvi2015": 0.3256811476670779, "ndbi2015": 0.013600036104606998, "ndvi2018": null, "ndbi2018": null, "ndvi2021": 0.29461459857183742, "ndbi2021": 0.03271802679563944, "ndvi2024": 0.25665779953653167, "ndbi2024": 0.026582555767226883 }, "geometry": { "type": "Polygon", "coordinates": [ [ [ 106.753419597712266, -6.221395683727363 ], [ 106.753449594911999, -6.230437665233271 ], [ 106.762485099115565, -6.230407547075381 ], [ 106.762454947531353, -6.22136560961387 ], [ 106.753419597712266, -6.221395683727363 ] ] ] } },
{ "type": "Feature", "properties": { "id": "+694+9312", "ndbi2009": -0.02300128260997019, "ndvi2009": 0.29667423636532947, "first": 1, "grid_id": 93125000694, "sensor": "landsat7", "year": "2009", "ndvi2012": 0.12752172176939969, "ndbi2012": 0.021373081281926151, "ndvi2015": 0.34183628978896241, "ndbi2015": 0.0026213734878176376, "ndvi2018": null, "ndbi2018": null, "ndvi2021": 0.32703727077881189, "ndbi2021": 0.014833983555726042, "ndvi2024": 0.31550279149517474, "ndbi2024": 0.01765004497615744 }, "geometry": { "type": "Polygon", "coordinates": [ [ [ 106.753389644934217, -6.212353698987519 ], [ 106.753419597712266, -6.221395683727363 ], [ 106.762454947531353, -6.22136560961387 ], [ 106.762424840602407, -6.212323668918425 ], [ 106.753389644934217, -6.212353698987519 ] ] ] } },
{ "type": "Feature", "properties": { "id": "+694+9313", "ndbi2009": -0.0097640435269568115, "ndvi2009": 0.28937142319045961, "first": 1, "grid_id": 93135000694, "sensor": "landsat7", "year": "2009", "ndvi2012": 0.12686816503992304, "ndbi2012": 0.032997975027683431, "ndvi2015": 0.29419166035950184, "ndbi2015": 0.030238687315431889, "ndvi2018": null, "ndbi2018": null, "ndvi2021": 0.31701685476582503, "ndbi2021": 0.017479160334914923, "ndvi2024": 0.31948153604753315, "ndbi2024": 0.025448303098073666 }, "geometry": { "type": "Polygon", "coordinates": [ [ [ 106.753359736568882, -6.203311711022723 ], [ 106.753389644934217, -6.212353698987519 ], [ 106.762424840602407, -6.212323668918425 ], [ 106.762394778319731, -6.203281724989044 ], [ 106.753359736568882, -6.203311711022723 ] ] ] } },
{ "type": "Feature", "properties": { "id": "+694+9314", "ndbi2009": 0.010224376001632682, "ndvi2009": 0.23644939877238927, "first": 1, "grid_id": 93145000694, "sensor": "landsat7", "year": "2009", "ndvi2012": 0.12761263343341211, "ndbi2012": 0.032820007683453604, "ndvi2015": 0.2943549089572009, "ndbi2015": 0.016410220221744154, "ndvi2018": null, "ndbi2018": null, "ndvi2021": 0.22345631484891854, "ndbi2021": 0.053254939732598316, "ndvi2024": 0.22810203415506025, "ndbi2024": 0.060984395104277805 }, "geometry": { "type": "Polygon", "coordinates": [ [ [ 106.753329872616249, -6.194269719832975 ], [ 106.753359736568882, -6.203311711022723 ], [ 106.762394778319731, -6.203281724989044 ], [ 106.762364760665349, -6.194239777834711 ], [ 106.753329872616249, -6.194269719832975 ] ] ] } },
{ "type": "Feature", "properties": { "id": "+694+9315", "ndbi2009": -0.015586979247018462, "ndvi2009": 0.22514369990676639, "first": 1, "grid_id": 93155000694, "sensor": "landsat7", "year": "2009", "ndvi2012": 0.15432632037845906, "ndbi2012": -0.01690815153051517, "ndvi2015": 0.31328350654803216, "ndbi2015": -0.0043561078837228706, "ndvi2018": null, "ndbi2018": null, "ndvi2021": 0.19451676058815792, "ndbi2021": 0.048377865583461237, "ndvi2024": 0.20630386617267504, "ndbi2024": 0.058772744778252679 }, "geometry": { "type": "Polygon", "coordinates": [ [ [ 106.753300053067349, -6.185227725427258 ], [ 106.753329872616249, -6.194269719832975 ], [ 106.762364760665349, -6.194239777834711 ], [ 106.762334787657238, -6.185197827464409 ], [ 106.753300053067349, -6.185227725427258 ] ] ] } },
{ "type": "Feature", "properties": { "id": "+694+9316", "ndbi2009": -0.0019071407278808978, "ndvi2009": 0.22550053683322246, "first": 1, "grid_id": 93165000694, "sensor": "landsat7", "year": "2009", "ndvi2012": 0.11994060301991899, "ndbi2012": -0.021474637369823264, "ndvi2015": 0.29166105811990151, "ndbi2015": 0.011059827145599709, "ndvi2018": null, "ndbi2018": null, "ndvi2021": 0.21369587735632276, "ndbi2021": 0.042763496470439623, "ndvi2024": 0.21840347308577518, "ndbi2024": 0.044415222884221811 }, "geometry": { "type": "Polygon", "coordinates": [ [ [ 106.753270277931151, -6.176185727805573 ], [ 106.753300053067349, -6.185227725427258 ], [ 106.762334787657238, -6.185197827464409 ], [ 106.762304859268454, -6.176155873887123 ], [ 106.753270277931151, -6.176185727805573 ] ] ] } },
{ "type": "Feature", "properties": { "id": "+694+9317", "ndbi2009": 0.014912118364009075, "ndvi2009": 0.19365028757601974, "first": 1, "grid_id": 93175000694, "sensor": "landsat7", "year": "2009", "ndvi2012": 0.062651876651216298, "ndbi2012": 0.012947847237228418, "ndvi2015": 0.26433596573770046, "ndbi2015": 0.024647254671435803, "ndvi2018": null, "ndbi2018": null, "ndvi2021": 0.18875216296873984, "ndbi2021": 0.07059941720217465, "ndvi2024": 0.18402511323802173, "ndbi2024": 0.056200773862656206 }, "geometry": { "type": "Polygon", "coordinates": [ [ [ 106.75324054718071, -6.167143726985885 ], [ 106.753270277931151, -6.176185727805573 ], [ 106.762304859268454, -6.176155873887123 ], [ 106.762274975516959, -6.167113917093867 ], [ 106.75324054718071, -6.167143726985885 ] ] ] } },
{ "type": "Feature", "properties": { "id": "+694+9318", "ndbi2009": -0.0015141310097247949, "ndvi2009": 0.16666846029898702, "first": 1, "grid_id": 93185000694, "sensor": "landsat7", "year": "2009", "ndvi2012": 0.0029054198121907654, "ndbi2012": 0.028363749341053124, "ndvi2015": 0.2475546511364918, "ndbi2015": 0.013834467022588441, "ndvi2018": null, "ndbi2018": null, "ndvi2021": 0.15065179534402548, "ndbi2021": 0.058003680802443447, "ndvi2024": 0.16416547117280025, "ndbi2024": 0.055960878642166367 }, "geometry": { "type": "Polygon", "coordinates": [ [ [ 106.753210860833988, -6.158101722950229 ], [ 106.75324054718071, -6.167143726985885 ], [ 106.762274975516959, -6.167113917093867 ], [ 106.762245136384777, -6.158071957093626 ], [ 106.753210860833988, -6.158101722950229 ] ] ] } },
{ "type": "Feature", "properties": { "id": "+694+9319", "ndbi2009": -0.0041563825980119882, "ndvi2009": 0.13771393513889055, "first": 1, "grid_id": 93195000694, "sensor": "landsat7", "year": "2009", "ndvi2012": -0.017300887633609818, "ndbi2012": 0.045518642346905835, "ndvi2015": 0.22971044824225831, "ndbi2015": 0.024163039812265197, "ndvi2018": null, "ndbi2018": null, "ndvi2021": 0.11399172904202715, "ndbi2021": 0.095598874613642693, "ndvi2024": 0.12004957608587576, "ndbi2024": 0.099177747317298781 }, "geometry": { "type": "Polygon", "coordinates": [ [ [ 106.753181218873024, -6.149059715725553 ], [ 106.753210860833988, -6.158101722950229 ], [ 106.762245136384777, -6.158071957093626 ], [ 106.762215341880903, -6.149029993895383 ], [ 106.753181218873024, -6.149059715725553 ] ] ] } },
{ "type": "Feature", "properties": { "id": "+694+9320", "ndbi2009": 0.010693300740967969, "ndvi2009": 0.084961302859483112, "first": 1, "grid_id": 93205000694, "sensor": "landsat7", "year": "2009", "ndvi2012": -0.014757027734958683, "ndbi2012": 0.064735812648905267, "ndvi2015": 0.18904894951265305, "ndbi2015": 0.05518405452312436, "ndvi2018": null, "ndbi2018": null, "ndvi2021": 0.08871610448113644, "ndbi2021": 0.17689465548028241, "ndvi2024": 0.074378567689564079, "ndbi2024": 0.15338446226087402 }, "geometry": { "type": "Polygon", "coordinates": [ [ [ 106.753151621306813, -6.140017705302875 ], [ 106.753181218873024, -6.149059715725553 ], [ 106.762215341880903, -6.149029993895383 ], [ 106.762185591987361, -6.139988027499136 ], [ 106.753151621306813, -6.140017705302875 ] ] ] } },
{ "type": "Feature", "properties": { "id": "+694+9321", "ndbi2009": 0.030421464634584443, "ndvi2009": 0.01762338503419111, "first": 1, "grid_id": 93215000694, "sensor": "landsat7", "year": "2009", "ndvi2012": -0.065638005616618145, "ndbi2012": 0.075128189956440661, "ndvi2015": 0.20628834758319109, "ndbi2015": 0.030341612854424639, "ndvi2018": null, "ndbi2018": null, "ndvi2021": 0.14077312841134915, "ndbi2021": 0.079457639625259494, "ndvi2024": 0.14529690932409436, "ndbi2024": 0.056896421342503792 }, "geometry": { "type": "Polygon", "coordinates": [ [ [ 106.753122068126359, -6.130975691691178 ], [ 106.753151621306813, -6.140017705302875 ], [ 106.762185591987361, -6.139988027499136 ], [ 106.762155886704164, -6.130946057913871 ], [ 106.753122068126359, -6.130975691691178 ] ] ] } },
{ "type": "Feature", "properties": { "id": "+694+9322", "ndbi2009": -0.04192577293724753, "ndvi2009": 0.12629711319596026, "first": 1, "grid_id": 93225000694, "sensor": "landsat7", "year": "2009", "ndvi2012": -0.01768291435655556, "ndbi2012": 0.0091069952177349461, "ndvi2015": 0.33584056166000664, "ndbi2015": -0.057479875074932359, "ndvi2018": null, "ndbi2018": null, "ndvi2021": 0.29601674410514534, "ndbi2021": -0.090125494723906741, "ndvi2024": 0.29948065173812211, "ndbi2024": -0.10416509871720336 }, "geometry": { "type": "Polygon", "coordinates": [ [ [ 106.753092559313686, -6.12193367489046 ], [ 106.753122068126359, -6.130975691691178 ], [ 106.762155886704164, -6.130946057913871 ], [ 106.762126226031285, -6.121904085139587 ], [ 106.753092559313686, -6.12193367489046 ] ] ] } },
{ "type": "Feature", "properties": { "id": "+694+9323", "ndbi2009": -0.10686850065694135, "ndvi2009": 0.29300340963344951, "first": 1, "grid_id": 93235000694, "sensor": "landsat7", "year": "2009", "ndvi2012": 0.10420115140504113, "ndbi2012": -0.05944522443939658, "ndvi2015": 0.39162908149700537, "ndbi2015": -0.093096137222121733, "ndvi2018": null, "ndbi2018": null, "ndvi2021": 0.32535427937320632, "ndbi2021": -0.10477343455833549, "ndvi2024": 0.30120233636276394, "ndbi2024": -0.1134439926521451 }, "geometry": { "type": "Polygon", "coordinates": [ [ [ 106.753063094895765, -6.112891654909708 ], [ 106.753092559313686, -6.12193367489046 ], [ 106.762126226031285, -6.121904085139587 ], [ 106.762096609968765, -6.112862109185266 ], [ 106.753063094895765, -6.112891654909708 ] ] ] } },
{ "type": "Feature", "properties": { "id": "+694+9324", "ndbi2009": -0.27304265694692736, "ndvi2009": 0.19812574176103229, "first": 1, "grid_id": 93245000694, "sensor": "landsat7", "year": "2009", "ndvi2012": 0.12976357124352944, "ndbi2012": -0.17573458165861666, "ndvi2015": 0.37918539019301534, "ndbi2015": -0.1267948167514987, "ndvi2018": null, "ndbi2018": null, "ndvi2021": 0.28653044591192156, "ndbi2021": -0.10215110320132226, "ndvi2024": 0.27468288701493293, "ndbi2024": -0.11630305706057698 }, "geometry": { "type": "Polygon", "coordinates": [ [ [ 106.753033674836644, -6.103849631757902 ], [ 106.753063094895765, -6.112891654909708 ], [ 106.762096609968765, -6.112862109185266 ], [ 106.762067038507581, -6.103820130050909 ], [ 106.753033674836644, -6.103849631757902 ] ] ] } },
{ "type": "Feature", "properties": { "id": "+695+9304", "ndbi2009": -0.0252477569381396, "ndvi2009": 0.33606343362066482, "first": 1, "grid_id": 93045000695, "sensor": "landsat7", "year": "2009", "ndvi2012": 0.23067611349953546, "ndbi2012": 0.0029038855060935032, "ndvi2015": 0.35962937182850307, "ndbi2015": 0.0035219295778208311, "ndvi2018": null, "ndbi2018": null, "ndvi2021": 0.32317593614260354, "ndbi2021": 0.037043036986142391, "ndvi2024": 0.33388131221135459, "ndbi2024": 0.053292424885763065 }, "geometry": { "type": "Polygon", "coordinates": [ [ [ 106.762666946363112, -6.284659103725198 ], [ 106.762697410570013, -6.293701018432382 ], [ 106.771733957160663, -6.293670435764642 ], [ 106.77170333697029, -6.284628565335417 ], [ 106.762666946363112, -6.284659103725198 ] ] ] } },
{ "type": "Feature", "properties": { "id": "+695+9305", "ndbi2009": -0.02453477084782207, "ndvi2009": 0.32226712442934519, "first": 1, "grid_id": 93055000695, "sensor": "landsat7", "year": "2009", "ndvi2012": 0.1457723525527399, "ndbi2012": 0.0034232707075716466, "ndvi2015": 0.36041880736593157, "ndbi2015": -0.004251006823324131, "ndvi2018": null, "ndbi2018": null, "ndvi2021": 0.28764075791696087, "ndbi2021": 0.036006423135404482, "ndvi2024": 0.33395287569146598, "ndbi2024": 0.04446280218689936 }, "geometry": { "type": "Polygon", "coordinates": [ [ [ 106.762636526820444, -6.275617185757128 ], [ 106.762666946363112, -6.284659103725198 ], [ 106.77170333697029, -6.284628565335417 ], [ 106.771672761686702, -6.275586691636326 ], [ 106.762636526820444, -6.275617185757128 ] ] ] } },
{ "type": "Feature", "properties": { "id": "+695+9306", "ndbi2009": -0.022272197641086677, "ndvi2009": 0.31888714153319597, "first": 1, "grid_id": 93065000695, "sensor": "landsat7", "year": "2009", "ndvi2012": 0.15472772094653919, "ndbi2012": -0.0022455736616393556, "ndvi2015": 0.38772420166060328, "ndbi2015": -0.029971697433211375, "ndvi2018": null, "ndbi2018": null, "ndvi2021": 0.30717459419975057, "ndbi2021": -0.027173282872354324, "ndvi2024": 0.38391241594217712, "ndbi2024": -0.01571551633242052 }, "geometry": { "type": "Polygon", "coordinates": [ [ [ 106.762606151959986, -6.266575264519192 ], [ 106.762636526820444, -6.275617185757128 ], [ 106.771672761686702, -6.275586691636326 ], [ 106.771642231300916, -6.266544814685332 ], [ 106.762606151959986, -6.266575264519192 ] ] ] } },
{ "type": "Feature", "properties": { "id": "+695+9307", "ndbi2009": -0.019440115303041239, "ndvi2009": 0.32868797599803656, "first": 1, "grid_id": 93075000695, "sensor": "landsat7", "year": "2009", "ndvi2012": 0.14399955637054521, "ndbi2012": 0.010293168304087885, "ndvi2015": 0.3592509784502908, "ndbi2015": -0.011520644793563408, "ndvi2018": null, "ndbi2018": null, "ndvi2021": 0.30440008454024792, "ndbi2021": -0.00034267483533767501, "ndvi2024": 0.36481221381109208, "ndbi2024": 0.0089618917045299895 }, "geometry": { "type": "Polygon", "coordinates": [ [ [ 106.762575821754766, -6.257533340038337 ], [ 106.762606151959986, -6.266575264519192 ], [ 106.771642231300916, -6.266544814685332 ], [ 106.771611745812919, -6.257502934464472 ], [ 106.762575821754766, -6.257533340038337 ] ] ] } },
{ "type": "Feature", "properties": { "id": "+695+9308", "ndbi2009": -0.034981489068298947, "ndvi2009": 0.34552151338726866, "first": 1, "grid_id": 93085000695, "sensor": "landsat7", "year": "2009", "ndvi2012": 0.14460111575968124, "ndbi2012": 0.0013126694113381357, "ndvi2015": 0.34948298218203522, "ndbi2015": -0.006580095106334078, "ndvi2018": null, "ndbi2018": null, "ndvi2021": 0.39532982823895468, "ndbi2021": -0.013248309588023258, "ndvi2024": 0.39824058273259333, "ndbi2024": -0.012968923721243352 }, "geometry": { "type": "Polygon", "coordinates": [ [ [ 106.762545536222774, -6.248491412296597 ], [ 106.762575821754766, -6.257533340038337 ], [ 106.771611745812919, -6.257502934464472 ], [ 106.771581305213743, -6.248461051000692 ], [ 106.762545536222774, -6.248491412296597 ] ] ] } },
{ "type": "Feature", "properties": { "id": "+695+9309", "ndbi2009": -0.0066132933861808869, "ndvi2009": 0.30050472496077418, "first": 1, "grid_id": 93095000695, "sensor": "landsat7", "year": "2009", "ndvi2012": 0.13905008626170456, "ndbi2012": 0.022986787311765507, "ndvi2015": 0.32950874476227909, "ndbi2015": 0.0076956112079642489, "ndvi2018": null, "ndbi2018": null, "ndvi2021": 0.34460203291382641, "ndbi2021": 0.005895841197343544, "ndvi2024": 0.34904704347718502, "ndbi2024": 0.018977879772137385 }, "geometry": { "type": "Polygon", "coordinates": [ [ [ 106.762515295337053, -6.23944948131194 ], [ 106.762545536222774, -6.248491412296597 ], [ 106.771581305213743, -6.248461051000692 ], [ 106.771550909494394, -6.239419164285012 ], [ 106.762515295337053, -6.23944948131194 ] ] ] } },
{ "type": "Feature", "properties": { "id": "+695+9310", "ndbi2009": 0.023777671507559717, "ndvi2009": 0.26249413145706058, "first": 1, "grid_id": 93105000695, "sensor": "landsat7", "year": "2009", "ndvi2012": 0.076131677837111056, "ndbi2012": 0.070858039194717989, "ndvi2015": 0.30629574600607157, "ndbi2015": 0.02680114898248576, "ndvi2018": null, "ndbi2018": null, "ndvi2021": 0.2305536805652082, "ndbi2021": 0.072249815799295902, "ndvi2024": 0.2450441038236022, "ndbi2024": 0.082446312298998223 }, "geometry": { "type": "Polygon", "coordinates": [ [ [ 106.762485099115565, -6.230407547075381 ], [ 106.762515295337053, -6.23944948131194 ], [ 106.771550909494394, -6.239419164285012 ], [ 106.771520558663852, -6.230377274326414 ], [ 106.762485099115565, -6.230407547075381 ] ] ] } },
{ "type": "Feature", "properties": { "id": "+695+9311", "ndbi2009": 0.051989680146376643, "ndvi2009": 0.22646101634261498, "first": 1, "grid_id": 93115000695, "sensor": "landsat7", "year": "2009", "ndvi2012": 0.083565872383242271, "ndbi2012": 0.078812852073525716, "ndvi2015": 0.31247904460604597, "ndbi2015": 0.019249578305107998, "ndvi2018": null, "ndbi2018": null, "ndvi2021": 0.22205784387289443, "ndbi2021": 0.10212525535206138, "ndvi2024": 0.19159334970683586, "ndbi2024": 0.089296619333197019 }, "geometry": { "type": "Polygon", "coordinates": [ [ [ 106.762454947531353, -6.22136560961387 ], [ 106.762485099115565, -6.230407547075381 ], [ 106.771520558663852, -6.230377274326414 ], [ 106.771490252704169, -6.221335381124897 ], [ 106.762454947531353, -6.22136560961387 ] ] ] } },
{ "type": "Feature", "properties": { "id": "+695+9312", "ndbi2009": 0.043980623264360474, "ndvi2009": 0.22251073521329093, "first": 1, "grid_id": 93125000695, "sensor": "landsat7", "year": "2009", "ndvi2012": 0.13933672834536992, "ndbi2012": 0.045437662889298729, "ndvi2015": 0.31519538385327905, "ndbi2015": 0.017605077362532029, "ndvi2018": null, "ndbi2018": null, "ndvi2021": 0.21826078707817945, "ndbi2021": 0.10869946653838269, "ndvi2024": 0.21263623039703813, "ndbi2024": 0.10825358948932261 }, "geometry": { "type": "Polygon", "coordinates": [ [ [ 106.762424840602407, -6.212323668918425 ], [ 106.762454947531353, -6.22136560961387 ], [ 106.771490252704169, -6.221335381124897 ], [ 106.771459991633307, -6.212293484689445 ], [ 106.762424840602407, -6.212323668918425 ] ] ] } },
{ "type": "Feature", "properties": { "id": "+695+9313", "ndbi2009": 0.033796702785527002, "ndvi2009": 0.23207781209665185, "first": 1, "grid_id": 93135000695, "sensor": "landsat7", "year": "2009", "ndvi2012": 0.1585341122512724, "ndbi2012": 0.0080109398134107553, "ndvi2015": 0.29292189654181988, "ndbi2015": 0.029686417554815613, "ndvi2018": null, "ndbi2018": null, "ndvi2021": 0.24277966910717536, "ndbi2021": 0.09541305226876455, "ndvi2024": 0.23949852550730988, "ndbi2024": 0.099070795026479988 }, "geometry": { "type": "Polygon", "coordinates": [ [ [ 106.762394778319731, -6.203281724989044 ], [ 106.762424840602407, -6.212323668918425 ], [ 106.771459991633307, -6.212293484689445 ], [ 106.771429775424309, -6.203251585029041 ], [ 106.762394778319731, -6.203281724989044 ] ] ] } },
{ "type": "Feature", "properties": { "id": "+695+9314", "ndbi2009": 0.037201138788077522, "ndvi2009": 0.18832999898586425, "first": 1, "grid_id": 93145000695, "sensor": "landsat7", "year": "2009", "ndvi2012": 0.13562757876934484, "ndbi2012": 0.0038977097719907765, "ndvi2015": 0.26642592845018953, "ndbi2015": 0.034840542395613745, "ndvi2018": null, "ndbi2018": null, "ndvi2021": 0.19972806726582351, "ndbi2021": 0.089609862043289468, "ndvi2024": 0.20907892461400482, "ndbi2024": 0.099054344376781955 }, "geometry": { "type": "Polygon", "coordinates": [ [ [ 106.762364760665349, -6.194239777834711 ], [ 106.762394778319731, -6.203281724989044 ], [ 106.771429775424309, -6.203251585029041 ], [ 106.771399604086142, -6.194209682143686 ], [ 106.762364760665349, -6.194239777834711 ] ] ] } },
{ "type": "Feature", "properties": { "id": "+695+9315", "ndbi2009": 0.015509738911892857, "ndvi2009": 0.11770769505962436, "first": 1, "grid_id": 93155000695, "sensor": "landsat7", "year": "2009", "ndvi2012": 0.10461808898869684, "ndbi2012": 0.0005133717083463489, "ndvi2015": 0.2614165109162237, "ndbi2015": 0.032392277009785177, "ndvi2018": null, "ndbi2018": null, "ndvi2021": 0.18015309659873741, "ndbi2021": 0.073374118612093087, "ndvi2024": 0.19362952872818595, "ndbi2024": 0.079684041586576729 }, "geometry": { "type": "Polygon", "coordinates": [ [ [ 106.762334787657238, -6.185197827464409 ], [ 106.762364760665349, -6.194239777834711 ], [ 106.771399604086142, -6.194209682143686 ], [ 106.771369477609852, -6.185167776033379 ], [ 106.762334787657238, -6.185197827464409 ] ] ] } },
{ "type": "Feature", "properties": { "id": "+695+9316", "ndbi2009": 0.018671873018320184, "ndvi2009": 0.13270991658646381, "first": 1, "grid_id": 93165000695, "sensor": "landsat7", "year": "2009", "ndvi2012": 0.055366032443998847, "ndbi2012": 0.026854384501348246, "ndvi2015": 0.24845145869767291, "ndbi2015": 0.037798037995344209, "ndvi2018": null, "ndbi2018": null, "ndvi2021": 0.17075398936867717, "ndbi2021": 0.092950434962403947, "ndvi2024": 0.16275573908933438, "ndbi2024": 0.082939814150449834 }, "geometry": { "type": "Polygon", "coordinates": [ [ [ 106.762304859268454, -6.176155873887123 ], [ 106.762334787657238, -6.185197827464409 ], [ 106.771369477609852, -6.185167776033379 ], [ 106.771339395986445, -6.176125866707102 ], [ 106.762304859268454, -6.176155873887123 ] ] ] } },
{ "type": "Feature", "properties": { "id": "+695+9317", "ndbi2009": 0.026508506012760339, "ndvi2009": 0.163827991229482, "first": 1, "grid_id": 93175000695, "sensor": "landsat7", "year": "2009", "ndvi2012": 0.027606088315224042, "ndbi2012": 0.047743806870130349, "ndvi2015": 0.23412212292896584, "ndbi2015": 0.035540713841328397, "ndvi2018": null, "ndbi2018": null, "ndvi2021": 0.15344890573760495, "ndbi2021": 0.10229184798663482, "ndvi2024": 0.13625609638984315, "ndbi2024": 0.080742148420540616 }, "geometry": { "type": "Polygon", "coordinates": [ [ [ 106.762274975516959, -6.167113917093867 ], [ 106.762304859268454, -6.176155873887123 ], [ 106.771339395986445, -6.176125866707102 ], [ 106.771309359233896, -6.167083954173841 ], [ 106.762274975516959, -6.167113917093867 ] ] ] } },
{ "type": "Feature", "properties": { "id": "+695+9318", "ndbi2009": 0.018377036290864152, "ndvi2009": 0.15258939523322909, "first": 1, "grid_id": 93185000695, "sensor": "landsat7", "year": "2009", "ndvi2012": 0.027016141119540905, "ndbi2012": 0.041467045021115562, "ndvi2015": 0.21374602422994726, "ndbi2015": 0.035308281975049594, "ndvi2018": null, "ndbi2018": null, "ndvi2021": 0.1401091231434953, "ndbi2021": 0.068024239382323104, "ndvi2024": 0.15742266043728473, "ndbi2024": 0.065977297694075343 }, "geometry": { "type": "Polygon", "coordinates": [ [ [ 106.762245136384777, -6.158071957093626 ], [ 106.762274975516959, -6.167113917093867 ], [ 106.771309359233896, -6.167083954173841 ], [ 106.771279367325235, -6.158042038433594 ], [ 106.762245136384777, -6.158071957093626 ] ] ] } },
{ "type": "Feature", "properties": { "id": "+695+9319", "ndbi2009": 0.0026904245460173128, "ndvi2009": 0.11471744999289513, "first": 1, "grid_id": 93195000695, "sensor": "landsat7", "year": "2009", "ndvi2012": 0.032569814451562706, "ndbi2012": 0.043786577763967216, "ndvi2015": 0.18702511792071166, "ndbi2015": 0.05843076242308598, "ndvi2018": null, "ndbi2018": null, "ndvi2021": 0.10668613400775939, "ndbi2021": 0.10744197707390413, "ndvi2024": 0.12471060740062967, "ndbi2024": 0.10715351079124957 }, "geometry": { "type": "Polygon", "coordinates": [ [ [ 106.762215341880903, -6.149029993895383 ], [ 106.762245136384777, -6.158071957093626 ], [ 106.771279367325235, -6.158042038433594 ], [ 106.771249420260474, -6.149000119495344 ], [ 106.762215341880903, -6.149029993895383 ] ] ] } },
{ "type": "Feature", "properties": { "id": "+695+9320", "ndbi2009": 0.0019270875600769244, "ndvi2009": 0.051079545619294925, "first": 1, "grid_id": 93205000695, "sensor": "landsat7", "year": "2009", "ndvi2012": -0.020041787763144459, "ndbi2012": 0.054007154849230077, "ndvi2015": 0.16025918511783377, "ndbi2015": 0.059181713137556519, "ndvi2018": null, "ndbi2018": null, "ndvi2021": 0.097524503866831452, "ndbi2021": 0.16733810498433954, "ndvi2024": 0.078829764706247002, "ndbi2024": 0.15308726015044194 }, "geometry": { "type": "Polygon", "coordinates": [ [ [ 106.762185591987361, -6.139988027499136 ], [ 106.762215341880903, -6.149029993895383 ], [ 106.771249420260474, -6.149000119495344 ], [ 106.771219518048582, -6.13995819735011 ], [ 106.762185591987361, -6.139988027499136 ] ] ] } },
{ "type": "Feature", "properties": { "id": "+695+9321", "ndbi2009": 0.0034291625070181895, "ndvi2009": 0.034629428456355527, "first": 1, "grid_id": 93215000695, "sensor": "landsat7", "year": "2009", "ndvi2012": -0.06746348072192633, "ndbi2012": 0.054965703282505274, "ndvi2015": 0.24127011391101405, "ndbi2015": -0.0089825176401063783, "ndvi2018": null, "ndbi2018": null, "ndvi2021": 0.18471548717934641, "ndbi2021": 0.048791414636070833, "ndvi2024": 0.16447476683242715, "ndbi2024": 0.040099453355651356 }, "geometry": { "type": "Polygon", "coordinates": [ [ [ 106.762155886704164, -6.130946057913871 ], [ 106.762185591987361, -6.139988027499136 ], [ 106.771219518048582, -6.13995819735011 ], [ 106.771189660680605, -6.130916272015855 ], [ 106.762155886704164, -6.130946057913871 ] ] ] } },
{ "type": "Feature", "properties": { "id": "+695+9322", "ndbi2009": -0.053148282012518713, "ndvi2009": 0.18351674553956471, "first": 1, "grid_id": 93225000695, "sensor": "landsat7", "year": "2009", "ndvi2012": 0.013165065691824643, "ndbi2012": 0.015228831081413752, "ndvi2015": 0.38066884875297546, "ndbi2015": -0.08362467489113995, "ndvi2018": null, "ndbi2018": null, "ndvi2021": 0.33397856430680145, "ndbi2021": -0.09658870745231124, "ndvi2024": 0.32474972798543822, "ndbi2024": -0.1218787028509028 }, "geometry": { "type": "Polygon", "coordinates": [ [ [ 106.762126226031285, -6.121904085139587 ], [ 106.762155886704164, -6.130946057913871 ], [ 106.771189660680605, -6.130916272015855 ], [ 106.771159848147548, -6.121874343492581 ], [ 106.762126226031285, -6.121904085139587 ] ] ] } },
{ "type": "Feature", "properties": { "id": "+695+9323", "ndbi2009": -0.11130316397723031, "ndvi2009": 0.30872199815862322, "first": 1, "grid_id": 93235000695, "sensor": "landsat7", "year": "2009", "ndvi2012": 0.10586410641268482, "ndbi2012": -0.044330750712577041, "ndvi2015": 0.4236023046222388, "ndbi2015": -0.11802596452773786, "ndvi2018": null, "ndbi2018": null, "ndvi2021": 0.39065309470775078, "ndbi2021": -0.13187528007170735, "ndvi2024": 0.40273395461194661, "ndbi2024": -0.16875418956373256 }, "geometry": { "type": "Polygon", "coordinates": [ [ [ 106.762096609968765, -6.112862109185266 ], [ 106.762126226031285, -6.121904085139587 ], [ 106.771159848147548, -6.121874343492581 ], [ 106.771130080440415, -6.112832411789271 ], [ 106.762096609968765, -6.112862109185266 ] ] ] } },
{ "type": "Feature", "properties": { "id": "+695+9324", "ndbi2009": -0.23711063963128254, "ndvi2009": 0.14683573576439815, "first": 1, "grid_id": 93245000695, "sensor": "landsat7", "year": "2009", "ndvi2012": 0.066694746572466101, "ndbi2012": -0.16740654321620244, "ndvi2015": 0.40095536434091628, "ndbi2015": -0.13878971396479756, "ndvi2018": null, "ndbi2018": null, "ndvi2021": 0.29487026215065271, "ndbi2021": -0.081208776486164438, "ndvi2024": 0.32550540508236736, "ndbi2024": -0.11433820242382355 }, "geometry": { "type": "Polygon", "coordinates": [ [ [ 106.762067038507581, -6.103820130050909 ], [ 106.762096609968765, -6.112862109185266 ], [ 106.771130080440415, -6.112832411789271 ], [ 106.771100357568201, -6.103790476905925 ], [ 106.762067038507581, -6.103820130050909 ] ] ] } },
{ "type": "Feature", "properties": { "id": "+696+9302", "ndbi2009": -0.043322920803469493, "ndvi2009": 0.371727563676791, "first": 1, "grid_id": 93025000696, "sensor": "landsat7", "year": "2009", "ndvi2012": 0.27843824581862575, "ndbi2012": -0.035162680255611554, "ndvi2015": 0.4089506287380581, "ndbi2015": -0.051044159943903725, "ndvi2018": null, "ndbi2018": null, "ndvi2021": 0.30129361368412344, "ndbi2021": 0.053357712793842424, "ndvi2024": 0.30403717502749344, "ndbi2024": 0.056851613908432991 }, "geometry": { "type": "Polygon", "coordinates": [ [ [ 106.771764622248824, -6.302712302923998 ], [ 106.771795332243784, -6.311754166804504 ], [ 106.780832146568301, -6.311723338941606 ], [ 106.780801280131755, -6.30268151956364 ], [ 106.771764622248824, -6.302712302923998 ] ] ] } },
{ "type": "Feature", "properties": { "id": "+696+9303", "ndbi2009": -0.030047649997983154, "ndvi2009": 0.33765307538152683, "first": 1, "grid_id": 93035000696, "sensor": "landsat7", "year": "2009", "ndvi2012": 0.30105091807410472, "ndbi2012": -0.028980749963570064, "ndvi2015": 0.38785366760933493, "ndbi2015": -0.02793364629780096, "ndvi2018": null, "ndbi2018": null, "ndvi2021": 0.28880062804916717, "ndbi2021": 0.042047198926003296, "ndvi2024": 0.31368215675429095, "ndbi2024": 0.0374471876242264 }, "geometry": { "type": "Polygon", "coordinates": [ [ [ 106.771733957160663, -6.293670435764642 ], [ 106.771764622248824, -6.302712302923998 ], [ 106.780801280131755, -6.30268151956364 ], [ 106.780770458844515, -6.293639696915806 ], [ 106.771733957160663, -6.293670435764642 ] ] ] } },
{ "type": "Feature", "properties": { "id": "+696+9304", "ndbi2009": -0.041661654259352122, "ndvi2009": 0.31754950016152628, "first": 1, "grid_id": 93045000696, "sensor": "landsat7", "year": "2009", "ndvi2012": 0.24247008597149572, "ndbi2012": -0.027267338017768723, "ndvi2015": 0.36957187839582856, "ndbi2015": -0.015794083980076454, "ndvi2018": null, "ndbi2018": null, "ndvi2021": 0.3350931026187598, "ndbi2021": -0.0086983502422477692, "ndvi2024": 0.35597656731512028, "ndbi2024": -0.018364929539315844 }, "geometry": { "type": "Polygon", "coordinates": [ [ [ 106.77170333697029, -6.284628565335417 ], [ 106.771733957160663, -6.293670435764642 ], [ 106.780770458844515, -6.293639696915806 ], [ 106.780739682679666, -6.284597870989121 ], [ 106.77170333697029, -6.284628565335417 ] ] ] } },
{ "type": "Feature", "properties": { "id": "+696+9305", "ndbi2009": -0.037037289454019628, "ndvi2009": 0.28484946885146195, "first": 1, "grid_id": 93055000696, "sensor": "landsat7", "year": "2009", "ndvi2012": 0.14296299172565341, "ndbi2012": -0.023219542752485722, "ndvi2015": 0.35909867612645036, "ndbi2015": -0.020972243088181131, "ndvi2018": null, "ndbi2018": null, "ndvi2021": 0.31955653592012823, "ndbi2021": -0.0069157714096945702, "ndvi2024": 0.34483034722507, "ndbi2024": -0.013064323036815042 }, "geometry": { "type": "Polygon", "coordinates": [ [ [ 106.771672761686702, -6.275586691636326 ], [ 106.77170333697029, -6.284628565335417 ], [ 106.780739682679666, -6.284597870989121 ], [ 106.780708951655157, -6.275556041792568 ], [ 106.771672761686702, -6.275586691636326 ] ] ] } },
{ "type": "Feature", "properties": { "id": "+696+9306", "ndbi2009": -0.0090664073713924171, "ndvi2009": 0.27044530783314258, "first": 1, "grid_id": 93065000696, "sensor": "landsat7", "year": "2009", "ndvi2012": 0.13088024064199999, "ndbi2012": -0.018766493223665751, "ndvi2015": 0.34416029998101294, "ndbi2015": -0.0051938618198619215, "ndvi2018": null, "ndbi2018": null, "ndvi2021": 0.25622507010120904, "ndbi2021": -0.0067333021124795786, "ndvi2024": 0.32633922039531177, "ndbi2024": -0.0084358525564312004 }, "geometry": { "type": "Polygon", "coordinates": [ [ [ 106.771642231300916, -6.266544814685332 ], [ 106.771672761686702, -6.275586691636326 ], [ 106.780708951655157, -6.275556041792568 ], [ 106.780678265753025, -6.26651420933513 ], [ 106.771642231300916, -6.266544814685332 ] ] ] } },
{ "type": "Feature", "properties": { "id": "+696+9307", "ndbi2009": 0.0086383045299490008, "ndvi2009": 0.27014467277947596, "first": 1, "grid_id": 93075000696, "sensor": "landsat7", "year": "2009", "ndvi2012": 0.1136967609033865, "ndbi2012": 0.01887439542230876, "ndvi2015": 0.32837809207392676, "ndbi2015": 0.015649618364541849, "ndvi2018": null, "ndbi2018": null, "ndvi2021": 0.23224544490084931, "ndbi2021": 0.042617150418935157, "ndvi2024": 0.2687152191704395, "ndbi2024": 0.041555019007886156 }, "geometry": { "type": "Polygon", "coordinates": [ [ [ 106.771611745812919, -6.257502934464472 ], [ 106.771642231300916, -6.266544814685332 ], [ 106.780678265753025, -6.26651420933513 ], [ 106.78064762497327, -6.257472373616809 ], [ 106.771611745812919, -6.257502934464472 ] ] ] } },
{ "type": "Feature", "properties": { "id": "+696+9308", "ndbi2009": 0.016341488699254114, "ndvi2009": 0.25959964247886097, "first": 1, "grid_id": 93085000696, "sensor": "landsat7", "year": "2009", "ndvi2012": 0.097418408055091277, "ndbi2012": 0.035054459767252411, "ndvi2015": 0.34749726799782366, "ndbi2015": 6.6888874130199973e-05, "ndvi2018": null, "ndbi2018": null, "ndvi2021": 0.26487794407876208, "ndbi2021": 0.079758317675441504, "ndvi2024": 0.26761460566194728, "ndbi2024": 0.067778917145915329 }, "geometry": { "type": "Polygon", "coordinates": [ [ [ 106.771581305213743, -6.248461051000692 ], [ 106.771611745812919, -6.257502934464472 ], [ 106.78064762497327, -6.257472373616809 ], [ 106.780617029315891, -6.248430534646586 ], [ 106.771581305213743, -6.248461051000692 ] ] ] } },
{ "type": "Feature", "properties": { "id": "+696+9309", "ndbi2009": 0.044226193135859918, "ndvi2009": 0.21976083990405587, "first": 1, "grid_id": 93095000696, "sensor": "landsat7", "year": "2009", "ndvi2012": 0.075210748247656167, "ndbi2012": 0.049791385349361048, "ndvi2015": 0.32918611274046056, "ndbi2015": 0.014779292119041486, "ndvi2018": null, "ndbi2018": null, "ndvi2021": 0.21404379203039056, "ndbi2021": 0.091671385133967664, "ndvi2024": 0.22832926470859377, "ndbi2024": 0.09190488711876027 }, "geometry": { "type": "Polygon", "coordinates": [ [ [ 106.771550909494394, -6.239419164285012 ], [ 106.771581305213743, -6.248461051000692 ], [ 106.780617029315891, -6.248430534646586 ], [ 106.780586478771909, -6.239388692433445 ], [ 106.771550909494394, -6.239419164285012 ] ] ] } },
{ "type": "Feature", "properties": { "id": "+696+9310", "ndbi2009": 0.065279857933728952, "ndvi2009": 0.19952965810739207, "first": 1, "grid_id": 93105000696, "sensor": "landsat7", "year": "2009", "ndvi2012": 0.087192553248035792, "ndbi2012": 0.055059543872440317, "ndvi2015": 0.27903465599548527, "ndbi2015": 0.056123170287766942, "ndvi2018": null, "ndbi2018": null, "ndvi2021": 0.17964589440033413, "ndbi2021": 0.10826009701457173, "ndvi2024": 0.19680182838273796, "ndbi2024": 0.12371309805103295 }, "geometry": { "type": "Polygon", "coordinates": [ [ [ 106.771520558663852, -6.230377274326414 ], [ 106.771550909494394, -6.239419164285012 ], [ 106.780586478771909, -6.239388692433445 ], [ 106.780555973332326, -6.230346846968402 ], [ 106.771520558663852, -6.230377274326414 ] ] ] } },
{ "type": "Feature", "properties": { "id": "+696+9311", "ndbi2009": 0.056811337359249592, "ndvi2009": 0.19335876032710075, "first": 1, "grid_id": 93115000696, "sensor": "landsat7", "year": "2009", "ndvi2012": 0.14098483417183161, "ndbi2012": 0.040420035948045559, "ndvi2015": 0.26036211848258972, "ndbi2015": 0.068514055805280791, "ndvi2018": null, "ndbi2018": null, "ndvi2021": 0.22376802563667297, "ndbi2021": 0.097273559309542179, "ndvi2024": 0.2182349972426891, "ndbi2024": 0.089263770263642073 }, "geometry": { "type": "Polygon", "coordinates": [ [ [ 106.771490252704169, -6.221335381124897 ], [ 106.771520558663852, -6.230377274326414 ], [ 106.780555973332326, -6.230346846968402 ], [ 106.78052551300614, -6.221304998260441 ], [ 106.771490252704169, -6.221335381124897 ] ] ] } },
{ "type": "Feature", "properties": { "id": "+696+9312", "ndbi2009": 0.05326036924824995, "ndvi2009": 0.18984198535189911, "first": 1, "grid_id": 93125000696, "sensor": "landsat7", "year": "2009", "ndvi2012": 0.1376805214320912, "ndbi2012": 0.040054555799739031, "ndvi2015": 0.26535761718656503, "ndbi2015": 0.063004930668017448, "ndvi2018": null, "ndbi2018": null, "ndvi2021": 0.1873340098881254, "ndbi2021": 0.1270707409171497, "ndvi2024": 0.18143463949946798, "ndbi2024": 0.11984369667137371 }, "geometry": { "type": "Polygon", "coordinates": [ [ [ 106.771459991633307, -6.212293484689445 ], [ 106.771490252704169, -6.221335381124897 ], [ 106.78052551300614, -6.221304998260441 ], [ 106.780495097784367, -6.212263146318546 ], [ 106.771459991633307, -6.212293484689445 ] ] ] } },
{ "type": "Feature", "properties": { "id": "+696+9313", "ndbi2009": 0.060496997336546579, "ndvi2009": 0.18660666773132251, "first": 1, "grid_id": 93135000696, "sensor": "landsat7", "year": "2009", "ndvi2012": 0.086516650298646858, "ndbi2012": 0.039644017209317171, "ndvi2015": 0.26260397293988397, "ndbi2015": 0.054688507493804481, "ndvi2018": null, "ndbi2018": null, "ndvi2021": 0.16270185282417374, "ndbi2021": 0.14697588290653976, "ndvi2024": 0.16281767361888699, "ndbi2024": 0.14058555183457394 }, "geometry": { "type": "Polygon", "coordinates": [ [ [ 106.771429775424309, -6.203251585029041 ], [ 106.771459991633307, -6.212293484689445 ], [ 106.780495097784367, -6.212263146318546 ], [ 106.780464727658028, -6.203221291151698 ], [ 106.771429775424309, -6.203251585029041 ] ] ] } },
{ "type": "Feature", "properties": { "id": "+696+9314", "ndbi2009": 0.052630139805842198, "ndvi2009": 0.1764134427648969, "first": 1, "grid_id": 93145000696, "sensor": "landsat7", "year": "2009", "ndvi2012": 0.055557517116540112, "ndbi2012": 0.02824454578149016, "ndvi2015": 0.26401874847942963, "ndbi2015": 0.042652893389458775, "ndvi2018": null, "ndbi2018": null, "ndvi2021": 0.18645350978476929, "ndbi2021": 0.097103834516019574, "ndvi2024": 0.20471739902859554, "ndbi2024": 0.097138293262105435 }, "geometry": { "type": "Polygon", "coordinates": [ [ [ 106.771399604086142, -6.194209682143686 ], [ 106.771429775424309, -6.203251585029041 ], [ 106.780464727658028, -6.203221291151698 ], [ 106.780434402636089, -6.194179432750916 ], [ 106.771399604086142, -6.194209682143686 ] ] ] } },
{ "type": "Feature", "properties": { "id": "+696+9315", "ndbi2009": 0.030237093611675155, "ndvi2009": 0.14667593420428388, "first": 1, "grid_id": 93155000696, "sensor": "landsat7", "year": "2009", "ndvi2012": 0.046948007654910001, "ndbi2012": 0.035068268456733692, "ndvi2015": 0.24908677205151203, "ndbi2015": 0.043273023399067856, "ndvi2018": null, "ndbi2018": null, "ndvi2021": 0.19523514889034571, "ndbi2021": 0.078433654442721726, "ndvi2024": 0.20782081999030766, "ndbi2024": 0.08097761258775113 }, "geometry": { "type": "Polygon", "coordinates": [ [ [ 106.771369477609852, -6.185167776033379 ], [ 106.771399604086142, -6.194209682143686 ], [ 106.780434402636089, -6.194179432750916 ], [ 106.780404122700602, -6.185137571125181 ], [ 106.771369477609852, -6.185167776033379 ] ] ] } },
{ "type": "Feature", "properties": { "id": "+696+9316", "ndbi2009": 0.032840766318258836, "ndvi2009": 0.13927114869875368, "first": 1, "grid_id": 93165000696, "sensor": "landsat7", "year": "2009", "ndvi2012": 0.037611339605064138, "ndbi2012": 0.056891268526669592, "ndvi2015": 0.22895253775641322, "ndbi2015": 0.045981229515746236, "ndvi2018": null, "ndbi2018": null, "ndvi2021": 0.15982780256308615, "ndbi2021": 0.1025488463928923, "ndvi2024": 0.15653795731486753, "ndbi2024": 0.101595860614907 }, "geometry": { "type": "Polygon", "coordinates": [ [ [ 106.771339395986445, -6.176125866707102 ], [ 106.771369477609852, -6.185167776033379 ], [ 106.780404122700602, -6.185137571125181 ], [ 106.780373887851553, -6.176095706292461 ], [ 106.771339395986445, -6.176125866707102 ] ] ] } },
{ "type": "Feature", "properties": { "id": "+696+9317", "ndbi2009": 0.010992415000995003, "ndvi2009": 0.13491260669395036, "first": 1, "grid_id": 93175000696, "sensor": "landsat7", "year": "2009", "ndvi2012": 0.068916174469917435, "ndbi2012": 0.046305769440882348, "ndvi2015": 0.21848896958079991, "ndbi2015": 0.043249319362289762, "ndvi2018": null, "ndbi2018": null, "ndvi2021": 0.13905514578024544, "ndbi2021": 0.089893018439704306, "ndvi2024": 0.14235501236775341, "ndbi2024": 0.081078975618469953 }, "geometry": { "type": "Polygon", "coordinates": [ [ [ 106.771309359233896, -6.167083954173841 ], [ 106.771339395986445, -6.176125866707102 ], [ 106.780373887851553, -6.176095706292461 ], [ 106.780343698088956, -6.167053838243772 ], [ 106.771309359233896, -6.167083954173841 ] ] ] } },
{ "type": "Feature", "properties": { "id": "+696+9318", "ndbi2009": 0.0092278328229440411, "ndvi2009": 0.12267932039685547, "first": 1, "grid_id": 93185000696, "sensor": "landsat7", "year": "2009", "ndvi2012": 0.050446092511265306, "ndbi2012": 0.017934335739482776, "ndvi2015": 0.20764250896172601, "ndbi2015": 0.049266285510384478, "ndvi2018": null, "ndbi2018": null, "ndvi2021": 0.12252729112515227, "ndbi2021": 0.083395635272609084, "ndvi2024": 0.13609156126040034, "ndbi2024": 0.072304827786865658 }, "geometry": { "type": "Polygon", "coordinates": [ [ [ 106.771279367325235, -6.158042038433594 ], [ 106.771309359233896, -6.167083954173841 ], [ 106.780343698088956, -6.167053838243772 ], [ 106.780313553412796, -6.158011966979115 ], [ 106.771279367325235, -6.158042038433594 ] ] ] } },
{ "type": "Feature", "properties": { "id": "+696+9319", "ndbi2009": 0.030564601449113268, "ndvi2009": 0.056293440566343417, "first": 1, "grid_id": 93195000696, "sensor": "landsat7", "year": "2009", "ndvi2012": 0.024047792366906708, "ndbi2012": 0.011672153745723123, "ndvi2015": 0.1821308371483111, "ndbi2015": 0.062181695740596919, "ndvi2018": null, "ndbi2018": null, "ndvi2021": 0.099208192994781563, "ndbi2021": 0.11049353752066107, "ndvi2024": 0.10404463442517262, "ndbi2024": 0.096372714492620207 }, "geometry": { "type": "Polygon", "coordinates": [ [ [ 106.771249420260474, -6.149000119495344 ], [ 106.771279367325235, -6.158042038433594 ], [ 106.780313553412796, -6.158011966979115 ], [ 106.780283453805126, -6.148970092525438 ], [ 106.771249420260474, -6.149000119495344 ] ] ] } },
{ "type": "Feature", "properties": { "id": "+696+9320", "ndbi2009": 0.028155811919885525, "ndvi2009": -0.044843085869854568, "first": 1, "grid_id": 93205000696, "sensor": "landsat7", "year": "2009", "ndvi2012": -0.014884803312666275, "ndbi2012": 0.01963218853388931, "ndvi2015": 0.15915538189457912, "ndbi2015": 0.06431064669992409, "ndvi2018": null, "ndbi2018": null, "ndvi2021": 0.10019344789724724, "ndbi2021": 0.12762678446722966, "ndvi2024": 0.090017597581826009, "ndbi2024": 0.10255221327145894 }, "geometry": { "type": "Polygon", "coordinates": [ [ [ 106.771219518048582, -6.13995819735011 ], [ 106.771249420260474, -6.149000119495344 ], [ 106.780283453805126, -6.148970092525438 ], [ 106.780253399274898, -6.139928214864776 ], [ 106.771219518048582, -6.13995819735011 ] ] ] } },
{ "type": "Feature", "properties": { "id": "+696+9321", "ndbi2009": 0.028125550852564629, "ndvi2009": -0.062209722003899508, "first": 1, "grid_id": 93215000696, "sensor": "landsat7", "year": "2009", "ndvi2012": -0.075046935642603785, "ndbi2012": 0.029841899289749559, "ndvi2015": 0.22490794956684113, "ndbi2015": 0.020361303293611858, "ndvi2018": null, "ndbi2018": null, "ndvi2021": 0.11168088868726044, "ndbi2021": 0.081422891991678625, "ndvi2024": 0.10821349883917721, "ndbi2024": 0.071039642323739827 }, "geometry": { "type": "Polygon", "coordinates": [ [ [ 106.771189660680605, -6.130916272015855 ], [ 106.771219518048582, -6.13995819735011 ], [ 106.780253399274898, -6.139928214864776 ], [ 106.780223389813159, -6.130886334006111 ], [ 106.771189660680605, -6.130916272015855 ] ] ] } },
{ "type": "Feature", "properties": { "id": "+696+9322", "ndbi2009": -7.2392430521694799e-05, "ndvi2009": 0.077519195833626917, "first": 1, "grid_id": 93225000696, "sensor": "landsat7", "year": "2009", "ndvi2012": 0.0041710126633737604, "ndbi2012": 0.02311100734799516, "ndvi2015": 0.32949931083940998, "ndbi2015": -0.056299875442888225, "ndvi2018": null, "ndbi2018": null, "ndvi2021": 0.15686097688534681, "ndbi2021": 0.01288594591851328, "ndvi2024": 0.16254048455579609, "ndbi2024": 0.010175538106876261 }, "geometry": { "type": "Polygon", "coordinates": [ [ [ 106.771159848147548, -6.121874343492581 ], [ 106.771189660680605, -6.130916272015855 ], [ 106.780223389813159, -6.130886334006111 ], [ 106.780193425419895, -6.12184444996741 ], [ 106.771159848147548, -6.121874343492581 ] ] ] } },
{ "type": "Feature", "properties": { "id": "+696+9323", "ndbi2009": -0.028276203628593066, "ndvi2009": 0.18611795082688332, "first": 1, "grid_id": 93235000696, "sensor": "landsat7", "year": "2009", "ndvi2012": 0.085521198809146895, "ndbi2012": -0.0054481878814840465, "ndvi2015": 0.32289822155144066, "ndbi2015": -0.063805957830481944, "ndvi2018": null, "ndbi2018": null, "ndvi2021": 0.2059409886132926, "ndbi2021": -0.0082398656377336045, "ndvi2024": 0.20753884851001206, "ndbi2024": -0.03627978855729453 }, "geometry": { "type": "Polygon", "coordinates": [ [ [ 106.771130080440415, -6.112832411789271 ], [ 106.771159848147548, -6.121874343492581 ], [ 106.780193425419895, -6.12184444996741 ], [ 106.780163506086126, -6.112802562739691 ], [ 106.771130080440415, -6.112832411789271 ] ] ] } },
{ "type": "Feature", "properties": { "id": "+697+9302", "ndbi2009": -0.042294913661830566, "ndvi2009": 0.37045656758196216, "first": 1, "grid_id": 93025000697, "sensor": "landsat7", "year": "2009", "ndvi2012": 0.30776334708812192, "ndbi2012": -0.033875545070451853, "ndvi2015": 0.3986431422186833, "ndbi2015": -0.030588657584260496, "ndvi2018": null, "ndbi2018": null, "ndvi2021": 0.35389474653730207, "ndbi2021": 0.010260230375855576, "ndvi2024": 0.35362277685427196, "ndbi2024": 0.016113106701888293 }, "geometry": { "type": "Polygon", "coordinates": [ [ [ 106.780801280131755, -6.30268151956364 ], [ 106.780832146568301, -6.311723338941606 ], [ 106.789868915743511, -6.311692354439472 ], [ 106.789837892883313, -6.302650579797607 ], [ 106.780801280131755, -6.30268151956364 ] ] ] } },
{ "type": "Feature", "properties": { "id": "+697+9303", "ndbi2009": -0.04032122027274454, "ndvi2009": 0.3554756219964475, "first": 1, "grid_id": 93035000697, "sensor": "landsat7", "year": "2009", "ndvi2012": 0.29572795645799493, "ndbi2012": -0.036243152397219099, "ndvi2015": 0.38258985942229629, "ndbi2015": -0.031739949732582311, "ndvi2018": null, "ndbi2018": null, "ndvi2021": 0.34664626547601074, "ndbi2021": -0.0068218747910577813, "ndvi2024": 0.37281586311291903, "ndbi2024": -0.01283358132786816 }, "geometry": { "type": "Polygon", "coordinates": [ [ [ 106.780770458844515, -6.293639696915806 ], [ 106.780801280131755, -6.30268151956364 ], [ 106.789837892883313, -6.302650579797607 ], [ 106.789806915397023, -6.293608801876891 ], [ 106.780770458844515, -6.293639696915806 ] ] ] } },
{ "type": "Feature", "properties": { "id": "+697+9304", "ndbi2009": -0.029975264551467262, "ndvi2009": 0.31867033976595849, "first": 1, "grid_id": 93045000697, "sensor": "landsat7", "year": "2009", "ndvi2012": 0.22141088408534415, "ndbi2012": -0.016901560898986642, "ndvi2015": 0.38796685310080642, "ndbi2015": -0.0511448537108663, "ndvi2018": null, "ndbi2018": null, "ndvi2021": 0.3404319133842364, "ndbi2021": -0.017460043149185367, "ndvi2024": 0.35544539021793753, "ndbi2024": -0.028517310194729362 }, "geometry": { "type": "Polygon", "coordinates": [ [ [ 106.780739682679666, -6.284597870989121 ], [ 106.780770458844515, -6.293639696915806 ], [ 106.789806915397023, -6.293608801876891 ], [ 106.789775983266665, -6.284567020686307 ], [ 106.780739682679666, -6.284597870989121 ] ] ] } },
{ "type": "Feature", "properties": { "id": "+697+9305", "ndbi2009": -0.055374997315972341, "ndvi2009": 0.31525102539325323, "first": 1, "grid_id": 93055000697, "sensor": "landsat7", "year": "2009", "ndvi2012": 0.16514851962487528, "ndbi2012": -0.019371550280864784, "ndvi2015": 0.42440881222251831, "ndbi2015": -0.073415893951328262, "ndvi2018": null, "ndbi2018": null, "ndvi2021": 0.38382300523322405, "ndbi2021": -0.047365618572665719, "ndvi2024": 0.40782640510656704, "ndbi2024": -0.059297753417292445 }, "geometry": { "type": "Polygon", "coordinates": [ [ [ 106.780708951655157, -6.275556041792568 ], [ 106.780739682679666, -6.284597870989121 ], [ 106.789775983266665, -6.284567020686307 ], [ 106.789745096492254, -6.275525236216873 ], [ 106.780708951655157, -6.275556041792568 ] ] ] } },
{ "type": "Feature", "properties": { "id": "+697+9306", "ndbi2009": -0.060068096790928394, "ndvi2009": 0.32285451726056635, "first": 1, "grid_id": 93065000697, "sensor": "landsat7", "year": "2009", "ndvi2012": 0.17782403685851023, "ndbi2012": -0.035833401023410254, "ndvi2015": 0.42254668823443353, "ndbi2015": -0.07330571414786391, "ndvi2018": null, "ndbi2018": null, "ndvi2021": 0.35903980769217009, "ndbi2021": -0.065412089083110914, "ndvi2024": 0.46381841623224324, "ndbi2024": -0.078136873562470996 }, "geometry": { "type": "Polygon", "coordinates": [ [ [ 106.780678265753025, -6.26651420933513 ], [ 106.780708951655157, -6.275556041792568 ], [ 106.789745096492254, -6.275525236216873 ], [ 106.789714255082771, -6.266483448486553 ], [ 106.780678265753025, -6.26651420933513 ] ] ] } },
{ "type": "Feature", "properties": { "id": "+697+9307", "ndbi2009": 0.0055325528570249992, "ndvi2009": 0.26394594697391283, "first": 1, "grid_id": 93075000697, "sensor": "landsat7", "year": "2009", "ndvi2012": 0.10244783852614608, "ndbi2012": 0.040101789463968841, "ndvi2015": 0.36784227537173853, "ndbi2015": -0.028456719082725401, "ndvi2018": null, "ndbi2018": null, "ndvi2021": 0.2580614144895591, "ndbi2021": 0.035892525680509269, "ndvi2024": 0.31933082587578715, "ndbi2024": 0.021845089454276892 }, "geometry": { "type": "Polygon", "coordinates": [ [ [ 106.78064762497327, -6.257472373616809 ], [ 106.780678265753025, -6.26651420933513 ], [ 106.789714255082771, -6.266483448486553 ], [ 106.789683459020225, -6.25744165749535 ], [ 106.78064762497327, -6.257472373616809 ] ] ] } },
{ "type": "Feature", "properties": { "id": "+697+9308", "ndbi2009": 0.063963363436507242, "ndvi2009": 0.20543237363590913, "first": 1, "grid_id": 93085000697, "sensor": "landsat7", "year": "2009", "ndvi2012": 0.089049299032080392, "ndbi2012": 0.0694889603146151, "ndvi2015": 0.29408768386233086, "ndbi2015": 0.03559617489854823, "ndvi2018": null, "ndbi2018": null, "ndvi2021": 0.18663610032960481, "ndbi2021": 0.14145596357537249, "ndvi2024": 0.1972840860193851, "ndbi2024": 0.13638788040946515 }, "geometry": { "type": "Polygon", "coordinates": [ [ [ 106.780617029315891, -6.248430534646586 ], [ 106.78064762497327, -6.257472373616809 ], [ 106.789683459020225, -6.25744165749535 ], [ 106.789652708304644, -6.248399863252245 ], [ 106.780617029315891, -6.248430534646586 ] ] ] } },
{ "type": "Feature", "properties": { "id": "+697+9309", "ndbi2009": 0.042875923619077008, "ndvi2009": 0.21214809329123113, "first": 1, "grid_id": 93095000697, "sensor": "landsat7", "year": "2009", "ndvi2012": 0.064001274054229951, "ndbi2012": 0.060832637991454157, "ndvi2015": 0.27708856560088496, "ndbi2015": 0.048111924030737142, "ndvi2018": null, "ndbi2018": null, "ndvi2021": 0.16892815729365845, "ndbi2021": 0.11028508473777404, "ndvi2024": 0.19503864910611776, "ndbi2024": 0.10869132819438074 }, "geometry": { "type": "Polygon", "coordinates": [ [ [ 106.780586478771909, -6.239388692433445 ], [ 106.780617029315891, -6.248430534646586 ], [ 106.789652708304644, -6.248399863252245 ], [ 106.789622002927032, -6.239358065757238 ], [ 106.780586478771909, -6.239388692433445 ] ] ] } },
{ "type": "Feature", "properties": { "id": "+697+9310", "ndbi2009": 0.020295676928863186, "ndvi2009": 0.22571657007200674, "first": 1, "grid_id": 93105000697, "sensor": "landsat7", "year": "2009", "ndvi2012": 0.076665429378810671, "ndbi2012": 0.028063176149142943, "ndvi2015": 0.28417151246154521, "ndbi2015": 0.037742498994135024, "ndvi2018": null, "ndbi2018": null, "ndvi2021": 0.23226650440902039, "ndbi2021": 0.053206867920724973, "ndvi2024": 0.2652603693698582, "ndbi2024": 0.054903460575038927 }, "geometry": { "type": "Polygon", "coordinates": [ [ [ 106.780555973332326, -6.230346846968402 ], [ 106.780586478771909, -6.239388692433445 ], [ 106.789622002927032, -6.239358065757238 ], [ 106.789591342896387, -6.23031626501033 ], [ 106.780555973332326, -6.230346846968402 ] ] ] } },
{ "type": "Feature", "properties": { "id": "+697+9311", "ndbi2009": -0.0044101833627792067, "ndvi2009": 0.23959723312873393, "first": 1, "grid_id": 93115000697, "sensor": "landsat7", "year": "2009", "ndvi2012": 0.091686953644966721, "ndbi2012": 0.0061485681599151585, "ndvi2015": 0.29891088523436332, "ndbi2015": 0.029854256730686757, "ndvi2018": null, "ndbi2018": null, "ndvi2021": 0.31429250352084637, "ndbi2021": 0.016621702307020318, "ndvi2024": 0.31589147204067558, "ndbi2024": 0.013497038191417234 }, "geometry": { "type": "Polygon", "coordinates": [ [ [ 106.78052551300614, -6.221304998260441 ], [ 106.780555973332326, -6.230346846968402 ], [ 106.789591342896387, -6.23031626501033 ], [ 106.78956072820371, -6.221274461029488 ], [ 106.78052551300614, -6.221304998260441 ] ] ] } },
{ "type": "Feature", "properties": { "id": "+697+9312", "ndbi2009": 0.019083223433471193, "ndvi2009": 0.21672160111221611, "first": 1, "grid_id": 93125000697, "sensor": "landsat7", "year": "2009", "ndvi2012": 0.075468759034194199, "ndbi2012": 0.018660910650357312, "ndvi2015": 0.26822832542307234, "ndbi2015": 0.052609443810640602, "ndvi2018": null, "ndbi2018": null, "ndvi2021": 0.23392566220433103, "ndbi2021": 0.065551906531932311, "ndvi2024": 0.24034179057560712, "ndbi2024": 0.058301067133160196 }, "geometry": { "type": "Polygon", "coordinates": [ [ [ 106.780495097784367, -6.212263146318546 ], [ 106.78052551300614, -6.221304998260441 ], [ 106.78956072820371, -6.221274461029488 ], [ 106.789530158840009, -6.212232653805727 ], [ 106.780495097784367, -6.212263146318546 ] ] ] } },
{ "type": "Feature", "properties": { "id": "+697+9313", "ndbi2009": 0.077646590303629637, "ndvi2009": 0.17309210449457169, "first": 1, "grid_id": 93135000697, "sensor": "landsat7", "year": "2009", "ndvi2012": 0.035322271171025932, "ndbi2012": 0.044024677947163582, "ndvi2015": 0.22322569973766804, "ndbi2015": 0.080473427660763264, "ndvi2018": null, "ndbi2018": null, "ndvi2021": 0.11935270018875599, "ndbi2021": 0.16043642535805702, "ndvi2024": 0.13438171520829201, "ndbi2024": 0.16119296476244926 }, "geometry": { "type": "Polygon", "coordinates": [ [ [ 106.780464727658028, -6.203221291151698 ], [ 106.780495097784367, -6.212263146318546 ], [ 106.789530158840009, -6.212232653805727 ], [ 106.78949963480531, -6.203190843348031 ], [ 106.780464727658028, -6.203221291151698 ] ] ] } },
{ "type": "Feature", "properties": { "id": "+697+9314", "ndbi2009": 0.082979357330238118, "ndvi2009": 0.169975700506977, "first": 1, "grid_id": 93145000697, "sensor": "landsat7", "year": "2009", "ndvi2012": 0.040438179058187147, "ndbi2012": 0.046902333682074263, "ndvi2015": 0.24287548988473179, "ndbi2015": 0.057837550269038071, "ndvi2018": null, "ndbi2018": null, "ndvi2021": 0.1498066154765148, "ndbi2021": 0.13138051392400965, "ndvi2024": 0.16348374012638539, "ndbi2024": 0.13203030699024015 }, "geometry": { "type": "Polygon", "coordinates": [ [ [ 106.780434402636089, -6.194179432750916 ], [ 106.780464727658028, -6.203221291151698 ], [ 106.78949963480531, -6.203190843348031 ], [ 106.789469156090618, -6.194149029665383 ], [ 106.780434402636089, -6.194179432750916 ] ] ] } },
{ "type": "Feature", "properties": { "id": "+697+9315", "ndbi2009": 0.045183192596596207, "ndvi2009": 0.17984417948173362, "first": 1, "grid_id": 93155000697, "sensor": "landsat7", "year": "2009", "ndvi2012": 0.067037679909844883, "ndbi2012": 0.041328680017613813, "ndvi2015": 0.24108278442872691, "ndbi2015": 0.048686682435800321, "ndvi2018": null, "ndbi2018": null, "ndvi2021": 0.19620700035011399, "ndbi2021": 0.085175727683235905, "ndvi2024": 0.20597355044446886, "ndbi2024": 0.079961312439991175 }, "geometry": { "type": "Polygon", "coordinates": [ [ [ 106.780404122700602, -6.185137571125181 ], [ 106.780434402636089, -6.194179432750916 ], [ 106.789469156090618, -6.194149029665383 ], [ 106.789438722704915, -6.185107212757784 ], [ 106.780404122700602, -6.185137571125181 ] ] ] } },
{ "type": "Feature", "properties": { "id": "+697+9316", "ndbi2009": 0.023192181043765126, "ndvi2009": 0.13916440173691397, "first": 1, "grid_id": 93165000697, "sensor": "landsat7", "year": "2009", "ndvi2012": 0.076015420944667331, "ndbi2012": 0.034389389507180339, "ndvi2015": 0.22357556048561544, "ndbi2015": 0.04920127653315956, "ndvi2018": null, "ndbi2018": null, "ndvi2021": 0.15785322797064688, "ndbi2021": 0.086071700149891434, "ndvi2024": 0.16047007143497466, "ndbi2024": 0.086870324290266226 }, "geometry": { "type": "Polygon", "coordinates": [ [ [ 106.780373887851553, -6.176095706292461 ], [ 106.780404122700602, -6.185137571125181 ], [ 106.789438722704915, -6.185107212757784 ], [ 106.789408334630224, -6.176065392634215 ], [ 106.780373887851553, -6.176095706292461 ] ] ] } },
{ "type": "Feature", "properties": { "id": "+697+9317", "ndbi2009": 0.0031826365556494869, "ndvi2009": 0.060605956190357017, "first": 1, "grid_id": 93175000697, "sensor": "landsat7", "year": "2009", "ndvi2012": 0.1097806357869915, "ndbi2012": 0.0069195163710152417, "ndvi2015": 0.22169214726663106, "ndbi2015": 0.04146057693105118, "ndvi2018": null, "ndbi2018": null, "ndvi2021": 0.11962954588964875, "ndbi2021": 0.075320082114023329, "ndvi2024": 0.12902525055642222, "ndbi2024": 0.063730685705063392 }, "geometry": { "type": "Polygon", "coordinates": [ [ [ 106.780343698088956, -6.167053838243772 ], [ 106.780373887851553, -6.176095706292461 ], [ 106.789408334630224, -6.176065392634215 ], [ 106.789377991866559, -6.167023569294678 ], [ 106.780343698088956, -6.167053838243772 ] ] ] } },
{ "type": "Feature", "properties": { "id": "+697+9318", "ndbi2009": 0.014764970455871662, "ndvi2009": 0.023323070441620072, "first": 1, "grid_id": 93185000697, "sensor": "landsat7", "year": "2009", "ndvi2012": 0.049716744397301234, "ndbi2012": 0.014606551125325497, "ndvi2015": 0.19665170239750296, "ndbi2015": 0.056861925811972476, "ndvi2018": null, "ndbi2018": null, "ndvi2021": 0.11224401311483236, "ndbi2021": 0.091494227264774963, "ndvi2024": 0.11983364779734985, "ndbi2024": 0.059019355016062043 }, "geometry": { "type": "Polygon", "coordinates": [ [ [ 106.780313553412796, -6.158011966979115 ], [ 106.780343698088956, -6.167053838243772 ], [ 106.789377991866559, -6.167023569294678 ], [ 106.789347694413919, -6.157981742739173 ], [ 106.780313553412796, -6.158011966979115 ] ] ] } },
{ "type": "Feature", "properties": { "id": "+697+9319", "ndbi2009": 0.0422896668899293, "ndvi2009": -0.0025216150599732725, "first": 1, "grid_id": 93195000697, "sensor": "landsat7", "year": "2009", "ndvi2012": -0.010655817855149508, "ndbi2012": 0.040626340194185283, "ndvi2015": 0.15691905337221482, "ndbi2015": 0.056516866071843634, "ndvi2018": null, "ndbi2018": null, "ndvi2021": 0.076740399981830631, "ndbi2021": 0.13688549817192788, "ndvi2024": 0.070816543347695299, "ndbi2024": 0.10325255230361341 }, "geometry": { "type": "Polygon", "coordinates": [ [ [ 106.780283453805126, -6.148970092525438 ], [ 106.780313553412796, -6.158011966979115 ], [ 106.789347694413919, -6.157981742739173 ], [ 106.789317442272306, -6.148939912985664 ], [ 106.780283453805126, -6.148970092525438 ] ] ] } },
{ "type": "Feature", "properties": { "id": "+697+9320", "ndbi2009": 0.039560531891766004, "ndvi2009": -0.010267516379826707, "first": 1, "grid_id": 93205000697, "sensor": "landsat7", "year": "2009", "ndvi2012": -0.0015593806756442059, "ndbi2012": 0.040893111449804558, "ndvi2015": 0.13903759134700522, "ndbi2015": 0.040870788485335652, "ndvi2018": null, "ndbi2018": null, "ndvi2021": 0.078835335254552774, "ndbi2021": 0.13996209311881103, "ndvi2024": 0.076039756881073131, "ndbi2024": 0.10009192576399072 }, "geometry": { "type": "Polygon", "coordinates": [ [ [ 106.780253399274898, -6.139928214864776 ], [ 106.780283453805126, -6.148970092525438 ], [ 106.789317442272306, -6.148939912985664 ], [ 106.789287235432738, -6.139898080034154 ], [ 106.780253399274898, -6.139928214864776 ] ] ] } },
{ "type": "Feature", "properties": { "id": "+697+9321", "ndbi2009": 0.032095209479916328, "ndvi2009": -0.021818580200859146, "first": 1, "grid_id": 93215000697, "sensor": "landsat7", "year": "2009", "ndvi2012": -0.02597975950304638, "ndbi2012": 0.048354653853411769, "ndvi2015": 0.1665532241264979, "ndbi2015": 0.042814765958225025, "ndvi2018": null, "ndbi2018": null, "ndvi2021": 0.083961199837572428, "ndbi2021": 0.11634845888497783, "ndvi2024": 0.083043294589893485, "ndbi2024": 0.088253345968676539 }, "geometry": { "type": "Polygon", "coordinates": [ [ [ 106.780223389813159, -6.130886334006111 ], [ 106.780253399274898, -6.139928214864776 ], [ 106.789287235432738, -6.139898080034154 ], [ 106.789257073886219, -6.130856243884641 ], [ 106.780223389813159, -6.130886334006111 ] ] ] } },
{ "type": "Feature", "properties": { "id": "+697+9322", "ndbi2009": 0.033220352270291187, "ndvi2009": -0.01690348531701602, "first": 1, "grid_id": 93225000697, "sensor": "landsat7", "year": "2009", "ndvi2012": 0.0156091999670025, "ndbi2012": 0.042084819870069623, "ndvi2015": 0.2211016605142504, "ndbi2015": 0.005638791582896375, "ndvi2018": null, "ndbi2018": null, "ndvi2021": 0.092066783225163804, "ndbi2021": 0.073849787469953285, "ndvi2024": 0.086217543226666762, "ndbi2024": 0.069936439045704887 }, "geometry": { "type": "Polygon", "coordinates": [ [ [ 106.780193425419895, -6.12184444996741 ], [ 106.780223389813159, -6.130886334006111 ], [ 106.789257073886219, -6.130856243884641 ], [ 106.789226957632749, -6.121814404546108 ], [ 106.780193425419895, -6.12184444996741 ] ] ] } },
{ "type": "Feature", "properties": { "id": "+697+9323", "ndbi2009": 0.015283024037147269, "ndvi2009": 0.078918630556732997, "first": 1, "grid_id": 93235000697, "sensor": "landsat7", "year": "2009", "ndvi2012": 0.095166016150923335, "ndbi2012": 0.012952763567149054, "ndvi2015": 0.22069050196339102, "ndbi2015": -0.01544357606337643, "ndvi2018": null, "ndbi2018": null, "ndvi2021": 0.11769909326936684, "ndbi2021": 0.043170070421754143, "ndvi2024": 0.10535546295783099, "ndbi2024": 0.026200488269986475 }, "geometry": { "type": "Polygon", "coordinates": [ [ [ 106.780163506086126, -6.112802562739691 ], [ 106.780193425419895, -6.12184444996741 ], [ 106.789226957632749, -6.121814404546108 ], [ 106.789196886672343, -6.112772562018558 ], [ 106.780163506086126, -6.112802562739691 ] ] ] } },
{ "type": "Feature", "properties": { "id": "+698+9296", "ndbi2009": -0.099057889729738224, "ndvi2009": 0.46194954713185632, "first": 1, "grid_id": 92965000698, "sensor": "landsat7", "year": "2009", "ndvi2012": 0.43929084142049152, "ndbi2012": -0.07941120887796084, "ndvi2015": 0.46794122358163204, "ndbi2015": -0.059721601009368901, "ndvi2018": 0.31058570643266042, "ndbi2018": -0.047475233270476265, "ndvi2021": 0.37875143388907118, "ndbi2021": -0.031364543735980986, "ndvi2024": 0.42258631984392803, "ndbi2024": -0.024078231304883957 }, "geometry": { "type": "Polygon", "coordinates": [ [ [ 106.790024710671034, -6.356901178304342 ], [ 106.790056005810598, -6.365942933174288 ], [ 106.799093672968709, -6.365911522268838 ], [ 106.799062220031075, -6.356869812359572 ], [ 106.790024710671034, -6.356901178304342 ] ] ] } },
{ "type": "Feature", "properties": { "id": "+698+9297", "ndbi2009": -0.10384458489716053, "ndvi2009": 0.47733831033110619, "first": 1, "grid_id": 92975000698, "sensor": "landsat7", "year": "2009", "ndvi2012": 0.42467501387000084, "ndbi2012": -0.075103525537997484, "ndvi2015": 0.45688789710402489, "ndbi2015": -0.055662938626483076, "ndvi2018": 0.29168023355305189, "ndbi2018": -0.069523776415735483, "ndvi2021": 0.41714028269052505, "ndbi2021": -0.062891351088183001, "ndvi2024": 0.48307930678129196, "ndbi2024": -0.068661873694509268 }, "geometry": { "type": "Polygon", "coordinates": [ [ [ 106.789993460923341, -6.347859420128596 ], [ 106.790024710671034, -6.356901178304342 ], [ 106.799062220031075, -6.356869812359572 ], [ 106.799030812709915, -6.347828099153489 ], [ 106.789993460923341, -6.347859420128596 ] ] ] } },
{ "type": "Feature", "properties": { "id": "+698+9302", "ndbi2009": -0.024574570841650715, "ndvi2009": 0.35342342080548406, "first": 1, "grid_id": 93025000698, "sensor": "landsat7", "year": "2009", "ndvi2012": 0.30869125411845738, "ndbi2012": -0.018909378253738396, "ndvi2015": 0.37485571636352688, "ndbi2015": -0.0090136938670184463, "ndvi2018": null, "ndbi2018": null, "ndvi2021": 0.31783291301690048, "ndbi2021": 0.019423228503001159, "ndvi2024": 0.32465110532939434, "ndbi2024": 0.039227562119776849 }, "geometry": { "type": "Polygon", "coordinates": [ [ [ 106.789837892883313, -6.302650579797607 ], [ 106.789868915743511, -6.311692354439472 ], [ 106.798905639544813, -6.31166121331607 ], [ 106.798874460269957, -6.302619483634884 ], [ 106.789837892883313, -6.302650579797607 ] ] ] } },
{ "type": "Feature", "properties": { "id": "+698+9303", "ndbi2009": -0.028924829690367918, "ndvi2009": 0.35714153095614171, "first": 1, "grid_id": 93035000698, "sensor": "landsat7", "year": "2009", "ndvi2012": 0.27155265642795712, "ndbi2012": -0.026432000413478818, "ndvi2015": 0.38536614610347897, "ndbi2015": -0.023257337183167692, "ndvi2018": null, "ndbi2018": null, "ndvi2021": 0.2916683346265927, "ndbi2021": 0.026755811857583463, "ndvi2024": 0.29337059881072486, "ndbi2024": 0.027344401853042651 }, "geometry": { "type": "Polygon", "coordinates": [ [ [ 106.789806915397023, -6.293608801876891 ], [ 106.789837892883313, -6.302650579797607 ], [ 106.798874460269957, -6.302619483634884 ], [ 106.798843326584603, -6.293577750665865 ], [ 106.789806915397023, -6.293608801876891 ] ] ] } },
{ "type": "Feature", "properties": { "id": "+698+9304", "ndbi2009": -0.005224004099328142, "ndvi2009": 0.28592165825413723, "first": 1, "grid_id": 93045000698, "sensor": "landsat7", "year": "2009", "ndvi2012": 0.16327895229937983, "ndbi2012": -0.0019902379489412474, "ndvi2015": 0.3655114532685747, "ndbi2015": -0.016789473666279923, "ndvi2018": null, "ndbi2018": null, "ndvi2021": 0.26785956375739151, "ndbi2021": 0.023813307628619908, "ndvi2024": 0.28841793338457744, "ndbi2024": 0.018145364793200121 }, "geometry": { "type": "Polygon", "coordinates": [ [ [ 106.789775983266665, -6.284567020686307 ], [ 106.789806915397023, -6.293608801876891 ], [ 106.798843326584603, -6.293577750665865 ], [ 106.79881223848875, -6.284536014426977 ], [ 106.789775983266665, -6.284567020686307 ] ] ] } },
{ "type": "Feature", "properties": { "id": "+698+9305", "ndbi2009": -0.0013194340463087428, "ndvi2009": 0.27548562525771558, "first": 1, "grid_id": 93055000698, "sensor": "landsat7", "year": "2009", "ndvi2012": 0.13301957523799501, "ndbi2012": 0.025620848056860272, "ndvi2015": 0.38009122980292886, "ndbi2015": -0.025893050507875159, "ndvi2018": null, "ndbi2018": null, "ndvi2021": 0.27362860314315185, "ndbi2021": 0.025141040474409241, "ndvi2024": 0.29369424452306708, "ndbi2024": 0.02636516060738359 }, "geometry": { "type": "Polygon", "coordinates": [ [ [ 106.789745096492254, -6.275525236216873 ], [ 106.789775983266665, -6.284567020686307 ], [ 106.79881223848875, -6.284536014426977 ], [ 106.7987811959824, -6.275494274918223 ], [ 106.789745096492254, -6.275525236216873 ] ] ] } },
{ "type": "Feature", "properties": { "id": "+698+9306", "ndbi2009": 0.0051908863351854953, "ndvi2009": 0.27001200534868985, "first": 1, "grid_id": 93065000698, "sensor": "landsat7", "year": "2009", "ndvi2012": 0.13728868635371327, "ndbi2012": 0.026966068544425067, "ndvi2015": 0.42799219861626625, "ndbi2015": -0.063886754302075147, "ndvi2018": null, "ndbi2018": null, "ndvi2021": 0.21340009954292324, "ndbi2021": 0.038435050213593051, "ndvi2024": 0.26599399390397593, "ndbi2024": 0.048549569910392158 }, "geometry": { "type": "Polygon", "coordinates": [ [ [ 106.789714255082771, -6.266483448486553 ], [ 106.789745096492254, -6.275525236216873 ], [ 106.7987811959824, -6.275494274918223 ], [ 106.79875019905657, -6.2664525321396 ], [ 106.789714255082771, -6.266483448486553 ] ] ] } },
{ "type": "Feature", "properties": { "id": "+698+9307", "ndbi2009": 0.048075410970083374, "ndvi2009": 0.21171418061171929, "first": 1, "grid_id": 93075000698, "sensor": "landsat7", "year": "2009", "ndvi2012": 0.12704380232048787, "ndbi2012": 0.049822646185873065, "ndvi2015": 0.35915579676158782, "ndbi2015": -0.010526596282528139, "ndvi2018": null, "ndbi2018": null, "ndvi2021": 0.19429625553174282, "ndbi2021": 0.0749544211934636, "ndvi2024": 0.23023300283537135, "ndbi2024": 0.077262428948494402 }, "geometry": { "type": "Polygon", "coordinates": [ [ [ 106.789683459020225, -6.25744165749535 ], [ 106.789714255082771, -6.266483448486553 ], [ 106.79875019905657, -6.2664525321396 ], [ 106.798719247711247, -6.257410786100094 ], [ 106.789683459020225, -6.25744165749535 ] ] ] } },
{ "type": "Feature", "properties": { "id": "+698+9308", "ndbi2009": 0.055867773317004328, "ndvi2009": 0.19066724553704265, "first": 1, "grid_id": 93085000698, "sensor": "landsat7", "year": "2009", "ndvi2012": 0.15591230586869645, "ndbi2012": 0.01807375781936571, "ndvi2015": 0.26513183664064854, "ndbi2015": 0.059114710864378146, "ndvi2018": null, "ndbi2018": null, "ndvi2021": 0.18371973349712789, "ndbi2021": 0.10744170847465284, "ndvi2024": 0.19667526532430202, "ndbi2024": 0.10402214777423067 }, "geometry": { "type": "Polygon", "coordinates": [ [ [ 106.789652708304644, -6.248399863252245 ], [ 106.789683459020225, -6.25744165749535 ], [ 106.798719247711247, -6.257410786100094 ], [ 106.798688341946445, -6.248369036808685 ], [ 106.789652708304644, -6.248399863252245 ] ] ] } },
{ "type": "Feature", "properties": { "id": "+698+9309", "ndbi2009": 0.0028061791816369379, "ndvi2009": 0.23507448335142503, "first": 1, "grid_id": 93095000698, "sensor": "landsat7", "year": "2009", "ndvi2012": 0.14863850347671775, "ndbi2012": -0.031596752876604059, "ndvi2015": 0.29688611346254784, "ndbi2015": 0.031446819235846558, "ndvi2018": null, "ndbi2018": null, "ndvi2021": 0.18826707860110944, "ndbi2021": 0.053531215892851564, "ndvi2024": 0.21163011199505904, "ndbi2024": 0.050126527877401184 }, "geometry": { "type": "Polygon", "coordinates": [ [ [ 106.789622002927032, -6.239358065757238 ], [ 106.789652708304644, -6.248399863252245 ], [ 106.798688341946445, -6.248369036808685 ], [ 106.798657481753182, -6.239327284256392 ], [ 106.789622002927032, -6.239358065757238 ] ] ] } },
{ "type": "Feature", "properties": { "id": "+698+9310", "ndbi2009": -0.024203055072575808, "ndvi2009": 0.25392282684333628, "first": 1, "grid_id": 93105000698, "sensor": "landsat7", "year": "2009", "ndvi2012": 0.10591207013931127, "ndbi2012": -0.0090678226297313813, "ndvi2015": 0.36147790821269155, "ndbi2015": -0.021912242518737916, "ndvi2018": null, "ndbi2018": null, "ndvi2021": 0.24536051054019484, "ndbi2021": 0.0015252283919835428, "ndvi2024": 0.25992202409543097, "ndbi2024": -0.0022559395474672783 }, "geometry": { "type": "Polygon", "coordinates": [ [ [ 106.789591342896387, -6.23031626501033 ], [ 106.789622002927032, -6.239358065757238 ], [ 106.798657481753182, -6.239327284256392 ], [ 106.798626667122477, -6.230285528461182 ], [ 106.789591342896387, -6.23031626501033 ] ] ] } },
{ "type": "Feature", "properties": { "id": "+698+9311", "ndbi2009": -0.048164692754838978, "ndvi2009": 0.28837225028112823, "first": 1, "grid_id": 93115000698, "sensor": "landsat7", "year": "2009", "ndvi2012": 0.088789959690150105, "ndbi2012": -0.0032288759106806654, "ndvi2015": 0.40308905267247963, "ndbi2015": -0.053217266642433758, "ndvi2018": null, "ndbi2018": null, "ndvi2021": 0.37709911886383501, "ndbi2021": -0.069579051142814111, "ndvi2024": 0.39952133683597341, "ndbi2024": -0.063619830620055107 }, "geometry": { "type": "Polygon", "coordinates": [ [ [ 106.78956072820371, -6.221274461029488 ], [ 106.789591342896387, -6.23031626501033 ], [ 106.798626667122477, -6.230285528461182 ], [ 106.798595898063297, -6.221243769423053 ], [ 106.78956072820371, -6.221274461029488 ] ] ] } },
{ "type": "Feature", "properties": { "id": "+698+9312", "ndbi2009": -0.034163549782533664, "ndvi2009": 0.28176291153067723, "first": 1, "grid_id": 93125000698, "sensor": "landsat7", "year": "2009", "ndvi2012": 0.068379116564756259, "ndbi2012": -0.0063567576276000173, "ndvi2015": 0.32632208097493276, "ndbi2015": 0.0031055085801199359, "ndvi2018": null, "ndbi2018": null, "ndvi2021": 0.33858584950212384, "ndbi2021": -0.03857843229707214, "ndvi2024": 0.37030074611539016, "ndbi2024": -0.029730479480349462 }, "geometry": { "type": "Polygon", "coordinates": [ [ [ 106.789530158840009, -6.212232653805727 ], [ 106.78956072820371, -6.221274461029488 ], [ 106.798595898063297, -6.221243769423053 ], [ 106.798565174566662, -6.212202007142006 ], [ 106.789530158840009, -6.212232653805727 ] ] ] } },
{ "type": "Feature", "properties": { "id": "+698+9313", "ndbi2009": 0.013500084852178891, "ndvi2009": 0.19199239173356225, "first": 1, "grid_id": 93135000698, "sensor": "landsat7", "year": "2009", "ndvi2012": 0.043272239769644595, "ndbi2012": 0.021538525313485928, "ndvi2015": 0.22460826892478794, "ndbi2015": 0.077796660889597496, "ndvi2018": null, "ndbi2018": null, "ndvi2021": 0.2206228042934455, "ndbi2021": 0.048837963130105945, "ndvi2024": 0.24100773524419933, "ndbi2024": 0.056969252155691964 }, "geometry": { "type": "Polygon", "coordinates": [ [ [ 106.78949963480531, -6.203190843348031 ], [ 106.789530158840009, -6.212232653805727 ], [ 106.798565174566662, -6.212202007142006 ], [ 106.798534496623603, -6.203160241627023 ], [ 106.78949963480531, -6.203190843348031 ] ] ] } },
{ "type": "Feature", "properties": { "id": "+698+9314", "ndbi2009": 0.037206048912861764, "ndvi2009": 0.14503115053270377, "first": 1, "grid_id": 93145000698, "sensor": "landsat7", "year": "2009", "ndvi2012": 0.051444233614293969, "ndbi2012": 0.045452282066438712, "ndvi2015": 0.23587433549703335, "ndbi2015": 0.065189062234233403, "ndvi2018": null, "ndbi2018": null, "ndvi2021": 0.19193016471816043, "ndbi2021": 0.074979706020916206, "ndvi2024": 0.19531769796329385, "ndbi2024": 0.079877243088740932 }, "geometry": { "type": "Polygon", "coordinates": [ [ [ 106.789469156090618, -6.194149029665383 ], [ 106.78949963480531, -6.203190843348031 ], [ 106.798534496623603, -6.203160241627023 ], [ 106.798503864225125, -6.194118472887089 ], [ 106.789469156090618, -6.194149029665383 ] ] ] } },
{ "type": "Feature", "properties": { "id": "+698+9315", "ndbi2009": 0.027650409960187975, "ndvi2009": 0.16133789718151093, "first": 1, "grid_id": 93155000698, "sensor": "landsat7", "year": "2009", "ndvi2012": 0.065166524145752192, "ndbi2012": 0.051970623899251223, "ndvi2015": 0.25757167674601084, "ndbi2015": 0.029369202558882531, "ndvi2018": null, "ndbi2018": null, "ndvi2021": 0.15746313706040382, "ndbi2021": 0.095473759807646288, "ndvi2024": 0.15700842440128326, "ndbi2024": 0.091313538141548634 }, "geometry": { "type": "Polygon", "coordinates": [ [ [ 106.789438722704915, -6.185107212757784 ], [ 106.789469156090618, -6.194149029665383 ], [ 106.798503864225125, -6.194118472887089 ], [ 106.798473277389206, -6.185076700922203 ], [ 106.789438722704915, -6.185107212757784 ] ] ] } },
{ "type": "Feature", "properties": { "id": "+698+9316", "ndbi2009": 0.0048481993194596446, "ndvi2009": 0.078801408380854365, "first": 1, "grid_id": 93165000698, "sensor": "landsat7", "year": "2009", "ndvi2012": 0.091008008286064757, "ndbi2012": 0.019414348975189177, "ndvi2015": 0.24837780635730894, "ndbi2015": 0.016384074723749767, "ndvi2018": null, "ndbi2018": null, "ndvi2021": 0.12426876253357121, "ndbi2021": 0.10503925257453732, "ndvi2024": 0.13658400113676109, "ndbi2024": 0.10297355020747466 }, "geometry": { "type": "Polygon", "coordinates": [ [ [ 106.789408334630224, -6.176065392634215 ], [ 106.789438722704915, -6.185107212757784 ], [ 106.798473277389206, -6.185076700922203 ], [ 106.798442736088887, -6.176034925732365 ], [ 106.789408334630224, -6.176065392634215 ] ] ] } },
{ "type": "Feature", "properties": { "id": "+698+9317", "ndbi2009": 0.014185073205226219, "ndvi2009": -0.011672509317577347, "first": 1, "grid_id": 93175000698, "sensor": "landsat7", "year": "2009", "ndvi2012": 0.076240299380515367, "ndbi2012": 0.0017298756520176552, "ndvi2015": 0.22627615369856358, "ndbi2015": 0.033665778042632162, "ndvi2018": null, "ndbi2018": null, "ndvi2021": 0.12636700898292474, "ndbi2021": 0.1021083547238959, "ndvi2024": 0.13638461090158674, "ndbi2024": 0.08679976670828185 }, "geometry": { "type": "Polygon", "coordinates": [ [ [ 106.789377991866559, -6.167023569294678 ], [ 106.789408334630224, -6.176065392634215 ], [ 106.798442736088887, -6.176034925732365 ], [ 106.79841224033315, -6.166993147326559 ], [ 106.789377991866559, -6.167023569294678 ] ] ] } },
{ "type": "Feature", "properties": { "id": "+698+9318", "ndbi2009": 0.039800287448965452, "ndvi2009": 0.0070615888326702753, "first": 1, "grid_id": 93185000698, "sensor": "landsat7", "year": "2009", "ndvi2012": 0.0079572416202840848, "ndbi2012": 0.036054814278202896, "ndvi2015": 0.19053356594899123, "ndbi2015": 0.054335476823297202, "ndvi2018": null, "ndbi2018": null, "ndvi2021": 0.12209670520296284, "ndbi2021": 0.12205952179490351, "ndvi2024": 0.11808443910935347, "ndbi2024": 0.081277191741209398 }, "geometry": { "type": "Polygon", "coordinates": [ [ [ 106.789347694413919, -6.157981742739173 ], [ 106.789377991866559, -6.167023569294678 ], [ 106.79841224033315, -6.166993147326559 ], [ 106.798381790121994, -6.157951365713767 ], [ 106.789347694413919, -6.157981742739173 ] ] ] } },
{ "type": "Feature", "properties": { "id": "+698+9319", "ndbi2009": 0.054781308514066047, "ndvi2009": -0.013364958571401077, "first": 1, "grid_id": 93195000698, "sensor": "landsat7", "year": "2009", "ndvi2012": -0.0180434849280573, "ndbi2012": 0.063236468617105857, "ndvi2015": 0.16192803787998858, "ndbi2015": 0.057069706221227534, "ndvi2018": null, "ndbi2018": null, "ndvi2021": 0.08685111059457995, "ndbi2021": 0.15674890321679413, "ndvi2024": 0.08271139400312677, "ndbi2024": 0.11879548529395834 }, "geometry": { "type": "Polygon", "coordinates": [ [ [ 106.789317442272306, -6.148939912985664 ], [ 106.789347694413919, -6.157981742739173 ], [ 106.798381790121994, -6.157951365713767 ], [ 106.798351385437456, -6.148909580893989 ], [ 106.789317442272306, -6.148939912985664 ] ] ] } },
{ "type": "Feature", "properties": { "id": "+698+9320", "ndbi2009": 0.066438056324042524, "ndvi2009": 0.0022554632349341477, "first": 1, "grid_id": 93205000698, "sensor": "landsat7", "year": "2009", "ndvi2012": -0.019842559561206431, "ndbi2012": 0.075169730128026468, "ndvi2015": 0.14900263360902374, "ndbi2015": 0.041173157738704308, "ndvi2018": null, "ndbi2018": null, "ndvi2021": 0.091682313236535751, "ndbi2021": 0.14241241085178713, "ndvi2024": 0.088776185495011956, "ndbi2024": 0.12071123719215393 }, "geometry": { "type": "Polygon", "coordinates": [ [ [ 106.789287235432738, -6.139898080034154 ], [ 106.789317442272306, -6.148939912985664 ], [ 106.798351385437456, -6.148909580893989 ], [ 106.798321026288534, -6.139867792876209 ], [ 106.789287235432738, -6.139898080034154 ] ] ] } },
{ "type": "Feature", "properties": { "id": "+698+9321", "ndbi2009": 0.055289141673083401, "ndvi2009": 0.046428216146487816, "first": 1, "grid_id": 93215000698, "sensor": "landsat7", "year": "2009", "ndvi2012": -0.010326806121670149, "ndbi2012": 0.069558647041227301, "ndvi2015": 0.15789473191195844, "ndbi2015": 0.040453353188201494, "ndvi2018": null, "ndbi2018": null, "ndvi2021": 0.084071122022236086, "ndbi2021": 0.11919242494246539, "ndvi2024": 0.089497143702179774, "ndbi2024": 0.11811656201002645 }, "geometry": { "type": "Polygon", "coordinates": [ [ [ 106.789257073886219, -6.130856243884641 ], [ 106.789287235432738, -6.139898080034154 ], [ 106.798321026288534, -6.139867792876209 ], [ 106.798290712657234, -6.130826001660426 ], [ 106.789257073886219, -6.130856243884641 ] ] ] } },
{ "type": "Feature", "properties": { "id": "+698+9322", "ndbi2009": 0.031491815723711625, "ndvi2009": 0.012214198628498705, "first": 1, "grid_id": 93225000698, "sensor": "landsat7", "year": "2009", "ndvi2012": 0.024296265673910963, "ndbi2012": 0.034135196342504059, "ndvi2015": 0.19237376551609486, "ndbi2015": 0.019067442266532453, "ndvi2018": null, "ndbi2018": null, "ndvi2021": 0.097139035176951424, "ndbi2021": 0.055363083811243996, "ndvi2024": 0.10497447699890472, "ndbi2024": 0.062723650342377368 }, "geometry": { "type": "Polygon", "coordinates": [ [ [ 106.789226957632749, -6.121814404546108 ], [ 106.789257073886219, -6.130856243884641 ], [ 106.798290712657234, -6.130826001660426 ], [ 106.798260444561535, -6.121784207246642 ], [ 106.789226957632749, -6.121814404546108 ] ] ] } },
{ "type": "Feature", "properties": { "id": "+698+9323", "ndbi2009": -0.06925666332244873, "ndvi2009": 0.13435961704189872, "first": 1, "grid_id": 93235000698, "sensor": "landsat7", "year": "2009", "ndvi2012": 0.10842531568863811, "ndbi2012": -0.046108270155302451, "ndvi2015": 0.21079417490491681, "ndbi2015": -0.0042524558304827299, "ndvi2018": null, "ndbi2018": null, "ndvi2021": 0.13584580909387739, "ndbi2021": 0.0041641126551172324, "ndvi2024": 0.15546227842569349, "ndbi2024": 0.00016565899930748307 }, "geometry": { "type": "Polygon", "coordinates": [ [ [ 106.789196886672343, -6.112772562018558 ], [ 106.789226957632749, -6.121814404546108 ], [ 106.798260444561535, -6.121784207246642 ], [ 106.798230221974492, -6.112742409652821 ], [ 106.789196886672343, -6.112772562018558 ] ] ] } },
{ "type": "Feature", "properties": { "id": "+698+9324", "ndbi2009": -0.15341427080391898, "ndvi2009": 0.15449464074739322, "first": 1, "grid_id": 93245000698, "sensor": "landsat7", "year": "2009", "ndvi2012": 0.11968710783898361, "ndbi2012": -0.09898648197638002, "ndvi2015": 0.16047666397855034, "ndbi2015": -0.035893809950019527, "ndvi2018": null, "ndbi2018": null, "ndvi2021": 0.075535967594056619, "ndbi2021": -0.019822809416214077, "ndvi2024": 0.11757776176366279, "ndbi2024": -0.042981995812316577 }, "geometry": { "type": "Polygon", "coordinates": [ [ [ 106.789166861005, -6.103730716310969 ], [ 106.789196886672343, -6.112772562018558 ], [ 106.798230221974492, -6.112742409652821 ], [ 106.798200044905087, -6.10370060886998 ], [ 106.789166861005, -6.103730716310969 ] ] ] } },
{ "type": "Feature", "properties": { "id": "+699+9296", "ndbi2009": -0.082888318142587597, "ndvi2009": 0.44151422088699682, "first": 1, "grid_id": 92965000699, "sensor": "landsat7", "year": "2009", "ndvi2012": 0.39013717030840256, "ndbi2012": -0.05733551648778043, "ndvi2015": 0.44980282349778072, "ndbi2015": -0.04837714401738985, "ndvi2018": 0.29951976239681249, "ndbi2018": -0.040280985637634457, "ndvi2021": 0.31405593148831812, "ndbi2021": 0.0019526579999364919, "ndvi2024": 0.35774119038666996, "ndbi2024": 0.023967757288898741 }, "geometry": { "type": "Polygon", "coordinates": [ [ [ 106.799062220031075, -6.356869812359572 ], [ 106.799093672968709, -6.365911522268838 ], [ 106.808131294492398, -6.365879953376679 ], [ 106.80809968376569, -6.356838288670638 ], [ 106.799062220031075, -6.356869812359572 ] ] ] } },
{ "type": "Feature", "properties": { "id": "+699+9297", "ndbi2009": -0.056879685507738031, "ndvi2009": 0.41929352260194719, "first": 1, "grid_id": 92975000699, "sensor": "landsat7", "year": "2009", "ndvi2012": 0.36737047112546861, "ndbi2012": -0.033725851681083434, "ndvi2015": 0.42205711605492979, "ndbi2015": -0.031002763374999631, "ndvi2018": 0.23128465469926593, "ndbi2018": -0.016978202875179704, "ndvi2021": 0.30003443756140763, "ndbi2021": 0.02025339321153297, "ndvi2024": 0.34193172142840922, "ndbi2024": 0.045841302489861846 }, "geometry": { "type": "Polygon", "coordinates": [ [ [ 106.799030812709915, -6.347828099153489 ], [ 106.799062220031075, -6.356869812359572 ], [ 106.80809968376569, -6.356838288670638 ], [ 106.80806811888003, -6.347796620649814 ], [ 106.799030812709915, -6.347828099153489 ] ] ] } },
{ "type": "Feature", "properties": { "id": "+699+9298", "ndbi2009": -0.058190617855871103, "ndvi2009": 0.4251090101897716, "first": 1, "grid_id": 92985000699, "sensor": "landsat7", "year": "2009", "ndvi2012": 0.36654886300675571, "ndbi2012": -0.033455500772106461, "ndvi2015": 0.40736829908564692, "ndbi2015": -0.022782542400818784, "ndvi2018": 0.17352975008543581, "ndbi2018": 0.0067472645823727353, "ndvi2021": 0.27831145410891622, "ndbi2021": 0.05456121650604473, "ndvi2024": 0.30644501512870193, "ndbi2024": 0.07534199357178295 }, "geometry": { "type": "Polygon", "coordinates": [ [ [ 106.798999451005187, -6.338786382641605 ], [ 106.799030812709915, -6.347828099153489 ], [ 106.80806811888003, -6.347796620649814 ], [ 106.808036599844357, -6.33875494932319 ], [ 106.798999451005187, -6.338786382641605 ] ] ] } },
{ "type": "Feature", "properties": { "id": "+699+9299", "ndbi2009": -0.089162926287842184, "ndvi2009": 0.4526037851717904, "first": 1, "grid_id": 92995000699, "sensor": "landsat7", "year": "2009", "ndvi2012": 0.37585702613939209, "ndbi2012": -0.047748799848405611, "ndvi2015": 0.42858698373102433, "ndbi2015": -0.043186371619439827, "ndvi2018": 0.1908592330291867, "ndbi2018": -0.010563040210399777, "ndvi2021": 0.33866595756655504, "ndbi2021": 0.022603230464433313, "ndvi2024": 0.36282225726525991, "ndbi2024": 0.02370025272547947 }, "geometry": { "type": "Polygon", "coordinates": [ [ [ 106.798968134916919, -6.329744662823922 ], [ 106.798999451005187, -6.338786382641605 ], [ 106.808036599844357, -6.33875494932319 ], [ 106.808005126649732, -6.329713274699747 ], [ 106.798968134916919, -6.329744662823922 ] ] ] } },
{ "type": "Feature", "properties": { "id": "+699+9302", "ndbi2009": -0.048515756745473475, "ndvi2009": 0.38500720704905683, "first": 1, "grid_id": 93025000699, "sensor": "landsat7", "year": "2009", "ndvi2012": 0.30480746331159025, "ndbi2012": -0.049893178118509247, "ndvi2015": 0.39519180287607014, "ndbi2015": -0.023882973011495782, "ndvi2018": null, "ndbi2018": null, "ndvi2021": 0.30482528044376522, "ndbi2021": 0.04134883925144095, "ndvi2024": 0.34943794936407352, "ndbi2024": 0.041629861982073635 }, "geometry": { "type": "Polygon", "coordinates": [ [ [ 106.798874460269957, -6.302619483634884 ], [ 106.798905639544813, -6.31166121331607 ], [ 106.807942317756613, -6.311629915571396 ], [ 106.807910982058118, -6.302588231066486 ], [ 106.798874460269957, -6.302619483634884 ] ] ] } },
{ "type": "Feature", "properties": { "id": "+699+9303", "ndbi2009": -0.039384493231773378, "ndvi2009": 0.35497806820214961, "first": 1, "grid_id": 93035000699, "sensor": "landsat7", "year": "2009", "ndvi2012": 0.21927129293189329, "ndbi2012": -0.012756580647592452, "ndvi2015": 0.37425848642985027, "ndbi2015": -0.012895633415410331, "ndvi2018": null, "ndbi2018": null, "ndvi2021": 0.27631597682541498, "ndbi2021": 0.056263518245781172, "ndvi2024": 0.28751830540451351, "ndbi2024": 0.053624959085501883 }, "geometry": { "type": "Polygon", "coordinates": [ [ [ 106.798843326584603, -6.293577750665865 ], [ 106.798874460269957, -6.302619483634884 ], [ 106.807910982058118, -6.302588231066486 ], [ 106.807879692173699, -6.293546543291709 ], [ 106.798843326584603, -6.293577750665865 ] ] ] } },
{ "type": "Feature", "properties": { "id": "+699+9304", "ndbi2009": -0.026984594209352512, "ndvi2009": 0.30479363154154271, "first": 1, "grid_id": 93045000699, "sensor": "landsat7", "year": "2009", "ndvi2012": 0.075289083164534518, "ndbi2012": 0.014163353120238755, "ndvi2015": 0.36979372112546116, "ndbi2015": -0.01661738372058608, "ndvi2018": null, "ndbi2018": null, "ndvi2021": 0.26599568629171699, "ndbi2021": 0.036518298555165529, "ndvi2024": 0.27621030795853585, "ndbi2024": 0.03615931545937201 }, "geometry": { "type": "Polygon", "coordinates": [ [ [ 106.79881223848875, -6.284536014426977 ], [ 106.798843326584603, -6.293577750665865 ], [ 106.807879692173699, -6.293546543291709 ], [ 106.807848448121334, -6.284504852229097 ], [ 106.79881223848875, -6.284536014426977 ] ] ] } },
{ "type": "Feature", "properties": { "id": "+699+9305", "ndbi2009": 0.011800322807667886, "ndvi2009": 0.26763139799529434, "first": 1, "grid_id": 93055000699, "sensor": "landsat7", "year": "2009", "ndvi2012": 0.14786091289099526, "ndbi2012": 0.028677963231708486, "ndvi2015": 0.35226366812107612, "ndbi2015": -0.0058060985569860432, "ndvi2018": null, "ndbi2018": null, "ndvi2021": 0.24855124401111231, "ndbi2021": 0.053822608737676754, "ndvi2024": 0.2690105712881275, "ndbi2024": 0.062106054926327627 }, "geometry": { "type": "Polygon", "coordinates": [ [ [ 106.7987811959824, -6.275494274918223 ], [ 106.79881223848875, -6.284536014426977 ], [ 106.807848448121334, -6.284504852229097 ], [ 106.807817249883044, -6.275463157896618 ], [ 106.7987811959824, -6.275494274918223 ] ] ] } },
{ "type": "Feature", "properties": { "id": "+699+9306", "ndbi2009": 0.03332875528025861, "ndvi2009": 0.24325991874816372, "first": 1, "grid_id": 93065000699, "sensor": "landsat7", "year": "2009", "ndvi2012": 0.19140204541823444, "ndbi2012": 0.01835036033150448, "ndvi2015": 0.33228904078988464, "ndbi2015": 0.0025885824917578231, "ndvi2018": null, "ndbi2018": null, "ndvi2021": 0.17885284160866458, "ndbi2021": 0.064849077997838761, "ndvi2024": 0.22674678850407695, "ndbi2024": 0.090393222810006627 }, "geometry": { "type": "Polygon", "coordinates": [ [ [ 106.79875019905657, -6.2664525321396 ], [ 106.7987811959824, -6.275494274918223 ], [ 106.807817249883044, -6.275463157896618 ], [ 106.807786097449849, -6.266421460303254 ], [ 106.79875019905657, -6.2664525321396 ] ] ] } },
{ "type": "Feature", "properties": { "id": "+699+9307", "ndbi2009": 0.022352593878167685, "ndvi2009": 0.2383153646951541, "first": 1, "grid_id": 93075000699, "sensor": "landsat7", "year": "2009", "ndvi2012": 0.19062203288194723, "ndbi2012": -0.024699553799905516, "ndvi2015": 0.3119918877491728, "ndbi2015": 0.019932430703192949, "ndvi2018": null, "ndbi2018": null, "ndvi2021": 0.21735062892548737, "ndbi2021": 0.044411395464976529, "ndvi2024": 0.24865394266089424, "ndbi2024": 0.054933003579208162 }, "geometry": { "type": "Polygon", "coordinates": [ [ [ 106.798719247711247, -6.257410786100094 ], [ 106.79875019905657, -6.2664525321396 ], [ 106.807786097449849, -6.266421460303254 ], [ 106.80775499083073, -6.257379759440023 ], [ 106.798719247711247, -6.257410786100094 ] ] ] } },
{ "type": "Feature", "properties": { "id": "+699+9308", "ndbi2009": -0.015233825630942032, "ndvi2009": 0.25567772808193251, "first": 1, "grid_id": 93085000699, "sensor": "landsat7", "year": "2009", "ndvi2012": 0.17053425789789392, "ndbi2012": -0.072601988726786082, "ndvi2015": 0.31994772639893393, "ndbi2015": 0.01102936340367976, "ndvi2018": null, "ndbi2018": null, "ndvi2021": 0.30230292217194582, "ndbi2021": -0.0020561325217184827, "ndvi2024": 0.32121551924079428, "ndbi2024": -0.011819063842239725 }, "geometry": { "type": "Polygon", "coordinates": [ [ [ 106.798688341946445, -6.248369036808685 ], [ 106.798719247711247, -6.257410786100094 ], [ 106.80775499083073, -6.257379759440023 ], [ 106.807723930016721, -6.248338055324891 ], [ 106.798688341946445, -6.248369036808685 ] ] ] } },
{ "type": "Feature", "properties": { "id": "+699+9309", "ndbi2009": -0.02952542764973556, "ndvi2009": 0.23254095662570171, "first": 1, "grid_id": 93095000699, "sensor": "landsat7", "year": "2009", "ndvi2012": 0.093252671393730946, "ndbi2012": -0.029921110319832328, "ndvi2015": 0.35066382502410431, "ndbi2015": -0.019082194507115437, "ndvi2018": null, "ndbi2018": null, "ndvi2021": 0.28206595403294188, "ndbi2021": -0.023457930715596109, "ndvi2024": 0.30642616764662117, "ndbi2024": -0.030368503538151903 }, "geometry": { "type": "Polygon", "coordinates": [ [ [ 106.798657481753182, -6.239327284256392 ], [ 106.798688341946445, -6.248369036808685 ], [ 106.807723930016721, -6.248338055324891 ], [ 106.807692915007792, -6.239296347948874 ], [ 106.798657481753182, -6.239327284256392 ] ] ] } },
{ "type": "Feature", "properties": { "id": "+699+9310", "ndbi2009": -0.045308227410714608, "ndvi2009": 0.23405351943802088, "first": 1, "grid_id": 93105000699, "sensor": "landsat7", "year": "2009", "ndvi2012": 0.072354182586423121, "ndbi2012": -0.0047526555172225926, "ndvi2015": 0.37712036049924791, "ndbi2015": -0.039625384636565286, "ndvi2018": null, "ndbi2018": null, "ndvi2021": 0.26718245126539841, "ndbi2021": -0.02102073226160428, "ndvi2024": 0.28156872576801112, "ndbi2024": -0.028273949135837032 }, "geometry": { "type": "Polygon", "coordinates": [ [ [ 106.798626667122477, -6.230285528461182 ], [ 106.798657481753182, -6.239327284256392 ], [ 106.807692915007792, -6.239296347948874 ], [ 106.807661945786009, -6.230254637320956 ], [ 106.798626667122477, -6.230285528461182 ] ] ] } },
{ "type": "Feature", "properties": { "id": "+699+9311", "ndbi2009": -0.064963182383308227, "ndvi2009": 0.28509250271554087, "first": 1, "grid_id": 93115000699, "sensor": "landsat7", "year": "2009", "ndvi2012": 0.10012065090385139, "ndbi2012": -0.012849751487374305, "ndvi2015": 0.42542743729610072, "ndbi2015": -0.075843375409935035, "ndvi2018": null, "ndbi2018": null, "ndvi2021": 0.35161922293550829, "ndbi2021": -0.068144745598821083, "ndvi2024": 0.37971213962517536, "ndbi2024": -0.070814259773960303 }, "geometry": { "type": "Polygon", "coordinates": [ [ [ 106.798595898063297, -6.221243769423053 ], [ 106.798626667122477, -6.230285528461182 ], [ 106.807661945786009, -6.230254637320956 ], [ 106.807631022369307, -6.221212923450119 ], [ 106.798595898063297, -6.221243769423053 ] ] ] } },
{ "type": "Feature", "properties": { "id": "+699+9312", "ndbi2009": -0.060669930608128197, "ndvi2009": 0.29232848552055657, "first": 1, "grid_id": 93125000699, "sensor": "landsat7", "year": "2009", "ndvi2012": 0.11742160309222527, "ndbi2012": -0.015381834246909422, "ndvi2015": 0.38338758319150662, "ndbi2015": -0.048202583799138672, "ndvi2018": null, "ndbi2018": null, "ndvi2021": 0.33165467134676879, "ndbi2021": -0.072429161293257494, "ndvi2024": 0.38576897326856852, "ndbi2024": -0.060658814531052492 }, "geometry": { "type": "Polygon", "coordinates": [ [ [ 106.798565174566662, -6.212202007142006 ], [ 106.798595898063297, -6.221243769423053 ], [ 106.807631022369307, -6.221212923450119 ], [ 106.80760014473077, -6.212171206345348 ], [ 106.798565174566662, -6.212202007142006 ] ] ] } },
{ "type": "Feature", "properties": { "id": "+699+9313", "ndbi2009": -0.015877860744355939, "ndvi2009": 0.19684179583016564, "first": 1, "grid_id": 93135000699, "sensor": "landsat7", "year": "2009", "ndvi2012": 0.089057682045534547, "ndbi2012": 0.017594096777668475, "ndvi2015": 0.31010466142027981, "ndbi2015": 0.0076065698821170648, "ndvi2018": null, "ndbi2018": null, "ndvi2021": 0.24556199382333194, "ndbi2021": -0.022496596284612428, "ndvi2024": 0.29651004970073702, "ndbi2024": -0.00077185928821563686 }, "geometry": { "type": "Polygon", "coordinates": [ [ [ 106.798534496623603, -6.203160241627023 ], [ 106.798565174566662, -6.212202007142006 ], [ 106.80760014473077, -6.212171206345348 ], [ 106.807569312888333, -6.203129485997658 ], [ 106.798534496623603, -6.203160241627023 ] ] ] } },
{ "type": "Feature", "properties": { "id": "+699+9314", "ndbi2009": 0.033051363901904551, "ndvi2009": 0.12407427770085633, "first": 1, "grid_id": 93145000699, "sensor": "landsat7", "year": "2009", "ndvi2012": 0.079795667654252611, "ndbi2012": 0.057152635534293943, "ndvi2015": 0.25071665813447913, "ndbi2015": 0.048769332308438607, "ndvi2018": null, "ndbi2018": null, "ndvi2021": 0.18731809308519587, "ndbi2021": 0.05225081886692351, "ndvi2024": 0.2031567020458169, "ndbi2024": 0.068783058697590604 }, "geometry": { "type": "Polygon", "coordinates": [ [ [ 106.798503864225125, -6.194118472887089 ], [ 106.798534496623603, -6.203160241627023 ], [ 106.807569312888333, -6.203129485997658 ], [ 106.807538526815065, -6.194087762425016 ], [ 106.798503864225125, -6.194118472887089 ] ] ] } },
{ "type": "Feature", "properties": { "id": "+699+9315", "ndbi2009": 0.058093968556061679, "ndvi2009": 0.13854101569044824, "first": 1, "grid_id": 93155000699, "sensor": "landsat7", "year": "2009", "ndvi2012": 0.093734867505583103, "ndbi2012": 0.068978654768537068, "ndvi2015": 0.22578073962062015, "ndbi2015": 0.05557803174517318, "ndvi2018": null, "ndbi2018": null, "ndvi2021": 0.14998610504702026, "ndbi2021": 0.12323865627541261, "ndvi2024": 0.15713668804542691, "ndbi2024": 0.12592359982869203 }, "geometry": { "type": "Polygon", "coordinates": [ [ [ 106.798473277389206, -6.185076700922203 ], [ 106.798503864225125, -6.194118472887089 ], [ 106.807538526815065, -6.194087762425016 ], [ 106.807507786528916, -6.185046035627423 ], [ 106.798473277389206, -6.185076700922203 ] ] ] } },
{ "type": "Feature", "properties": { "id": "+699+9316", "ndbi2009": 0.053668317152187228, "ndvi2009": 0.064081531891133636, "first": 1, "grid_id": 93165000699, "sensor": "landsat7", "year": "2009", "ndvi2012": 0.10362126771360636, "ndbi2012": 0.050103510264307261, "ndvi2015": 0.21203962340950966, "ndbi2015": 0.053052133764140308, "ndvi2018": null, "ndbi2018": null, "ndvi2021": 0.12178905121982098, "ndbi2021": 0.12750479392707348, "ndvi2024": 0.14782891049981117, "ndbi2024": 0.12825513444840908 }, "geometry": { "type": "Polygon", "coordinates": [ [ [ 106.798442736088887, -6.176034925732365 ], [ 106.798473277389206, -6.185076700922203 ], [ 106.807507786528916, -6.185046035627423 ], [ 106.807477092011936, -6.176004305604877 ], [ 106.798442736088887, -6.176034925732365 ] ] ] } },
{ "type": "Feature", "properties": { "id": "+699+9317", "ndbi2009": 0.036589449161992353, "ndvi2009": 0.019799657779581408, "first": 1, "grid_id": 93175000699, "sensor": "landsat7", "year": "2009", "ndvi2012": 0.054975902566722801, "ndbi2012": 0.044783987747687923, "ndvi2015": 0.20807343505176845, "ndbi2015": 0.05274596943282614, "ndvi2018": null, "ndbi2018": null, "ndvi2021": 0.11088408591116175, "ndbi2021": 0.11783766740677404, "ndvi2024": 0.12416557695935754, "ndbi2024": 0.11226837348704244 }, "geometry": { "type": "Polygon", "coordinates": [ [ [ 106.79841224033315, -6.166993147326559 ], [ 106.798442736088887, -6.176034925732365 ], [ 106.807477092011936, -6.176004305604877 ], [ 106.807446443273108, -6.16696257235738 ], [ 106.79841224033315, -6.166993147326559 ] ] ] } },
{ "type": "Feature", "properties": { "id": "+699+9318", "ndbi2009": 0.040591159974243125, "ndvi2009": 0.068628946662533524, "first": 1, "grid_id": 93185000699, "sensor": "landsat7", "year": "2009", "ndvi2012": -0.014317445771074763, "ndbi2012": 0.059397084499691055, "ndvi2015": 0.17632491202915418, "ndbi2015": 0.056645091827593599, "ndvi2018": null, "ndbi2018": null, "ndvi2021": 0.095856760062423413, "ndbi2021": 0.15222370869973126, "ndvi2024": 0.092980604516524901, "ndbi2024": 0.12869034961742515 }, "geometry": { "type": "Polygon", "coordinates": [ [ [ 106.798381790121994, -6.157951365713767 ], [ 106.79841224033315, -6.166993147326559 ], [ 106.807446443273108, -6.16696257235738 ], [ 106.807415840294468, -6.157920835911881 ], [ 106.798381790121994, -6.157951365713767 ] ] ] } },
{ "type": "Feature", "properties": { "id": "+699+9319", "ndbi2009": 0.052594057226087898, "ndvi2009": 0.009302692065830339, "first": 1, "grid_id": 93195000699, "sensor": "landsat7", "year": "2009", "ndvi2012": -0.014591648105124483, "ndbi2012": 0.073565944665460847, "ndvi2015": 0.14100679458351809, "ndbi2015": 0.077849886831245399, "ndvi2018": null, "ndbi2018": null, "ndvi2021": 0.079369886312633753, "ndbi2021": 0.18103169748792425, "ndvi2024": 0.075769301503896713, "ndbi2024": 0.14780852387775667 }, "geometry": { "type": "Polygon", "coordinates": [ [ [ 106.798351385437456, -6.148909580893989 ], [ 106.798381790121994, -6.157951365713767 ], [ 106.807415840294468, -6.157920835911881 ], [ 106.807385283075988, -6.148879096250412 ], [ 106.798351385437456, -6.148909580893989 ] ] ] } },
{ "type": "Feature", "properties": { "id": "+699+9320", "ndbi2009": 0.063763536980339125, "ndvi2009": -0.037124931490888788, "first": 1, "grid_id": 93205000699, "sensor": "landsat7", "year": "2009", "ndvi2012": -0.017597111540974354, "ndbi2012": 0.081755761159401322, "ndvi2015": 0.13773768199425118, "ndbi2015": 0.069808331029672252, "ndvi2018": null, "ndbi2018": null, "ndvi2021": 0.078381237562964945, "ndbi2021": 0.16487244893522823, "ndvi2024": 0.080094644427299508, "ndbi2024": 0.15128601041494633 }, "geometry": { "type": "Polygon", "coordinates": [ [ [ 106.798321026288534, -6.139867792876209 ], [ 106.798351385437456, -6.148909580893989 ], [ 106.807385283075988, -6.148879096250412 ], [ 106.80735477161771, -6.139837353390941 ], [ 106.798321026288534, -6.139867792876209 ] ] ] } },
{ "type": "Feature", "properties": { "id": "+699+9321", "ndbi2009": 0.061480545729864396, "ndvi2009": 0.035648583609145135, "first": 1, "grid_id": 93215000699, "sensor": "landsat7", "year": "2009", "ndvi2012": -0.032522441288165282, "ndbi2012": 0.072039912338368609, "ndvi2015": 0.13504587800707668, "ndbi2015": 0.065232111752266064, "ndvi2018": null, "ndbi2018": null, "ndvi2021": 0.069647821132093668, "ndbi2021": 0.12093114544404672, "ndvi2024": 0.089259693864732981, "ndbi2024": 0.14785044570453465 }, "geometry": { "type": "Polygon", "coordinates": [ [ [ 106.798290712657234, -6.130826001660426 ], [ 106.798321026288534, -6.139867792876209 ], [ 106.80735477161771, -6.139837353390941 ], [ 106.807324305910612, -6.130795607324485 ], [ 106.798290712657234, -6.130826001660426 ] ] ] } },
{ "type": "Feature", "properties": { "id": "+699+9322", "ndbi2009": 0.040392949629355884, "ndvi2009": 0.085368631780147558, "first": 1, "grid_id": 93225000699, "sensor": "landsat7", "year": "2009", "ndvi2012": 0.011613620766529846, "ndbi2012": 0.047398166086378632, "ndvi2015": 0.14113826161506132, "ndbi2015": 0.04741324528175242, "ndvi2018": null, "ndbi2018": null, "ndvi2021": 0.09740122667714661, "ndbi2021": 0.051377057269507767, "ndvi2024": 0.12826406529136733, "ndbi2024": 0.088170454665726303 }, "geometry": { "type": "Polygon", "coordinates": [ [ [ 106.798260444561535, -6.121784207246642 ], [ 106.798290712657234, -6.130826001660426 ], [ 106.807324305910612, -6.130795607324485 ], [ 106.807293885963702, -6.12175385806901 ], [ 106.798260444561535, -6.121784207246642 ] ] ] } },
{ "type": "Feature", "properties": { "id": "+699+9323", "ndbi2009": -0.035207078159146477, "ndvi2009": 0.144317457525176, "first": 1, "grid_id": 93235000699, "sensor": "landsat7", "year": "2009", "ndvi2012": 0.062159705295925953, "ndbi2012": -0.016152270915881672, "ndvi2015": 0.09639573578897398, "ndbi2015": -0.019051207333973252, "ndvi2018": null, "ndbi2018": null, "ndvi2021": 0.11104871079442091, "ndbi2021": 0.047490579913755937, "ndvi2024": 0.1504000021959655, "ndbi2024": 0.065374292260457878 }, "geometry": { "type": "Polygon", "coordinates": [ [ [ 106.798230221974492, -6.112742409652821 ], [ 106.798260444561535, -6.121784207246642 ], [ 106.807293885963702, -6.12175385806901 ], [ 106.807263511759004, -6.112712105624515 ], [ 106.798230221974492, -6.112742409652821 ] ] ] } },
{ "type": "Feature", "properties": { "id": "+699+9324", "ndbi2009": -0.093500583838014045, "ndvi2009": 0.09896624923921099, "first": 1, "grid_id": 93245000699, "sensor": "landsat7", "year": "2009", "ndvi2012": 0.050711568335399908, "ndbi2012": -0.058119596497100939, "ndvi2015": 0.018213505064155554, "ndbi2015": -0.058791493765859147, "ndvi2018": null, "ndbi2018": null, "ndvi2021": 0.066568300887650131, "ndbi2021": 0.068459012732822816, "ndvi2024": 0.11141226373466792, "ndbi2024": 0.072000923089902191 }, "geometry": { "type": "Polygon", "coordinates": [ [ [ 106.798200044905087, -6.10370060886998 ], [ 106.798230221974492, -6.112742409652821 ], [ 106.807263511759004, -6.112712105624515 ], [ 106.807233183296532, -6.103670349999984 ], [ 106.798200044905087, -6.10370060886998 ] ] ] } },
{ "type": "Feature", "properties": { "id": "+700+9297", "ndbi2009": -0.05755237479752396, "ndvi2009": 0.40826638101134455, "first": 1, "grid_id": 92975000700, "sensor": "landsat7", "year": "2009", "ndvi2012": 0.34932948893401777, "ndbi2012": -0.028498667168605607, "ndvi2015": 0.40848809154704213, "ndbi2015": -0.019234446765040051, "ndvi2018": 0.21201653953175995, "ndbi2018": 0.014431326157136938, "ndvi2021": 0.29592004150617873, "ndbi2021": 0.042373929492896423, "ndvi2024": 0.29868281958624721, "ndbi2024": 0.058852712885709479 }, "geometry": { "type": "Polygon", "coordinates": [ [ [ 106.80806811888003, -6.347796620649814 ], [ 106.80809968376569, -6.356838288670638 ], [ 106.817137101650303, -6.356806607219575 ], [ 106.81710537920911, -6.347764984617571 ], [ 106.80806811888003, -6.347796620649814 ] ] ] } },
{ "type": "Feature", "properties": { "id": "+700+9298", "ndbi2009": -0.069780730394995771, "ndvi2009": 0.43278409284539521, "first": 1, "grid_id": 92985000700, "sensor": "landsat7", "year": "2009", "ndvi2012": 0.34760511945933104, "ndbi2012": -0.025666593559435569, "ndvi2015": 0.40680180757772177, "ndbi2015": -0.019125326121866237, "ndvi2018": 0.18707715458003807, "ndbi2018": 0.024303961214172887, "ndvi2021": 0.26732702890876681, "ndbi2021": 0.049540465966856566, "ndvi2024": 0.29723574651870871, "ndbi2024": 0.064468382581253536 }, "geometry": { "type": "Polygon", "coordinates": [ [ [ 106.808036599844357, -6.33875494932319 ], [ 106.80806811888003, -6.347796620649814 ], [ 106.81710537920911, -6.347764984617571 ], [ 106.817073702842507, -6.338723358709768 ], [ 106.808036599844357, -6.33875494932319 ] ] ] } },
{ "type": "Feature", "properties": { "id": "+700+9299", "ndbi2009": -0.08231336091663323, "ndvi2009": 0.4483391600496629, "first": 1, "grid_id": 92995000700, "sensor": "landsat7", "year": "2009", "ndvi2012": 0.35761702913863985, "ndbi2012": -0.038124644873188993, "ndvi2015": 0.43749934049213629, "ndbi2015": -0.043518997319773128, "ndvi2018": 0.23444341685412065, "ndbi2018": -0.014605139698481784, "ndvi2021": 0.30208740783672705, "ndbi2021": 0.025079672228471905, "ndvi2024": 0.32654463485175489, "ndbi2024": 0.03550108880096791 }, "geometry": { "type": "Polygon", "coordinates": [ [ [ 106.808005126649732, -6.329713274699747 ], [ 106.808036599844357, -6.33875494932319 ], [ 106.817073702842507, -6.338723358709768 ], [ 106.817042072541511, -6.329681729505146 ], [ 106.808005126649732, -6.329713274699747 ] ] ] } },
{ "type": "Feature", "properties": { "id": "+700+9300", "ndbi2009": -0.077211795141920447, "ndvi2009": 0.42917049746029079, "first": 1, "grid_id": 93005000700, "sensor": "landsat7", "year": "2009", "ndvi2012": 0.36440066597424442, "ndbi2012": -0.048919288354227326, "ndvi2015": 0.45093135302886367, "ndbi2015": -0.056281343844602809, "ndvi2018": null, "ndbi2018": null, "ndvi2021": 0.28332078643143171, "ndbi2021": 0.022789970942540094, "ndvi2024": 0.32992822909727698, "ndbi2024": 0.035139562198310159 }, "geometry": { "type": "Polygon", "coordinates": [ [ [ 106.807973699287146, -6.320671596779489 ], [ 106.808005126649732, -6.329713274699747 ], [ 106.817042072541511, -6.329681729505146 ], [ 106.817010488306138, -6.320640096994725 ], [ 106.807973699287146, -6.320671596779489 ] ] ] } },
{ "type": "Feature", "properties": { "id": "+700+9301", "ndbi2009": -0.062077975589928655, "ndvi2009": 0.40904122016091982, "first": 1, "grid_id": 93015000700, "sensor": "landsat7", "year": "2009", "ndvi2012": 0.33410908352202318, "ndbi2012": -0.06355462089826272, "ndvi2015": 0.43647851038166852, "ndbi2015": -0.047221587384192965, "ndvi2018": null, "ndbi2018": null, "ndvi2021": 0.29877396725763483, "ndbi2021": 0.0047694684013606997, "ndvi2024": 0.3771282799365952, "ndbi2024": 0.014127724928649391 }, "geometry": { "type": "Polygon", "coordinates": [ [ [ 106.807942317756613, -6.311629915571396 ], [ 106.807973699287146, -6.320671596779489 ], [ 106.817010488306138, -6.320640096994725 ], [ 106.81697895013636, -6.31159846119647 ], [ 106.807942317756613, -6.311629915571396 ] ] ] } },
{ "type": "Feature", "properties": { "id": "+700+9302", "ndbi2009": -0.035232837861258297, "ndvi2009": 0.37540889054071153, "first": 1, "grid_id": 93025000700, "sensor": "landsat7", "year": "2009", "ndvi2012": 0.24780049955006689, "ndbi2012": -0.039949689271452364, "ndvi2015": 0.41652100393548602, "ndbi2015": -0.02933569119340973, "ndvi2018": null, "ndbi2018": null, "ndvi2021": 0.31718795082997531, "ndbi2021": 0.014736815937794747, "ndvi2024": 0.38537466805428267, "ndbi2024": 0.025024310642038465 }, "geometry": { "type": "Polygon", "coordinates": [ [ [ 106.807910982058118, -6.302588231066486 ], [ 106.807942317756613, -6.311629915571396 ], [ 106.81697895013636, -6.31159846119647 ], [ 106.816947458014226, -6.302556822110381 ], [ 106.807910982058118, -6.302588231066486 ] ] ] } },
{ "type": "Feature", "properties": { "id": "+700+9303", "ndbi2009": -0.0082706595967465546, "ndvi2009": 0.31165747775230557, "first": 1, "grid_id": 93035000700, "sensor": "landsat7", "year": "2009", "ndvi2012": 0.1239997546217637, "ndbi2012": 0.0049039554978662619, "ndvi2015": 0.37201172963250428, "ndbi2015": -0.0055342240229947484, "ndvi2018": null, "ndbi2018": null, "ndvi2021": 0.25763080059550703, "ndbi2021": 0.053312767595343757, "ndvi2024": 0.28897407231852412, "ndbi2024": 0.071977444393269238 }, "geometry": { "type": "Polygon", "coordinates": [ [ [ 106.807879692173699, -6.293546543291709 ], [ 106.807910982058118, -6.302588231066486 ], [ 106.816947458014226, -6.302556822110381 ], [ 106.81691601194872, -6.293515179736458 ], [ 106.807879692173699, -6.293546543291709 ] ] ] } },
{ "type": "Feature", "properties": { "id": "+700+9304", "ndbi2009": -0.029137475873507998, "ndvi2009": 0.30241148612078494, "first": 1, "grid_id": 93045000700, "sensor": "landsat7", "year": "2009", "ndvi2012": 0.072571765061687027, "ndbi2012": -0.021038296015239231, "ndvi2015": 0.37978881457272695, "ndbi2015": -0.034581787453270424, "ndvi2018": null, "ndbi2018": null, "ndvi2021": 0.29387609888525568, "ndbi2021": -0.010357498377561569, "ndvi2024": 0.35083968277071037, "ndbi2024": 0.00048282514600192809 }, "geometry": { "type": "Polygon", "coordinates": [ [ [ 106.807848448121334, -6.284504852229097 ], [ 106.807879692173699, -6.293546543291709 ], [ 106.81691601194872, -6.293515179736458 ], [ 106.816884611939827, -6.284473534092667 ], [ 106.807848448121334, -6.284504852229097 ] ] ] } },
{ "type": "Feature", "properties": { "id": "+700+9305", "ndbi2009": -0.03547132493895333, "ndvi2009": 0.31291749351657927, "first": 1, "grid_id": 93055000700, "sensor": "landsat7", "year": "2009", "ndvi2012": 0.10840075992746279, "ndbi2012": 0.015651686248020272, "ndvi2015": 0.38822839187923824, "ndbi2015": -0.036492681778327096, "ndvi2018": null, "ndbi2018": null, "ndvi2021": 0.28309947811067104, "ndbi2021": -0.0064469079807167873, "ndvi2024": 0.35836452210787684, "ndbi2024": -0.0028434676605684221 }, "geometry": { "type": "Polygon", "coordinates": [ [ [ 106.807817249883044, -6.275463157896618 ], [ 106.807848448121334, -6.284504852229097 ], [ 106.816884611939827, -6.284473534092667 ], [ 106.816853257969598, -6.275431885161042 ], [ 106.807817249883044, -6.275463157896618 ] ] ] } },
{ "type": "Feature", "properties": { "id": "+700+9306", "ndbi2009": -0.020466241563553925, "ndvi2009": 0.28635596815729508, "first": 1, "grid_id": 93065000700, "sensor": "landsat7", "year": "2009", "ndvi2012": 0.18885489355307072, "ndbi2012": -0.021222695969754565, "ndvi2015": 0.3701746958540752, "ndbi2015": -0.017648207845923025, "ndvi2018": null, "ndbi2018": null, "ndvi2021": 0.2508574723033235, "ndbi2021": -0.0029244460674817674, "ndvi2024": 0.31800833711167797, "ndbi2024": -0.0041178789251716816 }, "geometry": { "type": "Polygon", "coordinates": [ [ [ 106.807786097449849, -6.266421460303254 ], [ 106.807817249883044, -6.275463157896618 ], [ 106.816853257969598, -6.275431885161042 ], [ 106.816821950038033, -6.266390232968534 ], [ 106.807786097449849, -6.266421460303254 ] ] ] } },
{ "type": "Feature", "properties": { "id": "+700+9307", "ndbi2009": -0.0083121969655621797, "ndvi2009": 0.2680743410019204, "first": 1, "grid_id": 93075000700, "sensor": "landsat7", "year": "2009", "ndvi2012": 0.18240463477559388, "ndbi2012": -0.034710189923089274, "ndvi2015": 0.34498490602709353, "ndbi2015": -0.0040000416265684171, "ndvi2018": null, "ndbi2018": null, "ndvi2021": 0.25286419631447643, "ndbi2021": 0.0070442621090478497, "ndvi2024": 0.28837505739647895, "ndbi2024": 0.018465773726347834 }, "geometry": { "type": "Polygon", "coordinates": [ [ [ 106.80775499083073, -6.257379759440023 ], [ 106.807786097449849, -6.266421460303254 ], [ 106.816821950038033, -6.266390232968534 ], [ 106.816790688145119, -6.25734857751514 ], [ 106.80775499083073, -6.257379759440023 ] ] ] } },
{ "type": "Feature", "properties": { "id": "+700+9308", "ndbi2009": 0.0033205718112488593, "ndvi2009": 0.242964464550217, "first": 1, "grid_id": 93085000700, "sensor": "landsat7", "year": "2009", "ndvi2012": 0.10640073583150904, "ndbi2012": 0.0024250705286653494, "ndvi2015": 0.36963481207688653, "ndbi2015": -0.029163063442360401, "ndvi2018": null, "ndbi2018": null, "ndvi2021": 0.24286476481291983, "ndbi2021": 0.027564505604257449, "ndvi2024": 0.26478295835355919, "ndbi2024": 0.04356322407774213 }, "geometry": { "type": "Polygon", "coordinates": [ [ [ 106.807723930016721, -6.248338055324891 ], [ 106.80775499083073, -6.257379759440023 ], [ 106.816790688145119, -6.25734857751514 ], [ 106.816759472290869, -6.248306918791878 ], [ 106.807723930016721, -6.248338055324891 ] ] ] } },
{ "type": "Feature", "properties": { "id": "+700+9309", "ndbi2009": 0.012930084601975976, "ndvi2009": 0.21338349441066387, "first": 1, "grid_id": 93095000700, "sensor": "landsat7", "year": "2009", "ndvi2012": 0.071361613343469785, "ndbi2012": 0.035291803724248887, "ndvi2015": 0.37675138795748353, "ndbi2015": -0.031445550801436184, "ndvi2018": null, "ndbi2018": null, "ndvi2021": 0.20816426863893867, "ndbi2021": 0.021450866734085142, "ndvi2024": 0.25358766363933682, "ndbi2024": 0.04718646033143159 }, "geometry": { "type": "Polygon", "coordinates": [ [ [ 106.807692915007792, -6.239296347948874 ], [ 106.807723930016721, -6.248338055324891 ], [ 106.816759472290869, -6.248306918791878 ], [ 106.816728302466302, -6.239265256825699 ], [ 106.807692915007792, -6.239296347948874 ] ] ] } },
{ "type": "Feature", "properties": { "id": "+700+9310", "ndbi2009": -0.014079996949340414, "ndvi2009": 0.22782867331439113, "first": 1, "grid_id": 93105000700, "sensor": "landsat7", "year": "2009", "ndvi2012": 0.083736151427499891, "ndbi2012": 0.0097515898661350645, "ndvi2015": 0.36234256038515589, "ndbi2015": -0.022660668235360171, "ndvi2018": null, "ndbi2018": null, "ndvi2021": 0.21983297879066996, "ndbi2021": -0.0031086857555302121, "ndvi2024": 0.25705851197946727, "ndbi2024": 0.0086801721765769769 }, "geometry": { "type": "Polygon", "coordinates": [ [ [ 106.807661945786009, -6.230254637320956 ], [ 106.807692915007792, -6.239296347948874 ], [ 106.816728302466302, -6.239265256825699 ], [ 106.816697178662409, -6.230223591598635 ], [ 106.807661945786009, -6.230254637320956 ] ] ] } },
{ "type": "Feature", "properties": { "id": "+700+9311", "ndbi2009": -0.049124196106276941, "ndvi2009": 0.24093081831233576, "first": 1, "grid_id": 93115000700, "sensor": "landsat7", "year": "2009", "ndvi2012": 0.10702509195834864, "ndbi2012": -0.01273326267619268, "ndvi2015": 0.38684774283319712, "ndbi2015": -0.049920199104235508, "ndvi2018": null, "ndbi2018": null, "ndvi2021": 0.25742694031214347, "ndbi2021": -0.029221282162325224, "ndvi2024": 0.26955771230859682, "ndbi2024": -0.034992051238077693 }, "geometry": { "type": "Polygon", "coordinates": [ [ [ 106.807631022369307, -6.221212923450119 ], [ 106.807661945786009, -6.230254637320956 ], [ 106.816697178662409, -6.230223591598635 ], [ 106.816666100879218, -6.221181923128653 ], [ 106.807631022369307, -6.221212923450119 ] ] ] } },
{ "type": "Feature", "properties": { "id": "+700+9312", "ndbi2009": -0.037835274651354438, "ndvi2009": 0.22537706932600809, "first": 1, "grid_id": 93125000700, "sensor": "landsat7", "year": "2009", "ndvi2012": 0.12900459269682568, "ndbi2012": 0.0030761504071015935, "ndvi2015": 0.34321443286596565, "ndbi2015": -0.038129496618228807, "ndvi2018": null, "ndbi2018": null, "ndvi2021": 0.2559551721694423, "ndbi2021": -0.02799756452075991, "ndvi2024": 0.28007314585003196, "ndbi2024": -0.026604000625072743 }, "geometry": { "type": "Polygon", "coordinates": [ [ [ 106.80760014473077, -6.212171206345348 ], [ 106.807631022369307, -6.221212923450119 ], [ 106.816666100879218, -6.221181923128653 ], [ 106.816635069116714, -6.212140251415753 ], [ 106.80760014473077, -6.212171206345348 ] ] ] } },
{ "type": "Feature", "properties": { "id": "+700+9313", "ndbi2009": -0.0042116615823033499, "ndvi2009": 0.18874432367738336, "first": 1, "grid_id": 93135000700, "sensor": "landsat7", "year": "2009", "ndvi2012": 0.15805595519486815, "ndbi2012": 0.0038226952201512181, "ndvi2015": 0.2927787031512708, "ndbi2015": -0.012819008234146169, "ndvi2018": null, "ndbi2018": null, "ndvi2021": 0.28327385801821947, "ndbi2021": -0.030840937202810895, "ndvi2024": 0.33182188414502889, "ndbi2024": -0.028673037973931063 }, "geometry": { "type": "Polygon", "coordinates": [ [ [ 106.807569312888333, -6.203129485997658 ], [ 106.80760014473077, -6.212171206345348 ], [ 106.816635069116714, -6.212140251415753 ], [ 106.816604083365931, -6.203098576459935 ], [ 106.807569312888333, -6.203129485997658 ] ] ] } },
{ "type": "Feature", "properties": { "id": "+700+9314", "ndbi2009": 0.032478694586704174, "ndvi2009": 0.15070208381204042, "first": 1, "grid_id": 93145000700, "sensor": "landsat7", "year": "2009", "ndvi2012": 0.1426962668989219, "ndbi2012": 0.03205771866966696, "ndvi2015": 0.24408461433999679, "ndbi2015": 0.026599887216134981, "ndvi2018": null, "ndbi2018": null, "ndvi2021": 0.2059148566979988, "ndbi2021": 0.044746532457351093, "ndvi2024": 0.23573848722027799, "ndbi2024": 0.049634640693080184 }, "geometry": { "type": "Polygon", "coordinates": [ [ [ 106.807538526815065, -6.194087762425016 ], [ 106.807569312888333, -6.203129485997658 ], [ 106.816604083365931, -6.203098576459935 ], [ 106.81657314362684, -6.194056898279165 ], [ 106.807538526815065, -6.194087762425016 ] ] ] } },
{ "type": "Feature", "properties": { "id": "+700+9315", "ndbi2009": 0.058441725767710631, "ndvi2009": 0.13304621343519174, "first": 1, "grid_id": 93155000700, "sensor": "landsat7", "year": "2009", "ndvi2012": 0.096151468172377241, "ndbi2012": 0.056239939656327752, "ndvi2015": 0.22690529192195219, "ndbi2015": 0.0336653033705136, "ndvi2018": null, "ndbi2018": null, "ndvi2021": 0.10442673300995546, "ndbi2021": 0.13095736246482997, "ndvi2024": 0.12151081611712773, "ndbi2024": 0.13738473846631893 }, "geometry": { "type": "Polygon", "coordinates": [ [ [ 106.807507786528916, -6.185046035627423 ], [ 106.807538526815065, -6.194087762425016 ], [ 106.81657314362684, -6.194056898279165 ], [ 106.81654224989947, -6.185015216873442 ], [ 106.807507786528916, -6.185046035627423 ] ] ] } },
{ "type": "Feature", "properties": { "id": "+700+9316", "ndbi2009": 0.043579401615716051, "ndvi2009": 0.082806158205130487, "first": 1, "grid_id": 93165000700, "sensor": "landsat7", "year": "2009", "ndvi2012": 0.078082406937028268, "ndbi2012": 0.046123612075462006, "ndvi2015": 0.23934235685737804, "ndbi2015": 0.020531984485842255, "ndvi2018": null, "ndbi2018": null, "ndvi2021": 0.12693529308307916, "ndbi2021": 0.11046178065589629, "ndvi2024": 0.13901038820040412, "ndbi2024": 0.1017813615180785 }, "geometry": { "type": "Polygon", "coordinates": [ [ [ 106.807477092011936, -6.176004305604877 ], [ 106.807507786528916, -6.185046035627423 ], [ 106.81654224989947, -6.185015216873442 ], [ 106.81651140216583, -6.175973532242768 ], [ 106.807477092011936, -6.176004305604877 ] ] ] } },
{ "type": "Feature", "properties": { "id": "+700+9317", "ndbi2009": 0.034109370790275872, "ndvi2009": 0.056551332382813971, "first": 1, "grid_id": 93175000700, "sensor": "landsat7", "year": "2009", "ndvi2012": 0.07801095825784346, "ndbi2012": 0.02566555177464205, "ndvi2015": 0.21142595386972615, "ndbi2015": 0.029898925943701873, "ndvi2018": null, "ndbi2018": null, "ndvi2021": 0.13249068581590465, "ndbi2021": 0.099014641490637087, "ndvi2024": 0.13080938078609167, "ndbi2024": 0.073377139924788004 }, "geometry": { "type": "Polygon", "coordinates": [ [ [ 106.807446443273108, -6.16696257235738 ], [ 106.807477092011936, -6.176004305604877 ], [ 106.81651140216583, -6.175973532242768 ], [ 106.816480600434929, -6.166931844387142 ], [ 106.807446443273108, -6.16696257235738 ] ] ] } },
{ "type": "Feature", "properties": { "id": "+700+9318", "ndbi2009": 0.048619212582707405, "ndvi2009": 0.091323981992900372, "first": 1, "grid_id": 93185000700, "sensor": "landsat7", "year": "2009", "ndvi2012": 0.018356444546952844, "ndbi2012": 0.042223870172165334, "ndvi2015": 0.13974305056035519, "ndbi2015": 0.033153198193758726, "ndvi2018": null, "ndbi2018": null, "ndvi2021": 0.092086835764348507, "ndbi2021": 0.12134473491460085, "ndvi2024": 0.090723969973623739, "ndbi2024": 0.10141317453235388 }, "geometry": { "type": "Polygon", "coordinates": [ [ [ 106.807415840294468, -6.157920835911881 ], [ 106.807446443273108, -6.16696257235738 ], [ 106.816480600434929, -6.166931844387142 ], [ 106.816449844697772, -6.157890153324531 ], [ 106.807415840294468, -6.157920835911881 ] ] ] } },
{ "type": "Feature", "properties": { "id": "+700+9319", "ndbi2009": 0.059684910406084625, "ndvi2009": 0.021939343067945226, "first": 1, "grid_id": 93195000700, "sensor": "landsat7", "year": "2009", "ndvi2012": -0.028299706020191606, "ndbi2012": 0.07912405466332155, "ndvi2015": 0.12171831236166111, "ndbi2015": 0.054979734298060925, "ndvi2018": null, "ndbi2018": null, "ndvi2021": 0.066710238114875905, "ndbi2021": 0.13941298407666824, "ndvi2024": 0.064934072570473539, "ndbi2024": 0.11559874617001589 }, "geometry": { "type": "Polygon", "coordinates": [ [ [ 106.807385283075988, -6.148879096250412 ], [ 106.807415840294468, -6.157920835911881 ], [ 106.816449844697772, -6.157890153324531 ], [ 106.816419134954344, -6.148848459045951 ], [ 106.807385283075988, -6.148879096250412 ] ] ] } },
{ "type": "Feature", "properties": { "id": "+700+9320", "ndbi2009": 0.05740955522924196, "ndvi2009": -0.047481697227340192, "first": 1, "grid_id": 93205000700, "sensor": "landsat7", "year": "2009", "ndvi2012": -0.02474990063637961, "ndbi2012": 0.092216274759266526, "ndvi2015": 0.15447236114414412, "ndbi2015": 0.068287391026387922, "ndvi2018": null, "ndbi2018": null, "ndvi2021": 0.066847199443145655, "ndbi2021": 0.13822439307114112, "ndvi2024": 0.064614794682711363, "ndbi2024": 0.11997402133420111 }, "geometry": { "type": "Polygon", "coordinates": [ [ [ 106.80735477161771, -6.139837353390941 ], [ 106.807385283075988, -6.148879096250412 ], [ 106.816419134954344, -6.148848459045951 ], [ 106.81638847119568, -6.139806761569368 ], [ 106.80735477161771, -6.139837353390941 ] ] ] } },
{ "type": "Feature", "properties": { "id": "+700+9321", "ndbi2009": 0.043082663665215175, "ndvi2009": 0.032441533488385819, "first": 1, "grid_id": 93215000700, "sensor": "landsat7", "year": "2009", "ndvi2012": -0.0083019098887840894, "ndbi2012": 0.076394639266472247, "ndvi2015": 0.16120061167314942, "ndbi2015": 0.060123505297244771, "ndvi2018": null, "ndbi2018": null, "ndvi2021": 0.10227046606003071, "ndbi2021": 0.11075747454283284, "ndvi2024": 0.098918458702517503, "ndbi2024": 0.11184316321330913 }, "geometry": { "type": "Polygon", "coordinates": [ [ [ 106.807324305910612, -6.130795607324485 ], [ 106.80735477161771, -6.139837353390941 ], [ 106.81638847119568, -6.139806761569368 ], [ 106.816357853412796, -6.130765060894783 ], [ 106.807324305910612, -6.130795607324485 ] ] ] } },
{ "type": "Feature", "properties": { "id": "+700+9322", "ndbi2009": 0.035707629355145439, "ndvi2009": 0.10921457839362762, "first": 1, "grid_id": 93225000700, "sensor": "landsat7", "year": "2009", "ndvi2012": 0.025289498722436382, "ndbi2012": 0.060929621668422931, "ndvi2015": 0.16621207226725188, "ndbi2015": 0.04398742217351409, "ndvi2018": null, "ndbi2018": null, "ndvi2021": 0.13465890574689005, "ndbi2021": 0.080900305947836704, "ndvi2024": 0.15081415196844178, "ndbi2024": 0.086152263219450048 }, "geometry": { "type": "Polygon", "coordinates": [ [ [ 106.807293885963702, -6.12175385806901 ], [ 106.807324305910612, -6.130795607324485 ], [ 106.816357853412796, -6.130765060894783 ], [ 106.816327281623657, -6.121723357022195 ], [ 106.807293885963702, -6.12175385806901 ] ] ] } },
{ "type": "Feature", "properties": { "id": "+701+9297", "ndbi2009": -0.074550726041197779, "ndvi2009": 0.4150359774827958, "first": 1, "grid_id": 92975000701, "sensor": "landsat7", "year": "2009", "ndvi2012": 0.37800619041919709, "ndbi2012": -0.067299728855490695, "ndvi2015": 0.40755327665805824, "ndbi2015": -0.033998638376593587, "ndvi2018": 0.21084736651182176, "ndbi2018": 0.0074397222171537587, "ndvi2021": 0.27253360331058502, "ndbi2021": 0.04960789202898741, "ndvi2024": 0.28587415742874145, "ndbi2024": 0.066091579169034964 }, "geometry": { "type": "Polygon", "coordinates": [ [ [ 106.81710537920911, -6.347764984617571 ], [ 106.817137101650303, -6.356806607219575 ], [ 106.826174473460313, -6.356774768024347 ], [ 106.826142593463601, -6.347733191065744 ], [ 106.81710537920911, -6.347764984617571 ] ] ] } },
{ "type": "Feature", "properties": { "id": "+701+9298", "ndbi2009": -0.045479190417609061, "ndvi2009": 0.37322095094714319, "first": 1, "grid_id": 92985000701, "sensor": "landsat7", "year": "2009", "ndvi2012": 0.32423008023761213, "ndbi2012": -0.028235867351668279, "ndvi2015": 0.39660512353293598, "ndbi2015": -0.023337398921285057, "ndvi2018": 0.1806088741286658, "ndbi2018": 0.003635952969489153, "ndvi2021": 0.23862363712396475, "ndbi2021": 0.032014143675041851, "ndvi2024": 0.26402397733181715, "ndbi2024": 0.053432758068083785 }, "geometry": { "type": "Polygon", "coordinates": [ [ [ 106.817073702842507, -6.338723358709768 ], [ 106.81710537920911, -6.347764984617571 ], [ 106.826142593463601, -6.347733191065744 ], [ 106.826110759775048, -6.338691610801339 ], [ 106.817073702842507, -6.338723358709768 ] ] ] } },
{ "type": "Feature", "properties": { "id": "+701+9299", "ndbi2009": -0.027121334664116148, "ndvi2009": 0.37357137235812843, "first": 1, "grid_id": 92995000701, "sensor": "landsat7", "year": "2009", "ndvi2012": 0.28778993978630751, "ndbi2012": -0.0073830263881973224, "ndvi2015": 0.3997970503987745, "ndbi2015": -0.01082235050307645, "ndvi2018": 0.19259296096861361, "ndbi2018": 0.019119652220979336, "ndvi2021": 0.24531271407613536, "ndbi2021": 0.071307227306533619, "ndvi2024": 0.25308991636848083, "ndbi2024": 0.076131435096613145 }, "geometry": { "type": "Polygon", "coordinates": [ [ [ 106.817042072541511, -6.329681729505146 ], [ 106.817073702842507, -6.338723358709768 ], [ 106.826110759775048, -6.338691610801339 ], [ 106.826078972376678, -6.329650027231135 ], [ 106.817042072541511, -6.329681729505146 ] ] ] } },
{ "type": "Feature", "properties": { "id": "+701+9300", "ndbi2009": -0.064667888657719483, "ndvi2009": 0.41024650230127224, "first": 1, "grid_id": 93005000701, "sensor": "landsat7", "year": "2009", "ndvi2012": 0.29017819458363103, "ndbi2012": -0.021087220566822034, "ndvi2015": 0.42528276665537962, "ndbi2015": -0.032012657560042894, "ndvi2018": null, "ndbi2018": null, "ndvi2021": 0.27874912976049909, "ndbi2021": 0.060236731186216953, "ndvi2024": 0.28181905016010883, "ndbi2024": 0.061624192183508585 }, "geometry": { "type": "Polygon", "coordinates": [ [ [ 106.817010488306138, -6.320640096994725 ], [ 106.817042072541511, -6.329681729505146 ], [ 106.826078972376678, -6.329650027231135 ], [ 106.826047231268504, -6.320608440364112 ], [ 106.817010488306138, -6.320640096994725 ] ] ] } },
{ "type": "Feature", "properties": { "id": "+701+9301", "ndbi2009": -0.11594825308112536, "ndvi2009": 0.46634922389890632, "first": 1, "grid_id": 93015000701, "sensor": "landsat7", "year": "2009", "ndvi2012": 0.27356806783115167, "ndbi2012": -0.044242908338121341, "ndvi2015": 0.50074492459203679, "ndbi2015": -0.093372754781853917, "ndvi2018": null, "ndbi2018": null, "ndvi2021": 0.40649516220186271, "ndbi2021": -0.03796386343299174, "ndvi2024": 0.44339967872582231, "ndbi2024": -0.043798330659959833 }, "geometry": { "type": "Polygon", "coordinates": [ [ [ 106.81697895013636, -6.31159846119647 ], [ 106.817010488306138, -6.320640096994725 ], [ 106.826047231268504, -6.320608440364112 ], [ 106.826015536450498, -6.311566850209257 ], [ 106.81697895013636, -6.31159846119647 ] ] ] } },
{ "type": "Feature", "properties": { "id": "+701+9302", "ndbi2009": -0.098464447793958229, "ndvi2009": 0.43689363263547415, "first": 1, "grid_id": 93025000701, "sensor": "landsat7", "year": "2009", "ndvi2012": 0.25692756986245513, "ndbi2012": -0.042437782569322735, "ndvi2015": 0.50149486330337822, "ndbi2015": -0.096216110694513191, "ndvi2018": null, "ndbi2018": null, "ndvi2021": 0.42330048582516616, "ndbi2021": -0.064165772928390638, "ndvi2024": 0.49434463051147759, "ndbi2024": -0.070612912677461268 }, "geometry": { "type": "Polygon", "coordinates": [ [ [ 106.816947458014226, -6.302556822110381 ], [ 106.81697895013636, -6.31159846119647 ], [ 106.826015536450498, -6.311566850209257 ], [ 106.825983887922689, -6.302525256757584 ], [ 106.816947458014226, -6.302556822110381 ] ] ] } },
{ "type": "Feature", "properties": { "id": "+701+9303", "ndbi2009": -0.02945106194215262, "ndvi2009": 0.32904343131020314, "first": 1, "grid_id": 93035000701, "sensor": "landsat7", "year": "2009", "ndvi2012": 0.18972756716562064, "ndbi2012": -0.0075267390824678374, "ndvi2015": 0.39132147487692942, "ndbi2015": -0.016656733766990148, "ndvi2018": null, "ndbi2018": null, "ndvi2021": 0.24844625703697129, "ndbi2021": 0.048588050808024218, "ndvi2024": 0.28245728222403937, "ndbi2024": 0.070235829492370908 }, "geometry": { "type": "Polygon", "coordinates": [ [ [ 106.81691601194872, -6.293515179736458 ], [ 106.816947458014226, -6.302556822110381 ], [ 106.825983887922689, -6.302525256757584 ], [ 106.825952285676095, -6.293483660027061 ], [ 106.81691601194872, -6.293515179736458 ] ] ] } },
{ "type": "Feature", "properties": { "id": "+701+9304", "ndbi2009": -0.011026124819863981, "ndvi2009": 0.29241138929501176, "first": 1, "grid_id": 93045000701, "sensor": "landsat7", "year": "2009", "ndvi2012": 0.10834052364225499, "ndbi2012": 0.027005141324480064, "ndvi2015": 0.37589050980750477, "ndbi2015": -0.012452209211915033, "ndvi2018": null, "ndbi2018": null, "ndvi2021": 0.22995202377205715, "ndbi2021": 0.035012458123674151, "ndvi2024": 0.27733327978057787, "ndbi2024": 0.061299544551729909 }, "geometry": { "type": "Polygon", "coordinates": [ [ [ 106.816884611939827, -6.284473534092667 ], [ 106.81691601194872, -6.293515179736458 ], [ 106.825952285676095, -6.293483660027061 ], [ 106.825920729710688, -6.284442060008703 ], [ 106.816884611939827, -6.284473534092667 ] ] ] } },
{ "type": "Feature", "properties": { "id": "+701+9305", "ndbi2009": -0.027371552758268077, "ndvi2009": 0.30306527658831328, "first": 1, "grid_id": 93055000701, "sensor": "landsat7", "year": "2009", "ndvi2012": 0.11464378586970271, "ndbi2012": 0.023108376564778151, "ndvi2015": 0.37769692146684974, "ndbi2015": -0.017033720141625963, "ndvi2018": null, "ndbi2018": null, "ndvi2021": 0.23394813318736851, "ndbi2021": 0.012870039303379602, "ndvi2024": 0.28710042196325963, "ndbi2024": 0.030671619810163978 }, "geometry": { "type": "Polygon", "coordinates": [ [ [ 106.816853257969598, -6.275431885161042 ], [ 106.816884611939827, -6.284473534092667 ], [ 106.825920729710688, -6.284442060008703 ], [ 106.825889220017501, -6.275400456720479 ], [ 106.816853257969598, -6.275431885161042 ] ] ] } },
{ "type": "Feature", "properties": { "id": "+701+9306", "ndbi2009": -0.048460714533632869, "ndvi2009": 0.30959390156409317, "first": 1, "grid_id": 93065000701, "sensor": "landsat7", "year": "2009", "ndvi2012": 0.14152746516115525, "ndbi2012": -0.0082328306109297495, "ndvi2015": 0.38288109781695345, "ndbi2015": -0.02455084372092696, "ndvi2018": null, "ndbi2018": null, "ndvi2021": 0.2673304475989996, "ndbi2021": -0.032120171276962053, "ndvi2024": 0.3158515819147521, "ndbi2024": -0.027304077820450648 }, "geometry": { "type": "Polygon", "coordinates": [ [ [ 106.816821950038033, -6.266390232968534 ], [ 106.816853257969598, -6.275431885161042 ], [ 106.825889220017501, -6.275400456720479 ], [ 106.825857756587567, -6.266358850153403 ], [ 106.816821950038033, -6.266390232968534 ] ] ] } },
{ "type": "Feature", "properties": { "id": "+701+9307", "ndbi2009": -0.012934001148643353, "ndvi2009": 0.27069486599219478, "first": 1, "grid_id": 93075000701, "sensor": "landsat7", "year": "2009", "ndvi2012": 0.11280625041826328, "ndbi2012": 0.027276925308475818, "ndvi2015": 0.35390004560463417, "ndbi2015": -0.0052276415298727905, "ndvi2018": null, "ndbi2018": null, "ndvi2021": 0.25220350349756115, "ndbi2021": 0.014666797243114706, "ndvi2024": 0.29375802585505012, "ndbi2024": 0.018558457154164418 }, "geometry": { "type": "Polygon", "coordinates": [ [ [ 106.816790688145119, -6.25734857751514 ], [ 106.816821950038033, -6.266390232968534 ], [ 106.825857756587567, -6.266358850153403 ], [ 106.825826339429838, -6.257317240325443 ], [ 106.816790688145119, -6.25734857751514 ] ] ] } },
{ "type": "Feature", "properties": { "id": "+701+9308", "ndbi2009": 0.044344151479995639, "ndvi2009": 0.20039489989031095, "first": 1, "grid_id": 93085000701, "sensor": "landsat7", "year": "2009", "ndvi2012": 0.078385884675200676, "ndbi2012": 0.055179169670500489, "ndvi2015": 0.32614285264850096, "ndbi2015": 0.012442876684012071, "ndvi2018": null, "ndbi2018": null, "ndvi2021": 0.20162834366951612, "ndbi2021": 0.082006207267192308, "ndvi2024": 0.24283427425024745, "ndbi2024": 0.10053337889888227 }, "geometry": { "type": "Polygon", "coordinates": [ [ [ 106.816759472290869, -6.248306918791878 ], [ 106.816790688145119, -6.25734857751514 ], [ 106.825826339429838, -6.257317240325443 ], [ 106.825794968535348, -6.248275627236597 ], [ 106.816759472290869, -6.248306918791878 ] ] ] } },
{ "type": "Feature", "properties": { "id": "+701+9309", "ndbi2009": 0.052362594877680135, "ndvi2009": 0.16701026804306929, "first": 1, "grid_id": 93095000701, "sensor": "landsat7", "year": "2009", "ndvi2012": 0.10590701487426664, "ndbi2012": 0.048171719587316697, "ndvi2015": 0.27630972505784501, "ndbi2015": 0.0442754899133362, "ndvi2018": null, "ndbi2018": null, "ndvi2021": 0.16018944505382987, "ndbi2021": 0.084648459492360842, "ndvi2024": 0.21384190285907073, "ndbi2024": 0.11633453713912589 }, "geometry": { "type": "Polygon", "coordinates": [ [ [ 106.816728302466302, -6.239265256825699 ], [ 106.816759472290869, -6.248306918791878 ], [ 106.825794968535348, -6.248275627236597 ], [ 106.825763643895115, -6.239234010886868 ], [ 106.816728302466302, -6.239265256825699 ] ] ] } },
{ "type": "Feature", "properties": { "id": "+701+9310", "ndbi2009": 0.0045879962854087353, "ndvi2009": 0.20902906870469451, "first": 1, "grid_id": 93105000701, "sensor": "landsat7", "year": "2009", "ndvi2012": 0.16827627702150491, "ndbi2012": -0.0005462564586196098, "ndvi2015": 0.31356882979162037, "ndbi2015": 0.0024844945728546034, "ndvi2018": null, "ndbi2018": null, "ndvi2021": 0.17195235262624919, "ndbi2021": 0.036590690462617204, "ndvi2024": 0.23132170154713094, "ndbi2024": 0.065814273257274181 }, "geometry": { "type": "Polygon", "coordinates": [ [ [ 106.816697178662409, -6.230223591598635 ], [ 106.816728302466302, -6.239265256825699 ], [ 106.825763643895115, -6.239234010886868 ], [ 106.82573236550914, -6.230192391294221 ], [ 106.816697178662409, -6.230223591598635 ] ] ] } },
{ "type": "Feature", "properties": { "id": "+701+9311", "ndbi2009": -0.0085913072107359767, "ndvi2009": 0.23189775948412716, "first": 1, "grid_id": 93115000701, "sensor": "landsat7", "year": "2009", "ndvi2012": 0.16948543628677729, "ndbi2012": -0.005973196617560462, "ndvi2015": 0.33448401931673288, "ndbi2015": -0.027331656870956067, "ndvi2018": null, "ndbi2018": null, "ndvi2021": 0.18692690739408135, "ndbi2021": 0.021913404852966778, "ndvi2024": 0.20879883645102384, "ndbi2024": 0.031132714997511354 }, "geometry": { "type": "Polygon", "coordinates": [ [ [ 106.816666100879218, -6.221181923128653 ], [ 106.816697178662409, -6.230223591598635 ], [ 106.82573236550914, -6.230192391294221 ], [ 106.825701133377422, -6.221150768440689 ], [ 106.816666100879218, -6.221181923128653 ] ] ] } },
{ "type": "Feature", "properties": { "id": "+701+9312", "ndbi2009": 0.0012798678705140082, "ndvi2009": 0.19467586506815518, "first": 1, "grid_id": 93125000701, "sensor": "landsat7", "year": "2009", "ndvi2012": 0.14518381526657179, "ndbi2012": -0.024773846480849328, "ndvi2015": 0.3160490838920369, "ndbi2015": -0.02775794381421863, "ndvi2018": null, "ndbi2018": null, "ndvi2021": 0.19323276433290221, "ndbi2021": 0.0071042518989712583, "ndvi2024": 0.2031971632265577, "ndbi2024": 0.0062051583921500283 }, "geometry": { "type": "Polygon", "coordinates": [ [ [ 106.816635069116714, -6.212140251415753 ], [ 106.816666100879218, -6.221181923128653 ], [ 106.825701133377422, -6.221150768440689 ], [ 106.825669947481984, -6.212109142353222 ], [ 106.816635069116714, -6.212140251415753 ] ] ] } },
{ "type": "Feature", "properties": { "id": "+701+9313", "ndbi2009": -0.020356718157927389, "ndvi2009": 0.20709563541458922, "first": 1, "grid_id": 93135000701, "sensor": "landsat7", "year": "2009", "ndvi2012": 0.12606382448575457, "ndbi2012": -0.066145278780822991, "ndvi2015": 0.32093146513216197, "ndbi2015": -0.030842978999316983, "ndvi2018": null, "ndbi2018": null, "ndvi2021": 0.24055102671263739, "ndbi2021": -0.029055489198071882, "ndvi2024": 0.26825196744175628, "ndbi2024": -0.035204826937842881 }, "geometry": { "type": "Polygon", "coordinates": [ [ [ 106.816604083365931, -6.203098576459935 ], [ 106.816635069116714, -6.212140251415753 ], [ 106.825669947481984, -6.212109142353222 ], [ 106.825638807840789, -6.203067513022837 ], [ 106.816604083365931, -6.203098576459935 ] ] ] } },
{ "type": "Feature", "properties": { "id": "+701+9314", "ndbi2009": -0.015773603288164621, "ndvi2009": 0.19818149431079041, "first": 1, "grid_id": 93145000701, "sensor": "landsat7", "year": "2009", "ndvi2012": 0.10648448321164825, "ndbi2012": -0.029768923393395898, "ndvi2015": 0.28706600864728293, "ndbi2015": -0.0072705524270514077, "ndvi2018": null, "ndbi2018": null, "ndvi2021": 0.20646680301310971, "ndbi2021": 0.011002946411277732, "ndvi2024": 0.23065219708517487, "ndbi2024": 0.002485924842310883 }, "geometry": { "type": "Polygon", "coordinates": [ [ [ 106.81657314362684, -6.194056898279165 ], [ 106.816604083365931, -6.203098576459935 ], [ 106.825638807840789, -6.203067513022837 ], [ 106.825607714435904, -6.194025880458517 ], [ 106.81657314362684, -6.194056898279165 ] ] ] } },
{ "type": "Feature", "properties": { "id": "+701+9315", "ndbi2009": 0.0015993685810826712, "ndvi2009": 0.1523688725428656, "first": 1, "grid_id": 93155000701, "sensor": "landsat7", "year": "2009", "ndvi2012": 0.1117761787318159, "ndbi2012": 0.0049338085873387163, "ndvi2015": 0.28157196589745581, "ndbi2015": -0.012188166771920807, "ndvi2018": null, "ndbi2018": null, "ndvi2021": 0.14198849385138604, "ndbi2021": 0.076590729295276105, "ndvi2024": 0.16198304604040462, "ndbi2024": 0.070588800881523639 }, "geometry": { "type": "Polygon", "coordinates": [ [ [ 106.81654224989947, -6.185015216873442 ], [ 106.81657314362684, -6.194056898279165 ], [ 106.825607714435904, -6.194025880458517 ], [ 106.825576667258304, -6.184984244669245 ], [ 106.81654224989947, -6.185015216873442 ] ] ] } },
{ "type": "Feature", "properties": { "id": "+701+9316", "ndbi2009": -0.015733124140430897, "ndvi2009": 0.16518074130895091, "first": 1, "grid_id": 93165000701, "sensor": "landsat7", "year": "2009", "ndvi2012": 0.10000719208927716, "ndbi2012": -0.0073971441125168513, "ndvi2015": 0.31860292998014711, "ndbi2015": -0.022239406048046317, "ndvi2018": null, "ndbi2018": null, "ndvi2021": 0.19249749183654785, "ndbi2021": 0.058151156951983772, "ndvi2024": 0.17944275479690702, "ndbi2024": 0.047831475541141685 }, "geometry": { "type": "Polygon", "coordinates": [ [ [ 106.81651140216583, -6.175973532242768 ], [ 106.81654224989947, -6.185015216873442 ], [ 106.825576667258304, -6.184984244669245 ], [ 106.825545666316998, -6.17594260565502 ], [ 106.81651140216583, -6.175973532242768 ] ] ] } },
{ "type": "Feature", "properties": { "id": "+701+9317", "ndbi2009": -0.013861132640158758, "ndvi2009": 0.16701618819206485, "first": 1, "grid_id": 93175000701, "sensor": "landsat7", "year": "2009", "ndvi2012": 0.065362837674911134, "ndbi2012": -0.0060049920775782084, "ndvi2015": 0.25468854297650978, "ndbi2015": 0.014472640039457474, "ndvi2018": null, "ndbi2018": null, "ndvi2021": 0.22464910577400585, "ndbi2021": 0.03315739556637709, "ndvi2024": 0.17965165278292261, "ndbi2024": 0.0071918356006790418 }, "geometry": { "type": "Polygon", "coordinates": [ [ [ 106.816480600434929, -6.166931844387142 ], [ 106.81651140216583, -6.175973532242768 ], [ 106.825545666316998, -6.17594260565502 ], [ 106.825514711603006, -6.166900963415845 ], [ 106.816480600434929, -6.166931844387142 ] ] ] } },
{ "type": "Feature", "properties": { "id": "+701+9318", "ndbi2009": 0.022728435249597417, "ndvi2009": 0.11087594756893084, "first": 1, "grid_id": 93185000701, "sensor": "landsat7", "year": "2009", "ndvi2012": 0.016331828246806183, "ndbi2012": 0.048888696987620169, "ndvi2015": 0.15775083940403134, "ndbi2015": 0.05034957644986171, "ndvi2018": null, "ndbi2018": null, "ndvi2021": 0.13535089784977483, "ndbi2021": 0.077678054750111761, "ndvi2024": 0.11871523041935528, "ndbi2024": 0.057091972721265809 }, "geometry": { "type": "Polygon", "coordinates": [ [ [ 106.816449844697772, -6.157890153324531 ], [ 106.816480600434929, -6.166931844387142 ], [ 106.825514711603006, -6.166900963415845 ], [ 106.825483803116313, -6.157859317960701 ], [ 106.816449844697772, -6.157890153324531 ] ] ] } },
{ "type": "Feature", "properties": { "id": "+701+9319", "ndbi2009": 0.056870468019270426, "ndvi2009": 0.061677731106094286, "first": 1, "grid_id": 93195000701, "sensor": "landsat7", "year": "2009", "ndvi2012": -0.019332139508104793, "ndbi2012": 0.084877608044474737, "ndvi2015": 0.13049532525679644, "ndbi2015": 0.050358958367039179, "ndvi2018": null, "ndbi2018": null, "ndvi2021": 0.068029515737412019, "ndbi2021": 0.12193931396685395, "ndvi2024": 0.066636688159961321, "ndbi2024": 0.10001422587563009 }, "geometry": { "type": "Polygon", "coordinates": [ [ [ 106.816419134954344, -6.148848459045951 ], [ 106.816449844697772, -6.157890153324531 ], [ 106.825483803116313, -6.157859317960701 ], [ 106.825452940838957, -6.148817669298571 ], [ 106.816419134954344, -6.148848459045951 ] ] ] } },
{ "type": "Feature", "properties": { "id": "+701+9320", "ndbi2009": 0.060831412672996521, "ndvi2009": 0.040434702299535275, "first": 1, "grid_id": 93205000701, "sensor": "landsat7", "year": "2009", "ndvi2012": 0.0038364389911293975, "ndbi2012": 0.078992074355483055, "ndvi2015": 0.14587008114904168, "ndbi2015": 0.047426411882042892, "ndvi2018": null, "ndbi2018": null, "ndvi2021": 0.082934495527297272, "ndbi2021": 0.1108470791950822, "ndvi2024": 0.086666370742022991, "ndbi2024": 0.093713578768074499 }, "geometry": { "type": "Polygon", "coordinates": [ [ [ 106.81638847119568, -6.139806761569368 ], [ 106.816419134954344, -6.148848459045951 ], [ 106.825452940838957, -6.148817669298571 ], [ 106.825422124779919, -6.139776017429455 ], [ 106.81638847119568, -6.139806761569368 ] ] ] } },
{ "type": "Feature", "properties": { "id": "+701+9321", "ndbi2009": 0.027376417859512218, "ndvi2009": 0.083475183695554733, "first": 1, "grid_id": 93215000701, "sensor": "landsat7", "year": "2009", "ndvi2012": 0.070446548515967294, "ndbi2012": 0.044852320243622741, "ndvi2015": 0.20263136999279846, "ndbi2015": 0.021552375886662336, "ndvi2018": null, "ndbi2018": null, "ndvi2021": 0.1169408219409924, "ndbi2021": 0.10583060754864825, "ndvi2024": 0.11440978815742567, "ndbi2024": 0.088291900005995058 }, "geometry": { "type": "Polygon", "coordinates": [ [ [ 106.816357853412796, -6.130765060894783 ], [ 106.81638847119568, -6.139806761569368 ], [ 106.825422124779919, -6.139776017429455 ], [ 106.825391354939214, -6.130734362362337 ], [ 106.816357853412796, -6.130765060894783 ] ] ] } },
{ "type": "Feature", "properties": { "id": "+701+9322", "ndbi2009": 0.018298067501746118, "ndvi2009": 0.13986466926871799, "first": 1, "grid_id": 93225000701, "sensor": "landsat7", "year": "2009", "ndvi2012": 0.082232998473045882, "ndbi2012": 0.019190624800103254, "ndvi2015": 0.24569876358145848, "ndbi2015": -0.022336152207572017, "ndvi2018": null, "ndbi2018": null, "ndvi2021": 0.16998194268671796, "ndbi2021": 0.080562298942822977, "ndvi2024": 0.16909276961814615, "ndbi2024": 0.057644237167551182 }, "geometry": { "type": "Polygon", "coordinates": [ [ [ 106.816327281623657, -6.121723357022195 ], [ 106.816357853412796, -6.130765060894783 ], [ 106.825391354939214, -6.130734362362337 ], [ 106.82536063129885, -6.121692704097216 ], [ 106.816327281623657, -6.121723357022195 ] ] ] } },
{ "type": "Feature", "properties": { "id": "+701+9323", "ndbi2009": 0.012634732124339689, "ndvi2009": 0.11781530717357258, "first": 1, "grid_id": 93235000701, "sensor": "landsat7", "year": "2009", "ndvi2012": 0.039190686903283242, "ndbi2012": 0.0069686687790630952, "ndvi2015": 0.17312649375367195, "ndbi2015": -0.029137286922482193, "ndvi2018": null, "ndbi2018": null, "ndvi2021": 0.079488867130435889, "ndbi2021": -0.018526511521287297, "ndvi2024": 0.089319524462105768, "ndbi2024": -0.028142498755227018 }, "geometry": { "type": "Polygon", "coordinates": [ [ [ 106.816296755801304, -6.112681649951606 ], [ 106.816327281623657, -6.121723357022195 ], [ 106.82536063129885, -6.121692704097216 ], [ 106.825329953867822, -6.112651042643077 ], [ 106.816296755801304, -6.112681649951606 ] ] ] } },
{ "type": "Feature", "properties": { "id": "+702+9297", "ndbi2009": -0.10577156450137622, "ndvi2009": 0.45073639977076824, "first": 1, "grid_id": 92975000702, "sensor": "landsat7", "year": "2009", "ndvi2012": 0.39505926291804666, "ndbi2012": -0.094058767884723407, "ndvi2015": 0.45889567860887065, "ndbi2015": -0.061158054531359474, "ndvi2018": 0.26105826502003948, "ndbi2018": -0.019952288682549453, "ndvi2021": 0.33268255463316421, "ndbi2021": -0.0030007669009453003, "ndvi2024": 0.38302986089848295, "ndbi2024": 0.00088041485094827239 }, "geometry": { "type": "Polygon", "coordinates": [ [ [ 106.826142593463601, -6.347733191065744 ], [ 106.826174473460313, -6.356774768024347 ], [ 106.835211798971159, -6.356742771075973 ], [ 106.835179761418928, -6.34770123999433 ], [ 106.826142593463601, -6.347733191065744 ] ] ] } },
{ "type": "Feature", "properties": { "id": "+702+9298", "ndbi2009": -0.0017594545388419647, "ndvi2009": 0.34814926679246128, "first": 1, "grid_id": 92985000702, "sensor": "landsat7", "year": "2009", "ndvi2012": 0.29478314402513212, "ndbi2012": -0.032966982231300797, "ndvi2015": 0.41176435688976204, "ndbi2015": -0.018595076588098895, "ndvi2018": 0.1886760939960368, "ndbi2018": 0.021773808854050006, "ndvi2021": 0.26975921471603215, "ndbi2021": 0.030923197526135485, "ndvi2024": 0.32195585744921118, "ndbi2024": 0.045534082339145243 }, "geometry": { "type": "Polygon", "coordinates": [ [ [ 106.826110759775048, -6.338691610801339 ], [ 106.826142593463601, -6.347733191065744 ], [ 106.835179761418928, -6.34770123999433 ], [ 106.835147770399431, -6.338659705597904 ], [ 106.826110759775048, -6.338691610801339 ] ] ] } },
{ "type": "Feature", "properties": { "id": "+702+9299", "ndbi2009": -0.00025964339683745433, "ndvi2009": 0.33574862550286688, "first": 1, "grid_id": 92995000702, "sensor": "landsat7", "year": "2009", "ndvi2012": 0.25281031809601129, "ndbi2012": 0.0023324821422826135, "ndvi2015": 0.37995912584604002, "ndbi2015": 0.004389727172240906, "ndvi2018": 0.18489882546775746, "ndbi2018": 0.031676681149961819, "ndvi2021": 0.24496805773061869, "ndbi2021": 0.055256213949007149, "ndvi2024": 0.2821002718864703, "ndbi2024": 0.064344482211505682 }, "geometry": { "type": "Polygon", "coordinates": [ [ [ 106.826078972376678, -6.329650027231135 ], [ 106.826110759775048, -6.338691610801339 ], [ 106.835147770399431, -6.338659705597904 ], [ 106.835115825912666, -6.329618167904662 ], [ 106.826078972376678, -6.329650027231135 ] ] ] } },
{ "type": "Feature", "properties": { "id": "+702+9300", "ndbi2009": -0.024970117287011817, "ndvi2009": 0.35826416325289756, "first": 1, "grid_id": 93005000702, "sensor": "landsat7", "year": "2009", "ndvi2012": 0.26765034685377032, "ndbi2012": -0.015309146510844586, "ndvi2015": 0.37858372426126158, "ndbi2015": 0.00083132879808545351, "ndvi2018": null, "ndbi2018": null, "ndvi2021": 0.31001148058567202, "ndbi2021": 0.035227855398261454, "ndvi2024": 0.32058308250270784, "ndbi2024": 0.038102911545138347 }, "geometry": { "type": "Polygon", "coordinates": [ [ [ 106.826047231268504, -6.320608440364112 ], [ 106.826078972376678, -6.329650027231135 ], [ 106.835115825912666, -6.329618167904662 ], [ 106.835083927940673, -6.320576626905618 ], [ 106.826047231268504, -6.320608440364112 ] ] ] } },
{ "type": "Feature", "properties": { "id": "+702+9301", "ndbi2009": -0.059399099100161994, "ndvi2009": 0.3980495464568044, "first": 1, "grid_id": 93015000702, "sensor": "landsat7", "year": "2009", "ndvi2012": 0.25707393317830329, "ndbi2012": -0.03489949276634291, "ndvi2015": 0.4203585698324091, "ndbi2015": -0.029800386350674956, "ndvi2018": null, "ndbi2018": null, "ndvi2021": 0.39260962208112077, "ndbi2021": -0.0091290095565365829, "ndvi2024": 0.39783572157224018, "ndbi2024": -0.013284352713940189 }, "geometry": { "type": "Polygon", "coordinates": [ [ [ 106.826015536450498, -6.311566850209257 ], [ 106.826047231268504, -6.320608440364112 ], [ 106.835083927940673, -6.320576626905618 ], [ 106.835052076492431, -6.311535082609757 ], [ 106.826015536450498, -6.311566850209257 ] ] ] } },
{ "type": "Feature", "properties": { "id": "+702+9302", "ndbi2009": -0.041982176556598909, "ndvi2009": 0.35714950923826183, "first": 1, "grid_id": 93025000702, "sensor": "landsat7", "year": "2009", "ndvi2012": 0.23675332612851085, "ndbi2012": -0.016903450529949338, "ndvi2015": 0.39706585979929154, "ndbi2015": -0.019689655461001633, "ndvi2018": null, "ndbi2018": null, "ndvi2021": 0.33968450964665881, "ndbi2021": 0.0091972248920915156, "ndvi2024": 0.37532404661178587, "ndbi2024": -0.0038955970722086321 }, "geometry": { "type": "Polygon", "coordinates": [ [ [ 106.825983887922689, -6.302525256757584 ], [ 106.826015536450498, -6.311566850209257 ], [ 106.835052076492431, -6.311535082609757 ], [ 106.835020271549965, -6.302493535017081 ], [ 106.825983887922689, -6.302525256757584 ] ] ] } },
{ "type": "Feature", "properties": { "id": "+702+9303", "ndbi2009": -0.025904093767167066, "ndvi2009": 0.3144928109832108, "first": 1, "grid_id": 93035000702, "sensor": "landsat7", "year": "2009", "ndvi2012": 0.23955790564650667, "ndbi2012": -0.01399619500443805, "ndvi2015": 0.37551933247596025, "ndbi2015": -0.0097307460164302029, "ndvi2018": null, "ndbi2018": null, "ndvi2021": 0.27481144724879414, "ndbi2021": 0.030846189463773047, "ndvi2024": 0.32124929444398737, "ndbi2024": 0.033143593231216073 }, "geometry": { "type": "Polygon", "coordinates": [ [ [ 106.825952285676095, -6.293483660027061 ], [ 106.825983887922689, -6.302525256757584 ], [ 106.835020271549965, -6.302493535017081 ], [ 106.83498851313125, -6.293451984145552 ], [ 106.825952285676095, -6.293483660027061 ] ] ] } },
{ "type": "Feature", "properties": { "id": "+702+9304", "ndbi2009": 0.0018322836393125205, "ndvi2009": 0.29128334896237246, "first": 1, "grid_id": 93045000702, "sensor": "landsat7", "year": "2009", "ndvi2012": 0.19681396624621222, "ndbi2012": -0.01073159405998155, "ndvi2015": 0.35411512360853303, "ndbi2015": 0.015200064689213155, "ndvi2018": null, "ndbi2018": null, "ndvi2021": 0.20312714454005745, "ndbi2021": 0.064660259277797213, "ndvi2024": 0.24485832195655971, "ndbi2024": 0.095963419038875425 }, "geometry": { "type": "Polygon", "coordinates": [ [ [ 106.825920729710688, -6.284442060008703 ], [ 106.825952285676095, -6.293483660027061 ], [ 106.83498851313125, -6.293451984145552 ], [ 106.83495680120933, -6.284410429995173 ], [ 106.825920729710688, -6.284442060008703 ] ] ] } },
{ "type": "Feature", "properties": { "id": "+702+9305", "ndbi2009": -0.012938610464562753, "ndvi2009": 0.29590772904601748, "first": 1, "grid_id": 93055000702, "sensor": "landsat7", "year": "2009", "ndvi2012": 0.14175850573708029, "ndbi2012": -0.00066414123364523341, "ndvi2015": 0.34111116493449489, "ndbi2015": 0.019084547821651487, "ndvi2018": null, "ndbi2018": null, "ndvi2021": 0.22985221422186083, "ndbi2021": 0.040529181647534468, "ndvi2024": 0.2586080684965732, "ndbi2024": 0.054007357461195366 }, "geometry": { "type": "Polygon", "coordinates": [ [ [ 106.825889220017501, -6.275400456720479 ], [ 106.825920729710688, -6.284442060008703 ], [ 106.83495680120933, -6.284410429995173 ], [ 106.834925135793185, -6.27536887255696 ], [ 106.825889220017501, -6.275400456720479 ] ] ] } },
{ "type": "Feature", "properties": { "id": "+702+9306", "ndbi2009": -0.0099302747803449182, "ndvi2009": 0.28793622495140886, "first": 1, "grid_id": 93065000702, "sensor": "landsat7", "year": "2009", "ndvi2012": 0.11584323426359334, "ndbi2012": 0.019557166061076707, "ndvi2015": 0.33990268863271916, "ndbi2015": 0.011754261407986633, "ndvi2018": null, "ndbi2018": null, "ndvi2021": 0.24301127286162227, "ndbi2021": 0.039204046464874402, "ndvi2024": 0.2550418785540387, "ndbi2024": 0.036238432770915097 }, "geometry": { "type": "Polygon", "coordinates": [ [ [ 106.825857756587567, -6.266358850153403 ], [ 106.825889220017501, -6.275400456720479 ], [ 106.834925135793185, -6.27536887255696 ], [ 106.834893516873848, -6.266327311857863 ], [ 106.825857756587567, -6.266358850153403 ] ] ] } },
{ "type": "Feature", "properties": { "id": "+702+9307", "ndbi2009": 0.021640599006786942, "ndvi2009": 0.24937379908644489, "first": 1, "grid_id": 93075000702, "sensor": "landsat7", "year": "2009", "ndvi2012": 0.11552842199388477, "ndbi2012": 0.021664380018288888, "ndvi2015": 0.31991703352994388, "ndbi2015": 0.027821387254839968, "ndvi2018": null, "ndbi2018": null, "ndvi2021": 0.21649678010079598, "ndbi2021": 0.061574858690922475, "ndvi2024": 0.23659728363984162, "ndbi2024": 0.064753066567290171 }, "geometry": { "type": "Polygon", "coordinates": [ [ [ 106.825826339429838, -6.257317240325443 ], [ 106.825857756587567, -6.266358850153403 ], [ 106.834893516873848, -6.266327311857863 ], [ 106.834861944451319, -6.257285747879915 ], [ 106.825826339429838, -6.257317240325443 ] ] ] } },
{ "type": "Feature", "properties": { "id": "+702+9308", "ndbi2009": 0.064959607290802523, "ndvi2009": 0.19354289199691269, "first": 1, "grid_id": 93085000702, "sensor": "landsat7", "year": "2009", "ndvi2012": 0.057914227454602958, "ndbi2012": 0.051562903390731663, "ndvi2015": 0.29210224293638026, "ndbi2015": 0.048771418441901915, "ndvi2018": null, "ndbi2018": null, "ndvi2021": 0.18574416893534362, "ndbi2021": 0.10055276969796979, "ndvi2024": 0.20124625589232892, "ndbi2024": 0.099925492802867666 }, "geometry": { "type": "Polygon", "coordinates": [ [ [ 106.825794968535348, -6.248275627236597 ], [ 106.825826339429838, -6.257317240325443 ], [ 106.834861944451319, -6.257285747879915 ], [ 106.834830418516589, -6.248244180650065 ], [ 106.825794968535348, -6.248275627236597 ] ] ] } },
{ "type": "Feature", "properties": { "id": "+702+9309", "ndbi2009": 0.040533547738895698, "ndvi2009": 0.19208737740329668, "first": 1, "grid_id": 93095000702, "sensor": "landsat7", "year": "2009", "ndvi2012": 0.048900615655835353, "ndbi2012": 0.045314902702675144, "ndvi2015": 0.27547422337765787, "ndbi2015": 0.049698024433033137, "ndvi2018": null, "ndbi2018": null, "ndvi2021": 0.17948783805557325, "ndbi2021": 0.067474301436952516, "ndvi2024": 0.21531607216479731, "ndbi2024": 0.083918822456297337 }, "geometry": { "type": "Polygon", "coordinates": [ [ [ 106.825763643895115, -6.239234010886868 ], [ 106.825794968535348, -6.248275627236597 ], [ 106.834830418516589, -6.248244180650065 ], [ 106.834798939069685, -6.239202610150348 ], [ 106.825763643895115, -6.239234010886868 ] ] ] } },
{ "type": "Feature", "properties": { "id": "+702+9310", "ndbi2009": -0.028056955219653901, "ndvi2009": 0.25134814018383622, "first": 1, "grid_id": 93105000702, "sensor": "landsat7", "year": "2009", "ndvi2012": 0.15718179426039569, "ndbi2012": 0.0060736344530596406, "ndvi2015": 0.32553635950898757, "ndbi2015": 0.0018948837750940564, "ndvi2018": null, "ndbi2018": null, "ndvi2021": 0.22510355239501223, "ndbi2021": -0.014977554739743939, "ndvi2024": 0.28019276889972389, "ndbi2024": 0.0054475996894325345 }, "geometry": { "type": "Polygon", "coordinates": [ [ [ 106.82573236550914, -6.230192391294221 ], [ 106.825763643895115, -6.239234010886868 ], [ 106.834798939069685, -6.239202610150348 ], [ 106.834767506110595, -6.230161036407712 ], [ 106.82573236550914, -6.230192391294221 ] ] ] } },
{ "type": "Feature", "properties": { "id": "+702+9311", "ndbi2009": -0.015242724398187562, "ndvi2009": 0.25412986968077866, "first": 1, "grid_id": 93115000702, "sensor": "landsat7", "year": "2009", "ndvi2012": 0.14704811169820675, "ndbi2012": -0.013148841952138089, "ndvi2015": 0.35864674320407941, "ndbi2015": -0.023810334012423662, "ndvi2018": null, "ndbi2018": null, "ndvi2021": 0.21989241312531865, "ndbi2021": -0.015645941617149932, "ndvi2024": 0.24894542781745688, "ndbi2024": 0.00042955490815288922 }, "geometry": { "type": "Polygon", "coordinates": [ [ [ 106.825701133377422, -6.221150768440689 ], [ 106.82573236550914, -6.230192391294221 ], [ 106.834767506110595, -6.230161036407712 ], [ 106.834736119621354, -6.221119459404193 ], [ 106.825701133377422, -6.221150768440689 ] ] ] } },
{ "type": "Feature", "properties": { "id": "+702+9312", "ndbi2009": 0.001239693567185896, "ndvi2009": 0.22487944224849343, "first": 1, "grid_id": 93125000702, "sensor": "landsat7", "year": "2009", "ndvi2012": 0.077487466158345342, "ndbi2012": -0.0093910272844368592, "ndvi2015": 0.33361489186063409, "ndbi2015": -0.010291619844792878, "ndvi2018": null, "ndbi2018": null, "ndvi2021": 0.23964370274916294, "ndbi2021": -0.033715887577272952, "ndvi2024": 0.2733716715592891, "ndbi2024": -0.028464131060900399 }, "geometry": { "type": "Polygon", "coordinates": [ [ [ 106.825669947481984, -6.212109142353222 ], [ 106.825701133377422, -6.221150768440689 ], [ 106.834736119621354, -6.221119459404193 ], [ 106.834704779610945, -6.212077879166737 ], [ 106.825669947481984, -6.212109142353222 ] ] ] } },
{ "type": "Feature", "properties": { "id": "+702+9313", "ndbi2009": -0.035485885398206754, "ndvi2009": 0.19368821855853585, "first": 1, "grid_id": 93135000702, "sensor": "landsat7", "year": "2009", "ndvi2012": 0.087953771300175621, "ndbi2012": -0.02332213443576121, "ndvi2015": 0.32836987680079888, "ndbi2015": -0.037016408160036686, "ndvi2018": null, "ndbi2018": null, "ndvi2021": 0.26176707429044388, "ndbi2021": -0.054271239305243774, "ndvi2024": 0.32015560655032888, "ndbi2024": -0.056068432097341497 }, "geometry": { "type": "Polygon", "coordinates": [ [ [ 106.825638807840789, -6.203067513022837 ], [ 106.825669947481984, -6.212109142353222 ], [ 106.834704779610945, -6.212077879166737 ], [ 106.834673486070386, -6.203036295677381 ], [ 106.825638807840789, -6.203067513022837 ] ] ] } },
{ "type": "Feature", "properties": { "id": "+702+9314", "ndbi2009": -0.051306100736837834, "ndvi2009": 0.19329082575859505, "first": 1, "grid_id": 93145000702, "sensor": "landsat7", "year": "2009", "ndvi2012": 0.075003831370850094, "ndbi2012": -0.010245302898056252, "ndvi2015": 0.30607607995625585, "ndbi2015": -0.031725378397823085, "ndvi2018": null, "ndbi2018": null, "ndvi2021": 0.25485076120821759, "ndbi2021": -0.02106604611617513, "ndvi2024": 0.2848146483884193, "ndbi2024": -0.030490256271150425 }, "geometry": { "type": "Polygon", "coordinates": [ [ [ 106.825607714435904, -6.194025880458517 ], [ 106.825638807840789, -6.203067513022837 ], [ 106.834673486070386, -6.203036295677381 ], [ 106.834642238999692, -6.193994708963073 ], [ 106.825607714435904, -6.194025880458517 ] ] ] } },
{ "type": "Feature", "properties": { "id": "+702+9315", "ndbi2009": -0.030316081225464586, "ndvi2009": 0.18786422623088586, "first": 1, "grid_id": 93155000702, "sensor": "landsat7", "year": "2009", "ndvi2012": 0.093959367208299227, "ndbi2012": 0.0083824207808902429, "ndvi2015": 0.25651823240332311, "ndbi2015": 0.0062739173736190432, "ndvi2018": null, "ndbi2018": null, "ndvi2021": 0.21992443240014839, "ndbi2021": 0.031854073764407076, "ndvi2024": 0.2243398500722833, "ndbi2024": 0.014284627650340552 }, "geometry": { "type": "Polygon", "coordinates": [ [ [ 106.825576667258304, -6.184984244669245 ], [ 106.825607714435904, -6.194025880458517 ], [ 106.834642238999692, -6.193994708963073 ], [ 106.834611038389838, -6.18495311901483 ], [ 106.825576667258304, -6.184984244669245 ] ] ] } },
{ "type": "Feature", "properties": { "id": "+702+9316", "ndbi2009": -0.022858078076558958, "ndvi2009": 0.18291195502468183, "first": 1, "grid_id": 93165000702, "sensor": "landsat7", "year": "2009", "ndvi2012": 0.077630229659524624, "ndbi2012": -0.004828611297496393, "ndvi2015": 0.28525515993436179, "ndbi2015": -0.0098568247010310493, "ndvi2018": null, "ndbi2018": null, "ndvi2021": 0.2255486747797798, "ndbi2021": 0.030137336301599062, "ndvi2024": 0.2136886029851203, "ndbi2024": 0.017191430495357981 }, "geometry": { "type": "Polygon", "coordinates": [ [ [ 106.825545666316998, -6.17594260565502 ], [ 106.825576667258304, -6.184984244669245 ], [ 106.834611038389838, -6.18495311901483 ], [ 106.834579884240867, -6.175911525841635 ], [ 106.825545666316998, -6.17594260565502 ] ] ] } },
{ "type": "Feature", "properties": { "id": "+702+9317", "ndbi2009": -0.019908944523194801, "ndvi2009": 0.1997995947021991, "first": 1, "grid_id": 93175000702, "sensor": "landsat7", "year": "2009", "ndvi2012": 0.011319404307869261, "ndbi2012": 0.0092575982635025866, "ndvi2015": 0.26057193940505391, "ndbi2015": 0.011740404122974724, "ndvi2018": null, "ndbi2018": null, "ndvi2021": 0.24050374736543748, "ndbi2021": 0.0050125672314607073, "ndvi2024": 0.2209474628325552, "ndbi2024": -0.0093265562172746286 }, "geometry": { "type": "Polygon", "coordinates": [ [ [ 106.825514711603006, -6.166900963415845 ], [ 106.825545666316998, -6.17594260565502 ], [ 106.834579884240867, -6.175911525841635 ], [ 106.834548776552765, -6.166869929443489 ], [ 106.825514711603006, -6.166900963415845 ] ] ] } },
{ "type": "Feature", "properties": { "id": "+702+9318", "ndbi2009": 0.014100717855434791, "ndvi2009": 0.10345255951305815, "first": 1, "grid_id": 93185000702, "sensor": "landsat7", "year": "2009", "ndvi2012": 0.011661232343199204, "ndbi2012": 0.055750529194141134, "ndvi2015": 0.18022229876004012, "ndbi2015": 0.060368402287656185, "ndvi2018": null, "ndbi2018": null, "ndvi2021": 0.13339841517747617, "ndbi2021": 0.064092585586887948, "ndvi2024": 0.13408807419678745, "ndbi2024": 0.064109991940067099 }, "geometry": { "type": "Polygon", "coordinates": [ [ [ 106.825483803116313, -6.157859317960701 ], [ 106.825514711603006, -6.166900963415845 ], [ 106.834548776552765, -6.166869929443489 ], [ 106.834517715307555, -6.157828329829373 ], [ 106.825483803116313, -6.157859317960701 ] ] ] } },
{ "type": "Feature", "properties": { "id": "+702+9319", "ndbi2009": 0.059269186283927411, "ndvi2009": 0.018643489496753318, "first": 1, "grid_id": 93195000702, "sensor": "landsat7", "year": "2009", "ndvi2012": 0.049491990823298693, "ndbi2012": 0.076987388340057805, "ndvi2015": 0.15336716678575613, "ndbi2015": 0.0578852447506506, "ndvi2018": null, "ndbi2018": null, "ndvi2021": 0.063492256100289524, "ndbi2021": 0.11562909596250392, "ndvi2024": 0.074689614732051268, "ndbi2024": 0.12080966733628884 }, "geometry": { "type": "Polygon", "coordinates": [ [ [ 106.825452940838957, -6.148817669298571 ], [ 106.825483803116313, -6.157859317960701 ], [ 106.834517715307555, -6.157828329829373 ], [ 106.834486700514233, -6.148786727008272 ], [ 106.825452940838957, -6.148817669298571 ] ] ] } },
{ "type": "Feature", "properties": { "id": "+702+9320", "ndbi2009": 0.062009428047082003, "ndvi2009": 0.0467710543496936, "first": 1, "grid_id": 93205000702, "sensor": "landsat7", "year": "2009", "ndvi2012": 0.068091669072415317, "ndbi2012": 0.055429863812876679, "ndvi2015": 0.14903360240015329, "ndbi2015": 0.05498522870680865, "ndvi2018": null, "ndbi2018": null, "ndvi2021": 0.077767222155542937, "ndbi2021": 0.088653984110729361, "ndvi2024": 0.093932309629870397, "ndbi2024": 0.090211124426009606 }, "geometry": { "type": "Polygon", "coordinates": [ [ [ 106.825422124779919, -6.139776017429455 ], [ 106.825452940838957, -6.148817669298571 ], [ 106.834486700514233, -6.148786727008272 ], [ 106.834455732163804, -6.139745120980185 ], [ 106.825422124779919, -6.139776017429455 ] ] ] } },
{ "type": "Feature", "properties": { "id": "+702+9321", "ndbi2009": 0.026185722672380504, "ndvi2009": 0.1090467912144959, "first": 1, "grid_id": 93215000702, "sensor": "landsat7", "year": "2009", "ndvi2012": 0.10205855825915933, "ndbi2012": 0.017926508415257555, "ndvi2015": 0.20434220507740974, "ndbi2015": 0.027923753135837618, "ndvi2018": null, "ndbi2018": null, "ndvi2021": 0.18049441184848547, "ndbi2021": 0.029000714421272281, "ndvi2024": 0.17958339396864176, "ndbi2024": 0.017130416817963127 }, "geometry": { "type": "Polygon", "coordinates": [ [ [ 106.825391354939214, -6.130734362362337 ], [ 106.825422124779919, -6.139776017429455 ], [ 106.834455732163804, -6.139745120980185 ], [ 106.83442481025628, -6.130703511745113 ], [ 106.825391354939214, -6.130734362362337 ] ] ] } },
{ "type": "Feature", "properties": { "id": "+702+9322", "ndbi2009": -0.015199453091504528, "ndvi2009": 0.18058660380980548, "first": 1, "grid_id": 93225000702, "sensor": "landsat7", "year": "2009", "ndvi2012": 0.12737060370398504, "ndbi2012": -0.023162152311381173, "ndvi2015": 0.25140914724153635, "ndbi2015": -0.047615890029598686, "ndvi2018": null, "ndbi2018": null, "ndvi2021": 0.28224840947225982, "ndbi2021": -0.013804998497168222, "ndvi2024": 0.24210002621014914, "ndbi2024": -0.037300193485091712 }, "geometry": { "type": "Polygon", "coordinates": [ [ [ 106.82536063129885, -6.121692704097216 ], [ 106.825391354939214, -6.130734362362337 ], [ 106.83442481025628, -6.130703511745113 ], [ 106.834393934782668, -6.121661899312039 ], [ 106.82536063129885, -6.121692704097216 ] ] ] } },
{ "type": "Feature", "properties": { "id": "+703+9299", "ndbi2009": -0.024465998525237776, "ndvi2009": 0.36655802781363406, "first": 1, "grid_id": 92995000703, "sensor": "landsat7", "year": "2009", "ndvi2012": 0.20195528799556639, "ndbi2012": -0.0069418216023994879, "ndvi2015": 0.43581483088641526, "ndbi2015": -0.03483956501971322, "ndvi2018": 0.22132928265679266, "ndbi2018": 0.013321717047402936, "ndvi2021": 0.26958973877933401, "ndbi2021": 0.038050553067568771, "ndvi2024": 0.33977016486019723, "ndbi2024": 0.047798800916667002 }, "geometry": { "type": "Polygon", "coordinates": [ [ [ 106.835115825912666, -6.329618167904662 ], [ 106.835147770399431, -6.338659705597904 ], [ 106.844184734509057, -6.338627643117429 ], [ 106.844152632924917, -6.329586151507761 ], [ 106.835115825912666, -6.329618167904662 ] ] ] } },
{ "type": "Feature", "properties": { "id": "+703+9300", "ndbi2009": -0.0041534730826741926, "ndvi2009": 0.33230472919987697, "first": 1, "grid_id": 93005000703, "sensor": "landsat7", "year": "2009", "ndvi2012": 0.19630199536388995, "ndbi2012": 0.0069222934763221184, "ndvi2015": 0.40765191339978984, "ndbi2015": -0.013009761494821779, "ndvi2018": null, "ndbi2018": null, "ndvi2021": 0.29458232621351882, "ndbi2021": 0.041796380427538186, "ndvi2024": 0.33165998447175121, "ndbi2024": 0.045281170761468363 }, "geometry": { "type": "Polygon", "coordinates": [ [ [ 106.835083927940673, -6.320576626905618 ], [ 106.835115825912666, -6.329618167904662 ], [ 106.844152632924917, -6.329586151507761 ], [ 106.844120578098085, -6.320544656601275 ], [ 106.835083927940673, -6.320576626905618 ] ] ] } },
{ "type": "Feature", "properties": { "id": "+703+9301", "ndbi2009": -0.015503010738029843, "ndvi2009": 0.3370574443833903, "first": 1, "grid_id": 93015000703, "sensor": "landsat7", "year": "2009", "ndvi2012": 0.14823867054656148, "ndbi2012": 0.0029744097719230939, "ndvi2015": 0.41537834051996469, "ndbi2015": -0.023114525927667277, "ndvi2018": null, "ndbi2018": null, "ndvi2021": 0.32048066670540726, "ndbi2021": 0.029426841239910576, "ndvi2024": 0.32092698628548533, "ndbi2024": 0.019447288243100051 }, "geometry": { "type": "Polygon", "coordinates": [ [ [ 106.835052076492431, -6.311535082609757 ], [ 106.835083927940673, -6.320576626905618 ], [ 106.844120578098085, -6.320544656601275 ], [ 106.844088570010598, -6.311503158397971 ], [ 106.835052076492431, -6.311535082609757 ] ] ] } },
{ "type": "Feature", "properties": { "id": "+703+9302", "ndbi2009": -0.014987991711677751, "ndvi2009": 0.31504375545773655, "first": 1, "grid_id": 93025000703, "sensor": "landsat7", "year": "2009", "ndvi2012": 0.14871269383002075, "ndbi2012": 0.0035391605269978763, "ndvi2015": 0.36963978479616344, "ndbi2015": -0.00054526891472051007, "ndvi2018": null, "ndbi2018": null, "ndvi2021": 0.29241877689491957, "ndbi2021": 0.030296452890979708, "ndvi2024": 0.29539070907048881, "ndbi2024": 0.029558827642176766 }, "geometry": { "type": "Polygon", "coordinates": [ [ [ 106.835020271549965, -6.302493535017081 ], [ 106.835052076492431, -6.311535082609757 ], [ 106.844088570010598, -6.311503158397971 ], [ 106.844056608671451, -6.302461656897852 ], [ 106.835020271549965, -6.302493535017081 ] ] ] } },
{ "type": "Feature", "properties": { "id": "+703+9303", "ndbi2009": 0.01244506103466847, "ndvi2009": 0.27109528437722474, "first": 1, "grid_id": 93035000703, "sensor": "landsat7", "year": "2009", "ndvi2012": 0.17993469187058508, "ndbi2012": 0.0068692761560669178, "ndvi2015": 0.32589255343191326, "ndbi2015": 0.027802405711554457, "ndvi2018": null, "ndbi2018": null, "ndvi2021": 0.26099129539215937, "ndbi2021": 0.03539468195413064, "ndvi2024": 0.29255964944604784, "ndbi2024": 0.043589064101979609 }, "geometry": { "type": "Polygon", "coordinates": [ [ [ 106.83498851313125, -6.293451984145552 ], [ 106.835020271549965, -6.302493535017081 ], [ 106.844056608671451, -6.302461656897852 ], [ 106.844024694071635, -6.293420152109897 ], [ 106.83498851313125, -6.293451984145552 ] ] ] } },
{ "type": "Feature", "properties": { "id": "+703+9304", "ndbi2009": 0.031961275330104393, "ndvi2009": 0.2613584827631712, "first": 1, "grid_id": 93045000703, "sensor": "landsat7", "year": "2009", "ndvi2012": 0.16942019760608673, "ndbi2012": -0.0046425458713201797, "ndvi2015": 0.3009466347284615, "ndbi2015": 0.054018727299990126, "ndvi2018": null, "ndbi2018": null, "ndvi2021": 0.19014924467774108, "ndbi2021": 0.066064444661606117, "ndvi2024": 0.23777737875934693, "ndbi2024": 0.089149569132132456 }, "geometry": { "type": "Polygon", "coordinates": [ [ [ 106.83495680120933, -6.284410429995173 ], [ 106.83498851313125, -6.293451984145552 ], [ 106.844024694071635, -6.293420152109897 ], [ 106.843992826202182, -6.284378644043092 ], [ 106.83495680120933, -6.284410429995173 ] ] ] } },
{ "type": "Feature", "properties": { "id": "+703+9305", "ndbi2009": 0.02585715772875119, "ndvi2009": 0.26110569853335625, "first": 1, "grid_id": 93055000703, "sensor": "landsat7", "year": "2009", "ndvi2012": 0.10092932893894613, "ndbi2012": 0.034007017588010058, "ndvi2015": 0.31197227980010206, "ndbi2015": 0.036016886944707949, "ndvi2018": null, "ndbi2018": null, "ndvi2021": 0.19351973372977224, "ndbi2021": 0.078728414024226367, "ndvi2024": 0.22693312750197947, "ndbi2024": 0.092890583880944178 }, "geometry": { "type": "Polygon", "coordinates": [ [ [ 106.834925135793185, -6.27536887255696 ], [ 106.83495680120933, -6.284410429995173 ], [ 106.843992826202182, -6.284378644043092 ], [ 106.843961005072074, -6.275337132697437 ], [ 106.834925135793185, -6.27536887255696 ] ] ] } },
{ "type": "Feature", "properties": { "id": "+703+9306", "ndbi2009": 0.040254956214792192, "ndvi2009": 0.24883842633830175, "first": 1, "grid_id": 93065000703, "sensor": "landsat7", "year": "2009", "ndvi2012": 0.083578540840082691, "ndbi2012": 0.061977022418027945, "ndvi2015": 0.30701447857750785, "ndbi2015": 0.036676485339800516, "ndvi2018": null, "ndbi2018": null, "ndvi2021": 0.20542141728931004, "ndbi2021": 0.099583198461267661, "ndvi2024": 0.21279659983184601, "ndbi2024": 0.097520346608426831 }, "geometry": { "type": "Polygon", "coordinates": [ [ [ 106.834893516873848, -6.266327311857863 ], [ 106.834925135793185, -6.27536887255696 ], [ 106.843961005072074, -6.275337132697437 ], [ 106.843929230663349, -6.26629561807293 ], [ 106.834893516873848, -6.266327311857863 ] ] ] } },
{ "type": "Feature", "properties": { "id": "+703+9307", "ndbi2009": 0.050755995069886303, "ndvi2009": 0.23705480763545406, "first": 1, "grid_id": 93075000703, "sensor": "landsat7", "year": "2009", "ndvi2012": 0.081950884571660568, "ndbi2012": 0.0518568514265468, "ndvi2015": 0.29938636681972403, "ndbi2015": 0.040855800166671528, "ndvi2018": null, "ndbi2018": null, "ndvi2021": 0.23481949590719664, "ndbi2021": 0.067010037137038542, "ndvi2024": 0.25229528437167298, "ndbi2024": 0.059178506754229587 }, "geometry": { "type": "Polygon", "coordinates": [ [ [ 106.834861944451319, -6.257285747879915 ], [ 106.834893516873848, -6.266327311857863 ], [ 106.843929230663349, -6.26629561807293 ], [ 106.843897502975992, -6.257254100187539 ], [ 106.834861944451319, -6.257285747879915 ] ] ] } },
{ "type": "Feature", "properties": { "id": "+703+9308", "ndbi2009": 0.042836195376573821, "ndvi2009": 0.24114607975763436, "first": 1, "grid_id": 93085000703, "sensor": "landsat7", "year": "2009", "ndvi2012": 0.073745848156292648, "ndbi2012": 0.06451516306283428, "ndvi2015": 0.31320480119948296, "ndbi2015": 0.025501628570696887, "ndvi2018": null, "ndbi2018": null, "ndvi2021": 0.25201909542083745, "ndbi2021": 0.067828439964967624, "ndvi2024": 0.2639403610837226, "ndbi2024": 0.042682874914916125 }, "geometry": { "type": "Polygon", "coordinates": [ [ [ 106.834830418516589, -6.248244180650065 ], [ 106.834861944451319, -6.257285747879915 ], [ 106.843897502975992, -6.257254100187539 ], [ 106.843865822010017, -6.24821257903228 ], [ 106.834830418516589, -6.248244180650065 ] ] ] } },
{ "type": "Feature", "properties": { "id": "+703+9309", "ndbi2009": 0.026306828149245117, "ndvi2009": 0.23640677891671655, "first": 1, "grid_id": 93095000703, "sensor": "landsat7", "year": "2009", "ndvi2012": 0.046426484124822316, "ndbi2012": 0.061435544514097273, "ndvi2015": 0.30282602598890662, "ndbi2015": 0.02932876301929355, "ndvi2018": null, "ndbi2018": null, "ndvi2021": 0.20779633801430464, "ndbi2021": 0.046029059816646622, "ndvi2024": 0.25523199269082397, "ndbi2024": 0.04851794394562603 }, "geometry": { "type": "Polygon", "coordinates": [ [ [ 106.834798939069685, -6.239202610150348 ], [ 106.834830418516589, -6.248244180650065 ], [ 106.843865822010017, -6.24821257903228 ], [ 106.843834187765424, -6.239171054616137 ], [ 106.834798939069685, -6.239202610150348 ] ] ] } },
{ "type": "Feature", "properties": { "id": "+703+9310", "ndbi2009": 0.011657680015937954, "ndvi2009": 0.2527478934503069, "first": 1, "grid_id": 93105000703, "sensor": "landsat7", "year": "2009", "ndvi2012": 0.11967467408554226, "ndbi2012": 0.024749456971482026, "ndvi2015": 0.29066973550646913, "ndbi2015": 0.037274500187121182, "ndvi2018": null, "ndbi2018": null, "ndvi2021": 0.17366706463051779, "ndbi2021": 0.015299744703167795, "ndvi2024": 0.25289726987773298, "ndbi2024": 0.054117890173459748 }, "geometry": { "type": "Polygon", "coordinates": [ [ [ 106.834767506110595, -6.230161036407712 ], [ 106.834798939069685, -6.239202610150348 ], [ 106.843834187765424, -6.239171054616137 ], [ 106.843802600224237, -6.23012952693911 ], [ 106.834767506110595, -6.230161036407712 ] ] ] } },
{ "type": "Feature", "properties": { "id": "+703+9311", "ndbi2009": 0.017348971307350722, "ndvi2009": 0.2465188637668011, "first": 1, "grid_id": 93115000703, "sensor": "landsat7", "year": "2009", "ndvi2012": 0.12755940013072067, "ndbi2012": -0.0075888463852963614, "ndvi2015": 0.27747071660032463, "ndbi2015": 0.036566240968657474, "ndvi2018": null, "ndbi2018": null, "ndvi2021": 0.18538066046495064, "ndbi2021": 0.032561308693359881, "ndvi2024": 0.23257204720786973, "ndbi2024": 0.062029281398281455 }, "geometry": { "type": "Polygon", "coordinates": [ [ [ 106.834736119621354, -6.221119459404193 ], [ 106.834767506110595, -6.230161036407712 ], [ 106.843802600224237, -6.23012952693911 ], [ 106.843771059395451, -6.221087996019164 ], [ 106.834736119621354, -6.221119459404193 ] ] ] } },
{ "type": "Feature", "properties": { "id": "+703+9312", "ndbi2009": 0.042291998628570575, "ndvi2009": 0.2005702712922357, "first": 1, "grid_id": 93125000703, "sensor": "landsat7", "year": "2009", "ndvi2012": 0.042771393382281531, "ndbi2012": 0.031071539749973454, "ndvi2015": 0.25564096181187779, "ndbi2015": 0.042900886186544085, "ndvi2018": null, "ndbi2018": null, "ndvi2021": 0.19649199408013374, "ndbi2021": 0.049873269170348067, "ndvi2024": 0.21985643386142328, "ndbi2024": 0.061049287259265839 }, "geometry": { "type": "Polygon", "coordinates": [ [ [ 106.834704779610945, -6.212077879166737 ], [ 106.834736119621354, -6.221119459404193 ], [ 106.843771059395451, -6.221087996019164 ], [ 106.84373956527007, -6.2120464618563 ], [ 106.834704779610945, -6.212077879166737 ] ] ] } },
{ "type": "Feature", "properties": { "id": "+703+9313", "ndbi2009": 0.033822701575563226, "ndvi2009": 0.10709005795857486, "first": 1, "grid_id": 93135000703, "sensor": "landsat7", "year": "2009", "ndvi2012": 0.057106745652123994, "ndbi2012": 0.045689660909713485, "ndvi2015": 0.25692756701918207, "ndbi2015": 0.018442676011838167, "ndvi2018": null, "ndbi2018": null, "ndvi2021": 0.19204958724040611, "ndbi2021": 0.033313776026753818, "ndvi2024": 0.2301419218381246, "ndbi2024": 0.041720661813137577 }, "geometry": { "type": "Polygon", "coordinates": [ [ [ 106.834673486070386, -6.203036295677381 ], [ 106.834704779610945, -6.212077879166737 ], [ 106.84373956527007, -6.2120464618563 ], [ 106.843708117839128, -6.203004924441535 ], [ 106.834673486070386, -6.203036295677381 ] ] ] } },
{ "type": "Feature", "properties": { "id": "+703+9314", "ndbi2009": 0.002259250904899091, "ndvi2009": 0.11744404266937636, "first": 1, "grid_id": 93145000703, "sensor": "landsat7", "year": "2009", "ndvi2012": 0.089450684783514589, "ndbi2012": 0.0070538255968131125, "ndvi2015": 0.21894968696869907, "ndbi2015": 0.0059449835935083701, "ndvi2018": null, "ndbi2018": null, "ndvi2021": 0.21156475041061643, "ndbi2021": 0.030862855172017589, "ndvi2024": 0.23230719636194408, "ndbi2024": 0.015860181767493483 }, "geometry": { "type": "Polygon", "coordinates": [ [ [ 106.834642238999692, -6.193994708963073 ], [ 106.834673486070386, -6.203036295677381 ], [ 106.843708117839128, -6.203004924441535 ], [ 106.843676717111592, -6.193963383792835 ], [ 106.834642238999692, -6.193994708963073 ] ] ] } },
{ "type": "Feature", "properties": { "id": "+703+9315", "ndbi2009": 0.0087680384942044436, "ndvi2009": 0.16028355326004853, "first": 1, "grid_id": 93155000703, "sensor": "landsat7", "year": "2009", "ndvi2012": 0.11414503587747182, "ndbi2012": 0.015995201273403301, "ndvi2015": 0.17274864933152836, "ndbi2015": 0.047237680110288414, "ndvi2018": null, "ndbi2018": null, "ndvi2021": 0.17224061301374058, "ndbi2021": 0.081513763383382898, "ndvi2024": 0.16938855939024081, "ndbi2024": 0.057788215636268375 }, "geometry": { "type": "Polygon", "coordinates": [ [ [ 106.834611038389838, -6.18495311901483 ], [ 106.834642238999692, -6.193994708963073 ], [ 106.843676717111592, -6.193963383792835 ], [ 106.843645363069498, -6.184921839919182 ], [ 106.834611038389838, -6.18495311901483 ] ] ] } },
{ "type": "Feature", "properties": { "id": "+703+9316", "ndbi2009": 0.0011131665451102892, "ndvi2009": 0.14878323709126565, "first": 1, "grid_id": 93165000703, "sensor": "landsat7", "year": "2009", "ndvi2012": 0.12101108964270681, "ndbi2012": 0.024805173221466248, "ndvi2015": 0.18981286481721329, "ndbi2015": 0.047070730583072873, "ndvi2018": null, "ndbi2018": null, "ndvi2021": 0.15322559868218377, "ndbi2021": 0.067981032496390995, "ndvi2024": 0.17032616736833006, "ndbi2024": 0.064786557530169375 }, "geometry": { "type": "Polygon", "coordinates": [ [ [ 106.834579884240867, -6.175911525841635 ], [ 106.834611038389838, -6.18495311901483 ], [ 106.843645363069498, -6.184921839919182 ], [ 106.843614055712848, -6.175880292811596 ], [ 106.834579884240867, -6.175911525841635 ] ] ] } },
{ "type": "Feature", "properties": { "id": "+703+9317", "ndbi2009": -0.003370806348382258, "ndvi2009": 0.1720265148901472, "first": 1, "grid_id": 93175000703, "sensor": "landsat7", "year": "2009", "ndvi2012": 0.057123030517615525, "ndbi2012": 0.035831320338754677, "ndvi2015": 0.18843874323601817, "ndbi2015": 0.05105938178067114, "ndvi2018": null, "ndbi2018": null, "ndvi2021": 0.17032388758425621, "ndbi2021": 0.040696720711375575, "ndvi2024": 0.20318470340149075, "ndbi2024": 0.045080923913594556 }, "geometry": { "type": "Polygon", "coordinates": [ [ [ 106.834548776552765, -6.166869929443489 ], [ 106.834579884240867, -6.175911525841635 ], [ 106.843614055712848, -6.175880292811596 ], [ 106.843582795041641, -6.166838742479056 ], [ 106.834548776552765, -6.166869929443489 ] ] ] } },
{ "type": "Feature", "properties": { "id": "+703+9318", "ndbi2009": 0.015686107777582947, "ndvi2009": 0.13029218081646832, "first": 1, "grid_id": 93185000703, "sensor": "landsat7", "year": "2009", "ndvi2012": 0.022537114426086191, "ndbi2012": 0.050161409948486835, "ndvi2015": 0.21299557294696572, "ndbi2015": 0.04854411873020581, "ndvi2018": null, "ndbi2018": null, "ndvi2021": 0.15094931979547255, "ndbi2021": 0.062697809356905068, "ndvi2024": 0.18665343604516238, "ndbi2024": 0.060203748616913806 }, "geometry": { "type": "Polygon", "coordinates": [ [ [ 106.834517715307555, -6.157828329829373 ], [ 106.834548776552765, -6.166869929443489 ], [ 106.843582795041641, -6.166838742479056 ], [ 106.843551581055891, -6.157797188939532 ], [ 106.834517715307555, -6.157828329829373 ] ] ] } },
{ "type": "Feature", "properties": { "id": "+703+9319", "ndbi2009": 0.027434212758260614, "ndvi2009": 0.062393069274577447, "first": 1, "grid_id": 93195000703, "sensor": "landsat7", "year": "2009", "ndvi2012": 0.1019576387370334, "ndbi2012": 0.027537444423811109, "ndvi2015": 0.23037306415099723, "ndbi2015": 0.022243584166554843, "ndvi2018": null, "ndbi2018": null, "ndvi2021": 0.15337106629329569, "ndbi2021": 0.074105835486860838, "ndvi2024": 0.1693924519361234, "ndbi2024": 0.065302645721856289 }, "geometry": { "type": "Polygon", "coordinates": [ [ [ 106.834486700514233, -6.148786727008272 ], [ 106.834517715307555, -6.157828329829373 ], [ 106.843551581055891, -6.157797188939532 ], [ 106.843520413746603, -6.148755632175055 ], [ 106.834486700514233, -6.148786727008272 ] ] ] } },
{ "type": "Feature", "properties": { "id": "+703+9320", "ndbi2009": 0.047632559666446611, "ndvi2009": 0.07156143845880733, "first": 1, "grid_id": 93205000703, "sensor": "landsat7", "year": "2009", "ndvi2012": 0.11312810745017202, "ndbi2012": 0.023939351474537567, "ndvi2015": 0.20555726143659328, "ndbi2015": 0.034372252083438283, "ndvi2018": null, "ndbi2018": null, "ndvi2021": 0.12690062882269129, "ndbi2021": 0.082443369282226939, "ndvi2024": 0.1324607615085209, "ndbi2024": 0.078914674590615658 }, "geometry": { "type": "Polygon", "coordinates": [ [ [ 106.834455732163804, -6.139745120980185 ], [ 106.834486700514233, -6.148786727008272 ], [ 106.843520413746603, -6.148755632175055 ], [ 106.843489293104781, -6.139714072203593 ], [ 106.834455732163804, -6.139745120980185 ] ] ] } },
{ "type": "Feature", "properties": { "id": "+703+9321", "ndbi2009": 0.078215254423412262, "ndvi2009": 0.10261391452513635, "first": 1, "grid_id": 93215000703, "sensor": "landsat7", "year": "2009", "ndvi2012": 0.05821054014086257, "ndbi2012": 0.038860016836224531, "ndvi2015": 0.21569028496742246, "ndbi2015": 0.032027404198743163, "ndvi2018": null, "ndbi2018": null, "ndvi2021": 0.18293015434755944, "ndbi2021": 0.051033657488005708, "ndvi2024": 0.17756112726056014, "ndbi2024": 0.045284090319910326 }, "geometry": { "type": "Polygon", "coordinates": [ [ [ 106.83442481025628, -6.130703511745113 ], [ 106.834455732163804, -6.139745120980185 ], [ 106.843489293104781, -6.139714072203593 ], [ 106.84345821913044, -6.130672509034128 ], [ 106.83442481025628, -6.130703511745113 ] ] ] } },
{ "type": "Feature", "properties": { "id": "+703+9322", "ndbi2009": 0.010390502298433409, "ndvi2009": 0.18879207477850071, "first": 1, "grid_id": 93225000703, "sensor": "landsat7", "year": "2009", "ndvi2012": 0.10003146646069547, "ndbi2012": -0.013816994093541129, "ndvi2015": 0.23194974801119636, "ndbi2015": -0.026571723778604291, "ndvi2018": null, "ndbi2018": null, "ndvi2021": 0.29629723663423574, "ndbi2021": -0.029053997087712381, "ndvi2024": 0.26476114485778057, "ndbi2024": -0.041091349896262674 }, "geometry": { "type": "Polygon", "coordinates": [ [ [ 106.834393934782668, -6.121661899312039 ], [ 106.83442481025628, -6.130703511745113 ], [ 106.84345821913044, -6.130672509034128 ], [ 106.843427191823594, -6.121630942657679 ], [ 106.834393934782668, -6.121661899312039 ] ] ] } },
{ "type": "Feature", "properties": { "id": "+704+9299", "ndbi2009": -0.0039941702188381273, "ndvi2009": 0.34379806915136774, "first": 1, "grid_id": 92995000704, "sensor": "landsat7", "year": "2009", "ndvi2012": 0.12987292153159463, "ndbi2012": 0.030220483468229493, "ndvi2015": 0.36290209206539814, "ndbi2015": 0.01970751362295425, "ndvi2018": 0.21630687093209922, "ndbi2018": 0.048639078150099185, "ndvi2021": 0.22068035590836385, "ndbi2021": 0.097279837890344806, "ndvi2024": 0.2574930960737814, "ndbi2024": 0.11036744562718342 }, "geometry": { "type": "Polygon", "coordinates": [ [ [ 106.844152632924917, -6.329586151507761 ], [ 106.844184734509057, -6.338627643117429 ], [ 106.85322165185238, -6.338595423341949 ], [ 106.853189393188828, -6.329553978058399 ], [ 106.844152632924917, -6.329586151507761 ] ] ] } },
{ "type": "Feature", "properties": { "id": "+704+9300", "ndbi2009": -0.011841555660794255, "ndvi2009": 0.3468636772595346, "first": 1, "grid_id": 93005000704, "sensor": "landsat7", "year": "2009", "ndvi2012": 0.11939712325693111, "ndbi2012": 0.0027562830327951802, "ndvi2015": 0.38414312456734484, "ndbi2015": 0.0032155397166206928, "ndvi2018": null, "ndbi2018": null, "ndvi2021": 0.29000550648197532, "ndbi2021": 0.084852825297275572, "ndvi2024": 0.30255401786416769, "ndbi2024": 0.089738346287049367 }, "geometry": { "type": "Polygon", "coordinates": [ [ [ 106.844120578098085, -6.320544656601275 ], [ 106.844152632924917, -6.329586151507761 ], [ 106.853189393188828, -6.329553978058399 ], [ 106.85315718149819, -6.320512529469049 ], [ 106.844120578098085, -6.320544656601275 ] ] ] } },
{ "type": "Feature", "properties": { "id": "+704+9301", "ndbi2009": -0.042842087431381522, "ndvi2009": 0.36739280039910227, "first": 1, "grid_id": 93015000704, "sensor": "landsat7", "year": "2009", "ndvi2012": 0.16689907258842143, "ndbi2012": -0.018921896938991267, "ndvi2015": 0.43364690372254705, "ndbi2015": -0.034408692270517349, "ndvi2018": null, "ndbi2018": null, "ndvi2021": 0.3792568426579237, "ndbi2021": 0.0081094256456708501, "ndvi2024": 0.39452329755295068, "ndbi2024": 0.0095023895264603146 }, "geometry": { "type": "Polygon", "coordinates": [ [ [ 106.844088570010598, -6.311503158397971 ], [ 106.844120578098085, -6.320544656601275 ], [ 106.85315718149819, -6.320512529469049 ], [ 106.853125016789434, -6.311471077582882 ], [ 106.844088570010598, -6.311503158397971 ] ] ] } },
{ "type": "Feature", "properties": { "id": "+704+9302", "ndbi2009": -0.0083677004237531459, "ndvi2009": 0.31506066567757551, "first": 1, "grid_id": 93025000704, "sensor": "landsat7", "year": "2009", "ndvi2012": 0.11265863168473338, "ndbi2012": 0.022009823553483278, "ndvi2015": 0.39630957935370653, "ndbi2015": -0.01481494246890732, "ndvi2018": null, "ndbi2018": null, "ndvi2021": 0.25890680890457307, "ndbi2021": 0.062393534285765065, "ndvi2024": 0.28194452950767446, "ndbi2024": 0.066771009878492826 }, "geometry": { "type": "Polygon", "coordinates": [ [ [ 106.844056608671451, -6.302461656897852 ], [ 106.844088570010598, -6.311503158397971 ], [ 106.853125016789434, -6.311471077582882 ], [ 106.853092899053593, -6.302429622399898 ], [ 106.844056608671451, -6.302461656897852 ] ] ] } },
{ "type": "Feature", "properties": { "id": "+704+9303", "ndbi2009": 0.0046463693433906874, "ndvi2009": 0.31262410059571261, "first": 1, "grid_id": 93035000704, "sensor": "landsat7", "year": "2009", "ndvi2012": 0.11565012999926695, "ndbi2012": 0.032604631887807052, "ndvi2015": 0.37123009818606079, "ndbi2015": -0.011205450609850235, "ndvi2018": null, "ndbi2018": null, "ndvi2021": 0.27694356179563329, "ndbi2021": 0.038775808628997772, "ndvi2024": 0.31551926158135762, "ndbi2024": 0.03695809010241647 }, "geometry": { "type": "Polygon", "coordinates": [ [ [ 106.844024694071635, -6.293420152109897 ], [ 106.844056608671451, -6.302461656897852 ], [ 106.853092899053593, -6.302429622399898 ], [ 106.853060828281656, -6.29338816392908 ], [ 106.844024694071635, -6.293420152109897 ] ] ] } },
{ "type": "Feature", "properties": { "id": "+704+9304", "ndbi2009": 0.032776014253613539, "ndvi2009": 0.28544934501405805, "first": 1, "grid_id": 93045000704, "sensor": "landsat7", "year": "2009", "ndvi2012": 0.093260681547690183, "ndbi2012": 0.028471574478317052, "ndvi2015": 0.32486688299104577, "ndbi2015": 0.022086369397584349, "ndvi2018": null, "ndbi2018": null, "ndvi2021": 0.23165269347373396, "ndbi2021": 0.058589298976585269, "ndvi2024": 0.26987564109731466, "ndbi2024": 0.061352588469162583 }, "geometry": { "type": "Polygon", "coordinates": [ [ [ 106.843992826202182, -6.284378644043092 ], [ 106.844024694071635, -6.293420152109897 ], [ 106.853060828281656, -6.29338816392908 ], [ 106.853028804473666, -6.284346702170428 ], [ 106.843992826202182, -6.284378644043092 ] ] ] } },
{ "type": "Feature", "properties": { "id": "+704+9305", "ndbi2009": 0.039104391576028338, "ndvi2009": 0.26956716623960753, "first": 1, "grid_id": 93055000704, "sensor": "landsat7", "year": "2009", "ndvi2012": 0.090238764297728452, "ndbi2012": 0.042640753587087001, "ndvi2015": 0.30265201996354496, "ndbi2015": 0.047766465321183199, "ndvi2018": null, "ndbi2018": null, "ndvi2021": 0.21393978116559048, "ndbi2021": 0.091980722488141514, "ndvi2024": 0.22843347238559347, "ndbi2024": 0.081845218264589126 }, "geometry": { "type": "Polygon", "coordinates": [ [ [ 106.843961005072074, -6.275337132697437 ], [ 106.843992826202182, -6.284378644043092 ], [ 106.853028804473666, -6.284346702170428 ], [ 106.852996827620601, -6.275305237132925 ], [ 106.843961005072074, -6.275337132697437 ] ] ] } },
{ "type": "Feature", "properties": { "id": "+704+9306", "ndbi2009": 0.042952016060879832, "ndvi2009": 0.25156173992655417, "first": 1, "grid_id": 93065000704, "sensor": "landsat7", "year": "2009", "ndvi2012": 0.11773827879686387, "ndbi2012": 0.038676708810135255, "ndvi2015": 0.31529171032772657, "ndbi2015": 0.031291625738299675, "ndvi2018": null, "ndbi2018": null, "ndvi2021": 0.24185928006620769, "ndbi2021": 0.08478088438095531, "ndvi2024": 0.24200078834640021, "ndbi2024": 0.066788458138808141 }, "geometry": { "type": "Polygon", "coordinates": [ [ [ 106.843929230663349, -6.26629561807293 ], [ 106.843961005072074, -6.275337132697437 ], [ 106.852996827620601, -6.275305237132925 ], [ 106.852964897731454, -6.266263768825555 ], [ 106.843929230663349, -6.26629561807293 ] ] ] } },
{ "type": "Feature", "properties": { "id": "+704+9307", "ndbi2009": 0.029551822663052008, "ndvi2009": 0.25770506262779236, "first": 1, "grid_id": 93075000704, "sensor": "landsat7", "year": "2009", "ndvi2012": 0.11471481889020652, "ndbi2012": 0.018147662518458674, "ndvi2015": 0.32207330875098705, "ndbi2015": 0.013781342539004982, "ndvi2018": null, "ndbi2018": null, "ndvi2021": 0.25754536548629403, "ndbi2021": 0.025734342663781717, "ndvi2024": 0.29030699050053954, "ndbi2024": 0.01224088754679542 }, "geometry": { "type": "Polygon", "coordinates": [ [ [ 106.843897502975992, -6.257254100187539 ], [ 106.843929230663349, -6.26629561807293 ], [ 106.852964897731454, -6.266263768825555 ], [ 106.852933014788277, -6.257222297239333 ], [ 106.843897502975992, -6.257254100187539 ] ] ] } },
{ "type": "Feature", "properties": { "id": "+704+9308", "ndbi2009": 0.031534107953456104, "ndvi2009": 0.24778389480768465, "first": 1, "grid_id": 93085000704, "sensor": "landsat7", "year": "2009", "ndvi2012": 0.11573707668804656, "ndbi2012": 0.039141396476941953, "ndvi2015": 0.3154768589664908, "ndbi2015": 0.015954802634523195, "ndvi2018": null, "ndbi2018": null, "ndvi2021": 0.21509723301027334, "ndbi2021": 0.056787916590623988, "ndvi2024": 0.25393939427300993, "ndbi2024": 0.054246846639423398 }, "geometry": { "type": "Polygon", "coordinates": [ [ [ 106.843865822010017, -6.24821257903228 ], [ 106.843897502975992, -6.257254100187539 ], [ 106.852933014788277, -6.257222297239333 ], [ 106.852901178800039, -6.248180822392228 ], [ 106.843865822010017, -6.24821257903228 ] ] ] } },
{ "type": "Feature", "properties": { "id": "+704+9309", "ndbi2009": 0.049737334149540402, "ndvi2009": 0.20697951660258695, "first": 1, "grid_id": 93095000704, "sensor": "landsat7", "year": "2009", "ndvi2012": 0.084466733562294394, "ndbi2012": 0.049604090090724633, "ndvi2015": 0.3032098354306072, "ndbi2015": 0.028709286183584481, "ndvi2018": null, "ndbi2018": null, "ndvi2021": 0.17722806247184053, "ndbi2021": 0.074607516477044555, "ndvi2024": 0.22073128010379151, "ndbi2024": 0.093903206914546899 }, "geometry": { "type": "Polygon", "coordinates": [ [ [ 106.843834187765424, -6.239171054616137 ], [ 106.843865822010017, -6.24821257903228 ], [ 106.852901178800039, -6.248180822392228 ], [ 106.852869389748761, -6.239139344275254 ], [ 106.843834187765424, -6.239171054616137 ] ] ] } },
{ "type": "Feature", "properties": { "id": "+704+9310", "ndbi2009": 0.054224391004034124, "ndvi2009": 0.19397252979231816, "first": 1, "grid_id": 93105000704, "sensor": "landsat7", "year": "2009", "ndvi2012": 0.039480811300888367, "ndbi2012": 0.060341034794920215, "ndvi2015": 0.27197514608794571, "ndbi2015": 0.053671656972637372, "ndvi2018": null, "ndbi2018": null, "ndvi2021": 0.14976100851507748, "ndbi2021": 0.048599046101684085, "ndvi2024": 0.22035823148839617, "ndbi2024": 0.091560325260255843 }, "geometry": { "type": "Polygon", "coordinates": [ [ [ 106.843802600224237, -6.23012952693911 ], [ 106.843834187765424, -6.239171054616137 ], [ 106.852869389748761, -6.239139344275254 ], [ 106.852837647634473, -6.230097862915363 ], [ 106.843802600224237, -6.23012952693911 ] ] ] } },
{ "type": "Feature", "properties": { "id": "+704+9311", "ndbi2009": 0.061987770954146988, "ndvi2009": 0.1830266258912161, "first": 1, "grid_id": 93115000704, "sensor": "landsat7", "year": "2009", "ndvi2012": 0.033450143384470721, "ndbi2012": 0.07257219966595585, "ndvi2015": 0.23764047282747927, "ndbi2015": 0.075499994854908437, "ndvi2018": null, "ndbi2018": null, "ndvi2021": 0.14013607223751023, "ndbi2021": 0.088578260736539974, "ndvi2024": 0.18686997366603467, "ndbi2024": 0.1304858636285644 }, "geometry": { "type": "Polygon", "coordinates": [ [ [ 106.843771059395451, -6.221087996019164 ], [ 106.843802600224237, -6.23012952693911 ], [ 106.852837647634473, -6.230097862915363 ], [ 106.852805952466127, -6.221056378294587 ], [ 106.843771059395451, -6.221087996019164 ] ] ] } },
{ "type": "Feature", "properties": { "id": "+704+9312", "ndbi2009": 0.063562544172301005, "ndvi2009": 0.165530356297306, "first": 1, "grid_id": 93125000704, "sensor": "landsat7", "year": "2009", "ndvi2012": 0.027879539278208042, "ndbi2012": 0.064720229074066757, "ndvi2015": 0.22653888785371593, "ndbi2015": 0.065284999445372943, "ndvi2018": null, "ndbi2018": null, "ndvi2021": 0.13572294893218023, "ndbi2021": 0.10518706902569415, "ndvi2024": 0.15358479075572068, "ndbi2024": 0.11787880843176562 }, "geometry": { "type": "Polygon", "coordinates": [ [ [ 106.84373956527007, -6.2120464618563 ], [ 106.843771059395451, -6.221087996019164 ], [ 106.852805952466127, -6.221056378294587 ], [ 106.85277430422579, -6.212014890421909 ], [ 106.84373956527007, -6.2120464618563 ] ] ] } },
{ "type": "Feature", "properties": { "id": "+704+9313", "ndbi2009": 0.046977608661109116, "ndvi2009": 0.151616548311722, "first": 1, "grid_id": 93135000704, "sensor": "landsat7", "year": "2009", "ndvi2012": 0.074691335445095319, "ndbi2012": 0.032737121085574465, "ndvi2015": 0.22215349582256749, "ndbi2015": 0.044253763710912608, "ndvi2018": null, "ndbi2018": null, "ndvi2021": 0.14225074404384941, "ndbi2021": 0.074053231328434777, "ndvi2024": 0.15776391653344035, "ndbi2024": 0.07076243113988312 }, "geometry": { "type": "Polygon", "coordinates": [ [ [ 106.843708117839128, -6.203004924441535 ], [ 106.84373956527007, -6.2120464618563 ], [ 106.85277430422579, -6.212014890421909 ], [ 106.852742702913432, -6.202973399315297 ], [ 106.843708117839128, -6.203004924441535 ] ] ] } },
{ "type": "Feature", "properties": { "id": "+704+9314", "ndbi2009": 0.035855916054809797, "ndvi2009": 0.1516323284848648, "first": 1, "grid_id": 93145000704, "sensor": "landsat7", "year": "2009", "ndvi2012": 0.066171213093341563, "ndbi2012": 0.026394360312991135, "ndvi2015": 0.18960759534555321, "ndbi2015": 0.049150957631896815, "ndvi2018": null, "ndbi2018": null, "ndvi2021": 0.15097040341180915, "ndbi2021": 0.08702118363888825, "ndvi2024": 0.15982738984566108, "ndbi2024": 0.078218250013157437 }, "geometry": { "type": "Polygon", "coordinates": [ [ [ 106.843676717111592, -6.193963383792835 ], [ 106.843708117839128, -6.203004924441535 ], [ 106.852742702913432, -6.202973399315297 ], [ 106.852711148520086, -6.193931904965766 ], [ 106.843676717111592, -6.193963383792835 ] ] ] } },
{ "type": "Feature", "properties": { "id": "+704+9315", "ndbi2009": 0.057257002597907558, "ndvi2009": 0.14076169452164322, "first": 1, "grid_id": 93155000704, "sensor": "landsat7", "year": "2009", "ndvi2012": -0.01560994797910098, "ndbi2012": 0.068102916033240035, "ndvi2015": 0.15883700153790414, "ndbi2015": 0.057137517665978514, "ndvi2018": null, "ndbi2018": null, "ndvi2021": 0.13337933202274144, "ndbi2021": 0.13267775985877961, "ndvi2024": 0.126638701884076, "ndbi2024": 0.11099964054301381 }, "geometry": { "type": "Polygon", "coordinates": [ [ [ 106.843645363069498, -6.184921839919182 ], [ 106.843676717111592, -6.193963383792835 ], [ 106.852711148520086, -6.193931904965766 ], [ 106.852679641054721, -6.184890407382301 ], [ 106.843645363069498, -6.184921839919182 ] ] ] } },
{ "type": "Feature", "properties": { "id": "+704+9316", "ndbi2009": 0.066520225343992934, "ndvi2009": 0.10868695669341832, "first": 1, "grid_id": 93165000704, "sensor": "landsat7", "year": "2009", "ndvi2012": 0.026665010838769369, "ndbi2012": 0.076374239346478134, "ndvi2015": 0.15837880410254002, "ndbi2015": 0.075046631216537207, "ndvi2018": null, "ndbi2018": null, "ndvi2021": 0.11599338264204562, "ndbi2021": 0.12541956041241065, "ndvi2024": 0.12466539675369859, "ndbi2024": 0.12386170099489389 }, "geometry": { "type": "Polygon", "coordinates": [ [ [ 106.843614055712848, -6.175880292811596 ], [ 106.843645363069498, -6.184921839919182 ], [ 106.852679641054721, -6.184890407382301 ], [ 106.852648180499386, -6.175848906564901 ], [ 106.843614055712848, -6.175880292811596 ] ] ] } },
{ "type": "Feature", "properties": { "id": "+704+9317", "ndbi2009": 0.061429315275859597, "ndvi2009": 0.05807809193490767, "first": 1, "grid_id": 93175000704, "sensor": "landsat7", "year": "2009", "ndvi2012": 0.08704844063476605, "ndbi2012": 0.068301370769154796, "ndvi2015": 0.14755124321170882, "ndbi2015": 0.048613618124349452, "ndvi2018": null, "ndbi2018": null, "ndvi2021": 0.10670808626740587, "ndbi2021": 0.10253159801165262, "ndvi2024": 0.12825155074105543, "ndbi2024": 0.10816380542282965 }, "geometry": { "type": "Polygon", "coordinates": [ [ [ 106.843582795041641, -6.166838742479056 ], [ 106.843614055712848, -6.175880292811596 ], [ 106.852648180499386, -6.175848906564901 ], [ 106.852616766863051, -6.166807402531531 ], [ 106.843582795041641, -6.166838742479056 ] ] ] } },
{ "type": "Feature", "properties": { "id": "+704+9318", "ndbi2009": 0.049330860365444096, "ndvi2009": 0.042814278589503374, "first": 1, "grid_id": 93185000704, "sensor": "landsat7", "year": "2009", "ndvi2012": 0.051736640900344362, "ndbi2012": 0.062416735163424164, "ndvi2015": 0.1940446374937892, "ndbi2015": -0.0042914213281619595, "ndvi2018": null, "ndbi2018": null, "ndvi2021": 0.18881331777083685, "ndbi2021": 0.052101713132287848, "ndvi2024": 0.20712374956929125, "ndbi2024": 0.035032870102440931 }, "geometry": { "type": "Polygon", "coordinates": [ [ [ 106.843551581055891, -6.157797188939532 ], [ 106.843582795041641, -6.166838742479056 ], [ 106.852616766863051, -6.166807402531531 ], [ 106.852585400127765, -6.15776589527321 ], [ 106.843551581055891, -6.157797188939532 ] ] ] } },
{ "type": "Feature", "properties": { "id": "+704+9319", "ndbi2009": 0.025813866516246516, "ndvi2009": 0.032425014236394101, "first": 1, "grid_id": 93195000704, "sensor": "landsat7", "year": "2009", "ndvi2012": 0.080660236933652096, "ndbi2012": 0.020008499007306845, "ndvi2015": 0.28541413066433929, "ndbi2015": -0.019581574480980635, "ndvi2018": null, "ndbi2018": null, "ndvi2021": 0.28215319490900231, "ndbi2021": -0.030674186743357604, "ndvi2024": 0.32115639716971156, "ndbi2024": -0.055184121707490846 }, "geometry": { "type": "Polygon", "coordinates": [ [ [ 106.843520413746603, -6.148755632175055 ], [ 106.843551581055891, -6.157797188939532 ], [ 106.852585400127765, -6.15776589527321 ], [ 106.852554080302511, -6.148724384807903 ], [ 106.843520413746603, -6.148755632175055 ] ] ] } },
{ "type": "Feature", "properties": { "id": "+704+9320", "ndbi2009": -0.023506273253588002, "ndvi2009": 0.076128186628920957, "first": 1, "grid_id": 93205000704, "sensor": "landsat7", "year": "2009", "ndvi2012": 0.15529760302160869, "ndbi2012": -0.0221153203965514, "ndvi2015": 0.29685829125810415, "ndbi2015": -0.026185884555161468, "ndvi2018": null, "ndbi2018": null, "ndvi2021": 0.28209914400940761, "ndbi2021": -0.051157516485545791, "ndvi2024": 0.35194711235817527, "ndbi2024": -0.077401678368914872 }, "geometry": { "type": "Polygon", "coordinates": [ [ [ 106.843489293104781, -6.139714072203593 ], [ 106.843520413746603, -6.148755632175055 ], [ 106.852554080302511, -6.148724384807903 ], [ 106.852522807378278, -6.139682871126627 ], [ 106.843489293104781, -6.139714072203593 ] ] ] } },
{ "type": "Feature", "properties": { "id": "+704+9321", "ndbi2009": -0.027288264803150122, "ndvi2009": 0.11209343153179861, "first": 1, "grid_id": 93215000704, "sensor": "landsat7", "year": "2009", "ndvi2012": 0.14797711386984469, "ndbi2012": -0.025734530214001152, "ndvi2015": 0.25247522586700966, "ndbi2015": 0.0035121794863074395, "ndvi2018": null, "ndbi2018": null, "ndvi2021": 0.23502241688616132, "ndbi2021": 0.02293434839914826, "ndvi2024": 0.26500878912561082, "ndbi2024": -0.0015169933803525631 }, "geometry": { "type": "Polygon", "coordinates": [ [ [ 106.84345821913044, -6.130672509034128 ], [ 106.843489293104781, -6.139714072203593 ], [ 106.852522807378278, -6.139682871126627 ], [ 106.852491581346115, -6.130641354238366 ], [ 106.84345821913044, -6.130672509034128 ] ] ] } },
{ "type": "Feature", "properties": { "id": "+704+9322", "ndbi2009": -0.0082946680049644783, "ndvi2009": 0.13810933804779782, "first": 1, "grid_id": 93225000704, "sensor": "landsat7", "year": "2009", "ndvi2012": 0.12195206669275648, "ndbi2012": -0.02519403166661505, "ndvi2015": 0.2546682947431691, "ndbi2015": -0.015085046354215594, "ndvi2018": null, "ndbi2018": null, "ndvi2021": 0.23407471686368808, "ndbi2021": 0.020855323782598131, "ndvi2024": 0.21771483949851245, "ndbi2024": -0.0015771065554872614 }, "geometry": { "type": "Polygon", "coordinates": [ [ [ 106.843427191823594, -6.121630942657679 ], [ 106.84345821913044, -6.130672509034128 ], [ 106.852491581346115, -6.130641354238366 ], [ 106.85246040220602, -6.12159983414312 ], [ 106.843427191823594, -6.121630942657679 ] ] ] } },
{ "type": "Feature", "properties": { "id": "+705+9298", "ndbi2009": 0.0073875357543141387, "ndvi2009": 0.31871731369948592, "first": 1, "grid_id": 92985000705, "sensor": "landsat7", "year": "2009", "ndvi2012": 0.16225510050565742, "ndbi2012": 0.023101062021287512, "ndvi2015": 0.33258865588952685, "ndbi2015": 0.036520599433767405, "ndvi2018": 0.1566771427708224, "ndbi2018": 0.073898189847380655, "ndvi2021": 0.1955457080986874, "ndbi2021": 0.09918673625908607, "ndvi2024": 0.21008707158082771, "ndbi2024": 0.10466342176164477 }, "geometry": { "type": "Polygon", "coordinates": [ [ [ 106.85322165185238, -6.338595423341949 ], [ 106.853253957506809, -6.347636865319698 ], [ 106.862290985181218, -6.347604441725463 ], [ 106.862258522222803, -6.338563046289428 ], [ 106.85322165185238, -6.338595423341949 ] ] ] } },
{ "type": "Feature", "properties": { "id": "+705+9299", "ndbi2009": 0.042685584121500142, "ndvi2009": 0.27453352278098464, "first": 1, "grid_id": 92995000705, "sensor": "landsat7", "year": "2009", "ndvi2012": 0.14303760752954986, "ndbi2012": 0.041329284336825367, "ndvi2015": 0.32033104251604527, "ndbi2015": 0.050588827696628869, "ndvi2018": 0.18109218962490559, "ndbi2018": 0.072431634645909071, "ndvi2021": 0.19524923630524427, "ndbi2021": 0.12923886117641814, "ndvi2024": 0.21106939739547673, "ndbi2024": 0.12803145902580582 }, "geometry": { "type": "Polygon", "coordinates": [ [ [ 106.853189393188828, -6.329553978058399 ], [ 106.85322165185238, -6.338595423341949 ], [ 106.862258522222803, -6.338563046289428 ], [ 106.862226106470857, -6.329521647556576 ], [ 106.853189393188828, -6.329553978058399 ] ] ] } },
{ "type": "Feature", "properties": { "id": "+705+9300", "ndbi2009": 0.012895814390503807, "ndvi2009": 0.31079119467176497, "first": 1, "grid_id": 93005000705, "sensor": "landsat7", "year": "2009", "ndvi2012": 0.066831477030063979, "ndbi2012": 0.044047365270671442, "ndvi2015": 0.34980544890277088, "ndbi2015": 0.028537747872178443, "ndvi2018": null, "ndbi2018": null, "ndvi2021": 0.22978001827141273, "ndbi2021": 0.13686717883683741, "ndvi2024": 0.21922991826431826, "ndbi2024": 0.13731496468244586 }, "geometry": { "type": "Polygon", "coordinates": [ [ [ 106.85315718149819, -6.320512529469049 ], [ 106.853189393188828, -6.329553978058399 ], [ 106.862226106470857, -6.329521647556576 ], [ 106.862193737934362, -6.320480245508941 ], [ 106.85315718149819, -6.320512529469049 ] ] ] } },
{ "type": "Feature", "properties": { "id": "+705+9301", "ndbi2009": -0.051172894653955511, "ndvi2009": 0.36597361050400079, "first": 1, "grid_id": 93015000705, "sensor": "landsat7", "year": "2009", "ndvi2012": 0.071427393485518048, "ndbi2012": 0.021013518203707303, "ndvi2015": 0.41664732729687415, "ndbi2015": -0.027013877603937596, "ndvi2018": null, "ndbi2018": null, "ndvi2021": 0.30985182699035196, "ndbi2021": 0.054630118140987331, "ndvi2024": 0.31665936153309016, "ndbi2024": 0.068712313502442612 }, "geometry": { "type": "Polygon", "coordinates": [ [ [ 106.853125016789434, -6.311471077582882 ], [ 106.85315718149819, -6.320512529469049 ], [ 106.862193737934362, -6.320480245508941 ], [ 106.862161416595356, -6.311438840164489 ], [ 106.853125016789434, -6.311471077582882 ] ] ] } },
{ "type": "Feature", "properties": { "id": "+705+9302", "ndbi2009": -0.029767224597890163, "ndvi2009": 0.34133665985427797, "first": 1, "grid_id": 93025000705, "sensor": "landsat7", "year": "2009", "ndvi2012": 0.10282111505512148, "ndbi2012": 0.023584186157677323, "ndvi2015": 0.37360715307295328, "ndbi2015": -0.00080175239418167643, "ndvi2018": null, "ndbi2018": null, "ndvi2021": 0.27739604050293565, "ndbi2021": 0.048429182294057682, "ndvi2024": 0.29809899826068437, "ndbi2024": 0.061288538650842384 }, "geometry": { "type": "Polygon", "coordinates": [ [ [ 106.853092899053593, -6.302429622399898 ], [ 106.853125016789434, -6.311471077582882 ], [ 106.862161416595356, -6.311438840164489 ], [ 106.86212914246282, -6.30239743152322 ], [ 106.853092899053593, -6.302429622399898 ] ] ] } },
{ "type": "Feature", "properties": { "id": "+705+9303", "ndbi2009": 0.0028250382638361766, "ndvi2009": 0.31423612113576388, "first": 1, "grid_id": 93035000705, "sensor": "landsat7", "year": "2009", "ndvi2012": 0.080137222743360312, "ndbi2012": 0.037478632504644338, "ndvi2015": 0.31780071323737508, "ndbi2015": 0.037394576633232646, "ndvi2018": null, "ndbi2018": null, "ndvi2021": 0.23688519652932882, "ndbi2021": 0.071861188960610889, "ndvi2024": 0.25388689001556486, "ndbi2024": 0.085029101894178893 }, "geometry": { "type": "Polygon", "coordinates": [ [ [ 106.853060828281656, -6.29338816392908 ], [ 106.853092899053593, -6.302429622399898 ], [ 106.86212914246282, -6.30239743152322 ], [ 106.862096915518777, -6.293356019594117 ], [ 106.853060828281656, -6.29338816392908 ] ] ] } },
{ "type": "Feature", "properties": { "id": "+705+9304", "ndbi2009": 0.027531730617378271, "ndvi2009": 0.28228145872845367, "first": 1, "grid_id": 93045000705, "sensor": "landsat7", "year": "2009", "ndvi2012": 0.072551963492935773, "ndbi2012": 0.060954815047044378, "ndvi2015": 0.29103950694495562, "ndbi2015": 0.060847044042220313, "ndvi2018": null, "ndbi2018": null, "ndvi2021": 0.18884081186032764, "ndbi2021": 0.097494314187297648, "ndvi2024": 0.20964978343131496, "ndbi2024": 0.10366630751420471 }, "geometry": { "type": "Polygon", "coordinates": [ [ [ 106.853028804473666, -6.284346702170428 ], [ 106.853060828281656, -6.29338816392908 ], [ 106.862096915518777, -6.293356019594117 ], [ 106.862064735772236, -6.28431460437718 ], [ 106.853028804473666, -6.284346702170428 ] ] ] } },
{ "type": "Feature", "properties": { "id": "+705+9305", "ndbi2009": 0.042050888869857445, "ndvi2009": 0.26623600537794223, "first": 1, "grid_id": 93055000705, "sensor": "landsat7", "year": "2009", "ndvi2012": 0.13168324856762439, "ndbi2012": 0.052787545636512244, "ndvi2015": 0.27807706043772079, "ndbi2015": 0.071002717953229308, "ndvi2018": null, "ndbi2018": null, "ndvi2021": 0.20307726218648578, "ndbi2021": 0.10881251520544723, "ndvi2024": 0.20244557178322822, "ndbi2024": 0.10406459373948369 }, "geometry": { "type": "Polygon", "coordinates": [ [ [ 106.852996827620601, -6.275305237132925 ], [ 106.853028804473666, -6.284346702170428 ], [ 106.862064735772236, -6.28431460437718 ], [ 106.862032603214175, -6.275273185872408 ], [ 106.852996827620601, -6.275305237132925 ] ] ] } },
{ "type": "Feature", "properties": { "id": "+705+9306", "ndbi2009": 0.022866587880963966, "ndvi2009": 0.28402050023668263, "first": 1, "grid_id": 93065000705, "sensor": "landsat7", "year": "2009", "ndvi2012": 0.12866917973879569, "ndbi2012": 0.037291594402086729, "ndvi2015": 0.26567541280489287, "ndbi2015": 0.076902461496324806, "ndvi2018": null, "ndbi2018": null, "ndvi2021": 0.22003155288178375, "ndbi2021": 0.092493632033969569, "ndvi2024": 0.23670490074916722, "ndbi2024": 0.09174588847598443 }, "geometry": { "type": "Polygon", "coordinates": [ [ [ 106.852964897731454, -6.266263768825555 ], [ 106.852996827620601, -6.275305237132925 ], [ 106.862032603214175, -6.275273185872408 ], [ 106.862000517844635, -6.266231764097769 ], [ 106.852964897731454, -6.266263768825555 ] ] ] } },
{ "type": "Feature", "properties": { "id": "+705+9307", "ndbi2009": 0.0068226151031387204, "ndvi2009": 0.27365138039869419, "first": 1, "grid_id": 93075000705, "sensor": "landsat7", "year": "2009", "ndvi2012": 0.07776134284395797, "ndbi2012": 0.041324268158653053, "ndvi2015": 0.27392520717546054, "ndbi2015": 0.058218593004287458, "ndvi2018": null, "ndbi2018": null, "ndvi2021": 0.23828797176772473, "ndbi2021": 0.043500226834679342, "ndvi2024": 0.28835523514186634, "ndbi2024": 0.041132925332103873 }, "geometry": { "type": "Polygon", "coordinates": [ [ [ 106.852933014788277, -6.257222297239333 ], [ 106.852964897731454, -6.266263768825555 ], [ 106.862000517844635, -6.266231764097769 ], [ 106.861968479654607, -6.257190339053263 ], [ 106.852933014788277, -6.257222297239333 ] ] ] } },
{ "type": "Feature", "properties": { "id": "+705+9308", "ndbi2009": 0.026344746023823973, "ndvi2009": 0.23537869192659855, "first": 1, "grid_id": 93085000705, "sensor": "landsat7", "year": "2009", "ndvi2012": 0.13730166968889534, "ndbi2012": 0.028238546103239059, "ndvi2015": 0.29488597065210342, "ndbi2015": 0.034181724098743878, "ndvi2018": null, "ndbi2018": null, "ndvi2021": 0.22333651874214414, "ndbi2021": 0.033859919494716451, "ndvi2024": 0.28665532590821385, "ndbi2024": 0.044702796105411835 }, "geometry": { "type": "Polygon", "coordinates": [ [ [ 106.852901178800039, -6.248180822392228 ], [ 106.852933014788277, -6.257222297239333 ], [ 106.861968479654607, -6.257190339053263 ], [ 106.861936488635109, -6.248148910729906 ], [ 106.852901178800039, -6.248180822392228 ] ] ] } },
{ "type": "Feature", "properties": { "id": "+705+9309", "ndbi2009": 0.058975171692231126, "ndvi2009": 0.20294078045031602, "first": 1, "grid_id": 93095000705, "sensor": "landsat7", "year": "2009", "ndvi2012": 0.15768427124210432, "ndbi2012": 0.035100224993976893, "ndvi2015": 0.29660819348166967, "ndbi2015": 0.034010061870018642, "ndvi2018": null, "ndbi2018": null, "ndvi2021": 0.1636030806922445, "ndbi2021": 0.077016575751351374, "ndvi2024": 0.21151948068656173, "ndbi2024": 0.10914107303993374 }, "geometry": { "type": "Polygon", "coordinates": [ [ [ 106.852869389748761, -6.239139344275254 ], [ 106.852901178800039, -6.248180822392228 ], [ 106.861936488635109, -6.248148910729906 ], [ 106.861904544786157, -6.239107479154647 ], [ 106.852869389748761, -6.239139344275254 ] ] ] } },
{ "type": "Feature", "properties": { "id": "+705+9310", "ndbi2009": 0.076965110594755984, "ndvi2009": 0.17010857909917831, "first": 1, "grid_id": 93105000705, "sensor": "landsat7", "year": "2009", "ndvi2012": 0.080052653475831917, "ndbi2012": 0.061860244706622325, "ndvi2015": 0.2522998561616987, "ndbi2015": 0.068861515945172869, "ndvi2018": null, "ndbi2018": null, "ndvi2021": 0.11838464566972108, "ndbi2021": 0.095810632294160314, "ndvi2024": 0.16207410307833925, "ndbi2024": 0.13624415994854647 }, "geometry": { "type": "Polygon", "coordinates": [ [ [ 106.852837647634473, -6.230097862915363 ], [ 106.852869389748761, -6.239139344275254 ], [ 106.861904544786157, -6.239107479154647 ], [ 106.861872648116716, -6.230066044309521 ], [ 106.852837647634473, -6.230097862915363 ] ] ] } },
{ "type": "Feature", "properties": { "id": "+705+9311", "ndbi2009": 0.089341077778954059, "ndvi2009": 0.14711284649092704, "first": 1, "grid_id": 93115000705, "sensor": "landsat7", "year": "2009", "ndvi2012": 0.029023275313193153, "ndbi2012": 0.078510060382541283, "ndvi2015": 0.22119993437081578, "ndbi2015": 0.088038415706250817, "ndvi2018": null, "ndbi2018": null, "ndvi2021": 0.11198720036190936, "ndbi2021": 0.12755963231029455, "ndvi2024": 0.14371511471108533, "ndbi2024": 0.16255415481282398 }, "geometry": { "type": "Polygon", "coordinates": [ [ [ 106.852805952466127, -6.221056378294587 ], [ 106.852837647634473, -6.230097862915363 ], [ 106.861872648116716, -6.230066044309521 ], [ 106.861840798599843, -6.221024606221477 ], [ 106.852805952466127, -6.221056378294587 ] ] ] } },
{ "type": "Feature", "properties": { "id": "+705+9312", "ndbi2009": 0.070326916493621536, "ndvi2009": 0.15859410990686978, "first": 1, "grid_id": 93125000705, "sensor": "landsat7", "year": "2009", "ndvi2012": 0.015874555491495364, "ndbi2012": 0.081839229867738839, "ndvi2015": 0.21765682597955066, "ndbi2015": 0.082007393503890316, "ndvi2018": null, "ndbi2018": null, "ndvi2021": 0.13362071496598862, "ndbi2021": 0.11672132710615796, "ndvi2024": 0.14735514229419183, "ndbi2024": 0.13641786914245754 }, "geometry": { "type": "Polygon", "coordinates": [ [ [ 106.85277430422579, -6.212014890421909 ], [ 106.852805952466127, -6.221056378294587 ], [ 106.861840798599843, -6.221024606221477 ], [ 106.861808996253501, -6.211983164881532 ], [ 106.85277430422579, -6.212014890421909 ] ] ] } },
{ "type": "Feature", "properties": { "id": "+705+9313", "ndbi2009": 0.056020088115474216, "ndvi2009": 0.16563202475663275, "first": 1, "grid_id": 93135000705, "sensor": "landsat7", "year": "2009", "ndvi2012": 0.015481600788916696, "ndbi2012": 0.070238296891147925, "ndvi2015": 0.20156798255629838, "ndbi2015": 0.089564154448453337, "ndvi2018": null, "ndbi2018": null, "ndvi2021": 0.13238352519692853, "ndbi2021": 0.086274656350724399, "ndvi2024": 0.14109488035319376, "ndbi2024": 0.086563416058197618 }, "geometry": { "type": "Polygon", "coordinates": [ [ [ 106.852742702913432, -6.202973399315297 ], [ 106.85277430422579, -6.212014890421909 ], [ 106.861808996253501, -6.211983164881532 ], [ 106.861777241059741, -6.202941720289685 ], [ 106.852742702913432, -6.202973399315297 ] ] ] } },
{ "type": "Feature", "properties": { "id": "+705+9314", "ndbi2009": 0.069041645556103953, "ndvi2009": 0.15161904254380393, "first": 1, "grid_id": 93145000705, "sensor": "landsat7", "year": "2009", "ndvi2012": 0.015526303316594339, "ndbi2012": 0.075468945096922563, "ndvi2015": 0.18676362277245989, "ndbi2015": 0.065923894941806796, "ndvi2018": null, "ndbi2018": null, "ndvi2021": 0.13954444150714312, "ndbi2021": 0.10992880647673325, "ndvi2024": 0.14561807638874241, "ndbi2024": 0.098492816674943057 }, "geometry": { "type": "Polygon", "coordinates": [ [ [ 106.852711148520086, -6.193931904965766 ], [ 106.852742702913432, -6.202973399315297 ], [ 106.861777241059741, -6.202941720289685 ], [ 106.861745533018549, -6.193900272463902 ], [ 106.852711148520086, -6.193931904965766 ] ] ] } },
{ "type": "Feature", "properties": { "id": "+705+9315", "ndbi2009": 0.081756353465607404, "ndvi2009": 0.12346091566723773, "first": 1, "grid_id": 93155000705, "sensor": "landsat7", "year": "2009", "ndvi2012": 0.018953222028358141, "ndbi2012": 0.095012974648852833, "ndvi2015": 0.13444782656733878, "ndbi2015": 0.018364860054134628, "ndvi2018": null, "ndbi2018": null, "ndvi2021": 0.15694411977892742, "ndbi2021": 0.13074068783316761, "ndvi2024": 0.15748511615674946, "ndbi2024": 0.11857490174588746 }, "geometry": { "type": "Polygon", "coordinates": [ [ [ 106.852679641054721, -6.184890407382301 ], [ 106.852711148520086, -6.193931904965766 ], [ 106.861745533018549, -6.193900272463902 ], [ 106.86171387212093, -6.184858821404186 ], [ 106.852679641054721, -6.184890407382301 ] ] ] } },
{ "type": "Feature", "properties": { "id": "+705+9316", "ndbi2009": 0.092040209524978808, "ndvi2009": 0.092525328443510316, "first": 1, "grid_id": 93165000705, "sensor": "landsat7", "year": "2009", "ndvi2012": 0.059737610036697905, "ndbi2012": 0.063829226169999198, "ndvi2015": 0.12410289864605806, "ndbi2015": 0.036242198697694641, "ndvi2018": null, "ndbi2018": null, "ndvi2021": 0.11836760860728465, "ndbi2021": 0.12316250950684698, "ndvi2024": 0.12598558040115779, "ndbi2024": 0.13398613023945666 }, "geometry": { "type": "Polygon", "coordinates": [ [ [ 106.852648180499386, -6.175848906564901 ], [ 106.852679641054721, -6.184890407382301 ], [ 106.86171387212093, -6.184858821404186 ], [ 106.861682258375893, -6.175817367110533 ], [ 106.852648180499386, -6.175848906564901 ] ] ] } },
{ "type": "Feature", "properties": { "id": "+705+9317", "ndbi2009": 0.099740009405650198, "ndvi2009": 0.082269715290749446, "first": 1, "grid_id": 93175000705, "sensor": "landsat7", "year": "2009", "ndvi2012": 0.064884468418313204, "ndbi2012": 0.05267179012298584, "ndvi2015": 0.14949023723602295, "ndbi2015": 0.059826999960932881, "ndvi2018": null, "ndbi2018": null, "ndvi2021": 0.0855656280182302, "ndbi2021": 0.11200929386541247, "ndvi2024": 0.10037248069420457, "ndbi2024": 0.13131097995210439 }, "geometry": { "type": "Polygon", "coordinates": [ [ [ 106.852616766863051, -6.166807402531531 ], [ 106.852648180499386, -6.175848906564901 ], [ 106.861682258375893, -6.175817367110533 ], [ 106.861650691765462, -6.16677590959193 ], [ 106.852616766863051, -6.166807402531531 ] ] ] } },
{ "type": "Feature", "properties": { "id": "+705+9318", "ndbi2009": 0.075578497379433868, "ndvi2009": 0.072601141503044198, "first": 1, "grid_id": 93185000705, "sensor": "landsat7", "year": "2009", "ndvi2012": 0.031827014845375923, "ndbi2012": 0.094431594072603708, "ndvi2015": 0.1615345054397396, "ndbi2015": 0.052945088522106998, "ndvi2018": null, "ndbi2018": null, "ndvi2021": 0.10883960779391083, "ndbi2021": 0.12495581487230226, "ndvi2024": 0.11176820955440109, "ndbi2024": 0.11341536255443799 }, "geometry": { "type": "Polygon", "coordinates": [ [ [ 106.852585400127765, -6.15776589527321 ], [ 106.852616766863051, -6.166807402531531 ], [ 106.861650691765462, -6.16677590959193 ], [ 106.861619172298603, -6.157734448857357 ], [ 106.852585400127765, -6.15776589527321 ] ] ] } },
{ "type": "Feature", "properties": { "id": "+705+9319", "ndbi2009": 0.021740102178227975, "ndvi2009": 0.082589812023798018, "first": 1, "grid_id": 93195000705, "sensor": "landsat7", "year": "2009", "ndvi2012": 0.062504569454176803, "ndbi2012": 0.061364535471511772, "ndvi2015": 0.22224728431319815, "ndbi2015": 0.024018488781166521, "ndvi2018": null, "ndbi2018": null, "ndvi2021": 0.15141829245840199, "ndbi2021": 0.091210121150652412, "ndvi2024": 0.16997647556127049, "ndbi2024": 0.070518897511647083 }, "geometry": { "type": "Polygon", "coordinates": [ [ [ 106.852554080302511, -6.148724384807903 ], [ 106.852585400127765, -6.15776589527321 ], [ 106.861619172298603, -6.157734448857357 ], [ 106.861587699957369, -6.148692984897832 ], [ 106.852554080302511, -6.148724384807903 ] ] ] } },
{ "type": "Feature", "properties": { "id": "+705+9320", "ndbi2009": -0.016900951643565705, "ndvi2009": 0.067499360135372943, "first": 1, "grid_id": 93205000705, "sensor": "landsat7", "year": "2009", "ndvi2012": 0.12104948130892773, "ndbi2012": -0.012013479486546097, "ndvi2015": 0.24014702357497872, "ndbi2015": 0.0024247947500507343, "ndvi2018": null, "ndbi2018": null, "ndvi2021": 0.15781269307230034, "ndbi2021": 0.036312020000289477, "ndvi2024": 0.20671006493708666, "ndbi2024": 0.033195161001355042 }, "geometry": { "type": "Polygon", "coordinates": [ [ [ 106.852522807378278, -6.139682871126627 ], [ 106.852554080302511, -6.148724384807903 ], [ 106.861587699957369, -6.148692984897832 ], [ 106.86155627475074, -6.139651517731322 ], [ 106.852522807378278, -6.139682871126627 ] ] ] } },
{ "type": "Feature", "properties": { "id": "+705+9321", "ndbi2009": -0.00060752397220508597, "ndvi2009": -0.0020541882105902173, "first": 1, "grid_id": 93215000705, "sensor": "landsat7", "year": "2009", "ndvi2012": 0.10051416626163558, "ndbi2012": -0.011626266483582703, "ndvi2015": 0.24088644537271239, "ndbi2015": 0.0076863797637177454, "ndvi2018": null, "ndbi2018": null, "ndvi2021": 0.18390856250828386, "ndbi2021": 0.016715895778992601, "ndvi2024": 0.1958406996493246, "ndbi2024": 0.0090307271071508807 }, "geometry": { "type": "Polygon", "coordinates": [ [ [ 106.852491581346115, -6.130641354238366 ], [ 106.852522807378278, -6.139682871126627 ], [ 106.86155627475074, -6.139651517731322 ], [ 106.861524896669735, -6.130610047357827 ], [ 106.852491581346115, -6.130641354238366 ] ] ] } },
{ "type": "Feature", "properties": { "id": "+705+9322", "ndbi2009": 0.00050416166777722744, "ndvi2009": 0.083670921536395326, "first": 1, "grid_id": 93225000705, "sensor": "landsat7", "year": "2009", "ndvi2012": 0.069827089901082218, "ndbi2012": 0.0089606998444651271, "ndvi2015": 0.27166181907523423, "ndbi2015": -0.018017230446275789, "ndvi2018": null, "ndbi2018": null, "ndvi2021": 0.23053024651017043, "ndbi2021": -0.010278607165673748, "ndvi2024": 0.20106462051626298, "ndbi2024": -0.031841274409089237 }, "geometry": { "type": "Polygon", "coordinates": [ [ [ 106.85246040220602, -6.12159983414312 ], [ 106.852491581346115, -6.130641354238366 ], [ 106.861524896669735, -6.130610047357827 ], [ 106.861493565705359, -6.121568573786329 ], [ 106.85246040220602, -6.12159983414312 ] ] ] } },
{ "type": "Feature", "properties": { "id": "+705+9323", "ndbi2009": -0.066202434465224599, "ndvi2009": 0.10504405948764833, "first": 1, "grid_id": 93235000705, "sensor": "landsat7", "year": "2009", "ndvi2012": 0.082053242710890706, "ndbi2012": -0.0042824255462808464, "ndvi2015": 0.20489821724948429, "ndbi2015": -0.032445483562814723, "ndvi2018": null, "ndbi2018": null, "ndvi2021": 0.13740776944502348, "ndbi2021": -0.029379289028803251, "ndvi2024": 0.13096342295472757, "ndbi2024": -0.036220653687132058 }, "geometry": { "type": "Polygon", "coordinates": [ [ [ 106.852429269957966, -6.112558310858854 ], [ 106.85246040220602, -6.12159983414312 ], [ 106.861493565705359, -6.121568573786329 ], [ 106.861462281857627, -6.112527097007845 ], [ 106.852429269957966, -6.112558310858854 ] ] ] } },
{ "type": "Feature", "properties": { "id": "+706+9297", "ndbi2009": 0.014956329536215483, "ndvi2009": 0.30351865453418025, "first": 1, "grid_id": 92975000706, "sensor": "landsat7", "year": "2009", "ndvi2012": 0.11126195406751935, "ndbi2012": 0.025120128047277479, "ndvi2015": 0.33902506752790906, "ndbi2015": 0.029505580157985517, "ndvi2018": 0.21035153280555935, "ndbi2018": 0.038788077594265682, "ndvi2021": 0.2992301085685713, "ndbi2021": 0.058594358494985697, "ndvi2024": 0.28746160311936253, "ndbi2024": 0.061852351791853284 }, "geometry": { "type": "Polygon", "coordinates": [ [ [ 106.862290985181218, -6.347604441725463 ], [ 106.862323495364052, -6.356645833837731 ], [ 106.871360633360567, -6.356613205957617 ], [ 106.871327965649158, -6.347571860620625 ], [ 106.862290985181218, -6.347604441725463 ] ] ] } },
{ "type": "Feature", "properties": { "id": "+706+9298", "ndbi2009": 0.037202274888841202, "ndvi2009": 0.27643776545301085, "first": 1, "grid_id": 92985000706, "sensor": "landsat7", "year": "2009", "ndvi2012": 0.079347456106916084, "ndbi2012": 0.031088322830328256, "ndvi2015": 0.31824086525011808, "ndbi2015": 0.048864978496567346, "ndvi2018": 0.14881493139546367, "ndbi2018": 0.098510071722557768, "ndvi2021": 0.21678704506484792, "ndbi2021": 0.11444908648263664, "ndvi2024": 0.22587785788346082, "ndbi2024": 0.11210211378056556 }, "geometry": { "type": "Polygon", "coordinates": [ [ [ 106.862258522222803, -6.338563046289428 ], [ 106.862290985181218, -6.347604441725463 ], [ 106.871327965649158, -6.347571860620625 ], [ 106.871295345377774, -6.338530511968851 ], [ 106.862258522222803, -6.338563046289428 ] ] ] } },
{ "type": "Feature", "properties": { "id": "+706+9299", "ndbi2009": 0.058064962923526767, "ndvi2009": 0.24672796235365027, "first": 1, "grid_id": 92995000706, "sensor": "landsat7", "year": "2009", "ndvi2012": 0.059911885156350972, "ndbi2012": 0.076269252415673408, "ndvi2015": 0.30077795281129727, "ndbi2015": 0.065289291111277598, "ndvi2018": 0.12489671677163561, "ndbi2018": 0.10372245644435941, "ndvi2021": 0.1702388455470403, "ndbi2021": 0.14929959911341761, "ndvi2024": 0.16874090988262028, "ndbi2024": 0.15170003339356067 }, "geometry": { "type": "Polygon", "coordinates": [ [ [ 106.862226106470857, -6.329521647556576 ], [ 106.862258522222803, -6.338563046289428 ], [ 106.871295345377774, -6.338530511968851 ], [ 106.871262772546416, -6.329489160002293 ], [ 106.862226106470857, -6.329521647556576 ] ] ] } },
{ "type": "Feature", "properties": { "id": "+706+9300", "ndbi2009": 0.032140631988352417, "ndvi2009": 0.26189941436636677, "first": 1, "grid_id": 93005000706, "sensor": "landsat7", "year": "2009", "ndvi2012": 0.079863057007976607, "ndbi2012": 0.078485983537108298, "ndvi2015": 0.32447208773856068, "ndbi2015": 0.046393531772728064, "ndvi2018": null, "ndbi2018": null, "ndvi2021": 0.21731296427109664, "ndbi2021": 0.12488808230149979, "ndvi2024": 0.2158602030838237, "ndbi2024": 0.11760555661863228 }, "geometry": { "type": "Polygon", "coordinates": [ [ [ 106.862193737934362, -6.320480245508941 ], [ 106.862226106470857, -6.329521647556576 ], [ 106.871262772546416, -6.329489160002293 ], [ 106.871230247155097, -6.320447804729934 ], [ 106.862193737934362, -6.320480245508941 ] ] ] } },
{ "type": "Feature", "properties": { "id": "+706+9301", "ndbi2009": 0.002203647345595527, "ndvi2009": 0.28663323528598994, "first": 1, "grid_id": 93015000706, "sensor": "landsat7", "year": "2009", "ndvi2012": 0.1072497941495385, "ndbi2012": 0.055233077000593767, "ndvi2015": 0.35654405178502202, "ndbi2015": 0.013658922660397366, "ndvi2018": null, "ndbi2018": null, "ndvi2021": 0.27945163747062912, "ndbi2021": 0.046417267934884876, "ndvi2024": 0.31640845711808657, "ndbi2024": 0.029101977587060901 }, "geometry": { "type": "Polygon", "coordinates": [ [ [ 106.862161416595356, -6.311438840164489 ], [ 106.862193737934362, -6.320480245508941 ], [ 106.871230247155097, -6.320447804729934 ], [ 106.871197769203803, -6.311406446151776 ], [ 106.862161416595356, -6.311438840164489 ] ] ] } },
{ "type": "Feature", "properties": { "id": "+706+9302", "ndbi2009": 0.025760884433254309, "ndvi2009": 0.26194216164888118, "first": 1, "grid_id": 93025000706, "sensor": "landsat7", "year": "2009", "ndvi2012": 0.10447454671649373, "ndbi2012": 0.051365388630359776, "ndvi2015": 0.34154226090393813, "ndbi2015": 0.023531138495195145, "ndvi2018": null, "ndbi2018": null, "ndvi2021": 0.24400990178772045, "ndbi2021": 0.080317027063346369, "ndvi2024": 0.26486840493538799, "ndbi2024": 0.072929094600326871 }, "geometry": { "type": "Polygon", "coordinates": [ [ [ 106.86212914246282, -6.30239743152322 ], [ 106.862161416595356, -6.311438840164489 ], [ 106.871197769203803, -6.311406446151776 ], [ 106.871165338674572, -6.3023650842768 ], [ 106.86212914246282, -6.30239743152322 ] ] ] } },
{ "type": "Feature", "properties": { "id": "+706+9303", "ndbi2009": 0.05202268263799887, "ndvi2009": 0.24825964581732657, "first": 1, "grid_id": 93035000706, "sensor": "landsat7", "year": "2009", "ndvi2012": 0.11261606605029573, "ndbi2012": 0.031427376059924857, "ndvi2015": 0.32394821772388382, "ndbi2015": 0.030464225481538217, "ndvi2018": null, "ndbi2018": null, "ndvi2021": 0.18920424861066482, "ndbi2021": 0.11057457573273602, "ndvi2024": 0.20901126242151447, "ndbi2024": 0.12513217478990554 }, "geometry": { "type": "Polygon", "coordinates": [ [ [ 106.862096915518777, -6.293356019594117 ], [ 106.86212914246282, -6.30239743152322 ], [ 106.871165338674572, -6.3023650842768 ], [ 106.871132955576385, -6.293323719113991 ], [ 106.862096915518777, -6.293356019594117 ] ] ] } },
{ "type": "Feature", "properties": { "id": "+706+9304", "ndbi2009": 0.060468417177617077, "ndvi2009": 0.24669603782240304, "first": 1, "grid_id": 93045000706, "sensor": "landsat7", "year": "2009", "ndvi2012": 0.10317499155644327, "ndbi2012": 0.065630847006104887, "ndvi2015": 0.29808374261483556, "ndbi2015": 0.046216306654969237, "ndvi2018": null, "ndbi2018": null, "ndvi2021": 0.15325329743791369, "ndbi2021": 0.12958184035960585, "ndvi2024": 0.1653818100458011, "ndbi2024": 0.13923423999221998 }, "geometry": { "type": "Polygon", "coordinates": [ [ [ 106.862064735772236, -6.28431460437718 ], [ 106.862096915518777, -6.293356019594117 ], [ 106.871132955576385, -6.293323719113991 ], [ 106.87110061989128, -6.284282350663347 ], [ 106.862064735772236, -6.28431460437718 ] ] ] } },
{ "type": "Feature", "properties": { "id": "+706+9305", "ndbi2009": 0.072872217822199076, "ndvi2009": 0.23187370857016912, "first": 1, "grid_id": 93055000706, "sensor": "landsat7", "year": "2009", "ndvi2012": 0.1390894024581131, "ndbi2012": 0.07471920795635216, "ndvi2015": 0.29472580779757768, "ndbi2015": 0.056566286198277443, "ndvi2018": null, "ndbi2018": null, "ndvi2021": 0.17598467594426542, "ndbi2021": 0.1261100468950139, "ndvi2024": 0.18726635351777077, "ndbi2024": 0.12341270344849263 }, "geometry": { "type": "Polygon", "coordinates": [ [ [ 106.862032603214175, -6.275273185872408 ], [ 106.862064735772236, -6.28431460437718 ], [ 106.87110061989128, -6.284282350663347 ], [ 106.871068331628251, -6.27524097892487 ], [ 106.862032603214175, -6.275273185872408 ] ] ] } },
{ "type": "Feature", "properties": { "id": "+706+9306", "ndbi2009": 0.070999401328663239, "ndvi2009": 0.21610526135191324, "first": 1, "grid_id": 93065000706, "sensor": "landsat7", "year": "2009", "ndvi2012": 0.10154226465965621, "ndbi2012": 0.070250044751446708, "ndvi2015": 0.2655703256605193, "ndbi2015": 0.071386955620255321, "ndvi2018": null, "ndbi2018": null, "ndvi2021": 0.14202042936813089, "ndbi2021": 0.12861521606100723, "ndvi2024": 0.16969175287522378, "ndbi2024": 0.15389053488615903 }, "geometry": { "type": "Polygon", "coordinates": [ [ [ 106.862000517844635, -6.266231764097769 ], [ 106.862032603214175, -6.275273185872408 ], [ 106.871068331628251, -6.27524097892487 ], [ 106.87103609077829, -6.266199603907541 ], [ 106.862000517844635, -6.266231764097769 ] ] ] } },
{ "type": "Feature", "properties": { "id": "+706+9307", "ndbi2009": 0.058240283480571468, "ndvi2009": 0.20865516224328207, "first": 1, "grid_id": 93075000706, "sensor": "landsat7", "year": "2009", "ndvi2012": 0.044778047852656419, "ndbi2012": 0.061268192310543625, "ndvi2015": 0.25581098683908871, "ndbi2015": 0.068775396954779522, "ndvi2018": null, "ndbi2018": null, "ndvi2021": 0.14670954866736541, "ndbi2021": 0.12711191900512753, "ndvi2024": 0.16761541021805182, "ndbi2024": 0.13383062735346019 }, "geometry": { "type": "Polygon", "coordinates": [ [ [ 106.861968479654607, -6.257190339053263 ], [ 106.862000517844635, -6.266231764097769 ], [ 106.87103609077829, -6.266199603907541 ], [ 106.871003897332429, -6.257158225620346 ], [ 106.861968479654607, -6.257190339053263 ] ] ] } },
{ "type": "Feature", "properties": { "id": "+706+9308", "ndbi2009": 0.037553451592430065, "ndvi2009": 0.22797319752862677, "first": 1, "grid_id": 93085000706, "sensor": "landsat7", "year": "2009", "ndvi2012": 0.12816712679341435, "ndbi2012": 0.030473535400233231, "ndvi2015": 0.28949318861123174, "ndbi2015": 0.044952826843655203, "ndvi2018": null, "ndbi2018": null, "ndvi2021": 0.1627717261435464, "ndbi2021": 0.1071977729734499, "ndvi2024": 0.18071939150104296, "ndbi2024": 0.10334152809082298 }, "geometry": { "type": "Polygon", "coordinates": [ [ [ 106.861936488635109, -6.248148910729906 ], [ 106.861968479654607, -6.257190339053263 ], [ 106.871003897332429, -6.257158225620346 ], [ 106.870971751299649, -6.248116844063282 ], [ 106.861936488635109, -6.248148910729906 ] ] ] } },
{ "type": "Feature", "properties": { "id": "+706+9309", "ndbi2009": 0.045651409482839057, "ndvi2009": 0.22209356088264315, "first": 1, "grid_id": 93095000706, "sensor": "landsat7", "year": "2009", "ndvi2012": 0.17586963147509332, "ndbi2012": 0.035363397557361453, "ndvi2015": 0.28743498278599156, "ndbi2015": 0.045628705628070178, "ndvi2018": null, "ndbi2018": null, "ndvi2021": 0.14642628139140559, "ndbi2021": 0.083147965999794932, "ndvi2024": 0.18555902873768526, "ndbi2024": 0.11062408250336553 }, "geometry": { "type": "Polygon", "coordinates": [ [ [ 106.861904544786157, -6.239107479154647 ], [ 106.861936488635109, -6.248148910729906 ], [ 106.870971751299649, -6.248116844063282 ], [ 106.870939652661988, -6.239075459236351 ], [ 106.861904544786157, -6.239107479154647 ] ] ] } },
{ "type": "Feature", "properties": { "id": "+706+9310", "ndbi2009": 0.080671108094975352, "ndvi2009": 0.16617406764999032, "first": 1, "grid_id": 93105000706, "sensor": "landsat7", "year": "2009", "ndvi2012": 0.092575625109020621, "ndbi2012": 0.080542640062049045, "ndvi2015": 0.25246110465377569, "ndbi2015": 0.072295653400942683, "ndvi2018": null, "ndbi2018": null, "ndvi2021": 0.12418109993450344, "ndbi2021": 0.083930215449072421, "ndvi2024": 0.16600915230810639, "ndbi2024": 0.12176985898986457 }, "geometry": { "type": "Polygon", "coordinates": [ [ [ 106.861872648116716, -6.230066044309521 ], [ 106.861904544786157, -6.239107479154647 ], [ 106.870939652661988, -6.239075459236351 ], [ 106.870907601428414, -6.230034071148536 ], [ 106.861872648116716, -6.230066044309521 ] ] ] } },
{ "type": "Feature", "properties": { "id": "+706+9311", "ndbi2009": 0.081626354210724034, "ndvi2009": 0.14294142704310378, "first": 1, "grid_id": 93115000706, "sensor": "landsat7", "year": "2009", "ndvi2012": 0.055211540773569608, "ndbi2012": 0.088054455024754896, "ndvi2015": 0.22014485176388671, "ndbi2015": 0.083523763299692327, "ndvi2018": null, "ndbi2018": null, "ndvi2021": 0.10573124114101329, "ndbi2021": 0.10073601199299333, "ndvi2024": 0.14072223512206491, "ndbi2024": 0.13036013998853879 }, "geometry": { "type": "Polygon", "coordinates": [ [ [ 106.861840798599843, -6.221024606221477 ], [ 106.861872648116716, -6.230066044309521 ], [ 106.870907601428414, -6.230034071148536 ], [ 106.870875597580977, -6.220992679817802 ], [ 106.861840798599843, -6.221024606221477 ] ] ] } },
{ "type": "Feature", "properties": { "id": "+706+9312", "ndbi2009": 0.078244393283966943, "ndvi2009": 0.14776536193676293, "first": 1, "grid_id": 93125000706, "sensor": "landsat7", "year": "2009", "ndvi2012": 0.051766131733529619, "ndbi2012": 0.08617614337708801, "ndvi2015": 0.21424008609028533, "ndbi2015": 0.076846910262247548, "ndvi2018": null, "ndbi2018": null, "ndvi2021": 0.10167994789662771, "ndbi2021": 0.12674769622390161, "ndvi2024": 0.12776741353445686, "ndbi2024": 0.14317960012704134 }, "geometry": { "type": "Polygon", "coordinates": [ [ [ 106.861808996253501, -6.211983164881532 ], [ 106.861840798599843, -6.221024606221477 ], [ 106.870875597580977, -6.220992679817802 ], [ 106.870843641119677, -6.211951285226184 ], [ 106.861808996253501, -6.211983164881532 ] ] ] } },
{ "type": "Feature", "properties": { "id": "+706+9313", "ndbi2009": 0.092262309906529449, "ndvi2009": 0.14648630285964293, "first": 1, "grid_id": 93135000706, "sensor": "landsat7", "year": "2009", "ndvi2012": 0.032290923652038277, "ndbi2012": 0.10255618969015047, "ndvi2015": 0.22963299435727735, "ndbi2015": 0.078264133223131596, "ndvi2018": null, "ndbi2018": null, "ndvi2021": 0.1014233855640187, "ndbi2021": 0.15144909702095333, "ndvi2024": 0.11402120201611052, "ndbi2024": 0.15182476975754194 }, "geometry": { "type": "Polygon", "coordinates": [ [ [ 106.861777241059741, -6.202941720289685 ], [ 106.861808996253501, -6.211983164881532 ], [ 106.870843641119677, -6.211951285226184 ], [ 106.870811732053483, -6.202909887391647 ], [ 106.861777241059741, -6.202941720289685 ] ] ] } },
{ "type": "Feature", "properties": { "id": "+706+9314", "ndbi2009": 0.095454192603938295, "ndvi2009": 0.14482405979651958, "first": 1, "grid_id": 93145000706, "sensor": "landsat7", "year": "2009", "ndvi2012": 0.054738145176088444, "ndbi2012": 0.081787850562250242, "ndvi2015": 0.2223378517664969, "ndbi2015": 0.053831943587283604, "ndvi2018": null, "ndbi2018": null, "ndvi2021": 0.13159432326210665, "ndbi2021": 0.13705752592068166, "ndvi2024": 0.13965742342406884, "ndbi2024": 0.12270096165593715 }, "geometry": { "type": "Polygon", "coordinates": [ [ [ 106.861745533018549, -6.193900272463902 ], [ 106.861777241059741, -6.202941720289685 ], [ 106.870811732053483, -6.202909887391647 ], [ 106.870779870364444, -6.193868486314193 ], [ 106.861745533018549, -6.193900272463902 ] ] ] } },
{ "type": "Feature", "properties": { "id": "+706+9315", "ndbi2009": 0.090936345533997404, "ndvi2009": 0.1399449571090586, "first": 1, "grid_id": 93155000706, "sensor": "landsat7", "year": "2009", "ndvi2012": 0.10230283558953042, "ndbi2012": 0.06606102442624523, "ndvi2015": 0.1554421559268353, "ndbi2015": 0.016115970292366021, "ndvi2018": null, "ndbi2018": null, "ndvi2021": 0.15249672730763753, "ndbi2021": 0.13258672812405753, "ndvi2024": 0.1540494098967197, "ndbi2024": 0.11398872110773535 }, "geometry": { "type": "Polygon", "coordinates": [ [ [ 106.86171387212093, -6.184858821404186 ], [ 106.861745533018549, -6.193900272463902 ], [ 106.870779870364444, -6.193868486314193 ], [ 106.870748056052548, -6.18482708199382 ], [ 106.86171387212093, -6.184858821404186 ] ] ] } },
{ "type": "Feature", "properties": { "id": "+706+9316", "ndbi2009": 0.085348764259833843, "ndvi2009": 0.13970656291348857, "first": 1, "grid_id": 93165000706, "sensor": "landsat7", "year": "2009", "ndvi2012": 0.097688984315027483, "ndbi2012": 0.045103436081262771, "ndvi2015": 0.16639093609410338, "ndbi2015": 0.020938065339578312, "ndvi2018": null, "ndbi2018": null, "ndvi2021": 0.14931368528050371, "ndbi2021": 0.094903827790403725, "ndvi2024": 0.17174361436627805, "ndbi2024": 0.090393667996977456 }, "geometry": { "type": "Polygon", "coordinates": [ [ [ 106.861682258375893, -6.175817367110533 ], [ 106.86171387212093, -6.184858821404186 ], [ 106.870748056052548, -6.18482708199382 ], [ 106.870716289108827, -6.175785674448496 ], [ 106.861682258375893, -6.175817367110533 ] ] ] } },
{ "type": "Feature", "properties": { "id": "+706+9317", "ndbi2009": 0.080740807286929339, "ndvi2009": 0.13580402598017827, "first": 1, "grid_id": 93175000706, "sensor": "landsat7", "year": "2009", "ndvi2012": 0.042208121361909441, "ndbi2012": 0.053375103256257717, "ndvi2015": 0.20314604818122461, "ndbi2015": 0.050490573936258443, "ndvi2018": null, "ndbi2018": null, "ndvi2021": 0.13603647678974085, "ndbi2021": 0.07069794426206498, "ndvi2024": 0.16728208647691645, "ndbi2024": 0.071489283858682015 }, "geometry": { "type": "Polygon", "coordinates": [ [ [ 106.861650691765462, -6.16677590959193 ], [ 106.861682258375893, -6.175817367110533 ], [ 106.870716289108827, -6.175785674448496 ], [ 106.870684569542234, -6.166744263678218 ], [ 106.861650691765462, -6.16677590959193 ] ] ] } },
{ "type": "Feature", "properties": { "id": "+706+9318", "ndbi2009": 0.081885584516852516, "ndvi2009": 0.09584600387835035, "first": 1, "grid_id": 93185000706, "sensor": "landsat7", "year": "2009", "ndvi2012": 0.064479199760392597, "ndbi2012": 0.087245495588171726, "ndvi2015": 0.18256080694058363, "ndbi2015": 0.070692699446397667, "ndvi2018": null, "ndbi2018": null, "ndvi2021": 0.11383435761227327, "ndbi2021": 0.12557952234558029, "ndvi2024": 0.12084034263503318, "ndbi2024": 0.11784156829703088 }, "geometry": { "type": "Polygon", "coordinates": [ [ [ 106.861619172298603, -6.157734448857357 ], [ 106.861650691765462, -6.16677590959193 ], [ 106.870684569542234, -6.166744263678218 ], [ 106.870652897334836, -6.15770284968299 ], [ 106.861619172298603, -6.157734448857357 ] ] ] } },
{ "type": "Feature", "properties": { "id": "+706+9319", "ndbi2009": 0.049773107159126084, "ndvi2009": 0.050853533466579399, "first": 1, "grid_id": 93195000706, "sensor": "landsat7", "year": "2009", "ndvi2012": 0.09431990870507434, "ndbi2012": 0.064248014445183785, "ndvi2015": 0.20991286402568224, "ndbi2015": 0.040791610514133936, "ndvi2018": null, "ndbi2018": null, "ndvi2021": 0.1078260843642056, "ndbi2021": 0.15390230889897791, "ndvi2024": 0.11622766009531915, "ndbi2024": 0.14636387152131647 }, "geometry": { "type": "Polygon", "coordinates": [ [ [ 106.861587699957369, -6.148692984897832 ], [ 106.861619172298603, -6.157734448857357 ], [ 106.870652897334836, -6.15770284968299 ], [ 106.870621272486616, -6.148661432471793 ], [ 106.861587699957369, -6.148692984897832 ] ] ] } },
{ "type": "Feature", "properties": { "id": "+706+9320", "ndbi2009": 0.0033802170050787001, "ndvi2009": 0.070833466793684394, "first": 1, "grid_id": 93205000706, "sensor": "landsat7", "year": "2009", "ndvi2012": 0.073401758717555624, "ndbi2012": 0.021045535463182365, "ndvi2015": 0.22827185737151726, "ndbi2015": 0.010807100376205556, "ndvi2018": null, "ndbi2018": null, "ndvi2021": 0.10354705610696008, "ndbi2021": 0.095618802075292553, "ndvi2024": 0.13300349005297118, "ndbi2024": 0.10130346572282269 }, "geometry": { "type": "Polygon", "coordinates": [ [ [ 106.86155627475074, -6.139651517731322 ], [ 106.861587699957369, -6.148692984897832 ], [ 106.870621272486616, -6.148661432471793 ], [ 106.870589695006572, -6.139620012044627 ], [ 106.86155627475074, -6.139651517731322 ] ] ] } },
{ "type": "Feature", "properties": { "id": "+706+9321", "ndbi2009": -0.006242035455215956, "ndvi2009": 0.089713768451474621, "first": 1, "grid_id": 93215000706, "sensor": "landsat7", "year": "2009", "ndvi2012": 0.041428990567510475, "ndbi2012": 0.014985237623477587, "ndvi2015": 0.23533320723799989, "ndbi2015": 0.008526793427790837, "ndvi2018": null, "ndbi2018": null, "ndvi2021": 0.16393854378839026, "ndbi2021": -0.0018120135500794283, "ndvi2024": 0.17764322605216876, "ndbi2024": -0.005758297236752705 }, "geometry": { "type": "Polygon", "coordinates": [ [ [ 106.861524896669735, -6.130610047357827 ], [ 106.86155627475074, -6.139651517731322 ], [ 106.870589695006572, -6.139620012044627 ], [ 106.870558164867731, -6.130578588401493 ], [ 106.861524896669735, -6.130610047357827 ] ] ] } },
{ "type": "Feature", "properties": { "id": "+706+9322", "ndbi2009": -0.027275575668204065, "ndvi2009": 0.15231754779815673, "first": 1, "grid_id": 93225000706, "sensor": "landsat7", "year": "2009", "ndvi2012": 0.024325402059099256, "ndbi2012": 0.026619820702163614, "ndvi2015": 0.22553966810890275, "ndbi2015": 0.021477048115019562, "ndvi2018": null, "ndbi2018": null, "ndvi2021": 0.18512644013937779, "ndbi2021": 0.00066177812861461377, "ndvi2024": 0.19128198793121412, "ndbi2024": -0.0086896824486115479 }, "geometry": { "type": "Polygon", "coordinates": [ [ [ 106.861493565705359, -6.121568573786329 ], [ 106.861524896669735, -6.130610047357827 ], [ 106.870558164867731, -6.130578588401493 ], [ 106.870526682088084, -6.121537161569339 ], [ 106.861493565705359, -6.121568573786329 ] ] ] } },
{ "type": "Feature", "properties": { "id": "+706+9323", "ndbi2009": -0.030791016513830979, "ndvi2009": 0.09761284498381427, "first": 1, "grid_id": 93235000706, "sensor": "landsat7", "year": "2009", "ndvi2012": 0.025586052648577606, "ndbi2012": 0.036276531255680311, "ndvi2015": 0.16278907866217199, "ndbi2015": 0.023171245164121501, "ndvi2018": null, "ndbi2018": null, "ndvi2021": 0.092175404817680828, "ndbi2021": 0.020839621600316601, "ndvi2024": 0.11574151462991723, "ndbi2024": 0.029380695208601541 }, "geometry": { "type": "Polygon", "coordinates": [ [ [ 106.861462281857627, -6.112527097007845 ], [ 106.861493565705359, -6.121568573786329 ], [ 106.870526682088084, -6.121537161569339 ], [ 106.870495246649639, -6.1124957315302 ], [ 106.861462281857627, -6.112527097007845 ] ] ] } },
{ "type": "Feature", "properties": { "id": "+707+9296", "ndbi2009": -0.034757114311089063, "ndvi2009": 0.35505078099444953, "first": 1, "grid_id": 92965000707, "sensor": "landsat7", "year": "2009", "ndvi2012": 0.17133238483331872, "ndbi2012": 0.008314376487814917, "ndvi2015": 0.36612060683929987, "ndbi2015": 0.0059803269000467431, "ndvi2018": 0.19484422387120254, "ndbi2018": 0.066014378192182074, "ndvi2021": 0.24333747748486298, "ndbi2021": 0.097481825015323612, "ndvi2024": 0.23729488012676464, "ndbi2024": 0.11789059982506815 }, "geometry": { "type": "Polygon", "coordinates": [ [ [ 106.871360633360567, -6.356613205957617 ], [ 106.871393348520996, -6.365654547979824 ], [ 106.880430596830621, -6.365621715373656 ], [ 106.880397723908061, -6.356580420360287 ], [ 106.871360633360567, -6.356613205957617 ] ] ] } },
{ "type": "Feature", "properties": { "id": "+707+9297", "ndbi2009": -0.005666812307026702, "ndvi2009": 0.32428629056084907, "first": 1, "grid_id": 92975000707, "sensor": "landsat7", "year": "2009", "ndvi2012": 0.15670559162390418, "ndbi2012": 0.024518794387404341, "ndvi2015": 0.34446477622259408, "ndbi2015": 0.024291528341564114, "ndvi2018": 0.15432697645155713, "ndbi2018": 0.097728742017352488, "ndvi2021": 0.2212328715249896, "ndbi2021": 0.12301478726294589, "ndvi2024": 0.2234236401855014, "ndbi2024": 0.13546462527301625 }, "geometry": { "type": "Polygon", "coordinates": [ [ [ 106.871327965649158, -6.347571860620625 ], [ 106.871360633360567, -6.356613205957617 ], [ 106.880397723908061, -6.356580420360287 ], [ 106.880364898659096, -6.347539122023152 ], [ 106.871327965649158, -6.347571860620625 ] ] ] } },
{ "type": "Feature", "properties": { "id": "+707+9298", "ndbi2009": 0.033870648380880261, "ndvi2009": 0.27808709162123063, "first": 1, "grid_id": 92985000707, "sensor": "landsat7", "year": "2009", "ndvi2012": 0.12808527217483989, "ndbi2012": 0.04065920663814919, "ndvi2015": 0.33497432633942248, "ndbi2015": 0.031536137509871928, "ndvi2018": 0.14004439428156495, "ndbi2018": 0.10483633008073359, "ndvi2021": 0.2100546649273704, "ndbi2021": 0.12940465165119544, "ndvi2024": 0.21257826206730859, "ndbi2024": 0.13380417964037727 }, "geometry": { "type": "Polygon", "coordinates": [ [ [ 106.871295345377774, -6.338530511968851 ], [ 106.871327965649158, -6.347571860620625 ], [ 106.880364898659096, -6.347539122023152 ], [ 106.880332121083725, -6.338497820371233 ], [ 106.871295345377774, -6.338530511968851 ] ] ] } },
{ "type": "Feature", "properties": { "id": "+707+9299", "ndbi2009": 0.06821481030783616, "ndvi2009": 0.23719711630837995, "first": 1, "grid_id": 92995000707, "sensor": "landsat7", "year": "2009", "ndvi2012": 0.10035870010324288, "ndbi2012": 0.075012653454905376, "ndvi2015": 0.30152688338421285, "ndbi2015": 0.056145898677641519, "ndvi2018": 0.12577871200628576, "ndbi2018": 0.12015134165994824, "ndvi2021": 0.19967668101890015, "ndbi2021": 0.1389450920978561, "ndvi2024": 0.19627264112932608, "ndbi2024": 0.13611504400614646 }, "geometry": { "type": "Polygon", "coordinates": [ [ [ 106.871262772546416, -6.329489160002293 ], [ 106.871295345377774, -6.338530511968851 ], [ 106.880332121083725, -6.338497820371233 ], [ 106.880299391190931, -6.329456515395547 ], [ 106.871262772546416, -6.329489160002293 ] ] ] } },
{ "type": "Feature", "properties": { "id": "+707+9300", "ndbi2009": 0.045916049792140257, "ndvi2009": 0.26587832678342238, "first": 1, "grid_id": 93005000707, "sensor": "landsat7", "year": "2009", "ndvi2012": 0.11354052991373463, "ndbi2012": 0.05534800942405127, "ndvi2015": 0.32620774733368307, "ndbi2015": 0.040106954242219217, "ndvi2018": null, "ndbi2018": null, "ndvi2021": 0.23460761411115527, "ndbi2021": 0.094729858334176256, "ndvi2024": 0.24493854702450338, "ndbi2024": 0.090575008558971604 }, "geometry": { "type": "Polygon", "coordinates": [ [ [ 106.871230247155097, -6.320447804729934 ], [ 106.871262772546416, -6.329489160002293 ], [ 106.880299391190931, -6.329456515395547 ], [ 106.880266708953755, -6.320415207123045 ], [ 106.871230247155097, -6.320447804729934 ] ] ] } },
{ "type": "Feature", "properties": { "id": "+707+9301", "ndbi2009": 0.013769410608801992, "ndvi2009": 0.2926486916840077, "first": 1, "grid_id": 93015000707, "sensor": "landsat7", "year": "2009", "ndvi2012": 0.11382617056369781, "ndbi2012": 0.03503668395569548, "ndvi2015": 0.32733448408544069, "ndbi2015": 0.037511754839215428, "ndvi2018": null, "ndbi2018": null, "ndvi2021": 0.20045563892927018, "ndbi2021": 0.061028418684145436, "ndvi2024": 0.24435357830952853, "ndbi2024": 0.081927834873567917 }, "geometry": { "type": "Polygon", "coordinates": [ [ [ 106.871197769203803, -6.311406446151776 ], [ 106.871230247155097, -6.320447804729934 ], [ 106.880266708953755, -6.320415207123045 ], [ 106.880234074381192, -6.311373895544742 ], [ 106.871197769203803, -6.311406446151776 ] ] ] } },
{ "type": "Feature", "properties": { "id": "+707+9302", "ndbi2009": 0.023086238783948564, "ndvi2009": 0.26887220161802627, "first": 1, "grid_id": 93025000707, "sensor": "landsat7", "year": "2009", "ndvi2012": 0.1309421849601409, "ndbi2012": 0.040403964764931619, "ndvi2015": 0.32182078081018783, "ndbi2015": 0.035059393186341312, "ndvi2018": null, "ndbi2018": null, "ndvi2021": 0.17670337785692775, "ndbi2021": 0.074154428042033135, "ndvi2024": 0.22694221454508165, "ndbi2024": 0.11561877236646764 }, "geometry": { "type": "Polygon", "coordinates": [ [ [ 106.871165338674572, -6.3023650842768 ], [ 106.871197769203803, -6.311406446151776 ], [ 106.880234074381192, -6.311373895544742 ], [ 106.880201487464248, -6.302332580660639 ], [ 106.871165338674572, -6.3023650842768 ] ] ] } },
{ "type": "Feature", "properties": { "id": "+707+9303", "ndbi2009": 0.017576814531821586, "ndvi2009": 0.2747558489209041, "first": 1, "grid_id": 93035000707, "sensor": "landsat7", "year": "2009", "ndvi2012": 0.14799759371089746, "ndbi2012": 0.023250753040883865, "ndvi2015": 0.35539513896219432, "ndbi2015": 0.0038852923062222548, "ndvi2018": null, "ndbi2018": null, "ndvi2021": 0.21262534218840298, "ndbi2021": 0.074784976182854734, "ndvi2024": 0.24045121052768079, "ndbi2024": 0.092619420596747659 }, "geometry": { "type": "Polygon", "coordinates": [ [ [ 106.871132955576385, -6.293323719113991 ], [ 106.871165338674572, -6.3023650842768 ], [ 106.880201487464248, -6.302332580660639 ], [ 106.880168948202936, -6.293291262488702 ], [ 106.871132955576385, -6.293323719113991 ] ] ] } },
{ "type": "Feature", "properties": { "id": "+707+9304", "ndbi2009": 0.010461741291132367, "ndvi2009": 0.27588286057273687, "first": 1, "grid_id": 93045000707, "sensor": "landsat7", "year": "2009", "ndvi2012": 0.17173840442268026, "ndbi2012": -0.0050028191325901025, "ndvi2015": 0.35115336968805444, "ndbi2015": 0.0060763030488614079, "ndvi2018": null, "ndbi2018": null, "ndvi2021": 0.19449406225910387, "ndbi2021": 0.052525458837531208, "ndvi2024": 0.22167777156066218, "ndbi2024": 0.056485781187582684 }, "geometry": { "type": "Polygon", "coordinates": [ [ [ 106.87110061989128, -6.284282350663347 ], [ 106.871132955576385, -6.293323719113991 ], [ 106.880168948202936, -6.293291262488702 ], [ 106.880136456588275, -6.284249941028931 ], [ 106.87110061989128, -6.284282350663347 ] ] ] } },
{ "type": "Feature", "properties": { "id": "+707+9305", "ndbi2009": 0.047709448552080265, "ndvi2009": 0.24991042860623061, "first": 1, "grid_id": 93055000707, "sensor": "landsat7", "year": "2009", "ndvi2012": 0.23187647862681024, "ndbi2012": 0.017184591541687645, "ndvi2015": 0.36554008836490437, "ndbi2015": 0.0081028856508348172, "ndvi2018": null, "ndbi2018": null, "ndvi2021": 0.21983547057685263, "ndbi2021": 0.069335829309576755, "ndvi2024": 0.25133596914481382, "ndbi2024": 0.074396911551783351 }, "geometry": { "type": "Polygon", "coordinates": [ [ [ 106.871068331628251, -6.27524097892487 ], [ 106.87110061989128, -6.284282350663347 ], [ 106.880136456588275, -6.284249941028931 ], [ 106.880104012629232, -6.275208616281327 ], [ 106.871068331628251, -6.27524097892487 ] ] ] } },
{ "type": "Feature", "properties": { "id": "+707+9306", "ndbi2009": 0.074191584628002322, "ndvi2009": 0.21354507032562706, "first": 1, "grid_id": 93065000707, "sensor": "landsat7", "year": "2009", "ndvi2012": 0.14187740143023284, "ndbi2012": 0.063690813820736075, "ndvi2015": 0.31696571514886973, "ndbi2015": 0.052130886247637231, "ndvi2018": null, "ndbi2018": null, "ndvi2021": 0.19160611962570864, "ndbi2021": 0.1019263276866838, "ndvi2024": 0.23116890057629233, "ndbi2024": 0.12463071667680553 }, "geometry": { "type": "Polygon", "coordinates": [ [ [ 106.87103609077829, -6.266199603907541 ], [ 106.871068331628251, -6.27524097892487 ], [ 106.880104012629232, -6.275208616281327 ], [ 106.880071616298864, -6.266167288254871 ], [ 106.87103609077829, -6.266199603907541 ] ] ] } },
{ "type": "Feature", "properties": { "id": "+707+9307", "ndbi2009": 0.046767373853072058, "ndvi2009": 0.23181391798425469, "first": 1, "grid_id": 93075000707, "sensor": "landsat7", "year": "2009", "ndvi2012": 0.10367527845664881, "ndbi2012": 0.048896340907958795, "ndvi2015": 0.2832291439408437, "ndbi2015": 0.071359535912051811, "ndvi2018": null, "ndbi2018": null, "ndvi2021": 0.16508748347405344, "ndbi2021": 0.10900629649404438, "ndvi2024": 0.18863800831604752, "ndbi2024": 0.12520598794799301 }, "geometry": { "type": "Polygon", "coordinates": [ [ [ 106.871003897332429, -6.257158225620346 ], [ 106.87103609077829, -6.266199603907541 ], [ 106.880071616298864, -6.266167288254871 ], [ 106.880039267615146, -6.257125956949564 ], [ 106.871003897332429, -6.257158225620346 ] ] ] } },
{ "type": "Feature", "properties": { "id": "+707+9308", "ndbi2009": 0.010066735518037105, "ndvi2009": 0.26082501878925402, "first": 1, "grid_id": 93085000707, "sensor": "landsat7", "year": "2009", "ndvi2012": 0.18978570699691771, "ndbi2012": -0.00020815972604003481, "ndvi2015": 0.33468199944963645, "ndbi2015": 0.022581873198642455, "ndvi2018": null, "ndbi2018": null, "ndvi2021": 0.19828021310123745, "ndbi2021": 0.057924460626992524, "ndvi2024": 0.25094229894525866, "ndbi2024": 0.053481003838390405 }, "geometry": { "type": "Polygon", "coordinates": [ [ [ 106.870971751299649, -6.248116844063282 ], [ 106.871003897332429, -6.257158225620346 ], [ 106.880039267615146, -6.257125956949564 ], [ 106.880006966560089, -6.24808462237439 ], [ 106.870971751299649, -6.248116844063282 ] ] ] } },
{ "type": "Feature", "properties": { "id": "+707+9309", "ndbi2009": 0.030300261776574185, "ndvi2009": 0.22969470097450537, "first": 1, "grid_id": 93095000707, "sensor": "landsat7", "year": "2009", "ndvi2012": 0.19797609734814614, "ndbi2012": 0.010373153905675283, "ndvi2015": 0.34154715272597969, "ndbi2015": -0.0045242726246215162, "ndvi2018": null, "ndbi2018": null, "ndvi2021": 0.17470790137303993, "ndbi2021": 0.061691510323726106, "ndvi2024": 0.24305297911632806, "ndbi2024": 0.055234440244930745 }, "geometry": { "type": "Polygon", "coordinates": [ [ [ 106.870939652661988, -6.239075459236351 ], [ 106.870971751299649, -6.248116844063282 ], [ 106.880006966560089, -6.24808462237439 ], [ 106.879974713142701, -6.239043284538331 ], [ 106.870939652661988, -6.239075459236351 ] ] ] } },
{ "type": "Feature", "properties": { "id": "+707+9310", "ndbi2009": 0.066663994917682573, "ndvi2009": 0.1830457189503838, "first": 1, "grid_id": 93105000707, "sensor": "landsat7", "year": "2009", "ndvi2012": 0.16150276867636279, "ndbi2012": 0.042818908422600985, "ndvi2015": 0.29126338783432454, "ndbi2015": 0.027259319438142519, "ndvi2018": null, "ndbi2018": null, "ndvi2021": 0.20953874824678198, "ndbi2021": 0.045902497321367267, "ndvi2024": 0.2476340328945833, "ndbi2024": 0.049830247929283221 }, "geometry": { "type": "Polygon", "coordinates": [ [ [ 106.870907601428414, -6.230034071148536 ], [ 106.870939652661988, -6.239075459236351 ], [ 106.879974713142701, -6.239043284538331 ], [ 106.879942507345007, -6.230001943432405 ], [ 106.870907601428414, -6.230034071148536 ] ] ] } },
{ "type": "Feature", "properties": { "id": "+707+9311", "ndbi2009": 0.073039329377934351, "ndvi2009": 0.16507617989554998, "first": 1, "grid_id": 93115000707, "sensor": "landsat7", "year": "2009", "ndvi2012": 0.11167098622536288, "ndbi2012": 0.064571675902698189, "ndvi2015": 0.25693340459838515, "ndbi2015": 0.053884436842054129, "ndvi2018": null, "ndbi2018": null, "ndvi2021": 0.1919368808157742, "ndbi2021": 0.043867232045158744, "ndvi2024": 0.23631170252338049, "ndbi2024": 0.075897028262261301 }, "geometry": { "type": "Polygon", "coordinates": [ [ [ 106.870875597580977, -6.220992679817802 ], [ 106.870907601428414, -6.230034071148536 ], [ 106.879942507345007, -6.230001943432405 ], [ 106.879910349167005, -6.220960599074577 ], [ 106.870875597580977, -6.220992679817802 ] ] ] } },
{ "type": "Feature", "properties": { "id": "+707+9312", "ndbi2009": 0.077109234873205437, "ndvi2009": 0.15586583875119683, "first": 1, "grid_id": 93125000707, "sensor": "landsat7", "year": "2009", "ndvi2012": 0.093842945643700659, "ndbi2012": 0.088837368180975318, "ndvi2015": 0.21981574455276134, "ndbi2015": 0.073649866390042007, "ndvi2018": null, "ndbi2018": null, "ndvi2021": 0.097811845131218433, "ndbi2021": 0.12929722503758967, "ndvi2024": 0.13282386609353125, "ndbi2024": 0.16674156719818711 }, "geometry": { "type": "Polygon", "coordinates": [ [ [ 106.870843641119677, -6.211951285226184 ], [ 106.870875597580977, -6.220992679817802 ], [ 106.879910349167005, -6.220960599074577 ], [ 106.879878238608697, -6.211919251464849 ], [ 106.870843641119677, -6.211951285226184 ] ] ] } },
{ "type": "Feature", "properties": { "id": "+707+9313", "ndbi2009": 0.054257308870700051, "ndvi2009": 0.19888237469336567, "first": 1, "grid_id": 93135000707, "sensor": "landsat7", "year": "2009", "ndvi2012": 0.12493369618759437, "ndbi2012": 0.060871777190443351, "ndvi2015": 0.28674635618340738, "ndbi2015": 0.038142807197337064, "ndvi2018": null, "ndbi2018": null, "ndvi2021": 0.15153180512727477, "ndbi2021": 0.13527027909077849, "ndvi2024": 0.15844002193679996, "ndbi2024": 0.14475634536322424 }, "geometry": { "type": "Polygon", "coordinates": [ [ [ 106.870811732053483, -6.202909887391647 ], [ 106.870843641119677, -6.211951285226184 ], [ 106.879878238608697, -6.211919251464849 ], [ 106.8798461756611, -6.202877900603219 ], [ 106.870811732053483, -6.202909887391647 ] ] ] } },
{ "type": "Feature", "properties": { "id": "+707+9314", "ndbi2009": 0.024921456311858492, "ndvi2009": 0.24402935069520029, "first": 1, "grid_id": 93145000707, "sensor": "landsat7", "year": "2009", "ndvi2012": 0.096662679759901934, "ndbi2012": 0.03965061341659748, "ndvi2015": 0.29062366078142077, "ndbi2015": -0.012182368292997126, "ndvi2018": null, "ndbi2018": null, "ndvi2021": 0.18792320013744759, "ndbi2021": 0.097542003088165075, "ndvi2024": 0.18174298910889772, "ndbi2024": 0.085141191055299714 }, "geometry": { "type": "Polygon", "coordinates": [ [ [ 106.870779870364444, -6.193868486314193 ], [ 106.870811732053483, -6.202909887391647 ], [ 106.8798461756611, -6.202877900603219 ], [ 106.879814160333197, -6.19383654649867 ], [ 106.870779870364444, -6.193868486314193 ] ] ] } },
{ "type": "Feature", "properties": { "id": "+707+9315", "ndbi2009": 0.028857695705750412, "ndvi2009": 0.21348759222264385, "first": 1, "grid_id": 93155000707, "sensor": "landsat7", "year": "2009", "ndvi2012": 0.087371852205080147, "ndbi2012": 0.055043150236209232, "ndvi2015": 0.21757295371270646, "ndbi2015": 0.013770195885616192, "ndvi2018": null, "ndbi2018": null, "ndvi2021": 0.15201986268454909, "ndbi2021": 0.11410577159886268, "ndvi2024": 0.14145376173888935, "ndbi2024": 0.09115173024874107 }, "geometry": { "type": "Polygon", "coordinates": [ [ [ 106.870748056052548, -6.18482708199382 ], [ 106.870779870364444, -6.193868486314193 ], [ 106.879814160333197, -6.19383654649867 ], [ 106.879782192598029, -6.184795189160186 ], [ 106.870748056052548, -6.18482708199382 ] ] ] } },
{ "type": "Feature", "properties": { "id": "+707+9316", "ndbi2009": 0.038180809628101997, "ndvi2009": 0.18829185166396203, "first": 1, "grid_id": 93165000707, "sensor": "landsat7", "year": "2009", "ndvi2012": 0.083807505143340677, "ndbi2012": 0.043756385377491824, "ndvi2015": 0.2203119796467945, "ndbi2015": 0.016409123287303377, "ndvi2018": null, "ndbi2018": null, "ndvi2021": 0.17418043641373515, "ndbi2021": 0.070237286556221079, "ndvi2024": 0.19346236495766791, "ndbi2024": 0.062157206491974648 }, "geometry": { "type": "Polygon", "coordinates": [ [ [ 106.870716289108827, -6.175785674448496 ], [ 106.870748056052548, -6.18482708199382 ], [ 106.879782192598029, -6.184795189160186 ], [ 106.879750272473586, -6.175753828587768 ], [ 106.870716289108827, -6.175785674448496 ] ] ] } },
{ "type": "Feature", "properties": { "id": "+707+9317", "ndbi2009": 0.032746253931146906, "ndvi2009": 0.11350032729720037, "first": 1, "grid_id": 93175000707, "sensor": "landsat7", "year": "2009", "ndvi2012": 0.093962494049250611, "ndbi2012": 0.0041226974329141176, "ndvi2015": 0.22103824800863039, "ndbi2015": 0.010275788095552386, "ndvi2018": null, "ndbi2018": null, "ndvi2021": 0.22626978528546535, "ndbi2021": -0.017450086886107215, "ndvi2024": 0.28292495704541992, "ndbi2024": -0.022859189245028524 }, "geometry": { "type": "Polygon", "coordinates": [ [ [ 106.870684569542234, -6.166744263678218 ], [ 106.870716289108827, -6.175785674448496 ], [ 106.879750272473586, -6.175753828587768 ], [ 106.879718399941879, -6.166712464781415 ], [ 106.870684569542234, -6.166744263678218 ] ] ] } },
{ "type": "Feature", "properties": { "id": "+707+9318", "ndbi2009": 0.047595421718142461, "ndvi2009": 0.072281638931599446, "first": 1, "grid_id": 93185000707, "sensor": "landsat7", "year": "2009", "ndvi2012": 0.10899801112100251, "ndbi2012": 0.012752013644785619, "ndvi2015": 0.22878828941611573, "ndbi2015": 0.031742663239128888, "ndvi2018": null, "ndbi2018": null, "ndvi2021": 0.17940947870374657, "ndbi2021": 0.036523548566037789, "ndvi2024": 0.21446399076376108, "ndbi2024": 0.034018027683487155 }, "geometry": { "type": "Polygon", "coordinates": [ [ [ 106.870652897334836, -6.15770284968299 ], [ 106.870684569542234, -6.166744263678218 ], [ 106.879718399941879, -6.166712464781415 ], [ 106.879686575002907, -6.157671097759093 ], [ 106.870652897334836, -6.15770284968299 ] ] ] } },
{ "type": "Feature", "properties": { "id": "+707+9319", "ndbi2009": 0.048781925607837881, "ndvi2009": 0.11379086117387986, "first": 1, "grid_id": 93195000707, "sensor": "landsat7", "year": "2009", "ndvi2012": 0.12157255037158143, "ndbi2012": 0.018810884610694995, "ndvi2015": 0.22674605127643138, "ndbi2015": 0.023931978147604741, "ndvi2018": null, "ndbi2018": null, "ndvi2021": 0.12645455002784728, "ndbi2021": 0.095876336915820259, "ndvi2024": 0.13754723820031856, "ndbi2024": 0.096473977729385957 }, "geometry": { "type": "Polygon", "coordinates": [ [ [ 106.870621272486616, -6.148661432471793 ], [ 106.870652897334836, -6.15770284968299 ], [ 106.879686575002907, -6.157671097759093 ], [ 106.879654797656684, -6.148629727511818 ], [ 106.870621272486616, -6.148661432471793 ] ] ] } },
{ "type": "Feature", "properties": { "id": "+707+9320", "ndbi2009": 0.020825189945753664, "ndvi2009": 0.081870526890270412, "first": 1, "grid_id": 93205000707, "sensor": "landsat7", "year": "2009", "ndvi2012": 0.12101357139181346, "ndbi2012": 0.020017292976262979, "ndvi2015": 0.19515323429368436, "ndbi2015": 0.046810412020931835, "ndvi2018": null, "ndbi2018": null, "ndvi2021": 0.114533597137779, "ndbi2021": 0.07973216520622374, "ndvi2024": 0.14062669721897691, "ndbi2024": 0.093190665182191879 }, "geometry": { "type": "Polygon", "coordinates": [ [ [ 106.870589695006572, -6.139620012044627 ], [ 106.870621272486616, -6.148661432471793 ], [ 106.879654797656684, -6.148629727511818 ], [ 106.879623067903211, -6.139588354048576 ], [ 106.870589695006572, -6.139620012044627 ] ] ] } },
{ "type": "Feature", "properties": { "id": "+707+9321", "ndbi2009": 0.02633293326578888, "ndvi2009": 0.078261825325442291, "first": 1, "grid_id": 93215000707, "sensor": "landsat7", "year": "2009", "ndvi2012": 0.024792830543775183, "ndbi2012": 0.076319157098438228, "ndvi2015": 0.16651660870103274, "ndbi2015": 0.086726324667460192, "ndvi2018": null, "ndbi2018": null, "ndvi2021": 0.10413672722437803, "ndbi2021": 0.1042023564086241, "ndvi2024": 0.12351562161655986, "ndbi2024": 0.1220893592226739 }, "geometry": { "type": "Polygon", "coordinates": [ [ [ 106.870558164867731, -6.130578588401493 ], [ 106.870589695006572, -6.139620012044627 ], [ 106.879623067903211, -6.139588354048576 ], [ 106.879591385715528, -6.130546977378348 ], [ 106.870558164867731, -6.130578588401493 ] ] ] } },
{ "type": "Feature", "properties": { "id": "+707+9322", "ndbi2009": 0.024943645159695663, "ndvi2009": 0.11970139946423325, "first": 1, "grid_id": 93225000707, "sensor": "landsat7", "year": "2009", "ndvi2012": -0.011954389428537267, "ndbi2012": 0.095752886171434431, "ndvi2015": 0.16633323244020048, "ndbi2015": 0.090611741178687311, "ndvi2018": null, "ndbi2018": null, "ndvi2021": 0.1038955513753143, "ndbi2021": 0.12441094693015603, "ndvi2024": 0.12065122881356408, "ndbi2024": 0.13631389725442028 }, "geometry": { "type": "Polygon", "coordinates": [ [ [ 106.870526682088084, -6.121537161569339 ], [ 106.870558164867731, -6.130578588401493 ], [ 106.879591385715528, -6.130546977378348 ], [ 106.879559751120595, -6.121505597501134 ], [ 106.870526682088084, -6.121537161569339 ] ] ] } },
{ "type": "Feature", "properties": { "id": "+707+9323", "ndbi2009": 0.050793371562446864, "ndvi2009": 0.10333033350009219, "first": 1, "grid_id": 93235000707, "sensor": "landsat7", "year": "2009", "ndvi2012": 0.0084061503788470313, "ndbi2012": 0.081627312459443727, "ndvi2015": 0.1589139474177719, "ndbi2015": 0.068982124636720002, "ndvi2018": null, "ndbi2018": null, "ndvi2021": 0.08818838129142173, "ndbi2021": 0.087848463979780786, "ndvi2024": 0.11150954960656344, "ndbi2024": 0.10193132250954894 }, "geometry": { "type": "Polygon", "coordinates": [ [ [ 106.870495246649639, -6.1124957315302 ], [ 106.870526682088084, -6.121537161569339 ], [ 106.879559751120595, -6.121505597501134 ], [ 106.879528164091454, -6.112464214425917 ], [ 106.870495246649639, -6.1124957315302 ] ] ] } },
{ "type": "Feature", "properties": { "id": "+707+9324", "ndbi2009": 0.031252462156819844, "ndvi2009": 0.025493892872670908, "first": 1, "grid_id": 93245000707, "sensor": "landsat7", "year": "2009", "ndvi2012": -0.019329702855913705, "ndbi2012": 0.033151860257505252, "ndvi2015": 0.086723946372293081, "ndbi2015": 0.043085708187998457, "ndvi2018": null, "ndbi2018": null, "ndvi2021": 0.039080619882300202, "ndbi2021": 0.024326755958697141, "ndvi2024": 0.060347918266395337, "ndbi2024": 0.037997740721505767 }, "geometry": { "type": "Polygon", "coordinates": [ [ [ 106.870463858552412, -6.103454298293058 ], [ 106.870495246649639, -6.1124957315302 ], [ 106.879528164091454, -6.112464214425917 ], [ 106.879496624637085, -6.103422828152699 ], [ 106.870463858552412, -6.103454298293058 ] ] ] } },
{ "type": "Feature", "properties": { "id": "+708+9295", "ndbi2009": -0.08817567900843816, "ndvi2009": 0.42532077268378377, "first": 1, "grid_id": 92955000708, "sensor": "landsat7", "year": "2009", "ndvi2012": 0.20448124204596427, "ndbi2012": -0.0094581502681113285, "ndvi2015": 0.43320931269697949, "ndbi2015": -0.046894220864936102, "ndvi2018": 0.27061381976898402, "ndbi2018": 0.00089444044007830467, "ndvi2021": 0.34007772395055591, "ndbi2021": 0.025980352468737592, "ndvi2024": 0.32153083935175858, "ndbi2024": 0.027239236304510948 }, "geometry": { "type": "Polygon", "coordinates": [ [ [ 106.880430596830621, -6.365621715373656 ], [ 106.880463517435757, -6.374663007063259 ], [ 106.889500876040529, -6.374629969290863 ], [ 106.889467797448688, -6.365588724825695 ], [ 106.880430596830621, -6.365621715373656 ] ] ] } },
{ "type": "Feature", "properties": { "id": "+708+9296", "ndbi2009": -0.063853061816189438, "ndvi2009": 0.39813050255179405, "first": 1, "grid_id": 92965000708, "sensor": "landsat7", "year": "2009", "ndvi2012": 0.23285170830786228, "ndbi2012": -0.0065264764925814242, "ndvi2015": 0.41333841532468796, "ndbi2015": -0.039048796112183488, "ndvi2018": 0.24656882439740005, "ndbi2018": 0.0091513897532422579, "ndvi2021": 0.30971536296419805, "ndbi2021": 0.036873332341201603, "ndvi2024": 0.30474398867227137, "ndbi2024": 0.036543324713420589 }, "geometry": { "type": "Polygon", "coordinates": [ [ [ 106.880397723908061, -6.356580420360287 ], [ 106.880430596830621, -6.365621715373656 ], [ 106.889467797448688, -6.365588724825695 ], [ 106.889434766772979, -6.356547477045744 ], [ 106.880397723908061, -6.356580420360287 ] ] ] } },
{ "type": "Feature", "properties": { "id": "+708+9297", "ndbi2009": -0.030331207541968878, "ndvi2009": 0.36123529850967284, "first": 1, "grid_id": 92975000708, "sensor": "landsat7", "year": "2009", "ndvi2012": 0.23412212430257495, "ndbi2012": -0.0024370898778630955, "ndvi2015": 0.38865935473930174, "ndbi2015": -0.024836189432553651, "ndvi2018": 0.22327184096330732, "ndbi2018": 0.025534299964004557, "ndvi2021": 0.29906344542822499, "ndbi2021": 0.038131610952376382, "ndvi2024": 0.31014202805015983, "ndbi2024": 0.035757406048227365 }, "geometry": { "type": "Polygon", "coordinates": [ [ [ 106.880364898659096, -6.347539122023152 ], [ 106.880397723908061, -6.356580420360287 ], [ 106.889434766772979, -6.356547477045744 ], [ 106.889401783995453, -6.347506225933043 ], [ 106.880364898659096, -6.347539122023152 ] ] ] } },
{ "type": "Feature", "properties": { "id": "+708+9298", "ndbi2009": -0.023072810163284885, "ndvi2009": 0.3541867466410622, "first": 1, "grid_id": 92985000708, "sensor": "landsat7", "year": "2009", "ndvi2012": 0.13899008659063838, "ndbi2012": 0.037251569643558469, "ndvi2015": 0.36791151447687298, "ndbi2015": 0.0018162017877330074, "ndvi2018": 0.19961304223397744, "ndbi2018": 0.039198137681523804, "ndvi2021": 0.28895050036953762, "ndbi2021": 0.043018324744480183, "ndvi2024": 0.2964192196377553, "ndbi2024": 0.048526209382544046 }, "geometry": { "type": "Polygon", "coordinates": [ [ [ 106.880332121083725, -6.338497820371233 ], [ 106.880364898659096, -6.347539122023152 ], [ 106.889401783995453, -6.347506225933043 ], [ 106.889368849134058, -6.338464971505559 ], [ 106.880332121083725, -6.338497820371233 ] ] ] } },
{ "type": "Feature", "properties": { "id": "+708+9299", "ndbi2009": 0.00090960646048188199, "ndvi2009": 0.31628016784088686, "first": 1, "grid_id": 92995000708, "sensor": "landsat7", "year": "2009", "ndvi2012": 0.16210403901641257, "ndbi2012": 0.035111206151668739, "ndvi2015": 0.36698621790856117, "ndbi2015": 0.0023912656033644466, "ndvi2018": 0.19232721738517283, "ndbi2018": 0.025640626926906405, "ndvi2021": 0.26816901756683365, "ndbi2021": 0.047183265516650863, "ndvi2024": 0.28351152502000332, "ndbi2024": 0.046832087457005393 }, "geometry": { "type": "Polygon", "coordinates": [ [ [ 106.880299391190931, -6.329456515395547 ], [ 106.880332121083725, -6.338497820371233 ], [ 106.889368849134058, -6.338464971505559 ], [ 106.889335962161852, -6.32942371376329 ], [ 106.880299391190931, -6.329456515395547 ] ] ] } },
{ "type": "Feature", "properties": { "id": "+708+9300", "ndbi2009": -0.017603417376385013, "ndvi2009": 0.33253041447377674, "first": 1, "grid_id": 93005000708, "sensor": "landsat7", "year": "2009", "ndvi2012": 0.18362715840339658, "ndbi2012": 0.021456027562346526, "ndvi2015": 0.39785548320003583, "ndbi2015": -0.012188154926943572, "ndvi2018": null, "ndbi2018": null, "ndvi2021": 0.23019689245551242, "ndbi2021": 0.081080257600429001, "ndvi2024": 0.24545975607984205, "ndbi2024": 0.082156182416513859 }, "geometry": { "type": "Polygon", "coordinates": [ [ [ 106.880266708953755, -6.320415207123045 ], [ 106.880299391190931, -6.329456515395547 ], [ 106.889335962161852, -6.32942371376329 ], [ 106.889303123078818, -6.32038245270624 ], [ 106.880266708953755, -6.320415207123045 ] ] ] } },
{ "type": "Feature", "properties": { "id": "+708+9301", "ndbi2009": -0.017005114879793837, "ndvi2009": 0.32421375799458474, "first": 1, "grid_id": 93015000708, "sensor": "landsat7", "year": "2009", "ndvi2012": 0.13563235520268793, "ndbi2012": 0.028816736790759027, "ndvi2015": 0.36147950123995537, "ndbi2015": 0.011854565472958713, "ndvi2018": null, "ndbi2018": null, "ndvi2021": 0.18486251018475741, "ndbi2021": 0.070112969260662794, "ndvi2024": 0.22795060119824481, "ndbi2024": 0.08776897846837528 }, "geometry": { "type": "Polygon", "coordinates": [ [ [ 106.880234074381192, -6.311373895544742 ], [ 106.880266708953755, -6.320415207123045 ], [ 106.889303123078818, -6.32038245270624 ], [ 106.889270331893968, -6.311341188343389 ], [ 106.880234074381192, -6.311373895544742 ] ] ] } },
{ "type": "Feature", "properties": { "id": "+708+9302", "ndbi2009": -0.03371102314122254, "ndvi2009": 0.3262753892922774, "first": 1, "grid_id": 93025000708, "sensor": "landsat7", "year": "2009", "ndvi2012": 0.18000988120911643, "ndbi2012": 0.0021772003565274653, "ndvi2015": 0.36817865946795791, "ndbi2015": -0.00048570091894362501, "ndvi2018": null, "ndbi2018": null, "ndvi2021": 0.22517125424928966, "ndbi2021": 0.02675287966849282, "ndvi2024": 0.29610152955865482, "ndbi2024": 0.044136833079392097 }, "geometry": { "type": "Polygon", "coordinates": [ [ [ 106.880201487464248, -6.302332580660639 ], [ 106.880234074381192, -6.311373895544742 ], [ 106.889270331893968, -6.311341188343389 ], [ 106.88923758859832, -6.302299920683719 ], [ 106.880201487464248, -6.302332580660639 ] ] ] } },
{ "type": "Feature", "properties": { "id": "+708+9303", "ndbi2009": -0.017027333454892098, "ndvi2009": 0.31475510752618546, "first": 1, "grid_id": 93035000708, "sensor": "landsat7", "year": "2009", "ndvi2012": 0.20417871653801734, "ndbi2012": -0.011877824365730299, "ndvi2015": 0.39982807531894882, "ndbi2015": -0.02372550367874162, "ndvi2018": null, "ndbi2018": null, "ndvi2021": 0.26467859855189863, "ndbi2021": 0.018874709722712813, "ndvi2024": 0.32986688208023396, "ndbi2024": 0.034578167655820516 }, "geometry": { "type": "Polygon", "coordinates": [ [ [ 106.880168948202936, -6.293291262488702 ], [ 106.880201487464248, -6.302332580660639 ], [ 106.88923758859832, -6.302299920683719 ], [ 106.88920489318285, -6.293258649736217 ], [ 106.880168948202936, -6.293291262488702 ] ] ] } },
{ "type": "Feature", "properties": { "id": "+708+9304", "ndbi2009": -0.0307298707881235, "ndvi2009": 0.34647741726881953, "first": 1, "grid_id": 93045000708, "sensor": "landsat7", "year": "2009", "ndvi2012": 0.21516324278577278, "ndbi2012": -0.022885868031343362, "ndvi2015": 0.43809358043537733, "ndbi2015": -0.03825947493704146, "ndvi2018": null, "ndbi2018": null, "ndvi2021": 0.24801155654810861, "ndbi2021": 0.019162442794764086, "ndvi2024": 0.32218629755209549, "ndbi2024": 0.032668715608971464 }, "geometry": { "type": "Polygon", "coordinates": [ [ [ 106.880136456588275, -6.284249941028931 ], [ 106.880168948202936, -6.293291262488702 ], [ 106.88920489318285, -6.293258649736217 ], [ 106.8891722456476, -6.284217375482914 ], [ 106.880136456588275, -6.284249941028931 ] ] ] } },
{ "type": "Feature", "properties": { "id": "+708+9305", "ndbi2009": -0.024539726611007662, "ndvi2009": 0.37930542090359853, "first": 1, "grid_id": 93055000708, "sensor": "landsat7", "year": "2009", "ndvi2012": 0.23056311005470798, "ndbi2012": -0.0053125652612424357, "ndvi2015": 0.50480877266210666, "ndbi2015": -0.07518743238612717, "ndvi2018": null, "ndbi2018": null, "ndvi2021": 0.33349287474856659, "ndbi2021": -0.02263230779299549, "ndvi2024": 0.44877619194049462, "ndbi2024": -0.032968670977096937 }, "geometry": { "type": "Polygon", "coordinates": [ [ [ 106.880104012629232, -6.275208616281327 ], [ 106.880136456588275, -6.284249941028931 ], [ 106.8891722456476, -6.284217375482914 ], [ 106.889139645983576, -6.27517609795076 ], [ 106.880104012629232, -6.275208616281327 ] ] ] } },
{ "type": "Feature", "properties": { "id": "+708+9306", "ndbi2009": 0.033483162927715221, "ndvi2009": 0.29958445868071387, "first": 1, "grid_id": 93065000708, "sensor": "landsat7", "year": "2009", "ndvi2012": 0.21016665388848266, "ndbi2012": 0.0362460080315085, "ndvi2015": 0.41045471908999426, "ndbi2015": -0.0030957250326287492, "ndvi2018": null, "ndbi2018": null, "ndvi2021": 0.28015206800956355, "ndbi2021": 0.020324783333960702, "ndvi2024": 0.36606592939180488, "ndbi2024": 0.033807644773932062 }, "geometry": { "type": "Polygon", "coordinates": [ [ [ 106.880071616298864, -6.266167288254871 ], [ 106.880104012629232, -6.275208616281327 ], [ 106.889139645983576, -6.27517609795076 ], [ 106.889107094190763, -6.266134817139756 ], [ 106.880071616298864, -6.266167288254871 ] ] ] } },
{ "type": "Feature", "properties": { "id": "+708+9307", "ndbi2009": 0.021958401761366986, "ndvi2009": 0.28989371930947533, "first": 1, "grid_id": 93075000708, "sensor": "landsat7", "year": "2009", "ndvi2012": 0.26519183105847338, "ndbi2012": 0.0051925206462328788, "ndvi2015": 0.38759738474618649, "ndbi2015": 0.011621158322668634, "ndvi2018": null, "ndbi2018": null, "ndvi2021": 0.27333363785874104, "ndbi2021": 0.028478717998950746, "ndvi2024": 0.33628838905133313, "ndbi2024": 0.047971222338674124 }, "geometry": { "type": "Polygon", "coordinates": [ [ [ 106.880039267615146, -6.257125956949564 ], [ 106.880071616298864, -6.266167288254871 ], [ 106.889107094190763, -6.266134817139756 ], [ 106.889074590260194, -6.257093533049901 ], [ 106.880039267615146, -6.257125956949564 ] ] ] } },
{ "type": "Feature", "properties": { "id": "+708+9308", "ndbi2009": -0.032834909589705516, "ndvi2009": 0.35124810127650996, "first": 1, "grid_id": 93085000708, "sensor": "landsat7", "year": "2009", "ndvi2012": 0.32528528863308481, "ndbi2012": -0.052316785198362442, "ndvi2015": 0.45092324404155509, "ndbi2015": -0.045229678396500793, "ndvi2018": null, "ndbi2018": null, "ndvi2021": 0.34098649720350904, "ndbi2021": -0.039577931706227511, "ndvi2024": 0.46810711078784045, "ndbi2024": -0.050937808354330413 }, "geometry": { "type": "Polygon", "coordinates": [ [ [ 106.880006966560089, -6.24808462237439 ], [ 106.880039267615146, -6.257125956949564 ], [ 106.889074590260194, -6.257093533049901 ], [ 106.889042134200835, -6.248052245681195 ], [ 106.880006966560089, -6.24808462237439 ] ] ] } },
{ "type": "Feature", "properties": { "id": "+708+9309", "ndbi2009": 0.00012203010555822517, "ndvi2009": 0.29815072298515588, "first": 1, "grid_id": 93095000708, "sensor": "landsat7", "year": "2009", "ndvi2012": 0.262256053625606, "ndbi2012": -0.018685251314309429, "ndvi2015": 0.37728902976959944, "ndbi2015": -0.027750770506827394, "ndvi2018": null, "ndbi2018": null, "ndvi2021": 0.25247440743260086, "ndbi2021": 0.037842717851162895, "ndvi2024": 0.3448363917414099, "ndbi2024": 0.027165517132743847 }, "geometry": { "type": "Polygon", "coordinates": [ [ [ 106.879974713142701, -6.239043284538331 ], [ 106.880006966560089, -6.24808462237439 ], [ 106.889042134200835, -6.248052245681195 ], [ 106.88900972599474, -6.239010955051604 ], [ 106.879974713142701, -6.239043284538331 ] ] ] } },
{ "type": "Feature", "properties": { "id": "+708+9310", "ndbi2009": 0.049144418391526917, "ndvi2009": 0.21366338385086431, "first": 1, "grid_id": 93105000708, "sensor": "landsat7", "year": "2009", "ndvi2012": 0.19658348460992175, "ndbi2012": 0.027797312494002135, "ndvi2015": 0.27938839501025631, "ndbi2015": 0.018050645974775154, "ndvi2018": null, "ndbi2018": null, "ndvi2021": 0.17834864346420062, "ndbi2021": 0.11542898092199774, "ndvi2024": 0.19946368693136701, "ndbi2024": 0.12285597574915372 }, "geometry": { "type": "Polygon", "coordinates": [ [ [ 106.879942507345007, -6.230001943432405 ], [ 106.879974713142701, -6.239043284538331 ], [ 106.88900972599474, -6.239010955051604 ], [ 106.888977365641907, -6.22996966116113 ], [ 106.879942507345007, -6.230001943432405 ] ] ] } },
{ "type": "Feature", "properties": { "id": "+708+9311", "ndbi2009": 0.060943077492993325, "ndvi2009": 0.19051366206258535, "first": 1, "grid_id": 93115000708, "sensor": "landsat7", "year": "2009", "ndvi2012": 0.17832171579357234, "ndbi2012": 0.048050079363747493, "ndvi2015": 0.26269179914379492, "ndbi2015": 0.032523398593184538, "ndvi2018": null, "ndbi2018": null, "ndvi2021": 0.16901353758294135, "ndbi2021": 0.079064328980166465, "ndvi2024": 0.20188776944996789, "ndbi2024": 0.10527373995137167 }, "geometry": { "type": "Polygon", "coordinates": [ [ [ 106.879910349167005, -6.220960599074577 ], [ 106.879942507345007, -6.230001943432405 ], [ 106.888977365641907, -6.22996966116113 ], [ 106.888945053142322, -6.220928364000788 ], [ 106.879910349167005, -6.220960599074577 ] ] ] } },
{ "type": "Feature", "properties": { "id": "+708+9312", "ndbi2009": 0.08529069600260164, "ndvi2009": 0.16388357677093643, "first": 1, "grid_id": 93125000708, "sensor": "landsat7", "year": "2009", "ndvi2012": 0.14849553896686224, "ndbi2012": 0.073713436253427522, "ndvi2015": 0.22608489478666952, "ndbi2015": 0.05554832220370845, "ndvi2018": null, "ndbi2018": null, "ndvi2021": 0.11763534375180408, "ndbi2021": 0.11206166947803159, "ndvi2024": 0.14925606023725563, "ndbi2024": 0.13757428509278563 }, "geometry": { "type": "Polygon", "coordinates": [ [ [ 106.879878238608697, -6.211919251464849 ], [ 106.879910349167005, -6.220960599074577 ], [ 106.888945053142322, -6.220928364000788 ], [ 106.888912788487005, -6.211887063597526 ], [ 106.879878238608697, -6.211919251464849 ] ] ] } },
{ "type": "Feature", "properties": { "id": "+708+9313", "ndbi2009": 0.07057340515893884, "ndvi2009": 0.19011912681162357, "first": 1, "grid_id": 93135000708, "sensor": "landsat7", "year": "2009", "ndvi2012": 0.15084229689091444, "ndbi2012": 0.057520317059243091, "ndvi2015": 0.21592949004843828, "ndbi2015": 0.043375342153012753, "ndvi2018": null, "ndbi2018": null, "ndvi2021": 0.17856982676312327, "ndbi2021": 0.12667561206035316, "ndvi2024": 0.1742067283485085, "ndbi2024": 0.12273960676975548 }, "geometry": { "type": "Polygon", "coordinates": [ [ [ 106.8798461756611, -6.202877900603219 ], [ 106.879878238608697, -6.211919251464849 ], [ 106.888912788487005, -6.211887063597526 ], [ 106.888880571666988, -6.202845759942365 ], [ 106.8798461756611, -6.202877900603219 ] ] ] } },
{ "type": "Feature", "properties": { "id": "+708+9314", "ndbi2009": 0.036590533331036568, "ndvi2009": 0.23113238916677586, "first": 1, "grid_id": 93145000708, "sensor": "landsat7", "year": "2009", "ndvi2012": 0.10670675135710661, "ndbi2012": 0.04843376654328084, "ndvi2015": 0.19557691543709999, "ndbi2015": 0.011762719243472698, "ndvi2018": null, "ndbi2018": null, "ndvi2021": 0.18946552218175403, "ndbi2021": 0.10730557590723039, "ndvi2024": 0.17176621655623117, "ndbi2024": 0.08059966508664336 }, "geometry": { "type": "Polygon", "coordinates": [ [ [ 106.879814160333197, -6.19383654649867 ], [ 106.8798461756611, -6.202877900603219 ], [ 106.888880571666988, -6.202845759942365 ], [ 106.888848402691238, -6.193804453044285 ], [ 106.879814160333197, -6.19383654649867 ] ] ] } },
{ "type": "Feature", "properties": { "id": "+708+9315", "ndbi2009": 0.044392279167368549, "ndvi2009": 0.20772662229137495, "first": 1, "grid_id": 93155000708, "sensor": "landsat7", "year": "2009", "ndvi2012": 0.079636207083240151, "ndbi2012": 0.039051471940183546, "ndvi2015": 0.20724689023336398, "ndbi2015": 0.0012064412112522402, "ndvi2018": null, "ndbi2018": null, "ndvi2021": 0.12907030229689553, "ndbi2021": 0.1129225848126225, "ndvi2024": 0.13010656539699994, "ndbi2024": 0.094062526186462492 }, "geometry": { "type": "Polygon", "coordinates": [ [ [ 106.879782192598029, -6.184795189160186 ], [ 106.879814160333197, -6.19383654649867 ], [ 106.888848402691238, -6.193804453044285 ], [ 106.888816281550774, -6.184763142903286 ], [ 106.879782192598029, -6.184795189160186 ] ] ] } },
{ "type": "Feature", "properties": { "id": "+708+9316", "ndbi2009": 0.037408467677339692, "ndvi2009": 0.19565593635334688, "first": 1, "grid_id": 93165000708, "sensor": "landsat7", "year": "2009", "ndvi2012": 0.10525876635722087, "ndbi2012": 0.014598141820626515, "ndvi2015": 0.24383384719783185, "ndbi2015": -0.0070845937758099806, "ndvi2018": null, "ndbi2018": null, "ndvi2021": 0.15505517884796743, "ndbi2021": 0.077123718391008234, "ndvi2024": 0.18744778472418877, "ndbi2024": 0.078319435774841725 }, "geometry": { "type": "Polygon", "coordinates": [ [ [ 106.879750272473586, -6.175753828587768 ], [ 106.879782192598029, -6.184795189160186 ], [ 106.888816281550774, -6.184763142903286 ], [ 106.888784208236615, -6.175721829528353 ], [ 106.879750272473586, -6.175753828587768 ] ] ] } },
{ "type": "Feature", "properties": { "id": "+708+9317", "ndbi2009": -0.0058308259947352789, "ndvi2009": 0.202549504727358, "first": 1, "grid_id": 93175000708, "sensor": "landsat7", "year": "2009", "ndvi2012": 0.18214966301457028, "ndbi2012": -0.032587870346105781, "ndvi2015": 0.29081768321339041, "ndbi2015": -0.015377673320472242, "ndvi2018": null, "ndbi2018": null, "ndvi2021": 0.21516929275821894, "ndbi2021": 0.0073376963919145038, "ndvi2024": 0.28202991175930947, "ndbi2024": 0.0069276926624297639 }, "geometry": { "type": "Polygon", "coordinates": [ [ [ 106.879718399941879, -6.166712464781415 ], [ 106.879750272473586, -6.175753828587768 ], [ 106.888784208236615, -6.175721829528353 ], [ 106.888752182757742, -6.166680512919484 ], [ 106.879718399941879, -6.166712464781415 ] ] ] } },
{ "type": "Feature", "properties": { "id": "+708+9318", "ndbi2009": -0.00091469510152819588, "ndvi2009": 0.18330955921555872, "first": 1, "grid_id": 93185000708, "sensor": "landsat7", "year": "2009", "ndvi2012": 0.16015826712828132, "ndbi2012": -0.016715320060029629, "ndvi2015": 0.31555426714476204, "ndbi2015": -0.03117348728119396, "ndvi2018": null, "ndbi2018": null, "ndvi2021": 0.24899249390000477, "ndbi2021": -0.0041082528696279059, "ndvi2024": 0.30041208682814613, "ndbi2024": -0.0024767930444795625 }, "geometry": { "type": "Polygon", "coordinates": [ [ [ 106.879686575002907, -6.157671097759093 ], [ 106.879718399941879, -6.166712464781415 ], [ 106.888752182757742, -6.166680512919484 ], [ 106.888720205087211, -6.157639193085664 ], [ 106.879686575002907, -6.157671097759093 ] ] ] } },
{ "type": "Feature", "properties": { "id": "+708+9319", "ndbi2009": -0.00065931939501680421, "ndvi2009": 0.17095211317726208, "first": 1, "grid_id": 93195000708, "sensor": "landsat7", "year": "2009", "ndvi2012": 0.092466566346439655, "ndbi2012": 0.012319828191881668, "ndvi2015": 0.24525083835218467, "ndbi2015": -0.011968033855744433, "ndvi2018": null, "ndbi2018": null, "ndvi2021": 0.23698521069451872, "ndbi2021": 0.019400630946106771, "ndvi2024": 0.24991610768963307, "ndbi2024": 0.023854622159007133 }, "geometry": { "type": "Polygon", "coordinates": [ [ [ 106.879654797656684, -6.148629727511818 ], [ 106.879686575002907, -6.157671097759093 ], [ 106.888720205087211, -6.157639193085664 ], [ 106.888688275242998, -6.148597870035875 ], [ 106.879654797656684, -6.148629727511818 ] ] ] } },
{ "type": "Feature", "properties": { "id": "+708+9320", "ndbi2009": 0.0086259676536428725, "ndvi2009": 0.1416103451847448, "first": 1, "grid_id": 93205000708, "sensor": "landsat7", "year": "2009", "ndvi2012": 0.11192724964348599, "ndbi2012": 0.02346180286440358, "ndvi2015": 0.17765248852083459, "ndbi2015": 0.052631661623308901, "ndvi2018": null, "ndbi2018": null, "ndvi2021": 0.14458863448817283, "ndbi2021": 0.077463474735850454, "ndvi2024": 0.15646895865211263, "ndbi2024": 0.082245810539461686 }, "geometry": { "type": "Polygon", "coordinates": [ [ [ 106.879623067903211, -6.139588354048576 ], [ 106.879654797656684, -6.148629727511818 ], [ 106.888688275242998, -6.148597870035875 ], [ 106.888656393216095, -6.139556543761134 ], [ 106.879623067903211, -6.139588354048576 ] ] ] } },
{ "type": "Feature", "properties": { "id": "+708+9321", "ndbi2009": 0.056556921751767977, "ndvi2009": 0.11763177954537027, "first": 1, "grid_id": 93215000708, "sensor": "landsat7", "year": "2009", "ndvi2012": 0.034322929119362557, "ndbi2012": 0.081748378159953089, "ndvi2015": 0.1554320474465688, "ndbi2015": 0.0998112914608974, "ndvi2018": null, "ndbi2018": null, "ndvi2021": 0.086790570879683782, "ndbi2021": 0.13851989522284153, "ndvi2024": 0.095966006289510158, "ndbi2024": 0.14032380277035283 }, "geometry": { "type": "Polygon", "coordinates": [ [ [ 106.879591385715528, -6.130546977378348 ], [ 106.879623067903211, -6.139588354048576 ], [ 106.888656393216095, -6.139556543761134 ], [ 106.888624558988553, -6.130515214279407 ], [ 106.879591385715528, -6.130546977378348 ] ] ] } },
{ "type": "Feature", "properties": { "id": "+708+9322", "ndbi2009": 0.072449186613084748, "ndvi2009": 0.12315094424411654, "first": 1, "grid_id": 93225000708, "sensor": "landsat7", "year": "2009", "ndvi2012": 0.026761757922940888, "ndbi2012": 0.092895613517612205, "ndvi2015": 0.16123057506047192, "ndbi2015": 0.085956562135834247, "ndvi2018": null, "ndbi2018": null, "ndvi2021": 0.092177622020244598, "ndbi2021": 0.14170940197072923, "ndvi2024": 0.10292470955755562, "ndbi2024": 0.14984286553226411 }, "geometry": { "type": "Polygon", "coordinates": [ [ [ 106.879559751120595, -6.121505597501134 ], [ 106.879591385715528, -6.130546977378348 ], [ 106.888624558988553, -6.130515214279407 ], [ 106.888592772578335, -6.121473881590695 ], [ 106.879559751120595, -6.121505597501134 ] ] ] } },
{ "type": "Feature", "properties": { "id": "+708+9323", "ndbi2009": 0.074700654643337902, "ndvi2009": 0.13184004476884514, "first": 1, "grid_id": 93235000708, "sensor": "landsat7", "year": "2009", "ndvi2012": 0.034924007136089147, "ndbi2012": 0.08109378614803639, "ndvi2015": 0.16272572877099706, "ndbi2015": 0.056240859386293737, "ndvi2018": null, "ndbi2018": null, "ndvi2021": 0.10896800149504732, "ndbi2021": 0.091225214640022576, "ndvi2024": 0.14739215288324223, "ndbi2024": 0.10513212160574019 }, "geometry": { "type": "Polygon", "coordinates": [ [ [ 106.879528164091454, -6.112464214425917 ], [ 106.879559751120595, -6.121505597501134 ], [ 106.888592772578335, -6.121473881590695 ], [ 106.888561033967463, -6.112432545703981 ], [ 106.879528164091454, -6.112464214425917 ] ] ] } },
{ "type": "Feature", "properties": { "id": "+708+9324", "ndbi2009": 0.052003228284564676, "ndvi2009": 0.091310012515853439, "first": 1, "grid_id": 93245000708, "sensor": "landsat7", "year": "2009", "ndvi2012": -0.027081611206499386, "ndbi2012": 0.045069405173554143, "ndvi2015": 0.099929778949887152, "ndbi2015": 0.031777887995920927, "ndvi2018": null, "ndbi2018": null, "ndvi2021": 0.06173261851072312, "ndbi2021": 0.041589090549478347, "ndvi2024": 0.098419094348655034, "ndbi2024": 0.058067141502511271 }, "geometry": { "type": "Polygon", "coordinates": [ [ [ 106.879496624637085, -6.103422828152699 ], [ 106.879528164091454, -6.112464214425917 ], [ 106.888561033967463, -6.112432545703981 ], [ 106.888529343146971, -6.103391206619264 ], [ 106.879496624637085, -6.103422828152699 ] ] ] } },
{ "type": "Feature", "properties": { "id": "+709+9295", "ndbi2009": -0.12352777568294721, "ndvi2009": 0.46811754146919532, "first": 1, "grid_id": 92955000709, "sensor": "landsat7", "year": "2009", "ndvi2012": 0.30557822249829769, "ndbi2012": -0.057956968389643239, "ndvi2015": 0.50749609268763474, "ndbi2015": -0.094070047934484827, "ndvi2018": 0.35495999696500158, "ndbi2018": -0.064565390971598816, "ndvi2021": 0.47785780535024758, "ndbi2021": -0.096561854534015487, "ndvi2024": 0.51364615165135441, "ndbi2024": -0.09325702917104696 }, "geometry": { "type": "Polygon", "coordinates": [ [ [ 106.889467797448688, -6.365588724825695 ], [ 106.889500876040529, -6.374629969290863 ], [ 106.898538186738151, -6.374596773343113 ], [ 106.898504950168586, -6.365555576335941 ], [ 106.889467797448688, -6.365588724825695 ] ] ] } },
{ "type": "Feature", "properties": { "id": "+709+9296", "ndbi2009": -0.11756117834764369, "ndvi2009": 0.46316401140362606, "first": 1, "grid_id": 92965000709, "sensor": "landsat7", "year": "2009", "ndvi2012": 0.37793518965150796, "ndbi2012": -0.072043986879654381, "ndvi2015": 0.50225174053042543, "ndbi2015": -0.088504704949902563, "ndvi2018": 0.35180540978908537, "ndbi2018": -0.042011500081485686, "ndvi2021": 0.45628753281107137, "ndbi2021": -0.0738616246072685, "ndvi2024": 0.49823144206813741, "ndbi2024": -0.068882337988664707 }, "geometry": { "type": "Polygon", "coordinates": [ [ [ 106.889434766772979, -6.356547477045744 ], [ 106.889467797448688, -6.365588724825695 ], [ 106.898504950168586, -6.365555576335941 ], [ 106.898471761730747, -6.356514376005004 ], [ 106.889434766772979, -6.356547477045744 ] ] ] } },
{ "type": "Feature", "properties": { "id": "+709+9297", "ndbi2009": -0.074719211959745749, "ndvi2009": 0.41798608889803296, "first": 1, "grid_id": 92975000709, "sensor": "landsat7", "year": "2009", "ndvi2012": 0.38315550261177128, "ndbi2012": -0.055853562167612836, "ndvi2015": 0.43518184125423437, "ndbi2015": -0.046422219675150707, "ndvi2018": 0.26501162303611636, "ndbi2018": 0.033745048076525563, "ndvi2021": 0.32273030560463667, "ndbi2021": 0.030989654245786372, "ndvi2024": 0.32884016726166015, "ndbi2024": 0.038561301968002226 }, "geometry": { "type": "Polygon", "coordinates": [ [ [ 106.889401783995453, -6.347506225933043 ], [ 106.889434766772979, -6.356547477045744 ], [ 106.898471761730747, -6.356514376005004 ], [ 106.898438621433627, -6.347473172350298 ], [ 106.889401783995453, -6.347506225933043 ] ] ] } },
{ "type": "Feature", "properties": { "id": "+709+9298", "ndbi2009": -0.037284511519828811, "ndvi2009": 0.36835011793300515, "first": 1, "grid_id": 92985000709, "sensor": "landsat7", "year": "2009", "ndvi2012": 0.24193441425450146, "ndbi2012": -0.014581572329916526, "ndvi2015": 0.38885081652551895, "ndbi2015": -0.015037106830277482, "ndvi2018": 0.22123512858524919, "ndbi2018": 0.050583805510541424, "ndvi2021": 0.27606135373935109, "ndbi2021": 0.070761046401457861, "ndvi2024": 0.26230874797329307, "ndbi2024": 0.074773559972527451 }, "geometry": { "type": "Polygon", "coordinates": [ [ [ 106.889368849134058, -6.338464971505559 ], [ 106.889401783995453, -6.347506225933043 ], [ 106.898438621433627, -6.347473172350298 ], [ 106.898405529268246, -6.338431965371828 ], [ 106.889368849134058, -6.338464971505559 ] ] ] } },
{ "type": "Feature", "properties": { "id": "+709+9299", "ndbi2009": -0.046157878469310548, "ndvi2009": 0.38283422098440278, "first": 1, "grid_id": 92995000709, "sensor": "landsat7", "year": "2009", "ndvi2012": 0.15855627574172673, "ndbi2012": 0.0019868781297084164, "ndvi2015": 0.4018119328162249, "ndbi2015": -0.02128504505198376, "ndvi2018": 0.2246073273010552, "ndbi2018": 0.026805699092801661, "ndvi2021": 0.30656555002810904, "ndbi2021": 0.040922491040592097, "ndvi2024": 0.31269815271975943, "ndbi2024": 0.040837089326597895 }, "geometry": { "type": "Polygon", "coordinates": [ [ [ 106.889335962161852, -6.32942371376329 ], [ 106.889368849134058, -6.338464971505559 ], [ 106.898405529268246, -6.338431965371828 ], [ 106.898372485234589, -6.329390755078573 ], [ 106.889335962161852, -6.32942371376329 ] ] ] } },
{ "type": "Feature", "properties": { "id": "+709+9300", "ndbi2009": -0.056938618030471844, "ndvi2009": 0.40509104216471314, "first": 1, "grid_id": 93005000709, "sensor": "landsat7", "year": "2009", "ndvi2012": 0.22818584417109375, "ndbi2012": -0.023488011477638793, "ndvi2015": 0.42647287389263511, "ndbi2015": -0.03410071610164777, "ndvi2018": null, "ndbi2018": null, "ndvi2021": 0.2995833475724794, "ndbi2021": 0.032448524777919367, "ndvi2024": 0.33431995013961574, "ndbi2024": 0.035026644080062397 }, "geometry": { "type": "Polygon", "coordinates": [ [ [ 106.889303123078818, -6.32038245270624 ], [ 106.889335962161852, -6.32942371376329 ], [ 106.898372485234589, -6.329390755078573 ], [ 106.898339489323689, -6.320349541479518 ], [ 106.889303123078818, -6.32038245270624 ] ] ] } },
{ "type": "Feature", "properties": { "id": "+709+9301", "ndbi2009": -0.043606510120298488, "ndvi2009": 0.37146433675661683, "first": 1, "grid_id": 93015000709, "sensor": "landsat7", "year": "2009", "ndvi2012": 0.27707111596828327, "ndbi2012": -0.056782925585139317, "ndvi2015": 0.42449095286428928, "ndbi2015": -0.039099924944366642, "ndvi2018": null, "ndbi2018": null, "ndvi2021": 0.28351177182048559, "ndbi2021": 0.0083511393290791602, "ndvi2024": 0.35017837421037251, "ndbi2024": 0.028601171321497532 }, "geometry": { "type": "Polygon", "coordinates": [ [ [ 106.889270331893968, -6.311341188343389 ], [ 106.889303123078818, -6.32038245270624 ], [ 106.898339489323689, -6.320349541479518 ], [ 106.898306541526551, -6.31130832456568 ], [ 106.889270331893968, -6.311341188343389 ] ] ] } },
{ "type": "Feature", "properties": { "id": "+709+9302", "ndbi2009": -0.043435604475876861, "ndvi2009": 0.3462842764807682, "first": 1, "grid_id": 93025000709, "sensor": "landsat7", "year": "2009", "ndvi2012": 0.20541200766376419, "ndbi2012": -0.025300014113970828, "ndvi2015": 0.42053861758288213, "ndbi2015": -0.04937768885317971, "ndvi2018": null, "ndbi2018": null, "ndvi2021": 0.29239253612125621, "ndbi2021": -0.0090611311136836233, "ndvi2024": 0.37963000769708671, "ndbi2024": -0.0062934053331321366 }, "geometry": { "type": "Polygon", "coordinates": [ [ [ 106.88923758859832, -6.302299920683719 ], [ 106.889270331893968, -6.311341188343389 ], [ 106.898306541526551, -6.31130832456568 ], [ 106.898273641852171, -6.302267104355025 ], [ 106.88923758859832, -6.302299920683719 ] ] ] } },
{ "type": "Feature", "properties": { "id": "+709+9303", "ndbi2009": -0.03130460465359243, "ndvi2009": 0.35137676954683328, "first": 1, "grid_id": 93035000709, "sensor": "landsat7", "year": "2009", "ndvi2012": 0.12606504026593435, "ndbi2012": 0.040962550608027309, "ndvi2015": 0.38509321295552779, "ndbi2015": -0.016290291387122117, "ndvi2018": null, "ndbi2018": null, "ndvi2021": 0.27596024889498949, "ndbi2021": 0.012385045217039684, "ndvi2024": 0.33273046856953037, "ndbi2024": 0.018598265299159623 }, "geometry": { "type": "Polygon", "coordinates": [ [ [ 106.88920489318285, -6.293258649736217 ], [ 106.88923758859832, -6.302299920683719 ], [ 106.898273641852171, -6.302267104355025 ], [ 106.898240790282571, -6.29322588083857 ], [ 106.88920489318285, -6.293258649736217 ] ] ] } },
{ "type": "Feature", "properties": { "id": "+709+9304", "ndbi2009": -0.098272884593825438, "ndvi2009": 0.47419970855116844, "first": 1, "grid_id": 93045000709, "sensor": "landsat7", "year": "2009", "ndvi2012": 0.22803705267142504, "ndbi2012": 0.00080959290789905708, "ndvi2015": 0.42213195620570332, "ndbi2015": -0.021920400897215583, "ndvi2018": null, "ndbi2018": null, "ndvi2021": 0.31503235537093127, "ndbi2021": -0.00050173698400612649, "ndvi2024": 0.38811929675284768, "ndbi2024": 0.014477278193226088 }, "geometry": { "type": "Polygon", "coordinates": [ [ [ 106.8891722456476, -6.284217375482914 ], [ 106.88920489318285, -6.293258649736217 ], [ 106.898240790282571, -6.29322588083857 ], [ 106.898207986826733, -6.28418465403428 ], [ 106.8891722456476, -6.284217375482914 ] ] ] } },
{ "type": "Feature", "properties": { "id": "+709+9305", "ndbi2009": -0.12572316008747791, "ndvi2009": 0.5237069987783245, "first": 1, "grid_id": 93055000709, "sensor": "landsat7", "year": "2009", "ndvi2012": 0.35686780412991842, "ndbi2012": -0.07099678779349608, "ndvi2015": 0.55599326993904863, "ndbi2015": -0.11375268104613995, "ndvi2018": null, "ndbi2018": null, "ndvi2021": 0.44552824438786975, "ndbi2021": -0.083111813606000409, "ndvi2024": 0.5874946984590268, "ndbi2024": -0.10329417557108636 }, "geometry": { "type": "Polygon", "coordinates": [ [ [ 106.889139645983576, -6.27517609795076 ], [ 106.8891722456476, -6.284217375482914 ], [ 106.898207986826733, -6.28418465403428 ], [ 106.898175231466695, -6.275143423942156 ], [ 106.889139645983576, -6.27517609795076 ] ] ] } },
{ "type": "Feature", "properties": { "id": "+709+9306", "ndbi2009": -0.048411096806376008, "ndvi2009": 0.41506617097184062, "first": 1, "grid_id": 93065000709, "sensor": "landsat7", "year": "2009", "ndvi2012": 0.35561315808445215, "ndbi2012": -0.042941172228893258, "ndvi2015": 0.53256104094907641, "ndbi2015": -0.096383111551403985, "ndvi2018": null, "ndbi2018": null, "ndvi2021": 0.39806699752807612, "ndbi2021": -0.063772046589292586, "ndvi2024": 0.51853185566142201, "ndbi2024": -0.065868573437910527 }, "geometry": { "type": "Polygon", "coordinates": [ [ [ 106.889107094190763, -6.266134817139756 ], [ 106.889139645983576, -6.27517609795076 ], [ 106.898175231466695, -6.275143423942156 ], [ 106.898142524211437, -6.266102190571182 ], [ 106.889107094190763, -6.266134817139756 ] ] ] } },
{ "type": "Feature", "properties": { "id": "+709+9307", "ndbi2009": -0.037494481818787027, "ndvi2009": 0.3840235421470567, "first": 1, "grid_id": 93075000709, "sensor": "landsat7", "year": "2009", "ndvi2012": 0.32101304870025782, "ndbi2012": -0.0049570402678321395, "ndvi2015": 0.44139110936838033, "ndbi2015": -0.025114606996523396, "ndvi2018": null, "ndbi2018": null, "ndvi2021": 0.36499923257266775, "ndbi2021": -0.039175045665572672, "ndvi2024": 0.44086002812666047, "ndbi2024": -0.022336954418935025 }, "geometry": { "type": "Polygon", "coordinates": [ [ [ 106.889074590260194, -6.257093533049901 ], [ 106.889107094190763, -6.266134817139756 ], [ 106.898142524211437, -6.266102190571182 ], [ 106.898109865042997, -6.257060953921357 ], [ 106.889074590260194, -6.257093533049901 ] ] ] } },
{ "type": "Feature", "properties": { "id": "+709+9308", "ndbi2009": -0.09211858311391552, "ndvi2009": 0.42848184797912836, "first": 1, "grid_id": 93085000709, "sensor": "landsat7", "year": "2009", "ndvi2012": 0.300856469781138, "ndbi2012": -0.042727162450319156, "ndvi2015": 0.43822947319131345, "ndbi2015": -0.023219387865538014, "ndvi2018": null, "ndbi2018": null, "ndvi2021": 0.37628898560069507, "ndbi2021": -0.042295017236028798, "ndvi2024": 0.50804376276209962, "ndbi2024": -0.052432598291488823 }, "geometry": { "type": "Polygon", "coordinates": [ [ [ 106.889042134200835, -6.248052245681195 ], [ 106.889074590260194, -6.257093533049901 ], [ 106.898109865042997, -6.257060953921357 ], [ 106.898077253979352, -6.248019713992681 ], [ 106.889042134200835, -6.248052245681195 ] ] ] } },
{ "type": "Feature", "properties": { "id": "+709+9309", "ndbi2009": -0.041887942131827859, "ndvi2009": 0.34487780835114273, "first": 1, "grid_id": 93095000709, "sensor": "landsat7", "year": "2009", "ndvi2012": 0.21861121695415647, "ndbi2012": -0.019230295096834504, "ndvi2015": 0.39499714129111346, "ndbi2015": -0.021387995061848093, "ndvi2018": null, "ndbi2018": null, "ndvi2021": 0.27637002906378577, "ndbi2021": 0.025475810672722615, "ndvi2024": 0.36937990726209158, "ndbi2024": 0.022811400744260531 }, "geometry": { "type": "Polygon", "coordinates": [ [ [ 106.88900972599474, -6.239010955051604 ], [ 106.889042134200835, -6.248052245681195 ], [ 106.898077253979352, -6.248019713992681 ], [ 106.89804469099353, -6.238978470794138 ], [ 106.88900972599474, -6.239010955051604 ] ] ] } },
{ "type": "Feature", "properties": { "id": "+709+9310", "ndbi2009": 0.028805109439417723, "ndvi2009": 0.23473343928344548, "first": 1, "grid_id": 93105000709, "sensor": "landsat7", "year": "2009", "ndvi2012": 0.18414199445396662, "ndbi2012": 0.026009932356828361, "ndvi2015": 0.3169078105129301, "ndbi2015": 0.021068222022222475, "ndvi2018": null, "ndbi2018": null, "ndvi2021": 0.21468256541993472, "ndbi2021": 0.080459103861358017, "ndvi2024": 0.23353863728698346, "ndbi2024": 0.10346533317351714 }, "geometry": { "type": "Polygon", "coordinates": [ [ [ 106.888977365641907, -6.22996966116113 ], [ 106.88900972599474, -6.239010955051604 ], [ 106.89804469099353, -6.238978470794138 ], [ 106.898012176085544, -6.22993722433471 ], [ 106.888977365641907, -6.22996966116113 ] ] ] } },
{ "type": "Feature", "properties": { "id": "+709+9311", "ndbi2009": 0.06299682455319984, "ndvi2009": 0.19502411291879765, "first": 1, "grid_id": 93115000709, "sensor": "landsat7", "year": "2009", "ndvi2012": 0.17637379379833446, "ndbi2012": 0.061286596851605993, "ndvi2015": 0.26784575739327598, "ndbi2015": 0.055009772760026596, "ndvi2018": null, "ndbi2018": null, "ndvi2021": 0.17907430751650943, "ndbi2021": 0.072042292765542582, "ndvi2024": 0.20792555721367106, "ndbi2024": 0.11500792859816084 }, "geometry": { "type": "Polygon", "coordinates": [ [ [ 106.888945053142322, -6.220928364000788 ], [ 106.888977365641907, -6.22996966116113 ], [ 106.898012176085544, -6.22993722433471 ], [ 106.897979709264376, -6.220895974614398 ], [ 106.888945053142322, -6.220928364000788 ] ] ] } },
{ "type": "Feature", "properties": { "id": "+709+9312", "ndbi2009": 0.077986693169805221, "ndvi2009": 0.18085714307380837, "first": 1, "grid_id": 93125000709, "sensor": "landsat7", "year": "2009", "ndvi2012": 0.1391012964013498, "ndbi2012": 0.07486052879539784, "ndvi2015": 0.19814541644882411, "ndbi2015": 0.060584398568607867, "ndvi2018": null, "ndbi2018": null, "ndvi2021": 0.12216651334892958, "ndbi2021": 0.10564658715156838, "ndvi2024": 0.15373699489282444, "ndbi2024": 0.14124651136808095 }, "geometry": { "type": "Polygon", "coordinates": [ [ [ 106.888912788487005, -6.211887063597526 ], [ 106.888945053142322, -6.220928364000788 ], [ 106.897979709264376, -6.220895974614398 ], [ 106.897947290512064, -6.211854721633201 ], [ 106.888912788487005, -6.211887063597526 ] ] ] } },
{ "type": "Feature", "properties": { "id": "+709+9313", "ndbi2009": 0.062378508227993727, "ndvi2009": 0.19490478525403884, "first": 1, "grid_id": 93135000709, "sensor": "landsat7", "year": "2009", "ndvi2012": 0.14136189667624421, "ndbi2012": 0.059305641872924746, "ndvi2015": 0.17367178382119167, "ndbi2015": 0.029354717795285975, "ndvi2018": null, "ndbi2018": null, "ndvi2021": 0.1674366285733413, "ndbi2021": 0.12538569871685468, "ndvi2024": 0.17746076249750331, "ndbi2024": 0.12257727165706454 }, "geometry": { "type": "Polygon", "coordinates": [ [ [ 106.888880571666988, -6.202845759942365 ], [ 106.888912788487005, -6.211887063597526 ], [ 106.897947290512064, -6.211854721633201 ], [ 106.897914919837575, -6.202813465409086 ], [ 106.888880571666988, -6.202845759942365 ] ] ] } },
{ "type": "Feature", "properties": { "id": "+709+9314", "ndbi2009": 0.052327395099050864, "ndvi2009": 0.20058139626886332, "first": 1, "grid_id": 93145000709, "sensor": "landsat7", "year": "2009", "ndvi2012": 0.1525450702975778, "ndbi2012": 0.045935175129595926, "ndvi2015": 0.19224819593569811, "ndbi2015": 0.025643577572761797, "ndvi2018": null, "ndbi2018": null, "ndvi2021": 0.15890545248985288, "ndbi2021": 0.099719319857803052, "ndvi2024": 0.17420037710199171, "ndbi2024": 0.10865236617186491 }, "geometry": { "type": "Polygon", "coordinates": [ [ [ 106.888848402691238, -6.193804453044285 ], [ 106.888880571666988, -6.202845759942365 ], [ 106.897914919837575, -6.202813465409086 ], [ 106.897882597222974, -6.19377220593307 ], [ 106.888848402691238, -6.193804453044285 ] ] ] } },
{ "type": "Feature", "properties": { "id": "+709+9315", "ndbi2009": 0.039534772979095571, "ndvi2009": 0.20239432714879513, "first": 1, "grid_id": 93155000709, "sensor": "landsat7", "year": "2009", "ndvi2012": 0.10687506780959664, "ndbi2012": 0.038888970273546881, "ndvi2015": 0.17665453371591869, "ndbi2015": -0.0026124774303752916, "ndvi2018": null, "ndbi2018": null, "ndvi2021": 0.13220339827239516, "ndbi2021": 0.070880563580431044, "ndvi2024": 0.18538041622377932, "ndbi2024": 0.09493793046567589 }, "geometry": { "type": "Polygon", "coordinates": [ [ [ 106.888816281550774, -6.184763142903286 ], [ 106.888848402691238, -6.193804453044285 ], [ 106.897882597222974, -6.19377220593307 ], [ 106.897850322668219, -6.184730943214135 ], [ 106.888816281550774, -6.184763142903286 ] ] ] } },
{ "type": "Feature", "properties": { "id": "+709+9316", "ndbi2009": 0.019543068544532846, "ndvi2009": 0.21390766933852551, "first": 1, "grid_id": 93165000709, "sensor": "landsat7", "year": "2009", "ndvi2012": 0.1003306643635619, "ndbi2012": 0.028992402426642826, "ndvi2015": 0.17441900708511765, "ndbi2015": -0.019384980990606194, "ndvi2018": null, "ndbi2018": null, "ndvi2021": 0.16659703990992378, "ndbi2021": 0.034695338140077449, "ndvi2024": 0.2179278285480013, "ndbi2024": 0.054791334271430972 }, "geometry": { "type": "Polygon", "coordinates": [ [ [ 106.888784208236615, -6.175721829528353 ], [ 106.888816281550774, -6.184763142903286 ], [ 106.897850322668219, -6.184730943214135 ], [ 106.89781809618232, -6.175689677261265 ], [ 106.888784208236615, -6.175721829528353 ] ] ] } },
{ "type": "Feature", "properties": { "id": "+709+9317", "ndbi2009": 0.0035466317993950729, "ndvi2009": 0.2109409820404835, "first": 1, "grid_id": 93175000709, "sensor": "landsat7", "year": "2009", "ndvi2012": 0.16111840886878781, "ndbi2012": 0.0040994071359818918, "ndvi2015": 0.23572192504070696, "ndbi2015": -0.0042251410013705026, "ndvi2018": null, "ndbi2018": null, "ndvi2021": 0.16957733657909557, "ndbi2021": 0.031195634368486939, "ndvi2024": 0.20889767160406336, "ndbi2024": 0.040080573386148899 }, "geometry": { "type": "Polygon", "coordinates": [ [ [ 106.888752182757742, -6.166680512919484 ], [ 106.888784208236615, -6.175721829528353 ], [ 106.89781809618232, -6.175689677261265 ], [ 106.897785917747314, -6.166648408083444 ], [ 106.888752182757742, -6.166680512919484 ] ] ] } },
{ "type": "Feature", "properties": { "id": "+709+9318", "ndbi2009": -0.0042525367594991375, "ndvi2009": 0.19431759833585557, "first": 1, "grid_id": 93185000709, "sensor": "landsat7", "year": "2009", "ndvi2012": 0.11766899884568426, "ndbi2012": 0.010704372430176247, "ndvi2015": 0.21889597799364977, "ndbi2015": -0.027875738255092951, "ndvi2018": null, "ndbi2018": null, "ndvi2021": 0.17957837463129225, "ndbi2021": 0.035163564251838468, "ndvi2024": 0.20864260724679692, "ndbi2024": 0.029559767445710698 }, "geometry": { "type": "Polygon", "coordinates": [ [ [ 106.888720205087211, -6.157639193085664 ], [ 106.888752182757742, -6.166680512919484 ], [ 106.897785917747314, -6.166648408083444 ], [ 106.897753787354205, -6.157607135671688 ], [ 106.888720205087211, -6.157639193085664 ] ] ] } },
{ "type": "Feature", "properties": { "id": "+709+9319", "ndbi2009": -0.020891593241685769, "ndvi2009": 0.17815792059991509, "first": 1, "grid_id": 93195000709, "sensor": "landsat7", "year": "2009", "ndvi2012": 0.080997660727007315, "ndbi2012": 0.0060545645137608517, "ndvi2015": 0.21053430915344507, "ndbi2015": -0.036236663567251526, "ndvi2018": null, "ndbi2018": null, "ndvi2021": 0.18412536871619525, "ndbi2021": 0.024198709892516494, "ndvi2024": 0.20191624702420086, "ndbi2024": 0.022745806058082962 }, "geometry": { "type": "Polygon", "coordinates": [ [ [ 106.888688275242998, -6.148597870035875 ], [ 106.888720205087211, -6.157639193085664 ], [ 106.897753787354205, -6.157607135671688 ], [ 106.897721705020956, -6.148565860034979 ], [ 106.888688275242998, -6.148597870035875 ] ] ] } },
{ "type": "Feature", "properties": { "id": "+709+9320", "ndbi2009": -0.033171233826992559, "ndvi2009": 0.19750491672871159, "first": 1, "grid_id": 93205000709, "sensor": "landsat7", "year": "2009", "ndvi2012": 0.13151256459600785, "ndbi2012": -0.027971342757490338, "ndvi2015": 0.26527210661009248, "ndbi2015": -0.034767773148475907, "ndvi2018": null, "ndbi2018": null, "ndvi2021": 0.25196213728072597, "ndbi2021": -0.0094741618808578017, "ndvi2024": 0.21105506203922572, "ndbi2024": 0.033703471479170466 }, "geometry": { "type": "Polygon", "coordinates": [ [ [ 106.888656393216095, -6.139556543761134 ], [ 106.888688275242998, -6.148597870035875 ], [ 106.897721705020956, -6.148565860034979 ], [ 106.897689670720638, -6.139524581182302 ], [ 106.888656393216095, -6.139556543761134 ] ] ] } },
{ "type": "Feature", "properties": { "id": "+709+9321", "ndbi2009": -0.0014831589287496178, "ndvi2009": 0.19315721647581086, "first": 1, "grid_id": 93215000709, "sensor": "landsat7", "year": "2009", "ndvi2012": 0.10681974516774062, "ndbi2012": -0.012357244366285158, "ndvi2015": 0.2378761054133065, "ndbi2015": 0.0064652864530216902, "ndvi2018": null, "ndbi2018": null, "ndvi2021": 0.23710223761736413, "ndbi2021": 0.020511266804533086, "ndvi2024": 0.18209757260046899, "ndbi2024": 0.055317971513431985 }, "geometry": { "type": "Polygon", "coordinates": [ [ [ 106.888624558988553, -6.130515214279407 ], [ 106.888656393216095, -6.139556543761134 ], [ 106.897689670720638, -6.139524581182302 ], [ 106.897657684462217, -6.130483299122639 ], [ 106.888624558988553, -6.130515214279407 ] ] ] } },
{ "type": "Feature", "properties": { "id": "+709+9322", "ndbi2009": 0.044444498671321858, "ndvi2009": 0.16112162574190933, "first": 1, "grid_id": 93225000709, "sensor": "landsat7", "year": "2009", "ndvi2012": 0.075455844910932213, "ndbi2012": 0.015644370588539271, "ndvi2015": 0.19851400870898553, "ndbi2015": 0.04456268351291378, "ndvi2018": null, "ndbi2018": null, "ndvi2021": 0.14858483039255069, "ndbi2021": 0.074757140555944832, "ndvi2024": 0.14954490071623089, "ndbi2024": 0.067010125220921632 }, "geometry": { "type": "Polygon", "coordinates": [ [ [ 106.888592772578335, -6.121473881590695 ], [ 106.888624558988553, -6.130515214279407 ], [ 106.897657684462217, -6.130483299122639 ], [ 106.897625746236713, -6.121442013847008 ], [ 106.888592772578335, -6.121473881590695 ] ] ] } },
{ "type": "Feature", "properties": { "id": "+709+9323", "ndbi2009": 0.072729662731837702, "ndvi2009": 0.15325925734770646, "first": 1, "grid_id": 93235000709, "sensor": "landsat7", "year": "2009", "ndvi2012": 0.05942267309942776, "ndbi2012": 0.045918048430501263, "ndvi2015": 0.1736403131747947, "ndbi2015": 0.051628213074496568, "ndvi2018": null, "ndbi2018": null, "ndvi2021": 0.12851451811216333, "ndbi2021": 0.09860330617384, "ndvi2024": 0.15095196976600322, "ndbi2024": 0.1076270187383189 }, "geometry": { "type": "Polygon", "coordinates": [ [ [ 106.888561033967463, -6.112432545703981 ], [ 106.888592772578335, -6.121473881590695 ], [ 106.897625746236713, -6.121442013847008 ], [ 106.897593856044125, -6.112400725373375 ], [ 106.888561033967463, -6.112432545703981 ] ] ] } },
{ "type": "Feature", "properties": { "id": "+709+9324", "ndbi2009": 0.046513094763213296, "ndvi2009": 0.12626292242202908, "first": 1, "grid_id": 93245000709, "sensor": "landsat7", "year": "2009", "ndvi2012": 0.030573507374356265, "ndbi2012": 0.035113600519252941, "ndvi2015": 0.11971489997813478, "ndbi2015": 0.029005306420003766, "ndvi2018": null, "ndbi2018": null, "ndvi2021": 0.065139281563460827, "ndbi2021": 0.086772209251648746, "ndvi2024": 0.088876155743491836, "ndbi2024": 0.090533712616888792 }, "geometry": { "type": "Polygon", "coordinates": [ [ [ 106.888529343146971, -6.103391206619264 ], [ 106.888561033967463, -6.112432545703981 ], [ 106.897593856044125, -6.112400725373375 ], [ 106.897562013875472, -6.103359433692756 ], [ 106.888529343146971, -6.103391206619264 ] ] ] } },
{ "type": "Feature", "properties": { "id": "+709+9325", "ndbi2009": -0.17632344027387575, "ndvi2009": -0.044455083475990621, "first": 1, "grid_id": 93255000709, "sensor": "landsat7", "year": "2009", "ndvi2012": -0.05064489608528195, "ndbi2012": -0.11770126239939052, "ndvi2015": 0.051882111068282832, "ndbi2015": 0.018551228493759103, "ndvi2018": null, "ndbi2018": null, "ndvi2021": -0.079312940076976049, "ndbi2021": -0.050483910469235962, "ndvi2024": -0.076332375898466018, "ndbi2024": -0.053894753598577379 }, "geometry": { "type": "Polygon", "coordinates": [ [ [ 106.888497700125839, -6.094349864336545 ], [ 106.888529343146971, -6.103391206619264 ], [ 106.897562013875472, -6.103359433692756 ], [ 106.897530219730754, -6.094318138823117 ], [ 106.888497700125839, -6.094349864336545 ] ] ] } },
{ "type": "Feature", "properties": { "id": "+710+9296", "ndbi2009": -0.13717448894502751, "ndvi2009": 0.54207113953465125, "first": 1, "grid_id": 92965000710, "sensor": "landsat7", "year": "2009", "ndvi2012": 0.34547737139766499, "ndbi2012": -0.080649694711980163, "ndvi2015": 0.51306051268415931, "ndbi2015": -0.090774361644003349, "ndvi2018": 0.39712868037365251, "ndbi2018": -0.054642070692537702, "ndvi2021": 0.53098390870175116, "ndbi2021": -0.096201871569126338, "ndvi2024": 0.51974956527099769, "ndbi2024": -0.084384427970212145 }, "geometry": { "type": "Polygon", "coordinates": [ [ [ 106.898471761730747, -6.356514376005004 ], [ 106.898504950168586, -6.365555576335941 ], [ 106.907542054738784, -6.365522269913377 ], [ 106.90750870855679, -6.356481117265014 ], [ 106.898471761730747, -6.356514376005004 ] ] ] } },
{ "type": "Feature", "properties": { "id": "+710+9297", "ndbi2009": -0.091913118724729487, "ndvi2009": 0.49810908319903358, "first": 1, "grid_id": 92975000710, "sensor": "landsat7", "year": "2009", "ndvi2012": 0.36363602824070873, "ndbi2012": -0.060653608489562486, "ndvi2015": 0.47416096446560885, "ndbi2015": -0.059696431735567018, "ndvi2018": 0.32067163954762851, "ndbi2018": 0.00039668695124633153, "ndvi2021": 0.42535764960681699, "ndbi2021": -0.021310115920427697, "ndvi2024": 0.41589071598707467, "ndbi2024": -0.020118281169904068 }, "geometry": { "type": "Polygon", "coordinates": [ [ [ 106.898438621433627, -6.347473172350298 ], [ 106.898471761730747, -6.356514376005004 ], [ 106.90750870855679, -6.356481117265014 ], [ 106.907475410740076, -6.347439961283902 ], [ 106.898438621433627, -6.347473172350298 ] ] ] } },
{ "type": "Feature", "properties": { "id": "+710+9298", "ndbi2009": -0.073660618480062112, "ndvi2009": 0.42013942508492619, "first": 1, "grid_id": 92985000710, "sensor": "landsat7", "year": "2009", "ndvi2012": 0.22854037437355149, "ndbi2012": -0.020231653106748126, "ndvi2015": 0.42238531832117587, "ndbi2015": -0.036499222085694782, "ndvi2018": 0.2477535686339252, "ndbi2018": 0.030771725088925454, "ndvi2021": 0.31426647561602294, "ndbi2021": 0.03174144962366654, "ndvi2024": 0.30845592729747301, "ndbi2024": 0.043449997980587796 }, "geometry": { "type": "Polygon", "coordinates": [ [ [ 106.898405529268246, -6.338431965371828 ], [ 106.898438621433627, -6.347473172350298 ], [ 106.907475410740076, -6.347439961283902 ], [ 106.907442161288671, -6.338398801988006 ], [ 106.898405529268246, -6.338431965371828 ] ] ] } },
{ "type": "Feature", "properties": { "id": "+710+9299", "ndbi2009": -0.06278735731029883, "ndvi2009": 0.41191821964457631, "first": 1, "grid_id": 92995000710, "sensor": "landsat7", "year": "2009", "ndvi2012": 0.22374866669997576, "ndbi2012": -0.021154627022042408, "ndvi2015": 0.41087504895403987, "ndbi2015": -0.02756139432312921, "ndvi2018": 0.20883741229772568, "ndbi2018": 0.060370457824319608, "ndvi2021": 0.23584161908365783, "ndbi2021": 0.055246069852728404, "ndvi2024": 0.26251569879241288, "ndbi2024": 0.082394822733476758 }, "geometry": { "type": "Polygon", "coordinates": [ [ [ 106.898372485234589, -6.329390755078573 ], [ 106.898405529268246, -6.338431965371828 ], [ 106.907442161288671, -6.338398801988006 ], [ 106.907408960193578, -6.329357639368344 ], [ 106.898372485234589, -6.329390755078573 ] ] ] } },
{ "type": "Feature", "properties": { "id": "+710+9300", "ndbi2009": -0.067254932721455898, "ndvi2009": 0.41948802611407116, "first": 1, "grid_id": 93005000710, "sensor": "landsat7", "year": "2009", "ndvi2012": 0.25742691562456244, "ndbi2012": -0.034899417676177685, "ndvi2015": 0.429635551630282, "ndbi2015": -0.039525127337843767, "ndvi2018": null, "ndbi2018": null, "ndvi2021": 0.25064439937180166, "ndbi2021": 0.037866450340359237, "ndvi2024": 0.27016135436647082, "ndbi2024": 0.058915203765911223 }, "geometry": { "type": "Polygon", "coordinates": [ [ [ 106.898339489323689, -6.320349541479518 ], [ 106.898372485234589, -6.329390755078573 ], [ 106.907408960193578, -6.329357639368344 ], [ 106.907375807445803, -6.320316473442881 ], [ 106.898339489323689, -6.320349541479518 ] ] ] } },
{ "type": "Feature", "properties": { "id": "+710+9301", "ndbi2009": -0.077914901326100031, "ndvi2009": 0.41957186004694763, "first": 1, "grid_id": 93015000710, "sensor": "landsat7", "year": "2009", "ndvi2012": 0.22068348854195838, "ndbi2012": -0.025495426575927176, "ndvi2015": 0.44376244428111056, "ndbi2015": -0.052424113934530933, "ndvi2018": null, "ndbi2018": null, "ndvi2021": 0.27194129100032882, "ndbi2021": 0.027348692627970638, "ndvi2024": 0.28700072946501715, "ndbi2024": 0.037815159219591055 }, "geometry": { "type": "Polygon", "coordinates": [ [ [ 106.898306541526551, -6.31130832456568 ], [ 106.898339489323689, -6.320349541479518 ], [ 106.907375807445803, -6.320316473442881 ], [ 106.907342703045373, -6.311275304202635 ], [ 106.898306541526551, -6.31130832456568 ] ] ] } },
{ "type": "Feature", "properties": { "id": "+710+9302", "ndbi2009": -0.066196440806928658, "ndvi2009": 0.39653410979037013, "first": 1, "grid_id": 93025000710, "sensor": "landsat7", "year": "2009", "ndvi2012": 0.14703949015095547, "ndbi2012": 0.0016445736558932176, "ndvi2015": 0.46786884114427379, "ndbi2015": -0.079106894641552308, "ndvi2018": null, "ndbi2018": null, "ndvi2021": 0.28019988199449936, "ndbi2021": -0.015509038347364315, "ndvi2024": 0.40785693245114019, "ndbi2024": -0.029279525015714028 }, "geometry": { "type": "Polygon", "coordinates": [ [ [ 106.898273641852171, -6.302267104355025 ], [ 106.898306541526551, -6.31130832456568 ], [ 106.907342703045373, -6.311275304202635 ], [ 106.90730964699226, -6.302234131656588 ], [ 106.898273641852171, -6.302267104355025 ] ] ] } },
{ "type": "Feature", "properties": { "id": "+710+9303", "ndbi2009": -0.025963545319587524, "ndvi2009": 0.35235677867807369, "first": 1, "grid_id": 93035000710, "sensor": "landsat7", "year": "2009", "ndvi2012": 0.12056608874631182, "ndbi2012": 0.033850293733366503, "ndvi2015": 0.41546555039703204, "ndbi2015": -0.033634771636310012, "ndvi2018": null, "ndbi2018": null, "ndvi2021": 0.2661027449006248, "ndbi2021": 0.012477707464955612, "ndvi2024": 0.38604041164921177, "ndbi2024": 0.0010431209932946005 }, "geometry": { "type": "Polygon", "coordinates": [ [ [ 106.898240790282571, -6.29322588083857 ], [ 106.898273641852171, -6.302267104355025 ], [ 106.90730964699226, -6.302234131656588 ], [ 106.907276639277484, -6.293192955822708 ], [ 106.898240790282571, -6.29322588083857 ] ] ] } },
{ "type": "Feature", "properties": { "id": "+710+9304", "ndbi2009": -0.034031913641328904, "ndvi2009": 0.38069607136296291, "first": 1, "grid_id": 93045000710, "sensor": "landsat7", "year": "2009", "ndvi2012": 0.24636088224018321, "ndbi2012": 0.017746786300239029, "ndvi2015": 0.37277248642023875, "ndbi2015": 0.004011610132075993, "ndvi2018": null, "ndbi2018": null, "ndvi2021": 0.23225833504807716, "ndbi2021": 0.070387004052891444, "ndvi2024": 0.25228970348834989, "ndbi2024": 0.084973520069730052 }, "geometry": { "type": "Polygon", "coordinates": [ [ [ 106.898207986826733, -6.28418465403428 ], [ 106.898240790282571, -6.29322588083857 ], [ 106.907276639277484, -6.293192955822708 ], [ 106.907243679901072, -6.284151776683028 ], [ 106.898207986826733, -6.28418465403428 ] ] ] } },
{ "type": "Feature", "properties": { "id": "+710+9305", "ndbi2009": -0.08356560728861949, "ndvi2009": 0.44335457903798664, "first": 1, "grid_id": 93055000710, "sensor": "landsat7", "year": "2009", "ndvi2012": 0.37800312717445195, "ndbi2012": -0.040471423262715689, "ndvi2015": 0.45120551669970155, "ndbi2015": -0.050431814033800038, "ndvi2018": null, "ndbi2018": null, "ndvi2021": 0.33998595457524056, "ndbi2021": -0.026359132578363639, "ndvi2024": 0.46066009841160843, "ndbi2024": -0.045476511586457498 }, "geometry": { "type": "Polygon", "coordinates": [ [ [ 106.898175231466695, -6.275143423942156 ], [ 106.898207986826733, -6.28418465403428 ], [ 106.907243679901072, -6.284151776683028 ], [ 106.907210768854014, -6.275110594264497 ], [ 106.898175231466695, -6.275143423942156 ] ] ] } },
{ "type": "Feature", "properties": { "id": "+710+9306", "ndbi2009": -0.076669549830512551, "ndvi2009": 0.43094339512754226, "first": 1, "grid_id": 93065000710, "sensor": "landsat7", "year": "2009", "ndvi2012": 0.32916865550214425, "ndbi2012": -0.03567179941956055, "ndvi2015": 0.49309503252152348, "ndbi2015": -0.075772799376863986, "ndvi2018": null, "ndbi2018": null, "ndvi2021": 0.46506788628175855, "ndbi2021": -0.12015920619887767, "ndvi2024": 0.6193744414485991, "ndbi2024": -0.1294204927253304 }, "geometry": { "type": "Polygon", "coordinates": [ [ [ 106.898142524211437, -6.266102190571182 ], [ 106.898175231466695, -6.275143423942156 ], [ 106.907210768854014, -6.275110594264497 ], [ 106.907177906136312, -6.266069408549148 ], [ 106.898142524211437, -6.266102190571182 ] ] ] } },
{ "type": "Feature", "properties": { "id": "+710+9307", "ndbi2009": -0.046238730496306925, "ndvi2009": 0.39306627032803554, "first": 1, "grid_id": 93075000710, "sensor": "landsat7", "year": "2009", "ndvi2012": 0.27227402691747626, "ndbi2012": -0.022888927411872383, "ndvi2015": 0.45354750168089775, "ndbi2015": -0.045640026222841412, "ndvi2018": null, "ndbi2018": null, "ndvi2021": 0.45000657544416534, "ndbi2021": -0.13118739880475341, "ndvi2024": 0.58732916256960699, "ndbi2024": -0.120419225549581 }, "geometry": { "type": "Polygon", "coordinates": [ [ [ 106.898109865042997, -6.257060953921357 ], [ 106.898142524211437, -6.266102190571182 ], [ 106.907177906136312, -6.266069408549148 ], [ 106.907145091738997, -6.257028219563932 ], [ 106.898109865042997, -6.257060953921357 ] ] ] } },
{ "type": "Feature", "properties": { "id": "+710+9308", "ndbi2009": -0.036627567329560407, "ndvi2009": 0.35677768522873521, "first": 1, "grid_id": 93085000710, "sensor": "landsat7", "year": "2009", "ndvi2012": 0.25945194438099861, "ndbi2012": -0.016496326337801293, "ndvi2015": 0.37266744300723076, "ndbi2015": -0.0021112307294970391, "ndvi2018": null, "ndbi2018": null, "ndvi2021": 0.28716029762290418, "ndbi2021": -0.028956401278264821, "ndvi2024": 0.4259528846014291, "ndbi2024": -0.011540507373865692 }, "geometry": { "type": "Polygon", "coordinates": [ [ [ 106.898077253979352, -6.248019713992681 ], [ 106.898109865042997, -6.257060953921357 ], [ 106.907145091738997, -6.257028219563932 ], [ 106.907112325662055, -6.247987027299866 ], [ 106.898077253979352, -6.248019713992681 ] ] ] } },
{ "type": "Feature", "properties": { "id": "+710+9309", "ndbi2009": 0.0076806678016688307, "ndvi2009": 0.28359431682848463, "first": 1, "grid_id": 93095000710, "sensor": "landsat7", "year": "2009", "ndvi2012": 0.19950871946764925, "ndbi2012": 0.028600508453068781, "ndvi2015": 0.3138276384157293, "ndbi2015": 0.025869145931895165, "ndvi2018": null, "ndbi2018": null, "ndvi2021": 0.1697734728163364, "ndbi2021": 0.09803872800925198, "ndvi2024": 0.22251102030277253, "ndbi2024": 0.12638226379366482 }, "geometry": { "type": "Polygon", "coordinates": [ [ [ 106.89804469099353, -6.238978470794138 ], [ 106.898077253979352, -6.248019713992681 ], [ 106.907112325662055, -6.247987027299866 ], [ 106.907079607905501, -6.238945831756948 ], [ 106.89804469099353, -6.238978470794138 ] ] ] } },
{ "type": "Feature", "properties": { "id": "+710+9310", "ndbi2009": 0.041777078746235936, "ndvi2009": 0.23100497270934281, "first": 1, "grid_id": 93105000710, "sensor": "landsat7", "year": "2009", "ndvi2012": 0.19267987343482673, "ndbi2012": 0.044058203700842576, "ndvi2015": 0.28987264179158961, "ndbi2015": 0.044053751183128036, "ndvi2018": null, "ndbi2018": null, "ndvi2021": 0.1873688314226456, "ndbi2021": 0.10021998878801242, "ndvi2024": 0.20457290759077298, "ndbi2024": 0.10849425580818207 }, "geometry": { "type": "Polygon", "coordinates": [ [ [ 106.898012176085544, -6.22993722433471 ], [ 106.89804469099353, -6.238978470794138 ], [ 106.907079607905501, -6.238945831756948 ], [ 106.907046938451359, -6.229904632962129 ], [ 106.898012176085544, -6.22993722433471 ] ] ] } },
{ "type": "Feature", "properties": { "id": "+710+9311", "ndbi2009": 0.064140486717224124, "ndvi2009": 0.20074840749011322, "first": 1, "grid_id": 93115000710, "sensor": "landsat7", "year": "2009", "ndvi2012": 0.17498801520057755, "ndbi2012": 0.066047339652683223, "ndvi2015": 0.25629266091421543, "ndbi2015": 0.055448221868159731, "ndvi2018": null, "ndbi2018": null, "ndvi2021": 0.15708638768570096, "ndbi2021": 0.079785317591592381, "ndvi2024": 0.19365717324556089, "ndbi2024": 0.10870273656704846 }, "geometry": { "type": "Polygon", "coordinates": [ [ [ 106.897979709264376, -6.220895974614398 ], [ 106.898012176085544, -6.22993722433471 ], [ 106.907046938451359, -6.229904632962129 ], [ 106.907014317317589, -6.220863430897443 ], [ 106.897979709264376, -6.220895974614398 ] ] ] } },
{ "type": "Feature", "properties": { "id": "+710+9312", "ndbi2009": 0.069036676752148196, "ndvi2009": 0.18947352038230747, "first": 1, "grid_id": 93125000710, "sensor": "landsat7", "year": "2009", "ndvi2012": 0.11244720008107835, "ndbi2012": 0.07979269823408687, "ndvi2015": 0.21888393792323774, "ndbi2015": 0.060027406085282571, "ndvi2018": null, "ndbi2018": null, "ndvi2021": 0.12181487411726268, "ndbi2021": 0.081549247581278919, "ndvi2024": 0.16779684717766943, "ndbi2024": 0.11546380270738155 }, "geometry": { "type": "Polygon", "coordinates": [ [ [ 106.897947290512064, -6.211854721633201 ], [ 106.897979709264376, -6.220895974614398 ], [ 106.907014317317589, -6.220863430897443 ], [ 106.90698174447725, -6.211822225571871 ], [ 106.897947290512064, -6.211854721633201 ] ] ] } },
{ "type": "Feature", "properties": { "id": "+710+9313", "ndbi2009": 0.054435880233844117, "ndvi2009": 0.19872559922582961, "first": 1, "grid_id": 93135000710, "sensor": "landsat7", "year": "2009", "ndvi2012": 0.11901883672849804, "ndbi2012": 0.060966715874040837, "ndvi2015": 0.15821200679330266, "ndbi2015": 0.032222359304261559, "ndvi2018": null, "ndbi2018": null, "ndvi2021": 0.15977259652287351, "ndbi2021": 0.089691291778695337, "ndvi2024": 0.17891145997187669, "ndbi2024": 0.090959807149335437 }, "geometry": { "type": "Polygon", "coordinates": [ [ [ 106.897914919837575, -6.202813465409086 ], [ 106.897947290512064, -6.211854721633201 ], [ 106.90698174447725, -6.211822225571871 ], [ 106.90694921993034, -6.202781017003382 ], [ 106.897914919837575, -6.202813465409086 ] ] ] } },
{ "type": "Feature", "properties": { "id": "+710+9314", "ndbi2009": 0.045808381968527101, "ndvi2009": 0.19906253262888637, "first": 1, "grid_id": 93145000710, "sensor": "landsat7", "year": "2009", "ndvi2012": 0.1388011907110922, "ndbi2012": 0.040845506220648531, "ndvi2015": 0.16806609102059156, "ndbi2015": 0.023708144181000538, "ndvi2018": null, "ndbi2018": null, "ndvi2021": 0.16070242744171992, "ndbi2021": 0.076161468779901043, "ndvi2024": 0.19137330958619714, "ndbi2024": 0.093156438932055607 }, "geometry": { "type": "Polygon", "coordinates": [ [ [ 106.897882597222974, -6.19377220593307 ], [ 106.897914919837575, -6.202813465409086 ], [ 106.90694921993034, -6.202781017003382 ], [ 106.906916743685855, -6.193739805182991 ], [ 106.897882597222974, -6.19377220593307 ] ] ] } },
{ "type": "Feature", "properties": { "id": "+710+9315", "ndbi2009": 0.040434796896343134, "ndvi2009": 0.18320263326168063, "first": 1, "grid_id": 93155000710, "sensor": "landsat7", "year": "2009", "ndvi2012": 0.11647508626475053, "ndbi2012": 0.030710924058860424, "ndvi2015": 0.18101848010338989, "ndbi2015": 0.024949560548160589, "ndvi2018": null, "ndbi2018": null, "ndvi2021": 0.1400876070354499, "ndbi2021": 0.063050955869987907, "ndvi2024": 0.20013729748772638, "ndbi2024": 0.1092637565936528 }, "geometry": { "type": "Polygon", "coordinates": [ [ [ 106.897850322668219, -6.184730943214135 ], [ 106.897882597222974, -6.19377220593307 ], [ 106.906916743685855, -6.193739805182991 ], [ 106.906884315734786, -6.184698590119683 ], [ 106.897850322668219, -6.184730943214135 ] ] ] } },
{ "type": "Feature", "properties": { "id": "+710+9316", "ndbi2009": 0.012797436633263715, "ndvi2009": 0.18180246604606509, "first": 1, "grid_id": 93165000710, "sensor": "landsat7", "year": "2009", "ndvi2012": 0.13044341397471726, "ndbi2012": 0.016959064079856034, "ndvi2015": 0.16217255941592157, "ndbi2015": 0.0070168561360333124, "ndvi2018": null, "ndbi2018": null, "ndvi2021": 0.14599899761378768, "ndbi2021": 0.075616607005940764, "ndvi2024": 0.18490267219021916, "ndbi2024": 0.10249278496485204 }, "geometry": { "type": "Polygon", "coordinates": [ [ [ 106.89781809618232, -6.175689677261265 ], [ 106.897850322668219, -6.184730943214135 ], [ 106.906884315734786, -6.184698590119683 ], [ 106.906851936068165, -6.175657371813456 ], [ 106.89781809618232, -6.175689677261265 ] ] ] } },
{ "type": "Feature", "properties": { "id": "+710+9317", "ndbi2009": 0.0037336143208485037, "ndvi2009": 0.17158467056704502, "first": 1, "grid_id": 93175000710, "sensor": "landsat7", "year": "2009", "ndvi2012": 0.11907957380308823, "ndbi2012": 0.015386133553350674, "ndvi2015": 0.22383076945940653, "ndbi2015": 0.014829499654325784, "ndvi2018": null, "ndbi2018": null, "ndvi2021": 0.13584095695439508, "ndbi2021": 0.079441410361551779, "ndvi2024": 0.16115485575853611, "ndbi2024": 0.084263008160918362 }, "geometry": { "type": "Polygon", "coordinates": [ [ [ 106.897785917747314, -6.166648408083444 ], [ 106.89781809618232, -6.175689677261265 ], [ 106.906851936068165, -6.175657371813456 ], [ 106.906819604685992, -6.166616150282278 ], [ 106.897785917747314, -6.166648408083444 ] ] ] } },
{ "type": "Feature", "properties": { "id": "+710+9318", "ndbi2009": 0.01016972414436168, "ndvi2009": 0.15860257676104084, "first": 1, "grid_id": 93185000710, "sensor": "landsat7", "year": "2009", "ndvi2012": 0.095426920408499413, "ndbi2012": 0.011848699086840501, "ndvi2015": 0.26369473338127136, "ndbi2015": -0.00010328358621336459, "ndvi2018": null, "ndbi2018": null, "ndvi2021": 0.16698092257138344, "ndbi2021": 0.042594968708726817, "ndvi2024": 0.18645846564322707, "ndbi2024": 0.046201723923331883 }, "geometry": { "type": "Polygon", "coordinates": [ [ [ 106.897753787354205, -6.157607135671688 ], [ 106.897785917747314, -6.166648408083444 ], [ 106.906819604685992, -6.166616150282278 ], [ 106.906787321579287, -6.157574925517164 ], [ 106.897753787354205, -6.157607135671688 ] ] ] } },
{ "type": "Feature", "properties": { "id": "+710+9319", "ndbi2009": -0.017948489359696399, "ndvi2009": 0.18067891465034336, "first": 1, "grid_id": 93195000710, "sensor": "landsat7", "year": "2009", "ndvi2012": 0.10342888998275157, "ndbi2012": -0.031542404689389514, "ndvi2015": 0.25962065439671278, "ndbi2015": -0.02027820209696074, "ndvi2018": null, "ndbi2018": null, "ndvi2021": 0.21497486199950797, "ndbi2021": -0.005422478512628004, "ndvi2024": 0.25371648790314794, "ndbi2024": -0.0027356693926776647 }, "geometry": { "type": "Polygon", "coordinates": [ [ [ 106.897721705020956, -6.148565860034979 ], [ 106.897753787354205, -6.157607135671688 ], [ 106.906787321579287, -6.157574925517164 ], [ 106.906755086748049, -6.148533697527098 ], [ 106.897721705020956, -6.148565860034979 ] ] ] } },
{ "type": "Feature", "properties": { "id": "+710+9320", "ndbi2009": -0.035863716871130699, "ndvi2009": 0.21469230342145063, "first": 1, "grid_id": 93205000710, "sensor": "landsat7", "year": "2009", "ndvi2012": 0.11598220490941816, "ndbi2012": -0.039814000576734551, "ndvi2015": 0.24339056237071169, "ndbi2015": 0.0068719631462704905, "ndvi2018": null, "ndbi2018": null, "ndvi2021": 0.19944503985199274, "ndbi2021": 0.030053013292889973, "ndvi2024": 0.21863996760517945, "ndbi2024": 0.044694907020996599 }, "geometry": { "type": "Polygon", "coordinates": [ [ [ 106.897689670720638, -6.139524581182302 ], [ 106.897721705020956, -6.148565860034979 ], [ 106.906755086748049, -6.148533697527098 ], [ 106.906722900183283, -6.139492466321063 ], [ 106.897689670720638, -6.139524581182302 ] ] ] } },
{ "type": "Feature", "properties": { "id": "+710+9321", "ndbi2009": -0.0019112370646325882, "ndvi2009": 0.2035841082688421, "first": 1, "grid_id": 93215000710, "sensor": "landsat7", "year": "2009", "ndvi2012": 0.11309180181706324, "ndbi2012": 0.01542149281158345, "ndvi2015": 0.20817355555482209, "ndbi2015": 0.054929260688368238, "ndvi2018": null, "ndbi2018": null, "ndvi2021": 0.13794300041627142, "ndbi2021": 0.094189250143244876, "ndvi2024": 0.12704871961614117, "ndbi2024": 0.10659723055141514 }, "geometry": { "type": "Polygon", "coordinates": [ [ [ 106.897657684462217, -6.130483299122639 ], [ 106.897689670720638, -6.139524581182302 ], [ 106.906722900183283, -6.139492466321063 ], [ 106.906690761893969, -6.130451231899061 ], [ 106.897657684462217, -6.130483299122639 ] ] ] } },
{ "type": "Feature", "properties": { "id": "+710+9322", "ndbi2009": 0.050509664590246584, "ndvi2009": 0.17239914336063303, "first": 1, "grid_id": 93225000710, "sensor": "landsat7", "year": "2009", "ndvi2012": 0.089175409114942317, "ndbi2012": 0.050106755817205181, "ndvi2015": 0.18203016596388735, "ndbi2015": 0.070734190128302329, "ndvi2018": null, "ndbi2018": null, "ndvi2021": 0.11695439646260665, "ndbi2021": 0.10696199859528176, "ndvi2024": 0.12097615245015779, "ndbi2024": 0.10433500114737487 }, "geometry": { "type": "Polygon", "coordinates": [ [ [ 106.897625746236713, -6.121442013847008 ], [ 106.897657684462217, -6.130483299122639 ], [ 106.906690761893969, -6.130451231899061 ], [ 106.906658671862175, -6.121409994261088 ], [ 106.897625746236713, -6.121442013847008 ] ] ] } },
{ "type": "Feature", "properties": { "id": "+710+9323", "ndbi2009": 0.089601434301584959, "ndvi2009": 0.15303041797596958, "first": 1, "grid_id": 93235000710, "sensor": "landsat7", "year": "2009", "ndvi2012": 0.053828545496799052, "ndbi2012": 0.064897989195742398, "ndvi2015": 0.16149412712547928, "ndbi2015": 0.068838147330097868, "ndvi2018": null, "ndbi2018": null, "ndvi2021": 0.10995954542886467, "ndbi2021": 0.095069889153819531, "ndvi2024": 0.11500807804986835, "ndbi2024": 0.10903073579538614 }, "geometry": { "type": "Polygon", "coordinates": [ [ [ 106.897593856044125, -6.112400725373375 ], [ 106.897625746236713, -6.121442013847008 ], [ 106.906658671862175, -6.121409994261088 ], [ 106.906626630087871, -6.112368753425114 ], [ 106.897593856044125, -6.112400725373375 ] ] ] } },
{ "type": "Feature", "properties": { "id": "+710+9324", "ndbi2009": 0.051037027365436749, "ndvi2009": 0.14288259183659274, "first": 1, "grid_id": 93245000710, "sensor": "landsat7", "year": "2009", "ndvi2012": 0.028068537849421597, "ndbi2012": 0.046327693672741158, "ndvi2015": 0.12532222791045322, "ndbi2015": 0.028583782728688386, "ndvi2018": null, "ndbi2018": null, "ndvi2021": 0.068778109082988662, "ndbi2021": 0.063832184497047875, "ndvi2024": 0.081077380828997667, "ndbi2024": 0.073840995541974611 }, "geometry": { "type": "Polygon", "coordinates": [ [ [ 106.897562013875472, -6.103359433692756 ], [ 106.897593856044125, -6.112400725373375 ], [ 106.906626630087871, -6.112368753425114 ], [ 106.906594636571057, -6.103327509391137 ], [ 106.897562013875472, -6.103359433692756 ] ] ] } },
{ "type": "Feature", "properties": { "id": "+710+9325", "ndbi2009": -0.086915273143541694, "ndvi2009": 0.044415011568817983, "first": 1, "grid_id": 93255000710, "sensor": "landsat7", "year": "2009", "ndvi2012": -0.016817898040117574, "ndbi2012": -0.062038128415859033, "ndvi2015": 0.082329946353511763, "ndbi2015": 0.0028855015258413071, "ndvi2018": null, "ndbi2018": null, "ndvi2021": -0.090952963546611559, "ndbi2021": -0.078852416817532037, "ndvi2024": -0.095380901835512302, "ndbi2024": -0.069471722966883087 }, "geometry": { "type": "Polygon", "coordinates": [ [ [ 106.897530219730754, -6.094318138823117 ], [ 106.897562013875472, -6.103359433692756 ], [ 106.906594636571057, -6.103327509391137 ], [ 106.906562691302753, -6.094286262150176 ], [ 106.897530219730754, -6.094318138823117 ] ] ] } },
{ "type": "Feature", "properties": { "id": "+710+9326", "ndbi2009": -0.35574201019290763, "ndvi2009": -0.17552308133822314, "first": 1, "grid_id": 93265000710, "sensor": "landsat7", "year": "2009", "ndvi2012": -0.13197620860681092, "ndbi2012": -0.30139662933592898, "ndvi2015": -0.16625969927301823, "ndbi2015": 0.029984197263339802, "ndvi2018": null, "ndbi2018": null, "ndvi2021": -0.13664319305395595, "ndbi2021": -0.20417815507674708, "ndvi2024": 0.13921976712893466, "ndbi2024": -0.30306800333212836 }, "geometry": { "type": "Polygon", "coordinates": [ [ [ 106.89749847360099, -6.085276840764459 ], [ 106.897530219730754, -6.094318138823117 ], [ 106.906562691302753, -6.094286262150176 ], [ 106.906530794282972, -6.085245011729177 ], [ 106.89749847360099, -6.085276840764459 ] ] ] } },
{ "type": "Feature", "properties": { "id": "+711+9296", "ndbi2009": -0.071189710407087645, "ndvi2009": 0.43038019931255866, "first": 1, "grid_id": 92965000711, "sensor": "landsat7", "year": "2009", "ndvi2012": 0.20809077418546387, "ndbi2012": -0.0076748949243937645, "ndvi2015": 0.44248080056936007, "ndbi2015": -0.044286832459233136, "ndvi2018": 0.29097565501777056, "ndbi2018": 0.0051070920896106554, "ndvi2021": 0.40727312416594647, "ndbi2021": -0.025679484822877172, "ndvi2024": 0.41801818781697814, "ndbi2024": -0.02801833954181163 }, "geometry": { "type": "Polygon", "coordinates": [ [ [ 106.90750870855679, -6.356481117265014 ], [ 106.907542054738784, -6.365522269913377 ], [ 106.916579110943687, -6.36548880554902 ], [ 106.916545607017525, -6.356447700807811 ], [ 106.90750870855679, -6.356481117265014 ] ] ] } },
{ "type": "Feature", "properties": { "id": "+711+9297", "ndbi2009": -0.096309889951953664, "ndvi2009": 0.48543577012605971, "first": 1, "grid_id": 92975000711, "sensor": "landsat7", "year": "2009", "ndvi2012": 0.30452831537695602, "ndbi2012": -0.045862313148973044, "ndvi2015": 0.44261447538156068, "ndbi2015": -0.040619039122248068, "ndvi2018": 0.31846748315729201, "ndbi2018": -0.015319450189053898, "ndvi2021": 0.43708660278934985, "ndbi2021": -0.033920939405277302, "ndvi2024": 0.45085286127869045, "ndbi2024": -0.035592381000697067 }, "geometry": { "type": "Polygon", "coordinates": [ [ [ 106.907475410740076, -6.347439961283902 ], [ 106.90750870855679, -6.356481117265014 ], [ 106.916545607017525, -6.356447700807811 ], [ 106.916512151690213, -6.347406592742836 ], [ 106.907475410740076, -6.347439961283902 ] ] ] } },
{ "type": "Feature", "properties": { "id": "+711+9298", "ndbi2009": -0.10565174123621547, "ndvi2009": 0.45865177933592349, "first": 1, "grid_id": 92985000711, "sensor": "landsat7", "year": "2009", "ndvi2012": 0.34953987842891365, "ndbi2012": -0.073510334641468944, "ndvi2015": 0.44065012119244784, "ndbi2015": -0.053628005742211826, "ndvi2018": 0.30352786817820748, "ndbi2018": -0.020404485305334671, "ndvi2021": 0.38005087425699452, "ndbi2021": -0.01729988200906973, "ndvi2024": 0.4053144320496358, "ndbi2024": -0.011385425727894471 }, "geometry": { "type": "Polygon", "coordinates": [ [ [ 106.907442161288671, -6.338398801988006 ], [ 106.907475410740076, -6.347439961283902 ], [ 106.916512151690213, -6.347406592742836 ], [ 106.916478744943802, -6.338365481345111 ], [ 106.907442161288671, -6.338398801988006 ] ] ] } },
{ "type": "Feature", "properties": { "id": "+711+9299", "ndbi2009": -0.11900373730881542, "ndvi2009": 0.47464820240058153, "first": 1, "grid_id": 92995000711, "sensor": "landsat7", "year": "2009", "ndvi2012": 0.33375382166282802, "ndbi2012": -0.081779543679280614, "ndvi2015": 0.49146192529622246, "ndbi2015": -0.09023939040946026, "ndvi2018": 0.3325281565077603, "ndbi2018": -0.062495956756174566, "ndvi2021": 0.35452373244014446, "ndbi2021": -0.069131900282467129, "ndvi2024": 0.42057203258953846, "ndbi2024": -0.070933398925790592 }, "geometry": { "type": "Polygon", "coordinates": [ [ [ 106.907408960193578, -6.329357639368344 ], [ 106.907442161288671, -6.338398801988006 ], [ 106.916478744943802, -6.338365481345111 ], [ 106.91644538678726, -6.329324366632602 ], [ 106.907408960193578, -6.329357639368344 ] ] ] } },
{ "type": "Feature", "properties": { "id": "+711+9300", "ndbi2009": -0.13306970732177006, "ndvi2009": 0.50555273937244039, "first": 1, "grid_id": 93005000711, "sensor": "landsat7", "year": "2009", "ndvi2012": 0.26694517977097454, "ndbi2012": -0.052839892531069473, "ndvi2015": 0.53957111157622994, "ndbi2015": -0.11876200555878527, "ndvi2018": null, "ndbi2018": null, "ndvi2021": 0.33460657374531616, "ndbi2021": -0.063249584009834367, "ndvi2024": 0.43626671012710122, "ndbi2024": -0.077057050402257965 }, "geometry": { "type": "Polygon", "coordinates": [ [ [ 106.907375807445803, -6.320316473442881 ], [ 106.907408960193578, -6.329357639368344 ], [ 106.91644538678726, -6.329324366632602 ], [ 106.916412077211618, -6.320283248596327 ], [ 106.907375807445803, -6.320316473442881 ] ] ] } },
{ "type": "Feature", "properties": { "id": "+711+9301", "ndbi2009": -0.08240188448689878, "ndvi2009": 0.43654307536780829, "first": 1, "grid_id": 93015000711, "sensor": "landsat7", "year": "2009", "ndvi2012": 0.20426808926276863, "ndbi2012": -0.0018825319730240151, "ndvi2015": 0.50710476748645317, "ndbi2015": -0.097695291566196829, "ndvi2018": null, "ndbi2018": null, "ndvi2021": 0.33576544653624302, "ndbi2021": -0.045748203017865322, "ndvi2024": 0.45229031261987984, "ndbi2024": -0.053671772053348839 }, "geometry": { "type": "Polygon", "coordinates": [ [ [ 106.907342703045373, -6.311275304202635 ], [ 106.907375807445803, -6.320316473442881 ], [ 106.916412077211618, -6.320283248596327 ], [ 106.916378816216849, -6.311242127263236 ], [ 106.907342703045373, -6.311275304202635 ] ] ] } },
{ "type": "Feature", "properties": { "id": "+711+9302", "ndbi2009": -0.068798910320220494, "ndvi2009": 0.41431803051187599, "first": 1, "grid_id": 93025000711, "sensor": "landsat7", "year": "2009", "ndvi2012": 0.23851890885352262, "ndbi2012": -0.018670704728479169, "ndvi2015": 0.44538757952663538, "ndbi2015": -0.05827696450080605, "ndvi2018": null, "ndbi2018": null, "ndvi2021": 0.3218711939630608, "ndbi2021": -0.018093070259499477, "ndvi2024": 0.38704363394282004, "ndbi2024": -0.013662939978834851 }, "geometry": { "type": "Polygon", "coordinates": [ [ [ 106.90730964699226, -6.302234131656588 ], [ 106.907342703045373, -6.311275304202635 ], [ 106.916378816216849, -6.311242127263236 ], [ 106.916345603793999, -6.302201002615361 ], [ 106.90730964699226, -6.302234131656588 ] ] ] } },
{ "type": "Feature", "properties": { "id": "+711+9308", "ndbi2009": 0.0036089548046755434, "ndvi2009": 0.28911391227853062, "first": 1, "grid_id": 93085000711, "sensor": "landsat7", "year": "2009", "ndvi2012": 0.15027069285804148, "ndbi2012": 0.039605956283562324, "ndvi2015": 0.31310204302563382, "ndbi2015": 0.016608640848312015, "ndvi2018": null, "ndbi2018": null, "ndvi2021": 0.19307094023508184, "ndbi2021": 0.055038225957575966, "ndvi2024": 0.26575224826148913, "ndbi2024": 0.073455771073406811 }, "geometry": { "type": "Polygon", "coordinates": [ [ [ 106.907112325662055, -6.247987027299866 ], [ 106.907145091738997, -6.257028219563932 ], [ 106.916180270114609, -6.256995329986609 ], [ 106.916147349042362, -6.24795418561173 ], [ 106.907112325662055, -6.247987027299866 ] ] ] } },
{ "type": "Feature", "properties": { "id": "+711+9309", "ndbi2009": 0.0016868470274857827, "ndvi2009": 0.28831548290327191, "first": 1, "grid_id": 93095000711, "sensor": "landsat7", "year": "2009", "ndvi2012": 0.19264310714788738, "ndbi2012": 0.027958202044828795, "ndvi2015": 0.30680312355980283, "ndbi2015": 0.014548421580002469, "ndvi2018": null, "ndbi2018": null, "ndvi2021": 0.21436092955991626, "ndbi2021": 0.069258924864698201, "ndvi2024": 0.23919299547560513, "ndbi2024": 0.063600998168112724 }, "geometry": { "type": "Polygon", "coordinates": [ [ [ 106.907079607905501, -6.238945831756948 ], [ 106.907112325662055, -6.247987027299866 ], [ 106.916147349042362, -6.24795418561173 ], [ 106.916114476506081, -6.238913037958 ], [ 106.907079607905501, -6.238945831756948 ] ] ] } },
{ "type": "Feature", "properties": { "id": "+711+9310", "ndbi2009": 0.024228770037492117, "ndvi2009": 0.25758511663651928, "first": 1, "grid_id": 93105000711, "sensor": "landsat7", "year": "2009", "ndvi2012": 0.21801891876202004, "ndbi2012": 0.030370255632727754, "ndvi2015": 0.30981813867886865, "ndbi2015": 0.024573588064488245, "ndvi2018": null, "ndbi2018": null, "ndvi2021": 0.23364945504010892, "ndbi2021": 0.06241013805071513, "ndvi2024": 0.22133101043747921, "ndbi2024": 0.040568635335155562 }, "geometry": { "type": "Polygon", "coordinates": [ [ [ 106.907046938451359, -6.229904632962129 ], [ 106.907079607905501, -6.238945831756948 ], [ 106.916114476506081, -6.238913037958 ], [ 106.916081652514748, -6.229871887043386 ], [ 106.907046938451359, -6.229904632962129 ] ] ] } },
{ "type": "Feature", "properties": { "id": "+711+9311", "ndbi2009": 0.057742220858926885, "ndvi2009": 0.21271963301114738, "first": 1, "grid_id": 93115000711, "sensor": "landsat7", "year": "2009", "ndvi2012": 0.17906086350558326, "ndbi2012": 0.059020955653977587, "ndvi2015": 0.27550719620194286, "ndbi2015": 0.031053080863784999, "ndvi2018": null, "ndbi2018": null, "ndvi2021": 0.177528142783558, "ndbi2021": 0.090268997737439335, "ndvi2024": 0.17002350499387833, "ndbi2024": 0.0753418130625505 }, "geometry": { "type": "Polygon", "coordinates": [ [ [ 106.907014317317589, -6.220863430897443 ], [ 106.907046938451359, -6.229904632962129 ], [ 106.916081652514748, -6.229871887043386 ], [ 106.916048877059396, -6.220830732858905 ], [ 106.907014317317589, -6.220863430897443 ] ] ] } },
{ "type": "Feature", "properties": { "id": "+711+9312", "ndbi2009": 0.057234064708737764, "ndvi2009": 0.20803825224147127, "first": 1, "grid_id": 93125000711, "sensor": "landsat7", "year": "2009", "ndvi2012": 0.1495456770500716, "ndbi2012": 0.060089859921558228, "ndvi2015": 0.19603596534214768, "ndbi2015": 0.026383681613586701, "ndvi2018": null, "ndbi2018": null, "ndvi2021": 0.1389127814010078, "ndbi2021": 0.089473632372477477, "ndvi2024": 0.16065088469608158, "ndbi2024": 0.086457700764431683 }, "geometry": { "type": "Polygon", "coordinates": [ [ [ 106.90698174447725, -6.211822225571871 ], [ 106.907014317317589, -6.220863430897443 ], [ 106.916048877059396, -6.220830732858905 ], [ 106.916016150131043, -6.211789575422521 ], [ 106.90698174447725, -6.211822225571871 ] ] ] } },
{ "type": "Feature", "properties": { "id": "+711+9313", "ndbi2009": 0.047041515392415668, "ndvi2009": 0.21075490905958064, "first": 1, "grid_id": 93135000711, "sensor": "landsat7", "year": "2009", "ndvi2012": 0.14789104802059191, "ndbi2012": 0.056854049014110196, "ndvi2015": 0.16270517595842776, "ndbi2015": 0.018974671907284683, "ndvi2018": null, "ndbi2018": null, "ndvi2021": 0.20174861170497596, "ndbi2021": 0.053941506249647511, "ndvi2024": 0.2045216080604815, "ndbi2024": 0.051617837361260958 }, "geometry": { "type": "Polygon", "coordinates": [ [ [ 106.90694921993034, -6.202781017003382 ], [ 106.90698174447725, -6.211822225571871 ], [ 106.916016150131043, -6.211789575422521 ], [ 106.915983471738656, -6.202748414734237 ], [ 106.90694921993034, -6.202781017003382 ] ] ] } },
{ "type": "Feature", "properties": { "id": "+711+9314", "ndbi2009": 0.054606197430985055, "ndvi2009": 0.18076356896199286, "first": 1, "grid_id": 93145000711, "sensor": "landsat7", "year": "2009", "ndvi2012": 0.13975271873641762, "ndbi2012": 0.061261972412467003, "ndvi2015": 0.18667708488646897, "ndbi2015": 0.034813386762834853, "ndvi2018": null, "ndbi2018": null, "ndvi2021": 0.18890383141115311, "ndbi2021": 0.071385235525667667, "ndvi2024": 0.18875971634406599, "ndbi2024": 0.058187841903418296 }, "geometry": { "type": "Polygon", "coordinates": [ [ [ 106.906916743685855, -6.193739805182991 ], [ 106.90694921993034, -6.202781017003382 ], [ 106.915983471738656, -6.202748414734237 ], [ 106.915950841864287, -6.19370725079405 ], [ 106.906916743685855, -6.193739805182991 ] ] ] } },
{ "type": "Feature", "properties": { "id": "+711+9315", "ndbi2009": 0.052001510794256245, "ndvi2009": 0.14884593352383257, "first": 1, "grid_id": 93155000711, "sensor": "landsat7", "year": "2009", "ndvi2012": 0.12104371225132662, "ndbi2012": 0.047009545192122464, "ndvi2015": 0.21668154953741559, "ndbi2015": 0.034529936744594106, "ndvi2018": null, "ndbi2018": null, "ndvi2021": 0.14159035635929484, "ndbi2021": 0.090050075860584472, "ndvi2024": 0.1459985945738998, "ndbi2024": 0.08440921186816458 }, "geometry": { "type": "Polygon", "coordinates": [ [ [ 106.906884315734786, -6.184698590119683 ], [ 106.906916743685855, -6.193739805182991 ], [ 106.915950841864287, -6.19370725079405 ], [ 106.915918260507922, -6.184666083601964 ], [ 106.906884315734786, -6.184698590119683 ] ] ] } },
{ "type": "Feature", "properties": { "id": "+711+9316", "ndbi2009": 0.023900779864561624, "ndvi2009": 0.099064456218911814, "first": 1, "grid_id": 93165000711, "sensor": "landsat7", "year": "2009", "ndvi2012": 0.08079463777539786, "ndbi2012": 0.042796587252269092, "ndvi2015": 0.24087927368236706, "ndbi2015": 0.01556723400062765, "ndvi2018": null, "ndbi2018": null, "ndvi2021": 0.17004868108779192, "ndbi2021": 0.060960271264775649, "ndvi2024": 0.15254272933816537, "ndbi2024": 0.054983535377687069 }, "geometry": { "type": "Polygon", "coordinates": [ [ [ 106.906851936068165, -6.175657371813456 ], [ 106.906884315734786, -6.184698590119683 ], [ 106.915918260507922, -6.184666083601964 ], [ 106.915885727669561, -6.175624913175941 ], [ 106.906851936068165, -6.175657371813456 ] ] ] } },
{ "type": "Feature", "properties": { "id": "+711+9317", "ndbi2009": 0.010815783597382845, "ndvi2009": 0.045403182623433132, "first": 1, "grid_id": 93175000711, "sensor": "landsat7", "year": "2009", "ndvi2012": 0.081933892240711292, "ndbi2012": 0.027872959835746999, "ndvi2015": 0.25218102727450575, "ndbi2015": -0.0051367545829099758, "ndvi2018": null, "ndbi2018": null, "ndvi2021": 0.16606923522902467, "ndbi2021": 0.051785492838597763, "ndvi2024": 0.16328284915755778, "ndbi2024": 0.038651342485465257 }, "geometry": { "type": "Polygon", "coordinates": [ [ [ 106.906819604685992, -6.166616150282278 ], [ 106.906851936068165, -6.175657371813456 ], [ 106.915885727669561, -6.175624913175941 ], [ 106.915853243340237, -6.166583739515984 ], [ 106.906819604685992, -6.166616150282278 ] ] ] } },
{ "type": "Feature", "properties": { "id": "+711+9318", "ndbi2009": 0.0030285390384960924, "ndvi2009": 0.10832072247285397, "first": 1, "grid_id": 93185000711, "sensor": "landsat7", "year": "2009", "ndvi2012": 0.14774748613126573, "ndbi2012": -0.0078407657456409652, "ndvi2015": 0.28642605245113373, "ndbi2015": -0.022393454477423799, "ndvi2018": null, "ndbi2018": null, "ndvi2021": 0.16529283626005054, "ndbi2021": 0.04626568456296809, "ndvi2024": 0.17542656697332859, "ndbi2024": 0.043947273756202776 }, "geometry": { "type": "Polygon", "coordinates": [ [ [ 106.906787321579287, -6.157574925517164 ], [ 106.906819604685992, -6.166616150282278 ], [ 106.915853243340237, -6.166583739515984 ], [ 106.915820807519921, -6.157542562631074 ], [ 106.906787321579287, -6.157574925517164 ] ] ] } },
{ "type": "Feature", "properties": { "id": "+711+9319", "ndbi2009": -0.019446269704366293, "ndvi2009": 0.1867018079781157, "first": 1, "grid_id": 93195000711, "sensor": "landsat7", "year": "2009", "ndvi2012": 0.11948011575017388, "ndbi2012": -0.008919045299760937, "ndvi2015": 0.30117848081382237, "ndbi2015": -0.018113130487237623, "ndvi2018": null, "ndbi2018": null, "ndvi2021": 0.21019980387659523, "ndbi2021": 0.01607325731402659, "ndvi2024": 0.2193548210610555, "ndbi2024": 0.021171880588962105 }, "geometry": { "type": "Polygon", "coordinates": [ [ [ 106.906755086748049, -6.148533697527098 ], [ 106.906787321579287, -6.157574925517164 ], [ 106.915820807519921, -6.157542562631074 ], [ 106.915788420208642, -6.14850138251223 ], [ 106.906755086748049, -6.148533697527098 ] ] ] } },
{ "type": "Feature", "properties": { "id": "+711+9320", "ndbi2009": -0.030129043603665192, "ndvi2009": 0.20441522781038654, "first": 1, "grid_id": 93205000711, "sensor": "landsat7", "year": "2009", "ndvi2012": 0.07932120215264149, "ndbi2012": 0.015069921442773195, "ndvi2015": 0.26405884587438777, "ndbi2015": 0.0092415049475675914, "ndvi2018": null, "ndbi2018": null, "ndvi2021": 0.21794239449081942, "ndbi2021": 0.043039339099777862, "ndvi2024": 0.20598861057078463, "ndbi2024": 0.037127338440768654 }, "geometry": { "type": "Polygon", "coordinates": [ [ [ 106.906722900183283, -6.139492466321063 ], [ 106.906755086748049, -6.148533697527098 ], [ 106.915788420208642, -6.14850138251223 ], [ 106.915756081388423, -6.139460199168434 ], [ 106.906722900183283, -6.139492466321063 ] ] ] } },
{ "type": "Feature", "properties": { "id": "+711+9321", "ndbi2009": -0.0016566397830682558, "ndvi2009": 0.20926391067057312, "first": 1, "grid_id": 93215000711, "sensor": "landsat7", "year": "2009", "ndvi2012": 0.12167633784807116, "ndbi2012": 0.039517416111075926, "ndvi2015": 0.22169021186200294, "ndbi2015": 0.045913047012654452, "ndvi2018": null, "ndbi2018": null, "ndvi2021": 0.16615361975848891, "ndbi2021": 0.093881501214383739, "ndvi2024": 0.12414891837628741, "ndbi2024": 0.070406703755851258 }, "geometry": { "type": "Polygon", "coordinates": [ [ [ 106.906690761893969, -6.130451231899061 ], [ 106.906722900183283, -6.139492466321063 ], [ 106.915756081388423, -6.139460199168434 ], [ 106.915723791059264, -6.130419012617653 ], [ 106.906690761893969, -6.130451231899061 ] ] ] } },
{ "type": "Feature", "properties": { "id": "+711+9322", "ndbi2009": 0.042607341353830548, "ndvi2009": 0.19167316430493406, "first": 1, "grid_id": 93225000711, "sensor": "landsat7", "year": "2009", "ndvi2012": 0.13424060174397062, "ndbi2012": 0.058148020066152849, "ndvi2015": 0.18908916464201489, "ndbi2015": 0.07304604560192815, "ndvi2018": null, "ndbi2018": null, "ndvi2021": 0.1131463776853748, "ndbi2021": 0.13587104982899545, "ndvi2024": 0.092721493004408101, "ndbi2024": 0.11390103095848311 }, "geometry": { "type": "Polygon", "coordinates": [ [ [ 106.906658671862175, -6.121409994261088 ], [ 106.906690761893969, -6.130451231899061 ], [ 106.915723791059264, -6.130419012617653 ], [ 106.915691549230132, -6.121377822850903 ], [ 106.906658671862175, -6.121409994261088 ] ] ] } },
{ "type": "Feature", "properties": { "id": "+711+9323", "ndbi2009": 0.085393215587828322, "ndvi2009": 0.16083340754266828, "first": 1, "grid_id": 93235000711, "sensor": "landsat7", "year": "2009", "ndvi2012": 0.10697813460137695, "ndbi2012": 0.073928408877691268, "ndvi2015": 0.16409255296457559, "ndbi2015": 0.086360040615545586, "ndvi2018": null, "ndbi2018": null, "ndvi2021": 0.087596792378462851, "ndbi2021": 0.13814159546745944, "ndvi2024": 0.09746693103807047, "ndbi2024": 0.15314162103459239 }, "geometry": { "type": "Polygon", "coordinates": [ [ [ 106.906626630087871, -6.112368753425114 ], [ 106.906658671862175, -6.121409994261088 ], [ 106.915691549230132, -6.121377822850903 ], [ 106.915659355883093, -6.112336629877166 ], [ 106.906626630087871, -6.112368753425114 ] ] ] } },
{ "type": "Feature", "properties": { "id": "+711+9324", "ndbi2009": 0.077055384101820917, "ndvi2009": 0.13406266628527175, "first": 1, "grid_id": 93245000711, "sensor": "landsat7", "year": "2009", "ndvi2012": 0.070736973725405383, "ndbi2012": 0.058995438045730784, "ndvi2015": 0.13464427642962512, "ndbi2015": 0.058962290069344003, "ndvi2018": null, "ndbi2018": null, "ndvi2021": 0.053414248397537306, "ndbi2021": 0.093695395425254235, "ndvi2024": 0.071603498534829016, "ndbi2024": 0.1127360184256937 }, "geometry": { "type": "Polygon", "coordinates": [ [ [ 106.906594636571057, -6.103327509391137 ], [ 106.906626630087871, -6.112368753425114 ], [ 106.915659355883093, -6.112336629877166 ], [ 106.915627211018119, -6.103295433705428 ], [ 106.906594636571057, -6.103327509391137 ] ] ] } },
{ "type": "Feature", "properties": { "id": "+711+9326", "ndbi2009": -0.35478937377532316, "ndvi2009": -0.17505413038181322, "first": 1, "grid_id": 93265000711, "sensor": "landsat7", "year": "2009", "ndvi2012": -0.13242856937223205, "ndbi2012": -0.30314732167650671, "ndvi2015": -0.2161997488754637, "ndbi2015": 0.019256320864181307, "ndvi2018": null, "ndbi2018": null, "ndvi2021": -0.051077499355682544, "ndbi2021": -0.16749741516861261, "ndvi2024": 0.0072916317913754346, "ndbi2024": -0.0044648094358397568 }, "geometry": { "type": "Polygon", "coordinates": [ [ [ 106.906530794282972, -6.085245011729177 ], [ 106.906562691302753, -6.094286262150176 ], [ 106.915595114635224, -6.094254234326705 ], [ 106.915563066725426, -6.085213031758961 ], [ 106.906530794282972, -6.085245011729177 ] ] ] } },
{ "type": "Feature", "properties": { "id": "+712+9301", "ndbi2009": -0.07043167104735909, "ndvi2009": 0.4156509535193938, "first": 1, "grid_id": 93015000712, "sensor": "landsat7", "year": "2009", "ndvi2012": 0.30235084823305675, "ndbi2012": -0.042583166649159343, "ndvi2015": 0.43441244007640856, "ndbi2015": -0.053279905011916068, "ndvi2018": null, "ndbi2018": null, "ndvi2021": 0.36996528135295725, "ndbi2021": -0.056283227025040454, "ndvi2024": 0.48540567708707949, "ndbi2024": -0.051828038171552029 }, "geometry": { "type": "Polygon", "coordinates": [ [ [ 106.916378816216849, -6.311242127263236 ], [ 106.916412077211618, -6.320283248596327 ], [ 106.925448298414494, -6.320249866966808 ], [ 106.925414880816433, -6.311208793747483 ], [ 106.916378816216849, -6.311242127263236 ] ] ] } },
{ "type": "Feature", "properties": { "id": "+712+9302", "ndbi2009": -0.046115714957756279, "ndvi2009": 0.3778268428502885, "first": 1, "grid_id": 93025000712, "sensor": "landsat7", "year": "2009", "ndvi2012": 0.30455372634187217, "ndbi2012": -0.034752127805114851, "ndvi2015": 0.40024395616708608, "ndbi2015": -0.033784572958155019, "ndvi2018": null, "ndbi2018": null, "ndvi2021": 0.34107069921704519, "ndbi2021": -0.030328193465165333, "ndvi2024": 0.43514740071465485, "ndbi2024": -0.031577350423399327 }, "geometry": { "type": "Polygon", "coordinates": [ [ [ 106.916345603793999, -6.302201002615361 ], [ 106.916378816216849, -6.311242127263236 ], [ 106.925414880816433, -6.311208793747483 ], [ 106.925381512023833, -6.30216771723134 ], [ 106.916345603793999, -6.302201002615361 ] ] ] } },
{ "type": "Feature", "properties": { "id": "+712+9308", "ndbi2009": -0.019173073391442141, "ndvi2009": 0.30029733919109086, "first": 1, "grid_id": 93085000712, "sensor": "landsat7", "year": "2009", "ndvi2012": 0.23494043513900872, "ndbi2012": 0.0084020034633239087, "ndvi2015": 0.30553728681771869, "ndbi2015": -0.0032257158366524154, "ndvi2018": null, "ndbi2018": null, "ndvi2021": 0.23841454374357826, "ndbi2021": 0.050162053613928323, "ndvi2024": 0.29485087722076653, "ndbi2024": 0.056903860285646556 }, "geometry": { "type": "Polygon", "coordinates": [ [ [ 106.916147349042362, -6.24795418561173 ], [ 106.916180270114609, -6.256995329986609 ], [ 106.925215399945273, -6.256962285189388 ], [ 106.925182323868711, -6.247921188928276 ], [ 106.916147349042362, -6.24795418561173 ] ] ] } },
{ "type": "Feature", "properties": { "id": "+712+9309", "ndbi2009": -0.013406159074065727, "ndvi2009": 0.29693178157322103, "first": 1, "grid_id": 93095000712, "sensor": "landsat7", "year": "2009", "ndvi2012": 0.20987092488212511, "ndbi2012": 0.0081260076071885106, "ndvi2015": 0.30419484991580248, "ndbi2015": -0.0022101270776602173, "ndvi2018": null, "ndbi2018": null, "ndvi2021": 0.22492670681094751, "ndbi2021": 0.074276693994761431, "ndvi2024": 0.24053696991177273, "ndbi2024": 0.065321591355313999 }, "geometry": { "type": "Polygon", "coordinates": [ [ [ 106.916114476506081, -6.238913037958 ], [ 106.916147349042362, -6.24795418561173 ], [ 106.925182323868711, -6.247921188928276 ], [ 106.92514929657068, -6.238880089397296 ], [ 106.916114476506081, -6.238913037958 ] ] ] } },
{ "type": "Feature", "properties": { "id": "+712+9310", "ndbi2009": 0.0057249026044326667, "ndvi2009": 0.2772055429570815, "first": 1, "grid_id": 93105000712, "sensor": "landsat7", "year": "2009", "ndvi2012": 0.19889267858336954, "ndbi2012": 0.018815828731977471, "ndvi2015": 0.31364976389735355, "ndbi2015": 0.022945854688684146, "ndvi2018": null, "ndbi2018": null, "ndvi2021": 0.20039328582146587, "ndbi2021": 0.090091253773254498, "ndvi2024": 0.18357577697903504, "ndbi2024": 0.070488727333791121 }, "geometry": { "type": "Polygon", "coordinates": [ [ [ 106.916081652514748, -6.229871887043386 ], [ 106.916114476506081, -6.238913037958 ], [ 106.92514929657068, -6.238880089397296 ], [ 106.925116318042171, -6.229838986587465 ], [ 106.916081652514748, -6.229871887043386 ] ] ] } },
{ "type": "Feature", "properties": { "id": "+712+9311", "ndbi2009": 0.034410309963277541, "ndvi2009": 0.23348443955183029, "first": 1, "grid_id": 93115000712, "sensor": "landsat7", "year": "2009", "ndvi2012": 0.19807133334688842, "ndbi2012": 0.036619614780647673, "ndvi2015": 0.29064130317419767, "ndbi2015": 0.019117663539873323, "ndvi2018": null, "ndbi2018": null, "ndvi2021": 0.16698217112570998, "ndbi2021": 0.095004460890777423, "ndvi2024": 0.16422784049063924, "ndbi2024": 0.081701774965040386 }, "geometry": { "type": "Polygon", "coordinates": [ [ [ 106.916048877059396, -6.220830732858905 ], [ 106.916081652514748, -6.229871887043386 ], [ 106.925116318042171, -6.229838986587465 ], [ 106.925083388274217, -6.220797880516749 ], [ 106.916048877059396, -6.220830732858905 ] ] ] } },
{ "type": "Feature", "properties": { "id": "+712+9312", "ndbi2009": 0.046727324379425422, "ndvi2009": 0.21356212023426507, "first": 1, "grid_id": 93125000712, "sensor": "landsat7", "year": "2009", "ndvi2012": 0.17810590991786884, "ndbi2012": 0.048866600061164188, "ndvi2015": 0.221918712702452, "ndbi2015": 0.010216248927948375, "ndvi2018": null, "ndbi2018": null, "ndvi2021": 0.15080919931916631, "ndbi2021": 0.098761146296473104, "ndvi2024": 0.15882937452372384, "ndbi2024": 0.094769815457802192 }, "geometry": { "type": "Polygon", "coordinates": [ [ [ 106.916016150131043, -6.211789575422521 ], [ 106.916048877059396, -6.220830732858905 ], [ 106.925083388274217, -6.220797880516749 ], [ 106.925050507266832, -6.21175677118515 ], [ 106.916016150131043, -6.211789575422521 ] ] ] } },
{ "type": "Feature", "properties": { "id": "+712+9313", "ndbi2009": 0.047036616437253542, "ndvi2009": 0.21247765689622614, "first": 1, "grid_id": 93135000712, "sensor": "landsat7", "year": "2009", "ndvi2012": 0.15732461214065552, "ndbi2012": 0.056773751537548378, "ndvi2015": 0.18138501571957022, "ndbi2015": 0.014146591236567474, "ndvi2018": null, "ndbi2018": null, "ndvi2021": 0.17328851728234443, "ndbi2021": 0.093556690379045904, "ndvi2024": 0.17824711510911584, "ndbi2024": 0.094762985449051484 }, "geometry": { "type": "Polygon", "coordinates": [ [ [ 106.915983471738656, -6.202748414734237 ], [ 106.916016150131043, -6.211789575422521 ], [ 106.925050507266832, -6.21175677118515 ], [ 106.925017675019987, -6.202715658601649 ], [ 106.915983471738656, -6.202748414734237 ] ] ] } },
{ "type": "Feature", "properties": { "id": "+712+9314", "ndbi2009": 0.065732727594235374, "ndvi2009": 0.18400965321297741, "first": 1, "grid_id": 93145000712, "sensor": "landsat7", "year": "2009", "ndvi2012": 0.1390705206230575, "ndbi2012": 0.065625464711703496, "ndvi2015": 0.1856835260110743, "ndbi2015": 0.029160231242285055, "ndvi2018": null, "ndbi2018": null, "ndvi2021": 0.17370569121603874, "ndbi2021": 0.078868840722476741, "ndvi2024": 0.18119127534183804, "ndbi2024": 0.089882425437955299 }, "geometry": { "type": "Polygon", "coordinates": [ [ [ 106.915950841864287, -6.19370725079405 ], [ 106.915983471738656, -6.202748414734237 ], [ 106.925017675019987, -6.202715658601649 ], [ 106.924984891524716, -6.193674542766247 ], [ 106.915950841864287, -6.19370725079405 ] ] ] } },
{ "type": "Feature", "properties": { "id": "+712+9315", "ndbi2009": 0.054447075104690164, "ndvi2009": 0.15308228577487171, "first": 1, "grid_id": 93155000712, "sensor": "landsat7", "year": "2009", "ndvi2012": 0.13166092673782262, "ndbi2012": 0.040964984258607735, "ndvi2015": 0.21188646054361016, "ndbi2015": 0.017075990021112378, "ndvi2018": null, "ndbi2018": null, "ndvi2021": 0.16385637654457241, "ndbi2021": 0.058850743516813964, "ndvi2024": 0.15738146309740844, "ndbi2024": 0.063554804248269647 }, "geometry": { "type": "Polygon", "coordinates": [ [ [ 106.915918260507922, -6.184666083601964 ], [ 106.915950841864287, -6.19370725079405 ], [ 106.924984891524716, -6.193674542766247 ], [ 106.924952156772036, -6.184633423678942 ], [ 106.915918260507922, -6.184666083601964 ] ] ] } },
{ "type": "Feature", "properties": { "id": "+712+9316", "ndbi2009": -0.00071881714039573504, "ndvi2009": 0.14702892681839419, "first": 1, "grid_id": 93165000712, "sensor": "landsat7", "year": "2009", "ndvi2012": 0.11652942539430131, "ndbi2012": 0.0085081156233654306, "ndvi2015": 0.22414504014978223, "ndbi2015": -0.00085287775259976304, "ndvi2018": null, "ndbi2018": null, "ndvi2021": 0.14174651480188555, "ndbi2021": 0.069486686996385161, "ndvi2024": 0.12566307844484553, "ndbi2024": 0.051672235795972396 }, "geometry": { "type": "Polygon", "coordinates": [ [ [ 106.915885727669561, -6.175624913175941 ], [ 106.915918260507922, -6.184666083601964 ], [ 106.924952156772036, -6.184633423678942 ], [ 106.924919470761935, -6.175592301357704 ], [ 106.915885727669561, -6.175624913175941 ] ] ] } },
{ "type": "Feature", "properties": { "id": "+712+9317", "ndbi2009": -0.043428737551948871, "ndvi2009": 0.17541425448871448, "first": 1, "grid_id": 93175000712, "sensor": "landsat7", "year": "2009", "ndvi2012": 0.13288767727499362, "ndbi2012": -0.0078505398410015897, "ndvi2015": 0.26699073292547837, "ndbi2015": -0.028639647869567852, "ndvi2018": null, "ndbi2018": null, "ndvi2021": 0.18138459918554872, "ndbi2021": 0.043005943841762928, "ndvi2024": 0.19389677824801765, "ndbi2024": 0.015002187221398343 }, "geometry": { "type": "Polygon", "coordinates": [ [ [ 106.915853243340237, -6.166583739515984 ], [ 106.915885727669561, -6.175624913175941 ], [ 106.924919470761935, -6.175592301357704 ], [ 106.924886833494426, -6.16655117580253 ], [ 106.915853243340237, -6.166583739515984 ] ] ] } },
{ "type": "Feature", "properties": { "id": "+712+9318", "ndbi2009": -0.055500970306057551, "ndvi2009": 0.24772475360363133, "first": 1, "grid_id": 93185000712, "sensor": "landsat7", "year": "2009", "ndvi2012": 0.20757356549010558, "ndbi2012": -0.028893203010289546, "ndvi2015": 0.33129478389141609, "ndbi2015": -0.049279723805831933, "ndvi2018": null, "ndbi2018": null, "ndvi2021": 0.21398865294222735, "ndbi2021": 0.031317101760000424, "ndvi2024": 0.24187425152928221, "ndbi2024": 0.0065277276378051929 }, "geometry": { "type": "Polygon", "coordinates": [ [ [ 106.915820807519921, -6.157542562631074 ], [ 106.915853243340237, -6.166583739515984 ], [ 106.924886833494426, -6.16655117580253 ], [ 106.924854244960514, -6.157510047004438 ], [ 106.915820807519921, -6.157542562631074 ] ] ] } },
{ "type": "Feature", "properties": { "id": "+712+9319", "ndbi2009": -0.040698009368497878, "ndvi2009": 0.25748903583735228, "first": 1, "grid_id": 93195000712, "sensor": "landsat7", "year": "2009", "ndvi2012": 0.23705241596326229, "ndbi2012": -0.029298340668901801, "ndvi2015": 0.32255022507160902, "ndbi2015": -0.015603592662955636, "ndvi2018": null, "ndbi2018": null, "ndvi2021": 0.20957644097507, "ndbi2021": 0.028536048441310413, "ndvi2024": 0.22190282307565212, "ndbi2024": 0.020234060109942224 }, "geometry": { "type": "Polygon", "coordinates": [ [ [ 106.915788420208642, -6.14850138251223 ], [ 106.915820807519921, -6.157542562631074 ], [ 106.924854244960514, -6.157510047004438 ], [ 106.924821705160227, -6.148468914990377 ], [ 106.915788420208642, -6.14850138251223 ] ] ] } },
{ "type": "Feature", "properties": { "id": "+712+9320", "ndbi2009": -0.001408105913330529, "ndvi2009": 0.1963931548829172, "first": 1, "grid_id": 93205000712, "sensor": "landsat7", "year": "2009", "ndvi2012": 0.1657827260739663, "ndbi2012": 0.0080816890971333356, "ndvi2015": 0.27531770187265736, "ndbi2015": 0.016872657294951233, "ndvi2018": null, "ndbi2018": null, "ndvi2021": 0.19880155184689691, "ndbi2021": 0.052151644858075122, "ndvi2024": 0.18676789215966769, "ndbi2024": 0.044738699977888777 }, "geometry": { "type": "Polygon", "coordinates": [ [ [ 106.915756081388423, -6.139460199168434 ], [ 106.915788420208642, -6.14850138251223 ], [ 106.924821705160227, -6.148468914990377 ], [ 106.924789214093522, -6.139427779742382 ], [ 106.915756081388423, -6.139460199168434 ] ] ] } },
{ "type": "Feature", "properties": { "id": "+712+9321", "ndbi2009": 0.017274352416837464, "ndvi2009": 0.19525316580870425, "first": 1, "grid_id": 93215000712, "sensor": "landsat7", "year": "2009", "ndvi2012": 0.13786373791067444, "ndbi2012": 0.031208273944954429, "ndvi2015": 0.23798990971327658, "ndbi2015": 0.023577754103452073, "ndvi2018": null, "ndbi2018": null, "ndvi2021": 0.16269449162773969, "ndbi2021": 0.093313819284223096, "ndvi2024": 0.13852570102086051, "ndbi2024": 0.073791133856420318 }, "geometry": { "type": "Polygon", "coordinates": [ [ [ 106.915723791059264, -6.130419012617653 ], [ 106.915756081388423, -6.139460199168434 ], [ 106.924789214093522, -6.139427779742382 ], [ 106.924756771742466, -6.130386641287401 ], [ 106.915723791059264, -6.130419012617653 ] ] ] } },
{ "type": "Feature", "properties": { "id": "+712+9322", "ndbi2009": 0.017122553847002564, "ndvi2009": 0.20120115816826004, "first": 1, "grid_id": 93225000712, "sensor": "landsat7", "year": "2009", "ndvi2012": 0.15419779217336324, "ndbi2012": 0.029669289913726971, "ndvi2015": 0.22762668289942667, "ndbi2015": 0.027637086706818081, "ndvi2018": null, "ndbi2018": null, "ndvi2021": 0.16137993062147871, "ndbi2021": 0.081897627882426605, "ndvi2024": 0.15476749939261936, "ndbi2024": 0.072698764313827269 }, "geometry": { "type": "Polygon", "coordinates": [ [ [ 106.915691549230132, -6.121377822850903 ], [ 106.915723791059264, -6.130419012617653 ], [ 106.924756771742466, -6.130386641287401 ], [ 106.924724378107044, -6.121345499607467 ], [ 106.915691549230132, -6.121377822850903 ] ] ] } },
{ "type": "Feature", "properties": { "id": "+712+9323", "ndbi2009": 0.039118059128668385, "ndvi2009": 0.18771018960978836, "first": 1, "grid_id": 93235000712, "sensor": "landsat7", "year": "2009", "ndvi2012": 0.14383320091292259, "ndbi2012": 0.047438261724892072, "ndvi2015": 0.19971426506526768, "ndbi2015": 0.056761931395158172, "ndvi2018": null, "ndbi2018": null, "ndvi2021": 0.12341408990323542, "ndbi2021": 0.11260738082637545, "ndvi2024": 0.13311525838798843, "ndbi2024": 0.12717925175093114 }, "geometry": { "type": "Polygon", "coordinates": [ [ [ 106.915659355883093, -6.112336629877166 ], [ 106.915691549230132, -6.121377822850903 ], [ 106.924724378107044, -6.121345499607467 ], [ 106.924692033196237, -6.112304354729532 ], [ 106.915659355883093, -6.112336629877166 ] ] ] } },
{ "type": "Feature", "properties": { "id": "+712+9324", "ndbi2009": 0.069936251581883893, "ndvi2009": 0.16110030444813711, "first": 1, "grid_id": 93245000712, "sensor": "landsat7", "year": "2009", "ndvi2012": 0.10448325755549412, "ndbi2012": 0.061221658277745346, "ndvi2015": 0.14764702746681138, "ndbi2015": 0.079495237957613138, "ndvi2018": null, "ndbi2018": null, "ndvi2021": 0.070235069249482723, "ndbi2021": 0.13119349643295886, "ndvi2024": 0.092702337106068927, "ndbi2024": 0.14891432792532677 }, "geometry": { "type": "Polygon", "coordinates": [ [ [ 106.915627211018119, -6.103295433705428 ], [ 106.915659355883093, -6.112336629877166 ], [ 106.924692033196237, -6.112304354729532 ], [ 106.924659736992098, -6.103263206644611 ], [ 106.915627211018119, -6.103295433705428 ] ] ] } },
{ "type": "Feature", "properties": { "id": "+713+9308", "ndbi2009": -0.03009865993691474, "ndvi2009": 0.31655963825196337, "first": 1, "grid_id": 93085000713, "sensor": "landsat7", "year": "2009", "ndvi2012": 0.2540798417686187, "ndbi2012": -0.0077760811095826882, "ndvi2015": 0.34789416746994889, "ndbi2015": -0.0064652598050144545, "ndvi2018": null, "ndbi2018": null, "ndvi2021": 0.24354340489377682, "ndbi2021": 0.0029328982585791461, "ndvi2024": 0.27514597558483639, "ndbi2024": 0.035950589541000187 }, "geometry": { "type": "Polygon", "coordinates": [ [ [ 106.925182323868711, -6.247921188928276 ], [ 106.925215399945273, -6.256962285189388 ], [ 106.934250480988425, -6.256929085190236 ], [ 106.934217249925538, -6.247888037267469 ], [ 106.925182323868711, -6.247921188928276 ] ] ] } },
{ "type": "Feature", "properties": { "id": "+713+9309", "ndbi2009": -0.019168787051503565, "ndvi2009": 0.30010971567210032, "first": 1, "grid_id": 93095000713, "sensor": "landsat7", "year": "2009", "ndvi2012": 0.24987648035965715, "ndbi2012": -0.0042358702076051163, "ndvi2015": 0.33791307164173501, "ndbi2015": -0.022803881107007755, "ndvi2018": null, "ndbi2018": null, "ndvi2021": 0.2412967266989689, "ndbi2021": 0.0059060657141255402, "ndvi2024": 0.26513753287932451, "ndbi2024": 0.035152911409443502 }, "geometry": { "type": "Polygon", "coordinates": [ [ [ 106.92514929657068, -6.238880089397296 ], [ 106.925182323868711, -6.247921188928276 ], [ 106.934217249925538, -6.247888037267469 ], [ 106.934184067865743, -6.238846986065851 ], [ 106.92514929657068, -6.238880089397296 ] ] ] } },
{ "type": "Feature", "properties": { "id": "+713+9310", "ndbi2009": 0.012347283216513461, "ndvi2009": 0.26073817681754008, "first": 1, "grid_id": 93105000713, "sensor": "landsat7", "year": "2009", "ndvi2012": 0.22529949637828395, "ndbi2012": 0.019139924885166693, "ndvi2015": 0.3005471802316606, "ndbi2015": -0.010873878938582493, "ndvi2018": null, "ndbi2018": null, "ndvi2021": 0.17421507922699672, "ndbi2021": 0.038441514974692836, "ndvi2024": 0.21061548305442557, "ndbi2024": 0.072132837696699412 }, "geometry": { "type": "Polygon", "coordinates": [ [ [ 106.925116318042171, -6.229838986587465 ], [ 106.92514929657068, -6.238880089397296 ], [ 106.934184067865743, -6.238846986065851 ], [ 106.934150934800059, -6.229805931603349 ], [ 106.925116318042171, -6.229838986587465 ] ] ] } },
{ "type": "Feature", "properties": { "id": "+713+9311", "ndbi2009": 0.052704759128391745, "ndvi2009": 0.21221358501443677, "first": 1, "grid_id": 93115000713, "sensor": "landsat7", "year": "2009", "ndvi2012": 0.19450142570570403, "ndbi2012": 0.053768846808987504, "ndvi2015": 0.20488876793898789, "ndbi2015": -0.011255283051572158, "ndvi2018": null, "ndbi2018": null, "ndvi2021": 0.12301249474871394, "ndbi2021": 0.082957524835479024, "ndvi2024": 0.15183470664071103, "ndbi2024": 0.13476606399989594 }, "geometry": { "type": "Polygon", "coordinates": [ [ [ 106.925083388274217, -6.220797880516749 ], [ 106.925116318042171, -6.229838986587465 ], [ 106.934150934800059, -6.229805931603349 ], [ 106.934117850728484, -6.220764873861996 ], [ 106.925083388274217, -6.220797880516749 ] ] ] } },
{ "type": "Feature", "properties": { "id": "+713+9312", "ndbi2009": 0.057758392242249101, "ndvi2009": 0.20975023321807384, "first": 1, "grid_id": 93125000713, "sensor": "landsat7", "year": "2009", "ndvi2012": 0.18607114441692826, "ndbi2012": 0.059040208579972386, "ndvi2015": 0.14981699001509696, "ndbi2015": -0.0041648514725238801, "ndvi2018": null, "ndbi2018": null, "ndvi2021": 0.13118514849338681, "ndbi2021": 0.10601813276298346, "ndvi2024": 0.15732792974449697, "ndbi2024": 0.13955345575232059 }, "geometry": { "type": "Polygon", "coordinates": [ [ [ 106.925050507266832, -6.21175677118515 ], [ 106.925083388274217, -6.220797880516749 ], [ 106.934117850728484, -6.220764873861996 ], [ 106.934084815651048, -6.211723812868741 ], [ 106.925050507266832, -6.21175677118515 ] ] ] } },
{ "type": "Feature", "properties": { "id": "+713+9313", "ndbi2009": 0.026141472604107478, "ndvi2009": 0.23751368803136488, "first": 1, "grid_id": 93135000713, "sensor": "landsat7", "year": "2009", "ndvi2012": 0.21387031428954181, "ndbi2012": 0.023987533298193236, "ndvi2015": 0.22373965370888804, "ndbi2015": -0.0068506048882708854, "ndvi2018": null, "ndbi2018": null, "ndvi2021": 0.15977941289836284, "ndbi2021": 0.082192099021345957, "ndvi2024": 0.18358460249854069, "ndbi2024": 0.084276708098603229 }, "geometry": { "type": "Polygon", "coordinates": [ [ [ 106.925017675019987, -6.202715658601649 ], [ 106.925050507266832, -6.21175677118515 ], [ 106.934084815651048, -6.211723812868741 ], [ 106.934051829549745, -6.202682748614603 ], [ 106.925017675019987, -6.202715658601649 ] ] ] } },
{ "type": "Feature", "properties": { "id": "+713+9314", "ndbi2009": 0.020215297349290375, "ndvi2009": 0.23928864335312561, "first": 1, "grid_id": 93145000713, "sensor": "landsat7", "year": "2009", "ndvi2012": 0.21678425967693329, "ndbi2012": 0.022714762287397012, "ndvi2015": 0.27339532626610175, "ndbi2015": -0.00097057502351555365, "ndvi2018": null, "ndbi2018": null, "ndvi2021": 0.21755399078715082, "ndbi2021": 0.026061627108092407, "ndvi2024": 0.2097526103258133, "ndbi2024": 0.04403836380544246 }, "geometry": { "type": "Polygon", "coordinates": [ [ [ 106.924984891524716, -6.193674542766247 ], [ 106.925017675019987, -6.202715658601649 ], [ 106.934051829549745, -6.202682748614603 ], [ 106.934018892433571, -6.193641681108563 ], [ 106.924984891524716, -6.193674542766247 ] ] ] } },
{ "type": "Feature", "properties": { "id": "+713+9315", "ndbi2009": 0.030792701429163575, "ndvi2009": 0.1978019792586565, "first": 1, "grid_id": 93155000713, "sensor": "landsat7", "year": "2009", "ndvi2012": 0.17951988498680296, "ndbi2012": 0.031474394343604217, "ndvi2015": 0.2811369028640911, "ndbi2015": 0.0076037100152461798, "ndvi2018": null, "ndbi2018": null, "ndvi2021": 0.23741335177328438, "ndbi2021": -0.00038516259337484447, "ndvi2024": 0.20433102425886318, "ndbi2024": 0.026000905960245291 }, "geometry": { "type": "Polygon", "coordinates": [ [ [ 106.924952156772036, -6.184633423678942 ], [ 106.924984891524716, -6.193674542766247 ], [ 106.934018892433571, -6.193641681108563 ], [ 106.933986004284577, -6.184600610359604 ], [ 106.924952156772036, -6.184633423678942 ] ] ] } },
{ "type": "Feature", "properties": { "id": "+713+9316", "ndbi2009": -0.0031701540610953871, "ndvi2009": 0.20577499305500704, "first": 1, "grid_id": 93165000713, "sensor": "landsat7", "year": "2009", "ndvi2012": 0.18779386685175053, "ndbi2012": -0.0077338839808077211, "ndvi2015": 0.28842963850965686, "ndbi2015": -0.018965871559054246, "ndvi2018": null, "ndbi2018": null, "ndvi2021": 0.25407990024370308, "ndbi2021": 0.0075239724643966725, "ndvi2024": 0.20340536511411855, "ndbi2024": 0.012511493484763539 }, "geometry": { "type": "Polygon", "coordinates": [ [ [ 106.924919470761935, -6.175592301357704 ], [ 106.924952156772036, -6.184633423678942 ], [ 106.933986004284577, -6.184600610359604 ], [ 106.933953165111717, -6.175559536358745 ], [ 106.924919470761935, -6.175592301357704 ] ] ] } },
{ "type": "Feature", "properties": { "id": "+713+9317", "ndbi2009": -0.033225646271603182, "ndvi2009": 0.24709587590768933, "first": 1, "grid_id": 93175000713, "sensor": "landsat7", "year": "2009", "ndvi2012": 0.21914475975790992, "ndbi2012": -0.026487919269129637, "ndvi2015": 0.30170644691679627, "ndbi2015": -0.024929247469117403, "ndvi2018": null, "ndbi2018": null, "ndvi2021": 0.2810578114585951, "ndbi2021": 0.0094633582348251383, "ndvi2024": 0.22865468583768236, "ndbi2024": -8.8623528426979184e-05 }, "geometry": { "type": "Polygon", "coordinates": [ [ [ 106.924886833494426, -6.16655117580253 ], [ 106.924919470761935, -6.175592301357704 ], [ 106.933953165111717, -6.175559536358745 ], [ 106.933920374915019, -6.16651845912395 ], [ 106.924886833494426, -6.16655117580253 ] ] ] } },
{ "type": "Feature", "properties": { "id": "+713+9318", "ndbi2009": -0.038552222693083331, "ndvi2009": 0.26691065524138652, "first": 1, "grid_id": 93185000713, "sensor": "landsat7", "year": "2009", "ndvi2012": 0.24183810756487006, "ndbi2012": -0.020669377686492366, "ndvi2015": 0.2844974447699154, "ndbi2015": 0.004056249829191786, "ndvi2018": null, "ndbi2018": null, "ndvi2021": 0.20824493701551472, "ndbi2021": 0.077813365230994191, "ndvi2024": 0.18544621257220995, "ndbi2024": 0.042437538172246186 }, "geometry": { "type": "Polygon", "coordinates": [ [ [ 106.924854244960514, -6.157510047004438 ], [ 106.924886833494426, -6.16655117580253 ], [ 106.933920374915019, -6.16651845912395 ], [ 106.933887633676491, -6.15747737865522 ], [ 106.924854244960514, -6.157510047004438 ] ] ] } },
{ "type": "Feature", "properties": { "id": "+713+9319", "ndbi2009": -0.011255029785388613, "ndvi2009": 0.24313341960078105, "first": 1, "grid_id": 93195000713, "sensor": "landsat7", "year": "2009", "ndvi2012": 0.2053591862786561, "ndbi2012": 0.014087767911405532, "ndvi2015": 0.2184669102425687, "ndbi2015": 0.04824788224686926, "ndvi2018": null, "ndbi2018": null, "ndvi2021": 0.12506924470653757, "ndbi2021": 0.11600483852998877, "ndvi2024": 0.10579254623735322, "ndbi2024": 0.081157286576853935 }, "geometry": { "type": "Polygon", "coordinates": [ [ [ 106.924821705160227, -6.148468914990377 ], [ 106.924854244960514, -6.157510047004438 ], [ 106.933887633676491, -6.15747737865522 ], [ 106.933854941396163, -6.148436294961539 ], [ 106.924821705160227, -6.148468914990377 ] ] ] } },
{ "type": "Feature", "properties": { "id": "+713+9320", "ndbi2009": 0.048054594870207572, "ndvi2009": 0.17011480863001327, "first": 1, "grid_id": 93205000713, "sensor": "landsat7", "year": "2009", "ndvi2012": 0.13591555387098736, "ndbi2012": 0.067683301139490823, "ndvi2015": 0.26054595970938388, "ndbi2015": 0.01937690317293906, "ndvi2018": null, "ndbi2018": null, "ndvi2021": 0.10971221919600843, "ndbi2021": 0.11301083850396915, "ndvi2024": 0.090009920774622165, "ndbi2024": 0.087919093845147914 }, "geometry": { "type": "Polygon", "coordinates": [ [ [ 106.924789214093522, -6.139427779742382 ], [ 106.924821705160227, -6.148468914990377 ], [ 106.933854941396163, -6.148436294961539 ], [ 106.933822298074006, -6.139395208042905 ], [ 106.924789214093522, -6.139427779742382 ] ] ] } },
{ "type": "Feature", "properties": { "id": "+713+9321", "ndbi2009": -0.010185417783661525, "ndvi2009": 0.20304414939421872, "first": 1, "grid_id": 93215000713, "sensor": "landsat7", "year": "2009", "ndvi2012": 0.19504284193882579, "ndbi2012": 0.0061493081255600997, "ndvi2015": 0.296015446805037, "ndbi2015": -0.015873696669363058, "ndvi2018": null, "ndbi2018": null, "ndvi2021": 0.1607932563011463, "ndbi2021": 0.075676625823745375, "ndvi2024": 0.097909121903089383, "ndbi2024": 0.060373617278841836 }, "geometry": { "type": "Polygon", "coordinates": [ [ [ 106.924756771742466, -6.130386641287401 ], [ 106.924789214093522, -6.139427779742382 ], [ 106.933822298074006, -6.139395208042905 ], [ 106.933789703701052, -6.13035411789932 ], [ 106.924756771742466, -6.130386641287401 ] ] ] } },
{ "type": "Feature", "properties": { "id": "+713+9322", "ndbi2009": -0.060709838358889108, "ndvi2009": 0.25217619817703962, "first": 1, "grid_id": 93225000713, "sensor": "landsat7", "year": "2009", "ndvi2012": 0.22312834812328222, "ndbi2012": -0.023572338570374999, "ndvi2015": 0.27683319704374298, "ndbi2015": -0.025629080439102836, "ndvi2018": null, "ndbi2018": null, "ndvi2021": 0.20602252701064572, "ndbi2021": 0.0056831224064808374, "ndvi2024": 0.15355956973507998, "ndbi2024": 0.0046273830812424413 }, "geometry": { "type": "Polygon", "coordinates": [ [ [ 106.924724378107044, -6.121345499607467 ], [ 106.924756771742466, -6.130386641287401 ], [ 106.933789703701052, -6.13035411789932 ], [ 106.933757158277302, -6.121313024548749 ], [ 106.924724378107044, -6.121345499607467 ] ] ] } },
{ "type": "Feature", "properties": { "id": "+713+9323", "ndbi2009": -0.036436977405466281, "ndvi2009": 0.2832843393087387, "first": 1, "grid_id": 93235000713, "sensor": "landsat7", "year": "2009", "ndvi2012": 0.21244856160061032, "ndbi2012": 0.00013746763305629017, "ndvi2015": 0.22783442221435846, "ndbi2015": 0.03182262905380305, "ndvi2018": null, "ndbi2018": null, "ndvi2021": 0.13404950759574477, "ndbi2021": 0.071747398507945676, "ndvi2024": 0.13199203674699744, "ndbi2024": 0.082418603026399417 }, "geometry": { "type": "Polygon", "coordinates": [ [ [ 106.924692033196237, -6.112304354729532 ], [ 106.924724378107044, -6.121345499607467 ], [ 106.933757158277302, -6.121313024548749 ], [ 106.933724661793761, -6.112271927982209 ], [ 106.924692033196237, -6.112304354729532 ] ] ] } },
{ "type": "Feature", "properties": { "id": "+713+9324", "ndbi2009": 0.023725369144813158, "ndvi2009": 0.23762100812746212, "first": 1, "grid_id": 93245000713, "sensor": "landsat7", "year": "2009", "ndvi2012": 0.1686267068143934, "ndbi2012": 0.046575517904784647, "ndvi2015": 0.18411079060751945, "ndbi2015": 0.077227829897310571, "ndvi2018": null, "ndbi2018": null, "ndvi2021": 0.085513417521724477, "ndbi2021": 0.11315706436289474, "ndvi2024": 0.10061388427857311, "ndbi2024": 0.13507773808669302 }, "geometry": { "type": "Polygon", "coordinates": [ [ [ 106.924659736992098, -6.103263206644611 ], [ 106.924692033196237, -6.112304354729532 ], [ 106.933724661793761, -6.112271927982209 ], [ 106.933692214259423, -6.103230828208685 ], [ 106.924659736992098, -6.103263206644611 ] ] ] } },
{ "type": "Feature", "properties": { "id": "+713+9325", "ndbi2009": 0.068989076330668503, "ndvi2009": 0.15571905459977139, "first": 1, "grid_id": 93255000713, "sensor": "landsat7", "year": "2009", "ndvi2012": 0.10383660040038116, "ndbi2012": 0.062699933204863043, "ndvi2015": 0.10096385938741563, "ndbi2015": 0.067982391385877208, "ndvi2018": null, "ndbi2018": null, "ndvi2021": -0.033929132893260605, "ndbi2021": 0.0027421305645362434, "ndvi2024": -0.045165617092602008, "ndbi2024": -0.0028453433707272368 }, "geometry": { "type": "Polygon", "coordinates": [ [ [ 106.924627489494611, -6.094222055352704 ], [ 106.924659736992098, -6.103263206644611 ], [ 106.933692214259423, -6.103230828208685 ], [ 106.933659815647331, -6.094189725237157 ], [ 106.924627489494611, -6.094222055352704 ] ] ] } },
{ "type": "Feature", "properties": { "id": "+714+9308", "ndbi2009": 0.00080764459858754503, "ndvi2009": 0.28898994633537567, "first": 1, "grid_id": 93085000714, "sensor": "landsat7", "year": "2009", "ndvi2012": 0.21742924842648878, "ndbi2012": 0.01348203381601565, "ndvi2015": 0.28476892509860191, "ndbi2015": 0.024319972346598162, "ndvi2018": null, "ndbi2018": null, "ndvi2021": 0.16615749047901815, "ndbi2021": 0.066668440203020665, "ndvi2024": 0.18802903735352133, "ndbi2024": 0.10833189730158824 }, "geometry": { "type": "Polygon", "coordinates": [ [ [ 106.934217249925538, -6.247888037267469 ], [ 106.934250480988425, -6.256929085190236 ], [ 106.943285513037466, -6.256895729971185 ], [ 106.943252126988241, -6.247854730620325 ], [ 106.934217249925538, -6.247888037267469 ] ] ] } },
{ "type": "Feature", "properties": { "id": "+714+9309", "ndbi2009": 0.0065467288754149991, "ndvi2009": 0.28033057825238095, "first": 1, "grid_id": 93095000714, "sensor": "landsat7", "year": "2009", "ndvi2012": 0.22342411817288865, "ndbi2012": 0.019110365712321272, "ndvi2015": 0.28686616081817479, "ndbi2015": 0.025622315938566249, "ndvi2018": null, "ndbi2018": null, "ndvi2021": 0.16380815108617147, "ndbi2021": 0.06752052915592989, "ndvi2024": 0.18822372672604581, "ndbi2024": 0.1035080285341132 }, "geometry": { "type": "Polygon", "coordinates": [ [ [ 106.934184067865743, -6.238846986065851 ], [ 106.934217249925538, -6.247888037267469 ], [ 106.943252126988241, -6.247854730620325 ], [ 106.943218790166682, -6.238813727981632 ], [ 106.934184067865743, -6.238846986065851 ] ] ] } },
{ "type": "Feature", "properties": { "id": "+714+9310", "ndbi2009": 0.024507753034413327, "ndvi2009": 0.25772686675190926, "first": 1, "grid_id": 93105000714, "sensor": "landsat7", "year": "2009", "ndvi2012": 0.2303367619169876, "ndbi2012": 0.032424527697003221, "ndvi2015": 0.23269816150423142, "ndbi2015": 0.0053853679419262335, "ndvi2018": null, "ndbi2018": null, "ndvi2021": 0.15891638293396679, "ndbi2021": 0.06104245895403438, "ndvi2024": 0.20249563886318359, "ndbi2024": 0.1031303409836255 }, "geometry": { "type": "Polygon", "coordinates": [ [ [ 106.934150934800059, -6.229805931603349 ], [ 106.934184067865743, -6.238846986065851 ], [ 106.943218790166682, -6.238813727981632 ], [ 106.943185502572803, -6.229772722082054 ], [ 106.934150934800059, -6.229805931603349 ] ] ] } },
{ "type": "Feature", "properties": { "id": "+714+9311", "ndbi2009": 0.052229765627314059, "ndvi2009": 0.21949144712850158, "first": 1, "grid_id": 93115000714, "sensor": "landsat7", "year": "2009", "ndvi2012": 0.20547815415204737, "ndbi2012": 0.050206690997469661, "ndvi2015": 0.17426200108785256, "ndbi2015": -0.003770213172424073, "ndvi2018": null, "ndbi2018": null, "ndvi2021": 0.1347999598173534, "ndbi2021": 0.088951172533572875, "ndvi2024": 0.17756677936105167, "ndbi2024": 0.14990411400794984 }, "geometry": { "type": "Polygon", "coordinates": [ [ [ 106.934117850728484, -6.220764873861996 ], [ 106.934150934800059, -6.229805931603349 ], [ 106.943185502572803, -6.229772722082054 ], [ 106.943152264197622, -6.220731712903626 ], [ 106.934117850728484, -6.220764873861996 ] ] ] } },
{ "type": "Feature", "properties": { "id": "+714+9312", "ndbi2009": 0.046171732246875763, "ndvi2009": 0.21604166697943583, "first": 1, "grid_id": 93125000714, "sensor": "landsat7", "year": "2009", "ndvi2012": 0.19252966338535768, "ndbi2012": 0.050115111269406043, "ndvi2015": 0.2081825316126924, "ndbi2015": 0.0080966131681634562, "ndvi2018": null, "ndbi2018": null, "ndvi2021": 0.11885069342679343, "ndbi2021": 0.11337844864465296, "ndvi2024": 0.15610441321041432, "ndbi2024": 0.16798810887848961 }, "geometry": { "type": "Polygon", "coordinates": [ [ [ 106.934084815651048, -6.211723812868741 ], [ 106.934117850728484, -6.220764873861996 ], [ 106.943152264197622, -6.220731712903626 ], [ 106.943119075041139, -6.211690700473295 ], [ 106.934084815651048, -6.211723812868741 ] ] ] } },
{ "type": "Feature", "properties": { "id": "+714+9313", "ndbi2009": 0.027316586244120901, "ndvi2009": 0.22902832031249998, "first": 1, "grid_id": 93135000714, "sensor": "landsat7", "year": "2009", "ndvi2012": 0.20040573390091165, "ndbi2012": 0.034311132571276493, "ndvi2015": 0.21327648910821653, "ndbi2015": 0.0099406162751655945, "ndvi2018": null, "ndbi2018": null, "ndvi2021": 0.14548561450313119, "ndbi2021": 0.10274533196991564, "ndvi2024": 0.17121586758716434, "ndbi2024": 0.12669505476951598 }, "geometry": { "type": "Polygon", "coordinates": [ [ [ 106.934051829549745, -6.202682748614603 ], [ 106.934084815651048, -6.211723812868741 ], [ 106.943119075041139, -6.211690700473295 ], [ 106.943085935094359, -6.202649684773098 ], [ 106.934051829549745, -6.202682748614603 ] ] ] } },
{ "type": "Feature", "properties": { "id": "+714+9314", "ndbi2009": 0.014580905610273476, "ndvi2009": 0.23733726935461164, "first": 1, "grid_id": 93145000714, "sensor": "landsat7", "year": "2009", "ndvi2012": 0.21025782404467463, "ndbi2012": 0.023114422758226279, "ndvi2015": 0.20451323688030243, "ndbi2015": 0.014033964485861361, "ndvi2018": null, "ndbi2018": null, "ndvi2021": 0.17509344615973532, "ndbi2021": 0.082582139002624899, "ndvi2024": 0.18702951841987669, "ndbi2024": 0.082970898321946152 }, "geometry": { "type": "Polygon", "coordinates": [ [ [ 106.934018892433571, -6.193641681108563 ], [ 106.934051829549745, -6.202682748614603 ], [ 106.943085935094359, -6.202649684773098 ], [ 106.943052844357297, -6.193608665829982 ], [ 106.934018892433571, -6.193641681108563 ] ] ] } },
{ "type": "Feature", "properties": { "id": "+714+9315", "ndbi2009": 0.016851605463399016, "ndvi2009": 0.20159768794230587, "first": 1, "grid_id": 93155000714, "sensor": "landsat7", "year": "2009", "ndvi2012": 0.1852637644945167, "ndbi2012": 0.036909723056729626, "ndvi2015": 0.21621081937016468, "ndbi2015": 0.025409761214936811, "ndvi2018": null, "ndbi2018": null, "ndvi2021": 0.15031246318826527, "ndbi2021": 0.06949819289294519, "ndvi2024": 0.16131563320403963, "ndbi2024": 0.08071074865054427 }, "geometry": { "type": "Polygon", "coordinates": [ [ [ 106.933986004284577, -6.184600610359604 ], [ 106.934018892433571, -6.193641681108563 ], [ 106.943052844357297, -6.193608665829982 ], [ 106.943019802829951, -6.184567643625981 ], [ 106.933986004284577, -6.184600610359604 ] ] ] } },
{ "type": "Feature", "properties": { "id": "+714+9316", "ndbi2009": 0.010602523121633565, "ndvi2009": 0.18430206348421055, "first": 1, "grid_id": 93165000714, "sensor": "landsat7", "year": "2009", "ndvi2012": 0.17003738012863323, "ndbi2012": 0.02983500023765373, "ndvi2015": 0.23421358945779505, "ndbi2015": 0.017563661476742709, "ndvi2018": null, "ndbi2018": null, "ndvi2021": 0.14331148302881044, "ndbi2021": 0.086965515363772297, "ndvi2024": 0.13636754939216192, "ndbi2024": 0.10662588547711493 }, "geometry": { "type": "Polygon", "coordinates": [ [ [ 106.933953165111717, -6.175559536358745 ], [ 106.933986004284577, -6.184600610359604 ], [ 106.943019802829951, -6.184567643625981 ], [ 106.942986810503314, -6.175526618188046 ], [ 106.933953165111717, -6.175559536358745 ] ] ] } },
{ "type": "Feature", "properties": { "id": "+714+9317", "ndbi2009": -0.028116247729927886, "ndvi2009": 0.24572076598803202, "first": 1, "grid_id": 93175000714, "sensor": "landsat7", "year": "2009", "ndvi2012": 0.1920023609610165, "ndbi2012": 0.004763743825549005, "ndvi2015": 0.25328429317941853, "ndbi2015": -0.0011990301128403818, "ndvi2018": null, "ndbi2018": null, "ndvi2021": 0.23209181801945555, "ndbi2021": 0.058359819482646728, "ndvi2024": 0.21141061487735488, "ndbi2024": 0.074240992901225877 }, "geometry": { "type": "Polygon", "coordinates": [ [ [ 106.933920374915019, -6.16651845912395 ], [ 106.933953165111717, -6.175559536358745 ], [ 106.942986810503314, -6.175526618188046 ], [ 106.942953867368445, -6.166485589507192 ], [ 106.933920374915019, -6.16651845912395 ] ] ] } },
{ "type": "Feature", "properties": { "id": "+714+9318", "ndbi2009": -0.063546074437908828, "ndvi2009": 0.28295451682060963, "first": 1, "grid_id": 93185000714, "sensor": "landsat7", "year": "2009", "ndvi2012": 0.20345840428490192, "ndbi2012": -0.016256006550975147, "ndvi2015": 0.24910345370881262, "ndbi2015": -0.0060841856538900183, "ndvi2018": null, "ndbi2018": null, "ndvi2021": 0.20213861350202933, "ndbi2021": 0.058694301304058179, "ndvi2024": 0.17385961746913384, "ndbi2024": 0.035383918475417886 }, "geometry": { "type": "Polygon", "coordinates": [ [ [ 106.933887633676491, -6.15747737865522 ], [ 106.933920374915019, -6.16651845912395 ], [ 106.942953867368445, -6.166485589507192 ], [ 106.942920973425302, -6.157444557583421 ], [ 106.933887633676491, -6.15747737865522 ] ] ] } },
{ "type": "Feature", "properties": { "id": "+714+9319", "ndbi2009": -0.070376833915248405, "ndvi2009": 0.30059566608695093, "first": 1, "grid_id": 93195000714, "sensor": "landsat7", "year": "2009", "ndvi2012": 0.20583699227765551, "ndbi2012": -0.032711125946379913, "ndvi2015": 0.23371843034906906, "ndbi2015": 0.0029646996192114294, "ndvi2018": null, "ndbi2018": null, "ndvi2021": 0.10504199015770772, "ndbi2021": 0.097074713644593275, "ndvi2024": 0.067974789804497435, "ndbi2024": 0.044217658279709117 }, "geometry": { "type": "Polygon", "coordinates": [ [ [ 106.933854941396163, -6.148436294961539 ], [ 106.933887633676491, -6.15747737865522 ], [ 106.942920973425302, -6.157444557583421 ], [ 106.942888128673914, -6.14840352244368 ], [ 106.933854941396163, -6.148436294961539 ] ] ] } },
{ "type": "Feature", "properties": { "id": "+714+9320", "ndbi2009": -0.058298747251990808, "ndvi2009": 0.28107076085789101, "first": 1, "grid_id": 93205000714, "sensor": "landsat7", "year": "2009", "ndvi2012": 0.17820931682494323, "ndbi2012": -0.0034852405660785735, "ndvi2015": 0.259716924804617, "ndbi2015": 0.0034460957181758015, "ndvi2018": null, "ndbi2018": null, "ndvi2021": 0.11470071811386395, "ndbi2021": 0.074896068076117775, "ndvi2024": 0.083305534709927062, "ndbi2024": 0.053330036129435182 }, "geometry": { "type": "Polygon", "coordinates": [ [ [ 106.933822298074006, -6.139395208042905 ], [ 106.933854941396163, -6.148436294961539 ], [ 106.942888128673914, -6.14840352244368 ], [ 106.942855333105285, -6.139362484070005 ], [ 106.933822298074006, -6.139395208042905 ] ] ] } },
{ "type": "Feature", "properties": { "id": "+714+9321", "ndbi2009": -0.064814155455678715, "ndvi2009": 0.25458650710061193, "first": 1, "grid_id": 93215000714, "sensor": "landsat7", "year": "2009", "ndvi2012": 0.19514902521041219, "ndbi2012": -0.013319233558831911, "ndvi2015": 0.27457137522287672, "ndbi2015": -0.01708582144783577, "ndvi2018": null, "ndbi2018": null, "ndvi2021": 0.10993998168851249, "ndbi2021": 0.067921859066700563, "ndvi2024": 0.079201644548447803, "ndbi2024": 0.043034867689129896 }, "geometry": { "type": "Polygon", "coordinates": [ [ [ 106.933789703701052, -6.13035411789932 ], [ 106.933822298074006, -6.139395208042905 ], [ 106.942855333105285, -6.139362484070005 ], [ 106.942822586710435, -6.130321442471377 ], [ 106.933789703701052, -6.13035411789932 ] ] ] } },
{ "type": "Feature", "properties": { "id": "+714+9322", "ndbi2009": -0.055953224684344612, "ndvi2009": 0.27132626704405993, "first": 1, "grid_id": 93225000714, "sensor": "landsat7", "year": "2009", "ndvi2012": 0.21407981973607093, "ndbi2012": -0.023534053732873872, "ndvi2015": 0.27816205495037138, "ndbi2015": -0.0073799235833575958, "ndvi2018": null, "ndbi2018": null, "ndvi2021": 0.16205631126649678, "ndbi2021": 0.070484563417267054, "ndvi2024": 0.1406887240591459, "ndbi2024": 0.030552802461897954 }, "geometry": { "type": "Polygon", "coordinates": [ [ [ 106.933757158277302, -6.121313024548749 ], [ 106.933789703701052, -6.13035411789932 ], [ 106.942822586710435, -6.130321442471377 ], [ 106.942789889498343, -6.121280397656782 ], [ 106.933757158277302, -6.121313024548749 ] ] ] } },
{ "type": "Feature", "properties": { "id": "+714+9323", "ndbi2009": -0.064095017927534442, "ndvi2009": 0.27928290963172908, "first": 1, "grid_id": 93235000714, "sensor": "landsat7", "year": "2009", "ndvi2012": 0.20343173689701977, "ndbi2012": 0.001572758978342307, "ndvi2015": 0.25627765848356132, "ndbi2015": 0.013319140475462465, "ndvi2018": null, "ndbi2018": null, "ndvi2021": 0.15493796695681178, "ndbi2021": 0.064630404552992654, "ndvi2024": 0.16405712313511792, "ndbi2024": 0.051621060073375705 }, "geometry": { "type": "Polygon", "coordinates": [ [ [ 106.933724661793761, -6.112271927982209 ], [ 106.933757158277302, -6.121313024548749 ], [ 106.942789889498343, -6.121280397656782 ], [ 106.942757241460043, -6.1122393496352 ], [ 106.933724661793761, -6.112271927982209 ] ] ] } },
{ "type": "Feature", "properties": { "id": "+714+9324", "ndbi2009": -0.012981670576275561, "ndvi2009": 0.24543981815085691, "first": 1, "grid_id": 93245000714, "sensor": "landsat7", "year": "2009", "ndvi2012": 0.16724534373657374, "ndbi2012": 0.039544687657525723, "ndvi2015": 0.21236376885105582, "ndbi2015": 0.047893215591708817, "ndvi2018": null, "ndbi2018": null, "ndvi2021": 0.10464208353968227, "ndbi2021": 0.072748650961062478, "ndvi2024": 0.11856752376930385, "ndbi2024": 0.085026774920669262 }, "geometry": { "type": "Polygon", "coordinates": [ [ [ 106.933692214259423, -6.103230828208685 ], [ 106.933724661793761, -6.112271927982209 ], [ 106.942757241460043, -6.1122393496352 ], [ 106.942724642586526, -6.103198298406633 ], [ 106.933692214259423, -6.103230828208685 ] ] ] } },
{ "type": "Feature", "properties": { "id": "+714+9325", "ndbi2009": 0.031744495239011281, "ndvi2009": 0.16551526273108277, "first": 1, "grid_id": 93255000714, "sensor": "landsat7", "year": "2009", "ndvi2012": 0.10256316797583515, "ndbi2012": 0.035529339676284036, "ndvi2015": 0.11294954874752702, "ndbi2015": 0.044607923156459922, "ndvi2018": null, "ndbi2018": null, "ndvi2021": -0.080940441623408133, "ndbi2021": -0.056824058372312809, "ndvi2024": -0.073813475434380674, "ndbi2024": -0.035753555595874793 }, "geometry": { "type": "Polygon", "coordinates": [ [ [ 106.933659815647331, -6.094189725237157 ], [ 106.933692214259423, -6.103230828208685 ], [ 106.942724642586526, -6.103198298406633 ], [ 106.942692092868825, -6.09415724397108 ], [ 106.933659815647331, -6.094189725237157 ] ] ] } },
{ "type": "Feature", "properties": { "id": "+715+9312", "ndbi2009": -0.01651520417163185, "ndvi2009": 0.2637050792282703, "first": 1, "grid_id": 93125000715, "sensor": "landsat7", "year": "2009", "ndvi2012": 0.22763994540653976, "ndbi2012": -0.0024439632043461584, "ndvi2015": 0.28749848452268861, "ndbi2015": 0.0080032269707789629, "ndvi2018": null, "ndbi2018": null, "ndvi2021": 0.20625360105551926, "ndbi2021": 0.029606268284659759, "ndvi2024": 0.23518136868289874, "ndbi2024": 0.048881351538732944 }, "geometry": { "type": "Polygon", "coordinates": [ [ [ 106.943119075041139, -6.211690700473295 ], [ 106.943152264197622, -6.220731712903626 ], [ 106.952186628448061, -6.220698397650622 ], [ 106.952153285221527, -6.211657433998812 ], [ 106.943119075041139, -6.211690700473295 ] ] ] } },
{ "type": "Feature", "properties": { "id": "+715+9313", "ndbi2009": -0.035629170030006208, "ndvi2009": 0.28645492269424722, "first": 1, "grid_id": 93135000715, "sensor": "landsat7", "year": "2009", "ndvi2012": 0.21896249626297504, "ndbi2012": -0.0072653715906199077, "ndvi2015": 0.25757827813504264, "ndbi2015": -0.01395939202120644, "ndvi2018": null, "ndbi2018": null, "ndvi2021": 0.22476928244577721, "ndbi2021": 0.01368611006910214, "ndvi2024": 0.23554731981130317, "ndbi2024": 0.020812630231375806 }, "geometry": { "type": "Polygon", "coordinates": [ [ [ 106.943085935094359, -6.202649684773098 ], [ 106.943119075041139, -6.211690700473295 ], [ 106.952153285221527, -6.211657433998812 ], [ 106.952119991438252, -6.202616467086117 ], [ 106.943085935094359, -6.202649684773098 ] ] ] } },
{ "type": "Feature", "properties": { "id": "+715+9314", "ndbi2009": -0.017403408763564977, "ndvi2009": 0.25094197702174093, "first": 1, "grid_id": 93145000715, "sensor": "landsat7", "year": "2009", "ndvi2012": 0.2120870833303414, "ndbi2012": -0.0074169780876414447, "ndvi2015": 0.24565962611460218, "ndbi2015": -0.023852337823778977, "ndvi2018": null, "ndbi2018": null, "ndvi2021": 0.19703180386739616, "ndbi2021": 0.019775659040383559, "ndvi2024": 0.21046978305367864, "ndbi2024": 0.013483235985040667 }, "geometry": { "type": "Polygon", "coordinates": [ [ [ 106.943052844357297, -6.193608665829982 ], [ 106.943085935094359, -6.202649684773098 ], [ 106.952119991438252, -6.202616467086117 ], [ 106.952086747089282, -6.193575496921521 ], [ 106.943052844357297, -6.193608665829982 ] ] ] } },
{ "type": "Feature", "properties": { "id": "+715+9315", "ndbi2009": -0.0047345244602183803, "ndvi2009": 0.22403330798260868, "first": 1, "grid_id": 93155000715, "sensor": "landsat7", "year": "2009", "ndvi2012": 0.20253389072604477, "ndbi2012": 0.0074210573075106359, "ndvi2015": 0.27198345866054296, "ndbi2015": 0.002430875436402859, "ndvi2018": null, "ndbi2018": null, "ndvi2021": 0.18304774258285761, "ndbi2021": 0.027601340833825819, "ndvi2024": 0.19017228367738426, "ndbi2024": 0.0063487016341241542 }, "geometry": { "type": "Polygon", "coordinates": [ [ [ 106.943019802829951, -6.184567643625981 ], [ 106.943052844357297, -6.193608665829982 ], [ 106.952086747089282, -6.193575496921521 ], [ 106.95205355217459, -6.184534523505024 ], [ 106.943019802829951, -6.184567643625981 ] ] ] } },
{ "type": "Feature", "properties": { "id": "+715+9316", "ndbi2009": -0.02033227554420591, "ndvi2009": 0.26757540483959019, "first": 1, "grid_id": 93165000715, "sensor": "landsat7", "year": "2009", "ndvi2012": 0.2196361534297466, "ndbi2012": 0.0086095625738380459, "ndvi2015": 0.27739084791392088, "ndbi2015": 0.0083850424416596087, "ndvi2018": null, "ndbi2018": null, "ndvi2021": 0.20927924988791347, "ndbi2021": 0.042600336717441678, "ndvi2024": 0.17604827031027526, "ndbi2024": 0.028774540904123565 }, "geometry": { "type": "Polygon", "coordinates": [ [ [ 106.942986810503314, -6.175526618188046 ], [ 106.943019802829951, -6.184567643625981 ], [ 106.95205355217459, -6.184534523505024 ], [ 106.952020406685207, -6.175493546845608 ], [ 106.942986810503314, -6.175526618188046 ] ] ] } },
{ "type": "Feature", "properties": { "id": "+715+9317", "ndbi2009": -0.096226116503570588, "ndvi2009": 0.36310798327128091, "first": 1, "grid_id": 93175000715, "sensor": "landsat7", "year": "2009", "ndvi2012": 0.27841589585238813, "ndbi2012": -0.045453346071436126, "ndvi2015": 0.2840488921777875, "ndbi2015": 0.001512941524532495, "ndvi2018": null, "ndbi2018": null, "ndvi2021": 0.20867511945612288, "ndbi2021": 0.043408312940714407, "ndvi2024": 0.19600770777347043, "ndbi2024": 0.045647631775514751 }, "geometry": { "type": "Polygon", "coordinates": [ [ [ 106.942953867368445, -6.166485589507192 ], [ 106.942986810503314, -6.175526618188046 ], [ 106.952020406685207, -6.175493546845608 ], [ 106.951987310630116, -6.166452566934292 ], [ 106.942953867368445, -6.166485589507192 ] ] ] } },
{ "type": "Feature", "properties": { "id": "+715+9318", "ndbi2009": -0.11222690092108678, "ndvi2009": 0.35745843348558992, "first": 1, "grid_id": 93185000715, "sensor": "landsat7", "year": "2009", "ndvi2012": 0.28107553056906909, "ndbi2012": -0.062645568297739374, "ndvi2015": 0.27401746518444275, "ndbi2015": 0.0084287126883282326, "ndvi2018": null, "ndbi2018": null, "ndvi2021": 0.17562056463793851, "ndbi2021": 0.048176841257372878, "ndvi2024": 0.1814124076772714, "ndbi2024": 0.03366110962087987 }, "geometry": { "type": "Polygon", "coordinates": [ [ [ 106.942920973425302, -6.157444557583421 ], [ 106.942953867368445, -6.166485589507192 ], [ 106.951987310630116, -6.166452566934292 ], [ 106.951954263991354, -6.157411583798023 ], [ 106.942920973425302, -6.157444557583421 ] ] ] } },
{ "type": "Feature", "properties": { "id": "+715+9319", "ndbi2009": -0.098206067074882025, "ndvi2009": 0.36643819952260326, "first": 1, "grid_id": 93195000715, "sensor": "landsat7", "year": "2009", "ndvi2012": 0.29212541073456877, "ndbi2012": -0.062620331588418635, "ndvi2015": 0.37455527634986191, "ndbi2015": -0.08288894302474549, "ndvi2018": null, "ndbi2018": null, "ndvi2021": 0.26625089456395407, "ndbi2021": 0.0035787193876941014, "ndvi2024": 0.25693053761269991, "ndbi2024": -0.034669610720374444 }, "geometry": { "type": "Polygon", "coordinates": [ [ [ 106.942888128673914, -6.14840352244368 ], [ 106.942920973425302, -6.157444557583421 ], [ 106.951954263991354, -6.157411583798023 ], [ 106.951921266759925, -6.148370597427819 ], [ 106.942888128673914, -6.14840352244368 ] ] ] } },
{ "type": "Feature", "properties": { "id": "+715+9320", "ndbi2009": -0.11784476781008291, "ndvi2009": 0.38411608338356018, "first": 1, "grid_id": 93205000715, "sensor": "landsat7", "year": "2009", "ndvi2012": 0.31214041382658719, "ndbi2012": -0.083875181843691013, "ndvi2015": 0.36283248721384537, "ndbi2015": -0.065734374844560434, "ndvi2018": null, "ndbi2018": null, "ndvi2021": 0.46626968009799136, "ndbi2021": -0.12171180289165648, "ndvi2024": 0.42361698501250328, "ndbi2024": -0.13708614850161124 }, "geometry": { "type": "Polygon", "coordinates": [ [ [ 106.942855333105285, -6.139362484070005 ], [ 106.942888128673914, -6.14840352244368 ], [ 106.951921266759925, -6.148370597427819 ], [ 106.951888318953806, -6.13932960782368 ], [ 106.942855333105285, -6.139362484070005 ] ] ] } },
{ "type": "Feature", "properties": { "id": "+715+9321", "ndbi2009": -0.090181646490236744, "ndvi2009": 0.37279075605329126, "first": 1, "grid_id": 93215000715, "sensor": "landsat7", "year": "2009", "ndvi2012": 0.26350698625901714, "ndbi2012": -0.064794304465067398, "ndvi2015": 0.27862329152412713, "ndbi2015": -0.011913131063920446, "ndvi2018": null, "ndbi2018": null, "ndvi2021": 0.33485348624526523, "ndbi2021": -0.059486721533176024, "ndvi2024": 0.33470088226022204, "ndbi2024": -0.093307655464741401 }, "geometry": { "type": "Polygon", "coordinates": [ [ [ 106.942822586710435, -6.130321442471377 ], [ 106.942855333105285, -6.139362484070005 ], [ 106.951888318953806, -6.13932960782368 ], [ 106.951855420546039, -6.130288615003574 ], [ 106.942822586710435, -6.130321442471377 ] ] ] } },
{ "type": "Feature", "properties": { "id": "+715+9322", "ndbi2009": -0.086751710026874193, "ndvi2009": 0.31331054016482085, "first": 1, "grid_id": 93225000715, "sensor": "landsat7", "year": "2009", "ndvi2012": 0.21011481725145131, "ndbi2012": -0.051963618578156456, "ndvi2015": 0.27976145292632276, "ndbi2015": -0.047031852343934588, "ndvi2018": null, "ndbi2018": null, "ndvi2021": 0.26827221043640748, "ndbi2021": -0.037494168866032851, "ndvi2024": 0.31416814631666051, "ndbi2024": -0.091536440566414953 }, "geometry": { "type": "Polygon", "coordinates": [ [ [ 106.942789889498343, -6.121280397656782 ], [ 106.942822586710435, -6.130321442471377 ], [ 106.951855420546039, -6.130288615003574 ], [ 106.95182257154562, -6.121247618958514 ], [ 106.942789889498343, -6.121280397656782 ] ] ] } },
{ "type": "Feature", "properties": { "id": "+715+9323", "ndbi2009": -0.11367292510066913, "ndvi2009": 0.24666815315644572, "first": 1, "grid_id": 93235000715, "sensor": "landsat7", "year": "2009", "ndvi2012": 0.18390467692547893, "ndbi2012": -0.036533516017705436, "ndvi2015": 0.25105888197037179, "ndbi2015": -0.015496428227272088, "ndvi2018": null, "ndbi2018": null, "ndvi2021": 0.21544649880232772, "ndbi2021": -0.011190019335275095, "ndvi2024": 0.23492779365674718, "ndbi2024": -0.020222034906660483 }, "geometry": { "type": "Polygon", "coordinates": [ [ [ 106.942757241460043, -6.1122393496352 ], [ 106.942789889498343, -6.121280397656782 ], [ 106.95182257154562, -6.121247618958514 ], [ 106.951789771952534, -6.112206619706469 ], [ 106.942757241460043, -6.1122393496352 ] ] ] } },
{ "type": "Feature", "properties": { "id": "+715+9324", "ndbi2009": -0.0075455282494658613, "ndvi2009": 0.20764395676087588, "first": 1, "grid_id": 93245000715, "sensor": "landsat7", "year": "2009", "ndvi2012": 0.15026843233499679, "ndbi2012": 0.046427048189798363, "ndvi2015": 0.19274333363864571, "ndbi2015": 0.057150919397827238, "ndvi2018": null, "ndbi2018": null, "ndvi2021": 0.10799273377051577, "ndbi2021": 0.058971081300114747, "ndvi2024": 0.11985121550969781, "ndbi2024": 0.083099189097993076 }, "geometry": { "type": "Polygon", "coordinates": [ [ [ 106.942724642586526, -6.103198298406633 ], [ 106.942757241460043, -6.1122393496352 ], [ 106.951789771952534, -6.112206619706469 ], [ 106.951757021748833, -6.103165617238456 ], [ 106.942724642586526, -6.103198298406633 ] ] ] } },
{ "type": "Feature", "properties": { "id": "+715+9325", "ndbi2009": 0.047740188405441586, "ndvi2009": 0.14567508493200876, "first": 1, "grid_id": 93255000715, "sensor": "landsat7", "year": "2009", "ndvi2012": 0.096745243194163777, "ndbi2012": 0.048633248820806337, "ndvi2015": 0.097458038901095279, "ndbi2015": 0.037539925073360798, "ndvi2018": null, "ndbi2018": null, "ndvi2021": -0.013671305048774231, "ndbi2021": 0.048230934364255518, "ndvi2024": 0.065284025680739433, "ndbi2024": 0.05004936961631757 }, "geometry": { "type": "Polygon", "coordinates": [ [ [ 106.942692092868825, -6.09415724397108 ], [ 106.942724642586526, -6.103198298406633 ], [ 106.951757021748833, -6.103165617238456 ], [ 106.951724320934503, -6.09412461157244 ], [ 106.942692092868825, -6.09415724397108 ] ] ] } },
{ "type": "Feature", "properties": { "id": "+716+9312", "ndbi2009": 0.0091718843975384899, "ndvi2009": 0.24106414849499622, "first": 1, "grid_id": 93125000716, "sensor": "landsat7", "year": "2009", "ndvi2012": 0.24653582445469246, "ndbi2012": -0.0038054884707341978, "ndvi2015": 0.33384664679866238, "ndbi2015": -0.023739638271270298, "ndvi2018": null, "ndbi2018": null, "ndvi2021": 0.22061613911246677, "ndbi2021": 0.050590298082455097, "ndvi2024": 0.23876825369984273, "ndbi2024": 0.067540640953973108 }, "geometry": { "type": "Polygon", "coordinates": [ [ [ 106.952153285221527, -6.211657433998812 ], [ 106.952186628448061, -6.220698397650622 ], [ 106.961220943255228, -6.220664928094002 ], [ 106.961187445958643, -6.211624013454274 ], [ 106.952153285221527, -6.211657433998812 ] ] ] } },
{ "type": "Feature", "properties": { "id": "+716+9313", "ndbi2009": 0.0015284565124602516, "ndvi2009": 0.25601825339253992, "first": 1, "grid_id": 93135000716, "sensor": "landsat7", "year": "2009", "ndvi2012": 0.24864408769644797, "ndbi2012": 0.0031620554218534385, "ndvi2015": 0.33109167660586536, "ndbi2015": -0.01469879545038566, "ndvi2018": null, "ndbi2018": null, "ndvi2021": 0.24888393143191934, "ndbi2021": 0.031790319633728359, "ndvi2024": 0.25791132892481988, "ndbi2024": 0.053810280776815496 }, "geometry": { "type": "Polygon", "coordinates": [ [ [ 106.952119991438252, -6.202616467086117 ], [ 106.952153285221527, -6.211657433998812 ], [ 106.961187445958643, -6.211624013454274 ], [ 106.961153998338872, -6.202583095553662 ], [ 106.952119991438252, -6.202616467086117 ] ] ] } },
{ "type": "Feature", "properties": { "id": "+716+9314", "ndbi2009": -0.0027279246434131089, "ndvi2009": 0.26613715764354251, "first": 1, "grid_id": 93145000716, "sensor": "landsat7", "year": "2009", "ndvi2012": 0.23984540104866026, "ndbi2012": 0.010574904164555025, "ndvi2015": 0.31487037364174342, "ndbi2015": -0.006942180562399182, "ndvi2018": null, "ndbi2018": null, "ndvi2021": 0.25042381444398093, "ndbi2021": 0.017088477988499124, "ndvi2024": 0.27124199341325195, "ndbi2024": 0.014124093800052707 }, "geometry": { "type": "Polygon", "coordinates": [ [ [ 106.952086747089282, -6.193575496921521 ], [ 106.952119991438252, -6.202616467086117 ], [ 106.961153998338872, -6.202583095553662 ], [ 106.961120600386963, -6.193542174401147 ], [ 106.952086747089282, -6.193575496921521 ] ] ] } },
{ "type": "Feature", "properties": { "id": "+716+9315", "ndbi2009": -0.0059649786498994226, "ndvi2009": 0.25124396960018203, "first": 1, "grid_id": 93155000716, "sensor": "landsat7", "year": "2009", "ndvi2012": 0.22665535501437256, "ndbi2012": 0.0084503522066370334, "ndvi2015": 0.30877348722424358, "ndbi2015": -0.011415142740588633, "ndvi2018": null, "ndbi2018": null, "ndvi2021": 0.20420691987965253, "ndbi2021": 0.040678872376929569, "ndvi2024": 0.22579904517624527, "ndbi2024": 0.0064887211601671871 }, "geometry": { "type": "Polygon", "coordinates": [ [ [ 106.95205355217459, -6.184534523505024 ], [ 106.952086747089282, -6.193575496921521 ], [ 106.961120600386963, -6.193542174401147 ], [ 106.961087252093932, -6.184501249987749 ], [ 106.95205355217459, -6.184534523505024 ] ] ] } },
{ "type": "Feature", "properties": { "id": "+716+9316", "ndbi2009": -0.047563922475092113, "ndvi2009": 0.27921570362303194, "first": 1, "grid_id": 93165000716, "sensor": "landsat7", "year": "2009", "ndvi2012": 0.23067508356308372, "ndbi2012": -0.0087684541867356601, "ndvi2015": 0.34306196739354472, "ndbi2015": -0.046849807511692439, "ndvi2018": null, "ndbi2018": null, "ndvi2021": 0.24829491726526126, "ndbi2021": -0.0088469337701328199, "ndvi2024": 0.23369379159737758, "ndbi2024": -0.04692091022739113 }, "geometry": { "type": "Polygon", "coordinates": [ [ [ 106.952020406685207, -6.175493546845608 ], [ 106.95205355217459, -6.184534523505024 ], [ 106.961087252093932, -6.184501249987749 ], [ 106.961053953450772, -6.175460322331432 ], [ 106.952020406685207, -6.175493546845608 ] ] ] } },
{ "type": "Feature", "properties": { "id": "+716+9317", "ndbi2009": -0.12390960101038219, "ndvi2009": 0.36272909725084895, "first": 1, "grid_id": 93175000716, "sensor": "landsat7", "year": "2009", "ndvi2012": 0.32369207381270826, "ndbi2012": -0.080849738296819837, "ndvi2015": 0.47767216758802533, "ndbi2015": -0.16296745292493142, "ndvi2018": null, "ndbi2018": null, "ndvi2021": 0.31132663134485483, "ndbi2021": -0.061237317393533885, "ndvi2024": 0.31513644335791463, "ndbi2024": -0.12415151565801354 }, "geometry": { "type": "Polygon", "coordinates": [ [ [ 106.951987310630116, -6.166452566934292 ], [ 106.952020406685207, -6.175493546845608 ], [ 106.961053953450772, -6.175460322331432 ], [ 106.961020704466492, -6.166419391432197 ], [ 106.951987310630116, -6.166452566934292 ] ] ] } },
{ "type": "Feature", "properties": { "id": "+716+9318", "ndbi2009": -0.15555038465593096, "ndvi2009": 0.39701405772589204, "first": 1, "grid_id": 93185000716, "sensor": "landsat7", "year": "2009", "ndvi2012": 0.39761596895698326, "ndbi2012": -0.13171983980818802, "ndvi2015": 0.43707589009650671, "ndbi2015": -0.14055716611893107, "ndvi2018": null, "ndbi2018": null, "ndvi2021": 0.28466950659465079, "ndbi2021": -0.0071939321837030876, "ndvi2024": 0.29058873653411871, "ndbi2024": -0.065892593483475606 }, "geometry": { "type": "Polygon", "coordinates": [ [ [ 106.951954263991354, -6.157411583798023 ], [ 106.951987310630116, -6.166452566934292 ], [ 106.961020704466492, -6.166419391432197 ], [ 106.960987505132096, -6.157378457290044 ], [ 106.951954263991354, -6.157411583798023 ] ] ] } },
{ "type": "Feature", "properties": { "id": "+716+9319", "ndbi2009": -0.13792193395889191, "ndvi2009": 0.41892447583511844, "first": 1, "grid_id": 93195000716, "sensor": "landsat7", "year": "2009", "ndvi2012": 0.39801580327082198, "ndbi2012": -0.12258280029634704, "ndvi2015": 0.38107989507892065, "ndbi2015": -0.081623470763733011, "ndvi2018": null, "ndbi2018": null, "ndvi2021": 0.32769104289664258, "ndbi2021": -0.017662186121789988, "ndvi2024": 0.30956699610402005, "ndbi2024": -0.045148003880028688 }, "geometry": { "type": "Polygon", "coordinates": [ [ [ 106.951921266759925, -6.148370597427819 ], [ 106.951954263991354, -6.157411583798023 ], [ 106.960987505132096, -6.157378457290044 ], [ 106.960954355447583, -6.148337519922939 ], [ 106.951921266759925, -6.148370597427819 ] ] ] } },
{ "type": "Feature", "properties": { "id": "+716+9320", "ndbi2009": -0.16305016266414896, "ndvi2009": 0.44625436631031334, "first": 1, "grid_id": 93205000716, "sensor": "landsat7", "year": "2009", "ndvi2012": 0.40312877681571996, "ndbi2012": -0.13468549124081619, "ndvi2015": 0.42944271711166954, "ndbi2015": -0.10842196370504098, "ndvi2018": null, "ndbi2018": null, "ndvi2021": 0.43391233321744954, "ndbi2021": -0.15317636239342391, "ndvi2024": 0.43884246319066733, "ndbi2024": -0.16775203542783859 }, "geometry": { "type": "Polygon", "coordinates": [ [ [ 106.951888318953806, -6.13932960782368 ], [ 106.951921266759925, -6.148370597427819 ], [ 106.960954355447583, -6.148337519922939 ], [ 106.960921255394979, -6.139296579321899 ], [ 106.951888318953806, -6.13932960782368 ] ] ] } },
{ "type": "Feature", "properties": { "id": "+716+9321", "ndbi2009": -0.22204844113074099, "ndvi2009": 0.49619655480571823, "first": 1, "grid_id": 93215000716, "sensor": "landsat7", "year": "2009", "ndvi2012": 0.33625509236373152, "ndbi2012": -0.13649609058218845, "ndvi2015": 0.39303423785695846, "ndbi2015": -0.083614108032163459, "ndvi2018": null, "ndbi2018": null, "ndvi2021": 0.45977989686470405, "ndbi2021": -0.22415720346548104, "ndvi2024": 0.50848355129653333, "ndbi2024": -0.2596969845832563 }, "geometry": { "type": "Polygon", "coordinates": [ [ [ 106.951855420546039, -6.130288615003574 ], [ 106.951888318953806, -6.13932960782368 ], [ 106.960921255394979, -6.139296579321899 ], [ 106.960888204983291, -6.130255635495907 ], [ 106.951855420546039, -6.130288615003574 ] ] ] } },
{ "type": "Feature", "properties": { "id": "+716+9322", "ndbi2009": -0.16806924002594315, "ndvi2009": 0.42392999620642519, "first": 1, "grid_id": 93225000716, "sensor": "landsat7", "year": "2009", "ndvi2012": 0.26602119370363653, "ndbi2012": -0.090678877328173257, "ndvi2015": 0.31429286010097712, "ndbi2015": -0.081249315837339978, "ndvi2018": null, "ndbi2018": null, "ndvi2021": 0.36168803594773635, "ndbi2021": -0.10610192159765576, "ndvi2024": 0.39367459481582046, "ndbi2024": -0.13074430267442949 }, "geometry": { "type": "Polygon", "coordinates": [ [ [ 106.95182257154562, -6.121247618958514 ], [ 106.951855420546039, -6.130288615003574 ], [ 106.960888204983291, -6.130255635495907 ], [ 106.960855204203526, -6.121214688444963 ], [ 106.95182257154562, -6.121247618958514 ] ] ] } },
{ "type": "Feature", "properties": { "id": "+716+9323", "ndbi2009": -0.11312262351606406, "ndvi2009": 0.26634316052876267, "first": 1, "grid_id": 93235000716, "sensor": "landsat7", "year": "2009", "ndvi2012": 0.18828057600002662, "ndbi2012": -0.059472276168126684, "ndvi2015": 0.22904050320971245, "ndbi2015": -0.058738956790344382, "ndvi2018": null, "ndbi2018": null, "ndvi2021": 0.22397430030738605, "ndbi2021": -0.036921814865633548, "ndvi2024": 0.25568406704594104, "ndbi2024": -0.030697293732972704 }, "geometry": { "type": "Polygon", "coordinates": [ [ [ 106.951789771952534, -6.112206619706469 ], [ 106.95182257154562, -6.121247618958514 ], [ 106.960855204203526, -6.121214688444963 ], [ 106.960822253046686, -6.112173738187034 ], [ 106.951789771952534, -6.112206619706469 ] ] ] } },
{ "type": "Feature", "properties": { "id": "+716+9324", "ndbi2009": -0.042735114409879316, "ndvi2009": 0.20544249127851802, "first": 1, "grid_id": 93245000716, "sensor": "landsat7", "year": "2009", "ndvi2012": 0.16735834709834307, "ndbi2012": 0.0028509877156466215, "ndvi2015": 0.23036138730822128, "ndbi2015": -0.0014036634911462913, "ndvi2018": null, "ndbi2018": null, "ndvi2021": 0.2423318354121875, "ndbi2021": -0.040583530641015379, "ndvi2024": 0.31127698920317926, "ndbi2024": -0.034452105610398569 }, "geometry": { "type": "Polygon", "coordinates": [ [ [ 106.951757021748833, -6.103165617238456 ], [ 106.951789771952534, -6.112206619706469 ], [ 106.960822253046686, -6.112173738187034 ], [ 106.960789351521768, -6.10313278472212 ], [ 106.951757021748833, -6.103165617238456 ] ] ] } },
{ "type": "Feature", "properties": { "id": "+716+9325", "ndbi2009": 0.015950391432852481, "ndvi2009": 0.17133091791765762, "first": 1, "grid_id": 93255000716, "sensor": "landsat7", "year": "2009", "ndvi2012": 0.13369290123227981, "ndbi2012": 0.010313175167539157, "ndvi2015": 0.15310201165266335, "ndbi2015": 0.033978965624555713, "ndvi2018": null, "ndbi2018": null, "ndvi2021": 0.11177322303410619, "ndbi2021": -0.008427209490037061, "ndvi2024": 0.1657655913149938, "ndbi2024": -0.015144513286941219 }, "geometry": { "type": "Polygon", "coordinates": [ [ [ 106.951724320934503, -6.09412461157244 ], [ 106.951757021748833, -6.103165617238456 ], [ 106.960789351521768, -6.10313278472212 ], [ 106.96075649961081, -6.094091828041236 ], [ 106.951724320934503, -6.09412461157244 ] ] ] } },
{ "type": "Feature", "properties": { "id": "+717+9313", "ndbi2009": 0.051095829309036819, "ndvi2009": 0.19012829643523621, "first": 1, "grid_id": 93135000717, "sensor": "landsat7", "year": "2009", "ndvi2012": 0.20306386356939102, "ndbi2012": 0.061889109296534593, "ndvi2015": 0.26127130738989324, "ndbi2015": 0.048925542663002086, "ndvi2018": null, "ndbi2018": null, "ndvi2021": 0.15475233532711416, "ndbi2021": 0.10247352628405401, "ndvi2024": 0.15562806523845582, "ndbi2024": 0.10043647760402659 }, "geometry": { "type": "Polygon", "coordinates": [ [ [ 106.961153998338872, -6.202583095553662 ], [ 106.961187445958643, -6.211624013454274 ], [ 106.970221557027898, -6.211590438848665 ], [ 106.970187955580627, -6.202549570184713 ], [ 106.961153998338872, -6.202583095553662 ] ] ] } },
{ "type": "Feature", "properties": { "id": "+717+9314", "ndbi2009": 0.0098436717562435695, "ndvi2009": 0.24106503534130752, "first": 1, "grid_id": 93145000717, "sensor": "landsat7", "year": "2009", "ndvi2012": 0.2264823758741841, "ndbi2012": 0.033753084007912548, "ndvi2015": 0.2893749043578282, "ndbi2015": 0.023057309168507348, "ndvi2018": null, "ndbi2018": null, "ndvi2021": 0.17507998365908861, "ndbi2021": 0.05754138649353991, "ndvi2024": 0.20796910184435549, "ndbi2024": 0.051570164039731033 }, "geometry": { "type": "Polygon", "coordinates": [ [ [ 106.961120600386963, -6.193542174401147 ], [ 106.961153998338872, -6.202583095553662 ], [ 106.970187955580627, -6.202549570184713 ], [ 106.97015440401681, -6.193508698259876 ], [ 106.961120600386963, -6.193542174401147 ] ] ] } },
{ "type": "Feature", "properties": { "id": "+717+9315", "ndbi2009": -0.03280251549155104, "ndvi2009": 0.28813191138061822, "first": 1, "grid_id": 93155000717, "sensor": "landsat7", "year": "2009", "ndvi2012": 0.21643449529713277, "ndbi2012": -0.0064626885322379129, "ndvi2015": 0.34140959487241856, "ndbi2015": -0.029315705969929693, "ndvi2018": null, "ndbi2018": null, "ndvi2021": 0.18826383995074852, "ndbi2021": 0.040773860467415227, "ndvi2024": 0.22500463922818503, "ndbi2024": 0.022329941859432295 }, "geometry": { "type": "Polygon", "coordinates": [ [ [ 106.961087252093932, -6.184501249987749 ], [ 106.961120600386963, -6.193542174401147 ], [ 106.97015440401681, -6.193508698259876 ], [ 106.970120902345414, -6.184467823083138 ], [ 106.961087252093932, -6.184501249987749 ] ] ] } },
{ "type": "Feature", "properties": { "id": "+717+9316", "ndbi2009": -0.062594144066679291, "ndvi2009": 0.31480322865536436, "first": 1, "grid_id": 93165000717, "sensor": "landsat7", "year": "2009", "ndvi2012": 0.21881147922249514, "ndbi2012": -0.01797419799004274, "ndvi2015": 0.35498743702191859, "ndbi2015": -0.036114822461968288, "ndvi2018": null, "ndbi2018": null, "ndvi2021": 0.31726659863488749, "ndbi2021": -0.02747293826541863, "ndvi2024": 0.2965578117291443, "ndbi2024": -0.067738032550550997 }, "geometry": { "type": "Polygon", "coordinates": [ [ [ 106.961053953450772, -6.175460322331432 ], [ 106.961087252093932, -6.184501249987749 ], [ 106.970120902345414, -6.184467823083138 ], [ 106.970087450566453, -6.175426944654499 ], [ 106.961053953450772, -6.175460322331432 ] ] ] } },
{ "type": "Feature", "properties": { "id": "+717+9317", "ndbi2009": -0.11691627660218407, "ndvi2009": 0.31877238212847242, "first": 1, "grid_id": 93175000717, "sensor": "landsat7", "year": "2009", "ndvi2012": 0.309161591705154, "ndbi2012": -0.068521174898042395, "ndvi2015": 0.35416916936051612, "ndbi2015": -0.042490075324095933, "ndvi2018": null, "ndbi2018": null, "ndvi2021": 0.35660938001146503, "ndbi2021": -0.054308992536628943, "ndvi2024": 0.32203375182899774, "ndbi2024": -0.10705038963579663 }, "geometry": { "type": "Polygon", "coordinates": [ [ [ 106.961020704466492, -6.166419391432197 ], [ 106.961053953450772, -6.175460322331432 ], [ 106.970087450566453, -6.175426944654499 ], [ 106.970054048661964, -6.166386062982942 ], [ 106.961020704466492, -6.166419391432197 ] ] ] } },
{ "type": "Feature", "properties": { "id": "+717+9318", "ndbi2009": -0.17305732142011462, "ndvi2009": 0.35070728933769652, "first": 1, "grid_id": 93185000717, "sensor": "landsat7", "year": "2009", "ndvi2012": 0.38694708625614022, "ndbi2012": -0.12869209544376212, "ndvi2015": 0.37999281214504704, "ndbi2015": -0.064933715797052149, "ndvi2018": null, "ndbi2018": null, "ndvi2021": 0.32699082080495484, "ndbi2021": -0.049428733851020763, "ndvi2024": 0.27087010728772926, "ndbi2024": -0.058677480911401188 }, "geometry": { "type": "Polygon", "coordinates": [ [ [ 106.960987505132096, -6.157378457290044 ], [ 106.961020704466492, -6.166419391432197 ], [ 106.970054048661964, -6.166386062982942 ], [ 106.970020696631934, -6.15734517807745 ], [ 106.960987505132096, -6.157378457290044 ] ] ] } },
{ "type": "Feature", "properties": { "id": "+717+9319", "ndbi2009": -0.17757042406820783, "ndvi2009": 0.41830605665842691, "first": 1, "grid_id": 93195000717, "sensor": "landsat7", "year": "2009", "ndvi2012": 0.48635960630342073, "ndbi2012": -0.1918554418811611, "ndvi2015": 0.4621964708262799, "ndbi2015": -0.13567931993919261, "ndvi2018": null, "ndbi2018": null, "ndvi2021": 0.42645416026021921, "ndbi2021": -0.1457207016646862, "ndvi2024": 0.32113492360302048, "ndbi2024": -0.12643797429570675 }, "geometry": { "type": "Polygon", "coordinates": [ [ [ 106.960954355447583, -6.148337519922939 ], [ 106.960987505132096, -6.157378457290044 ], [ 106.970020696631934, -6.15734517807745 ], [ 106.969987394485344, -6.148304289929039 ], [ 106.960954355447583, -6.148337519922939 ] ] ] } },
{ "type": "Feature", "properties": { "id": "+717+9320", "ndbi2009": -0.1323642880893221, "ndvi2009": 0.39620238016633424, "first": 1, "grid_id": 93205000717, "sensor": "landsat7", "year": "2009", "ndvi2012": 0.51188062920289878, "ndbi2012": -0.21994970283087562, "ndvi2015": 0.48636430887614979, "ndbi2015": -0.14798776717746959, "ndvi2018": null, "ndbi2018": null, "ndvi2021": 0.40027716755867004, "ndbi2021": -0.17735001826111008, "ndvi2024": 0.42529326712383941, "ndbi2024": -0.18148033116378037 }, "geometry": { "type": "Polygon", "coordinates": [ [ [ 106.960921255394979, -6.139296579321899 ], [ 106.960954355447583, -6.148337519922939 ], [ 106.969987394485344, -6.148304289929039 ], [ 106.969954142195263, -6.139263398555677 ], [ 106.960921255394979, -6.139296579321899 ] ] ] } },
{ "type": "Feature", "properties": { "id": "+717+9321", "ndbi2009": -0.16885594796622172, "ndvi2009": 0.37494376872200524, "first": 1, "grid_id": 93215000717, "sensor": "landsat7", "year": "2009", "ndvi2012": 0.43317335913889116, "ndbi2012": -0.2046428116154857, "ndvi2015": 0.41932672564871609, "ndbi2015": -0.11413095748866907, "ndvi2018": null, "ndbi2018": null, "ndvi2021": 0.40970574668608606, "ndbi2021": -0.16367124527459967, "ndvi2024": 0.48311975679825991, "ndbi2024": -0.19214315537828952 }, "geometry": { "type": "Polygon", "coordinates": [ [ [ 106.960888204983291, -6.130255635495907 ], [ 106.960921255394979, -6.139296579321899 ], [ 106.969954142195263, -6.139263398555677 ], [ 106.969920939779641, -6.13022250394838 ], [ 106.960888204983291, -6.130255635495907 ] ] ] } },
{ "type": "Feature", "properties": { "id": "+717+9322", "ndbi2009": -0.158428340946557, "ndvi2009": 0.34468106238637125, "first": 1, "grid_id": 93225000717, "sensor": "landsat7", "year": "2009", "ndvi2012": 0.33893545297905803, "ndbi2012": -0.18401344367885034, "ndvi2015": 0.32074048218782991, "ndbi2015": -0.11190231304499322, "ndvi2018": null, "ndbi2018": null, "ndvi2021": 0.35506813845131546, "ndbi2021": -0.16257795332785466, "ndvi2024": 0.43575596471782774, "ndbi2024": -0.20187353797518878 }, "geometry": { "type": "Polygon", "coordinates": [ [ [ 106.960855204203526, -6.121214688444963 ], [ 106.960888204983291, -6.130255635495907 ], [ 106.969920939779641, -6.13022250394838 ], [ 106.969887787220514, -6.121181606125114 ], [ 106.960855204203526, -6.121214688444963 ] ] ] } },
{ "type": "Feature", "properties": { "id": "+717+9323", "ndbi2009": -0.12428058467659296, "ndvi2009": 0.26381114581051995, "first": 1, "grid_id": 93235000717, "sensor": "landsat7", "year": "2009", "ndvi2012": 0.22972476634324768, "ndbi2012": -0.1038037855835522, "ndvi2015": 0.24205515454797186, "ndbi2015": -0.07488807086266723, "ndvi2018": null, "ndbi2018": null, "ndvi2021": 0.22657031942816344, "ndbi2021": -0.094428327854941874, "ndvi2024": 0.31256289201624254, "ndbi2024": -0.10433875515180474 }, "geometry": { "type": "Polygon", "coordinates": [ [ [ 106.960822253046686, -6.112173738187034 ], [ 106.960855204203526, -6.121214688444963 ], [ 106.969887787220514, -6.121181606125114 ], [ 106.969854684517898, -6.112140705085879 ], [ 106.960822253046686, -6.112173738187034 ] ] ] } },
{ "type": "Feature", "properties": { "id": "+717+9324", "ndbi2009": -0.056932647567009546, "ndvi2009": 0.20431628928054127, "first": 1, "grid_id": 93245000717, "sensor": "landsat7", "year": "2009", "ndvi2012": 0.17607989290263504, "ndbi2012": -0.037570008615148247, "ndvi2015": 0.23834603937575594, "ndbi2015": 0.03359609939070652, "ndvi2018": null, "ndbi2018": null, "ndvi2021": 0.27397421974455938, "ndbi2021": -0.058753418066771708, "ndvi2024": 0.32912618148839107, "ndbi2024": -0.035735673780436628 }, "geometry": { "type": "Polygon", "coordinates": [ [ [ 106.960789351521768, -6.10313278472212 ], [ 106.960822253046686, -6.112173738187034 ], [ 106.969854684517898, -6.112140705085879 ], [ 106.969821631671763, -6.103099800839658 ], [ 106.960789351521768, -6.10313278472212 ] ] ] } },
{ "type": "Feature", "properties": { "id": "+717+9325", "ndbi2009": 0.027652047421724998, "ndvi2009": 0.16205540299415588, "first": 1, "grid_id": 93255000717, "sensor": "landsat7", "year": "2009", "ndvi2012": 0.13049853025586344, "ndbi2012": -0.0053637507917301264, "ndvi2015": 0.1865843422419857, "ndbi2015": 0.042405818267070579, "ndvi2018": null, "ndbi2018": null, "ndvi2021": 0.22690833799060786, "ndbi2021": -0.023226695539960925, "ndvi2024": 0.29074907707399683, "ndbi2024": -0.022557479238457745 }, "geometry": { "type": "Polygon", "coordinates": [ [ [ 106.96075649961081, -6.094091828041236 ], [ 106.960789351521768, -6.10313278472212 ], [ 106.969821631671763, -6.103099800839658 ], [ 106.969788628673157, -6.094058893377468 ], [ 106.96075649961081, -6.094091828041236 ] ] ] } }
]
}
