grid_id,ndvi2009,ndvi2012,ndvi2015,ndvi2018,ndvi2021,ndvi2024,ndbi2009,ndbi2012,ndbi2015,ndbi2018,ndbi2021,ndbi2024,ndvi_raw2009,ndvi_raw2012,ndvi_raw2015,ndvi_raw2018,ndvi_raw2021,ndvi_raw2024,ndbi_raw2009,ndbi_raw2012,ndbi_raw2015,ndbi_raw2018,ndbi_raw2021,ndbi_raw2024,kmeans_cluster,lst_2009,lst_2012,lst_2015,lst_2018,lst_2021,lst_2024
92955000708,0.42096652474836527,0.4169247405225662,0.4592974809242104,0.43010693849247944,0.43377978255706456,0.419154211496965,-0.07873358966483217,-0.0676978295937981,-0.0790698248956359,-0.06390484058879198,-0.07593574092925165,-0.05735873628355705,0.40453779507831633,0.4005451587081132,0.4592974809242104,0.43010693849247944,0.43377978255706456,0.419154211496965,-0.08021599580159837,-0.06933688904008868,-0.0790698248956359,-0.06390484058879198,-0.07593574092925165,-0.05735873628355705,4,36.66858823529415,36.146513368983996,38.22857703081236,37.834997198879584,36.91427450980396,34.535053221288535
92955000709,0.5116691894776487,0.45702387975888764,0.5168143211073601,0.5128178480191873,0.5528840302232986,0.552279890015589,-0.14578322843896976,-0.11741337998805133,-0.11414039823130508,-0.12536787809832162,-0.1719208317314844,-0.15670693433899735,0.4949980518141611,0.44043475576114377,0.5168143211073601,0.5128178480191873,0.5528840302232986,0.552279890015589,-0.1462261004554684,-0.11820102026144208,-0.11414039823130508,-0.12536787809832162,-0.1719208317314844,-0.15670693433899735,3,35.868046875000026,35.29862926136365,37.25475446428573,37.31991071428574,35.722285156250024,33.31351562500002
92965000698,0.5732124540053434,0.5619081497886701,0.5605881481149246,0.5900135457081093,0.6450110544216744,0.6491970814609838,-0.10263160282353023,-0.10136225536514851,-0.08257119684793171,-0.12596014509568615,-0.16765909381259847,-0.19044928551503074,0.557630033164005,0.5466139732077623,0.5605881481149246,0.5900135457081093,0.6450110544216744,0.6491970814609838,-0.10448513902514432,-0.10333264674325777,-0.08257119684793171,-0.12596014509568615,-0.16765909381259847,-0.19044928551503074,4,36.07941406250004,34.91497159090909,37.52986607142859,36.90892857142858,35.77945312500002,33.46138392857147
92965000699,0.44639775195310893,0.41578443268113524,0.45572657229018404,0.43989412782450676,0.43098449878221085,0.4315983577775937,-0.08636869870817668,-0.06321696910717227,-0.06812784714384715,-0.05117822640530035,-0.045887423854683265,-0.05000830297211728,0.42956125411790463,0.39941887502756196,0.45572657229018404,0.43989412782450676,0.43098449878221085,0.4315983577775937,-0.08748687644504984,-0.06484633718335094,-0.06812784714384715,-0.05117822640530035,-0.045887423854683265,-0.05000830297211728,4,36.03041176470592,34.94932976827096,37.62728851540618,36.88433053221292,35.70335294117648,33.51045938375353
92965000707,0.38402242179865836,0.34479542618249065,0.3648974983840199,0.3540142154382405,0.33014597265690776,0.3112830922661912,-0.03325954026007245,-0.011590589532892529,-0.003659944683474958,0.02280609791601622,0.028609720340986765,0.05014329824152067,0.36794006078730945,0.3288007629592758,0.3648974983840199,0.3540142154382405,0.33014597265690776,0.3112830922661912,-0.03549603434206894,-0.013985813771912995,-0.003659944683474958,0.02280609791601622,0.028609720340986765,0.05014329824152067,4,37.69270588235296,37.06883065953656,38.647736694677896,38.74948459383758,38.08619607843142,35.51709243697482
92965000708,0.3699035589620263,0.3363680379961457,0.37364571061349106,0.3660771525570848,0.36990278375361035,0.3549767828421937,-0.03934251416119923,-0.017064637242532644,-0.02639159576455301,-0.01069970197851199,-0.0279008589536237,-0.005670122966157396,0.3535432266895436,0.32016077473400106,0.37364571061349106,0.3660771525570848,0.36990278375361035,0.3549767828421937,-0.04088858219878424,-0.018950643862058077,-0.02639159576455301,-0.01069970197851199,-0.0279008589536237,-0.005670122966157396,4,37.44687500000004,36.59940340909095,38.44267857142861,38.468839285714324,37.53390625000003,35.044776785714305
92965000709,0.5234398362883612,0.48294130232125115,0.5476850963670199,0.5597660887286392,0.5852312183594893,0.5728019436968572,-0.12383324147588216,-0.11244835702875133,-0.13010927270852712,-0.14805659662343945,-0.18370554310646414,-0.1579879879278775,0.5068012494273842,0.46652746648087673,0.5476850963670199,0.5597660887286392,0.5852312183594893,0.5728019436968572,-0.12478418440408434,-0.11364843958204358,-0.13010927270852712,-0.14805659662343945,-0.18370554310646414,-0.1579879879278775,4,36.6339803921569,35.791511586452785,37.58309803921573,37.676263305322166,36.25898039215688,33.68913725490201
92965000710,0.5604442433755542,0.5573907100404891,0.5827201935019125,0.6396064728049345,0.7083570515997015,0.6808582427463414,-0.11507781820415007,-0.12448495907462,-0.14072843912691252,-0.1922561722989687,-0.2573971662865812,-0.2293867630413392,0.5438855738136862,0.5408930643314489,0.5827201935019125,0.6396064728049345,0.7083570515997015,0.6808582427463414,-0.1162274415014963,-0.12551163366257648,-0.14072843912691252,-0.1922561722989687,-0.2573971662865812,-0.2293867630413392,3,36.15470703125004,34.99204545454546,36.99668526785716,37.23710937500004,34.86138671875004,32.82625000000003
92965000711,0.500266072325761,0.4495133281165738,0.4975355192204688,0.4981098317918934,0.6151699569271113,0.6126204589769706,-0.052899043581998116,-0.048354690295085496,-0.0669691300061837,-0.06550951001874748,-0.16021941271230797,-0.16607324395204784,0.4841958852022063,0.43362015278985516,0.4975355192204688,0.4981098317918934,0.6151699569271113,0.6126204589769706,-0.05519456031149154,-0.05073609873479305,-0.0669691300061837,-0.06550951001874748,-0.16021941271230797,-0.16607324395204784,3,36.34468627450984,34.96696256684493,37.58286274509807,37.37471708683475,35.042000000000044,33.037854341736704
92975000698,0.5511516090868552,0.5131001123807777,0.5254602487229604,0.5481933927303797,0.565086049724631,0.5533698925197937,-0.14459155324127912,-0.13305409013120573,-0.12010707370264229,-0.13747578560310045,-0.1620206003342156,-0.15693043847127047,0.5347934055094469,0.49686368148169363,0.5254602487229604,0.5481933927303797,0.565086049724631,0.5533698925197937,-0.14540924643118,-0.13399726994203776,-0.12010707370264229,-0.13747578560310045,-0.1620206003342156,-0.15693043847127047,3,36.506250000000044,35.269261363636375,37.912946428571445,37.256093750000005,36.37812500000001,33.70647321428576
92975000699,0.4378438533756013,0.3946291310601644,0.4180025451254469,0.4128285248848041,0.3874259064651888,0.38117120710522095,-0.06387835664944394,-0.03845090112644382,-0.03339960554245044,-0.023078056613379888,-0.019874230345330986,-0.008784878513528067,0.42138106373973067,0.37847329709748406,0.4180025451254469,0.4128285248848041,0.3874259064651888,0.38117120710522095,-0.06567850190366553,-0.04062330288553191,-0.03339960554245044,-0.023078056613379888,-0.019874230345330986,-0.008784878513528067,4,36.46724609375002,35.260894886363666,37.90368303571432,37.481127232142896,36.30832031250002,33.98925223214289
92975000700,0.4151310279478798,0.38359548435620017,0.41057972496553097,0.40020040397344425,0.39069363029629467,0.3834465668150351,-0.05785964031343951,-0.03341639768382,-0.03264876696350241,-0.015600383241698098,-0.010947939528658253,-0.012178967763449875,0.3986275142368447,0.367426305359549,0.41057972496553097,0.40020040397344425,0.39069363029629467,0.3834465668150351,-0.059464312864841426,-0.03548889553787029,-0.03264876696350241,-0.015600383241698098,-0.010947939528658253,-0.012178967763449875,4,36.54802734375003,35.376626420454585,37.91727678571432,37.46047991071432,36.53779296875003,34.243437500000006
92975000701,0.44811223918863824,0.41826886259442303,0.42779580548948953,0.41757913068519764,0.3826654961606441,0.394857419636376,-0.08113335996662466,-0.06416569302591874,-0.06979773165757139,-0.0640402163537098,-0.0715501268575365,-0.05190517535725409,0.4318337092406208,0.4022112132047657,0.42779580548948953,0.41757913068519764,0.3826654961606441,0.394857419636376,-0.08255704339723788,-0.06589579124108398,-0.06979773165757139,-0.0640402163537098,-0.0715501268575365,-0.05190517535725409,4,36.18966666666672,35.310877005347635,37.530235294117674,37.389193277310966,36.574980392156874,34.14505882352944
92975000702,0.5516393835689749,0.5098704916527833,0.5885516293964477,0.5940600977882847,0.6139283504856062,0.6149300018156377,-0.22707917369625397,-0.1915601162954363,-0.19523307261310233,-0.19095516672057947,-0.207839473309358,-0.20748087177822425,0.5344223769716151,0.4927075576813388,0.5885516293964477,0.5940600977882847,0.6139283504856062,0.6149300018156377,-0.2247798101474408,-0.19013038709838004,-0.19523307261310233,-0.19095516672057947,-0.207839473309358,-0.20748087177822425,4,35.735468750000024,35.08177556818187,36.724285714285735,36.64136160714288,35.98109375000002,33.71859375000002
92975000706,0.3483702693354455,0.33322860455679304,0.379842893697776,0.3841658707297537,0.40888059169393043,0.3850846721377555,0.0012534671278017532,0.01373588949213392,-0.0014945475086304298,0.0030631153640767513,-0.01766644584027432,-0.005268235238240778,0.3326186931789126,0.3176357417492905,0.379842893697776,0.3841658707297537,0.40888059169393043,0.3850846721377555,-0.001390998795205508,0.01088125375399727,-0.0014945475086304298,0.0030631153640767513,-0.01766644584027432,-0.005268235238240778,4,37.936588235294145,37.12851693404639,38.51416806722692,38.933551820728304,38.10315686274513,35.40643697478996
92975000707,0.3273641884528586,0.3110457247879949,0.3084449578610611,0.3114680169929365,0.31074801249635753,0.29325053785061383,0.014295455856470069,0.028112224480599784,0.03790738820999083,0.05341125230599135,0.058057741484104995,0.06519679024539597,0.3116301284628822,0.29534455720948255,0.3084449578610611,0.3114680169929365,0.31074801249635753,0.29325053785061383,0.011416570581789662,0.025118516558261205,0.03790738820999083,0.05341125230599135,0.058057741484104995,0.06519679024539597,4,38.094257812500025,37.14166903409093,38.73421875000004,39.13354910714289,38.006035156250036,35.56694196428573
92975000708,0.36877679844640643,0.34916851530424653,0.3920211714685474,0.3882516313715792,0.39171706774133386,0.37337689830453047,-0.050226383339473275,-0.0309686269526201,-0.04136002198167687,-0.02985611623243471,-0.037722006861500366,-0.01626076006089821,0.35230035662037,0.3327685488455661,0.3920211714685474,0.3882516313715792,0.39171706774133386,0.37337689830453047,-0.05142747372686925,-0.03260611118787562,-0.04136002198167687,-0.02985611623243471,-0.037722006861500366,-0.01626076006089821,4,37.78716535433075,36.82992125984254,38.499032620922414,38.96079865016876,37.77625984251972,35.29922384701915
92975000709,0.4390801547409081,0.38209855983834323,0.42018198466653967,0.4152077205029051,0.4279899450120527,0.41806355517719024,-0.08335262839472506,-0.042570346542016385,-0.043750385855017775,-0.036653858627524225,-0.04675517016670544,-0.029530234213796143,0.4224433719818593,0.3656464328394908,0.42018198466653967,0.4152077205029051,0.4279899450120527,0.41806355517719024,-0.08464073273506992,-0.044442590781492465,-0.043750385855017775,-0.036653858627524225,-0.04675517016670544,-0.029530234213796143,4,36.98187500000004,36.17093750000003,37.937544642857155,38.0821428571429,36.861796875000024,34.32151785714289
92975000710,0.4780478421554955,0.4321229448122476,0.4532756268797498,0.475575679888328,0.4849131139029156,0.4664555484688644,-0.10424805238306795,-0.07090787089831103,-0.06771109634401827,-0.07043859206060667,-0.08227156150408767,-0.06666215789793623,0.46133241783197293,0.41570385914598756,0.4532756268797498,0.475575679888328,0.4849131139029156,0.4664555484688644,-0.10532678051650729,-0.07248126890666236,-0.06771109634401827,-0.07043859206060667,-0.08227156150408767,-0.06666215789793623,4,36.414568627451025,35.576381461675595,37.710649859943985,37.70391596638659,35.77943137254904,33.611759103641475
92975000711,0.5071844237496907,0.4537413368701026,0.4668526252417911,0.4616353243061454,0.47939730461243835,0.45738420204000746,-0.11352371197964466,-0.09104053699398515,-0.08082083101262601,-0.06777931357465652,-0.0708905876361298,-0.05964384854499979,0.49052104010107167,0.4373288122241737,0.4668526252417911,0.4616353243061454,0.47939730461243835,0.45738420204000746,-0.11466154489543204,-0.09253118617644737,-0.08082083101262601,-0.06777931357465652,-0.0708905876361298,-0.05964384854499979,4,36.30132812500003,35.26203125000002,37.799620535714325,37.40580357142859,35.561914062500044,33.62289062500003
92985000699,0.42752598957395527,0.38825511289497655,0.4028200276950218,0.3927790111517619,0.38292291380956145,0.3790900434698027,-0.042915774027970637,-0.021600259199198068,-0.017934232689201662,-0.0027208284414130123,-0.0012393844207067503,0.005882611317067015,0.41116503268691146,0.37216673102574843,0.4028200276950218,0.3927790111517619,0.38292291380956145,0.3790900434698027,-0.045026795547528975,-0.02400062012718086,-0.017934232689201662,-0.0027208284414130123,-0.0012393844207067503,0.005882611317067015,4,36.974257812500035,35.74458806818186,38.0458928571429,38.07761160714289,37.123085937500036,34.77526785714288
92985000700,0.42314408256693303,0.3670486515131263,0.39697110054588236,0.38684188798428576,0.37229731210481076,0.3688077098465094,-0.052655965538833865,-0.010693694175857877,-0.019759821192352436,0.0038960072758386192,0.005090286470632488,0.01095886735082585,0.40698335852062717,0.3511677929543853,0.39697110054588236,0.38684188798428576,0.37229731210481076,0.3688077098465094,-0.05470256604844599,-0.013284630144338278,-0.019759821192352436,0.0038960072758386192,0.005090286470632488,0.01095886735082585,4,36.54984375000003,35.60911221590915,37.76887276785719,37.71812500000005,36.98277343750002,34.64757812500001
92985000701,0.3787130365437552,0.3575751645738123,0.37717845950212,0.35066391155776555,0.3252256866683335,0.3626162446804871,-0.10107133660569921,-0.07857123576626206,-0.06270607079828056,-0.053299137984854326,-0.054519778195045415,-0.045324480447554924,0.3619683400725788,0.3411529005607688,0.37717845950212,0.35066391155776555,0.3252256866683335,0.3626162446804871,-0.09984320428336331,-0.07762561116718181,-0.06270607079828056,-0.053299137984854326,-0.054519778195045415,-0.045324480447554924,4,36.151250000000054,35.68441761363642,37.49241071428574,37.46992187500004,36.97308593750002,34.44829241071431
92985000702,0.3745978941303983,0.34755152609228895,0.4064701003688574,0.39449478146877837,0.3924040406222019,0.3908404892572067,-0.006040882032609432,0.0038221071245866383,-0.019486433248541567,-0.0001538624151452585,-0.0005587191616307226,0.006429802014972204,0.3581609192415398,0.3314973062624087,0.4064701003688574,0.39449478146877837,0.3924040406222019,0.3908404892572067,-0.008339235603995632,0.0013648143744718166,-0.019486433248541567,-0.0001538624151452585,-0.0005587191616307226,0.006429802014972204,4,36.62224609375001,35.83296164772731,37.54081473214288,37.54930803571432,36.922167968750024,34.500825892857165
92985000705,0.34709392540397066,0.32442779557569,0.35796896935986877,0.3508266659397156,0.3392762004678618,0.31364406067314415,-0.0036542819352260725,0.010995084857760531,0.0090954345189376,0.024894456157378418,0.011501271654141904,0.05163672302871832,0.3311047345296752,0.3086030538259869,0.35796896935986877,0.3508266659397156,0.3392762004678618,0.31364406067314415,-0.006233670924974383,0.008284796956945737,0.0090954345189376,0.024894456157378418,0.011501271654141904,0.05163672302871832,4,37.197862745098064,36.90699821746885,38.32328851540621,38.874896358543445,38.254431372549035,35.38282913165269
92985000706,0.3035781148113242,0.30247517895037945,0.34183505423048155,0.32721653867853145,0.31893230635630754,0.3222436412433615,0.020762063983503665,0.018574700743675714,0.018269783392652044,0.03678997892929441,0.03155565910023445,0.03869962294652093,0.287941633760904,0.2868754284713173,0.34183505423048155,0.32721653867853145,0.31893230635630754,0.3222436412433615,0.017929387492178157,0.01578825712486949,0.018269783392652044,0.03678997892929441,0.03155565910023445,0.03869962294652093,4,37.81955078125004,37.26078835227276,38.55650669642862,39.196305803571434,38.47099609375002,35.48797991071432
92985000707,0.31964683400485105,0.315027898221038,0.34907478441923834,0.33645238584483267,0.325912817161973,0.30619043678692226,0.010740647416435982,0.017599019158062286,0.01135058938512701,0.0305647910083505,0.03510883573834073,0.05238596573171714,0.30393541762922593,0.2992825601460617,0.34907478441923834,0.33645238584483267,0.325912817161973,0.30619043678692226,0.007977038815384849,0.01478825994151749,0.01135058938512701,0.0305647910083505,0.03510883573834073,0.05238596573171714,4,38.434745098039244,37.39633868092693,39.022504201680704,39.36843137254904,38.07680392156865,35.62198879551822
92985000708,0.40077902222518663,0.3676961379605137,0.3901416420977624,0.3736935665251476,0.3818551837247951,0.3572912628746009,-0.057314532033873544,-0.040286391278798,-0.03151573666848855,-0.018373410176243856,-0.017935305277357445,-0.014201727932573426,0.3844294639115025,0.35143524221005545,0.3901416420977624,0.3736935665251476,0.3818551837247951,0.3572912628746009,-0.058775965456237214,-0.041901540611670535,-0.03151573666848855,-0.018373410176243856,-0.017935305277357445,-0.014201727932573426,4,37.83119140625003,37.06634943181819,38.815546875000024,39.12357142857143,37.71236328125002,35.44781250000001
92985000709,0.40359572563418084,0.3683833321600492,0.38740184631166563,0.38123537557168824,0.36155558002430477,0.34815362201551525,-0.05516480800819669,-0.03193521605046354,-0.023049752338593004,-0.010862255008628856,0.0015233321561925512,0.011105182739282415,0.38723506507750605,0.352177956487961,0.38740184631166563,0.38123537557168824,0.36155558002430477,0.34815362201551525,-0.05694246366239109,-0.03399394306000873,-0.023049752338593004,-0.010862255008628856,0.0015233321561925512,0.011105182739282415,4,36.58398437500005,36.201704545454575,38.2844642857143,38.259151785714316,36.83718750000003,34.68727678571431
92985000710,0.46684879793887457,0.4294450436242198,0.452224113710901,0.45985315093488316,0.45258572097585403,0.42994021947636646,-0.09898298058859431,-0.08250894833260633,-0.079564689282587,-0.0688241060028754,-0.07720577222942433,-0.05526432130674494,0.45030564701542514,0.41303129232605146,0.452224113710901,0.45985315093488316,0.45258572097585403,0.42994021947636646,-0.10018016195534889,-0.08383727652724232,-0.079564689282587,-0.0688241060028754,-0.07720577222942433,-0.05526432130674494,4,36.30841796875005,35.86232244318184,38.1037834821429,37.65429687500002,36.188417968750024,34.166674107142875
92985000711,0.4733516761061604,0.42395745291325354,0.45300745989038954,0.45308125508862035,0.4413032204176653,0.4370266088982319,-0.09392928214431674,-0.06848835414657874,-0.07467674650332866,-0.0642386922511234,-0.05125525306861178,-0.04542027784295886,0.4566632454864316,0.40755587384107533,0.45300745989038954,0.45308125508862035,0.4413032204176653,0.4370266088982319,-0.09522063296289687,-0.07017530034224609,-0.07467674650332866,-0.0642386922511234,-0.05125525306861178,-0.04542027784295886,4,36.29763671875004,35.55872869318185,37.68802455357145,37.514966517857175,35.98615234375005,34.04813616071433
92995000699,0.47249352199516337,0.41258099126691217,0.4395627234108991,0.4035468820937873,0.4007941079937621,0.3935069958565439,-0.08984399869933513,-0.05756187826237886,-0.05541282028245515,-0.024467384356788822,-0.026431684405166026,-0.015857906262228445,0.4559099510148409,0.39630638999946877,0.4395627234108991,0.4035468820937873,0.4007941079937621,0.3935069958565439,-0.09128309186601269,-0.059435281767964136,-0.05541282028245515,-0.024467384356788822,-0.026431684405166026,-0.015857906262228445,4,37.033764705882376,36.03191800356511,37.719176470588266,38.15178151260509,37.278921568627474,34.88498039215689
92995000700,0.47704399783912843,0.41392588758279003,0.4357737402888711,0.43972428853922213,0.4283111758412697,0.4117852078670449,-0.08722754011649508,-0.049818437842728186,-0.04585063980365268,-0.03889465809706559,-0.030610928163897978,-0.025689019980315447,0.46060709811147665,0.3977767269963486,0.4357737402888711,0.43972428853922213,0.4283111758412697,0.4117852078670449,-0.08880954431248869,-0.051893305952523235,-0.04585063980365268,-0.03889465809706559,-0.030610928163897978,-0.025689019980315447,4,36.68335294117651,35.88137967914443,37.577495798319354,37.90955182072834,37.11458823529414,34.84009523809526
92995000701,0.3751258204462371,0.3298142015357479,0.3622794830052571,0.34787316537979746,0.33316326987508654,0.329431988869337,-0.01435701928570478,0.01879494430167351,0.011842246946503925,0.033919463027744096,0.04161589724443634,0.04221784810637874,0.3589545613820919,0.31388088413591964,0.3622794830052571,0.34787316537979746,0.33316326987508654,0.329431988869337,-0.01678526434181259,0.015994513606540223,0.011842246946503925,0.033919463027744096,0.04161589724443634,0.04221784810637874,4,36.59619140625004,36.17489346590913,37.81220982142861,38.07016741071431,37.298925781250034,34.93948660714289
92995000702,0.358616114315917,0.3206261301410435,0.3895534012539089,0.37366515748282714,0.3728429211995266,0.3596782087540039,-0.007699362147246369,0.003179211356358492,-0.010321675702810854,0.004809374784201856,0.00842782806393213,0.01679051146758848,0.3423191810898633,0.30487472788159703,0.3895534012539089,0.37366515748282714,0.3728429211995266,0.3596782087540039,-0.010077942277043842,0.0005694730979665948,-0.010321675702810854,0.004809374784201856,0.00842782806393213,0.01679051146758848,4,37.39494117647061,36.48279857397507,38.19020168067229,38.35429131652664,37.69758823529414,35.17281232493
92995000703,0.41577163939146455,0.404525347547134,0.4660996990429676,0.43434901456880365,0.44920213403214554,0.43152836164117697,-0.04829630063255099,-0.04526684577668902,-0.06822530210257438,-0.03968359275170972,-0.04622950601809058,-0.03389658563896164,0.39934507834986116,0.3883986813938903,0.4660996990429676,0.43434901456880365,0.44920213403214554,0.43152836164117697,-0.0501791911866459,-0.04725853730735705,-0.06822530210257438,-0.03968359275170972,-0.04622950601809058,-0.03389658563896164,4,37.50757812500003,36.5912926136364,38.28363839285719,38.82004464285716,37.67781250000002,35.17924107142859
92995000704,0.3557963630161773,0.3579682811577583,0.39392586167725646,0.3875837985502276,0.36988459138919194,0.35371916847188895,0.0002383370632265395,0.0051012664094874085,-0.0075869718122080505,0.007363451472847746,0.026879701287458098,0.03231981983057422,0.33979014128001406,0.3422280187402411,0.39392586167725646,0.3875837985502276,0.36988459138919194,0.35371916847188895,-0.0023906731258791,0.0023401595401052735,-0.0075869718122080505,0.007363451472847746,0.026879701287458098,0.03231981983057422,2,37.12954724409454,36.69553328561205,38.17049493813279,38.65798650168733,37.78124015748035,35.176704161979785
92995000705,0.28292777638867855,0.2769538387336718,0.30744328953902406,0.29713339837377306,0.2747515356416822,0.25847335858952475,0.042553835702082154,0.05812979358985352,0.05309016013944251,0.06699075716875005,0.07971778094225582,0.09745804448264778,0.26736713168287135,0.2613573078398328,0.30744328953902406,0.29713339837377306,0.2747515356416822,0.25847335858952475,0.03935799687916279,0.054787775967797915,0.05309016013944251,0.06699075716875005,0.07971778094225582,0.09745804448264778,4,37.25373046875004,36.99066051136367,38.54031250000005,38.82017857142859,38.19091796875003,35.463828125000035
92995000706,0.24746732895065898,0.24267322204656389,0.292637459193965,0.2886109110929611,0.28316967705265006,0.27345512983935755,0.07005659087743436,0.07214646007916738,0.06278684768072722,0.07792852640522528,0.07224689854426843,0.08624419340464419,0.2321125193958075,0.22746115378295179,0.292637459193965,0.2886109110929611,0.28316967705265006,0.27345512983935755,0.06667994787491784,0.06872666314674282,0.06278684768072722,0.07792852640522528,0.07224689854426843,0.08624419340464419,4,37.81680392156867,37.50408912655973,38.856240896358585,39.33824649859946,38.75741176470591,35.698168067226945
92995000707,0.27471422446090676,0.2902212493396582,0.3033962931256745,0.30650961607793165,0.3155531918286647,0.2896827169635746,0.05272970772925292,0.047777646183348475,0.045407412332556095,0.05562990330667295,0.03884151336957948,0.0614079324429944,0.2591808814117335,0.27464614874524423,0.3033962931256745,0.30650961607793165,0.3155531918286647,0.2896827169635746,0.049467525680712214,0.044551578566162896,0.045407412332556095,0.05562990330667295,0.03884151336957948,0.0614079324429944,4,38.51181640625003,37.67143465909091,39.3106584821429,39.393392857142885,38.52125000000003,35.74944196428574
92995000708,0.356572592545756,0.3335620540985087,0.3543028490745166,0.33661188485832044,0.35177163722796506,0.34702129816883326,-0.030601081077405983,-0.010516831438521057,-0.0190686546290665,0.006967679368204686,0.0019763536325739686,0.005483738968410706,0.3402707766466835,0.31733615735294235,0.3543028490745166,0.33661188485832044,0.35177163722796506,0.34702129816883326,-0.03232041703850166,-0.012538451537894593,-0.0190686546290665,0.006967679368204686,0.0019763536325739686,0.005483738968410706,4,38.36052734375002,37.298423295454555,39.0596205357143,39.11345982142858,37.95910156250003,35.48998883928575
92995000709,0.38274435770280285,0.34652819211425245,0.3769224469545618,0.38791343176828263,0.3687501420121831,0.3579769749035063,-0.03577197818618994,-0.012633585052021818,-0.026181810359058647,-0.012342362654664178,-0.015373041305558001,0.0074359838574641094,0.36643966428618074,0.3303640287646914,0.3769224469545618,0.38791343176828263,0.3687501420121831,0.3579769749035063,-0.03784462712053947,-0.014983745980690718,-0.026181810359058647,-0.012342362654664178,-0.015373041305558001,0.0074359838574641094,4,36.63962745098043,36.20626381461679,38.46256022408967,38.08147338935576,36.860352941176494,34.618549019607876
92995000710,0.4337596695442029,0.39502665392650976,0.4033371297914474,0.39778221674510084,0.38736685410991567,0.37942615771557575,-0.07427477961538978,-0.04314960906206703,-0.0409447254925133,-0.017126844625090485,-0.014657106870223546,-0.006522068405271663,0.41749016478103806,0.3789822029562537,0.4033371297914474,0.39778221674510084,0.38736685410991567,0.37942615771557575,-0.07597281472369041,-0.04529115662412897,-0.0409447254925133,-0.017126844625090485,-0.014657106870223546,-0.006522068405271663,4,36.60804687500005,35.87732954545458,38.027366071428595,37.535535714285736,36.18343750000002,34.28125000000004
92995000711,0.46012277289263415,0.4539407612805753,0.5042973934884991,0.5308905342547101,0.5413506499561117,0.5433975782018745,-0.1235493083456843,-0.11759822363533598,-0.13590273306774692,-0.1493935687343037,-0.16186324603356564,-0.16735434750504166,0.44338100368957306,0.4371967204193839,0.5042973934884991,0.5308905342547101,0.5413506499561117,0.5433975782018745,-0.12387623175206006,-0.11815166256239412,-0.13590273306774692,-0.1493935687343037,-0.16186324603356564,-0.16735434750504166,4,36.53654901960789,35.57215329768275,37.39870588235296,37.19941176470591,35.70723529411767,33.80179831932776
93005000700,0.46138208894051946,0.41651282978996473,0.4821491222202513,0.482682177129271,0.47057353370058386,0.4518601590081671,-0.09089320339551256,-0.06956092276553077,-0.08488840897520732,-0.0810315432353293,-0.06918201781573663,-0.0589687949841046,0.4448619758098852,0.4002454947062431,0.4821491222202513,0.482682177129271,0.47057353370058386,0.4518601590081671,-0.09228325160909377,-0.07125715047399389,-0.08488840897520732,-0.0810315432353293,-0.06918201781573663,-0.0589687949841046,4,36.63464843750005,36.186775568181844,37.58457589285717,38.141160714285746,37.25265625000002,34.8762723214286
93005000701,0.3968652502548986,0.35751724254858697,0.40059393471834254,0.3872774215104299,0.3643445343950093,0.3577039263438468,-0.03637001158895534,-0.0091044098071169,-0.016907262855320227,0.0007795412216721368,0.014174448513758146,0.016770008857622504,0.38050057403977827,0.3414219851538431,0.40059393471834254,0.3872774215104299,0.3643445343950093,0.3577039263438468,-0.03848322997676985,-0.011572959079129691,-0.016907262855320227,0.0007795412216721368,0.014174448513758146,0.016770008857622504,4,36.603509803921604,36.23551871657757,37.610605042016815,38.09303641456585,37.29396078431375,34.92317647058827
93005000702,0.3366575829231184,0.30347696909394767,0.35548638036147895,0.35717694788536,0.3472302750314544,0.34074176893490044,0.004968779858088415,0.02222611280463502,0.014227510832314303,0.02065446306840578,0.02561385356859182,0.029996905894487783,0.32056840129016273,0.2877378917632824,0.35548638036147895,0.35717694788536,0.3472302750314544,0.34074176893490044,0.0023889331058247637,0.01937333252553661,0.014227510832314303,0.02065446306840578,0.02561385356859182,0.029996905894487783,4,37.11630859375003,36.42166903409097,38.01295758928575,38.23320312500004,37.56939453125002,35.149029017857174
93005000703,0.3471433759234259,0.33724568137764077,0.39607011947939375,0.39677457930144333,0.3895555756526785,0.3835682611241803,-0.007273764434499052,0.0144688815401473,-0.010924813093162178,-0.0036657818879306994,0.0033176115212706393,0.008703854572163675,0.33111527668421475,0.3212302713944685,0.39607011947939375,0.39677457930144333,0.3895555756526785,0.3835682611241803,-0.009683382056493354,0.011780404274568874,-0.010924813093162178,-0.0036657818879306994,0.0033176115212706393,0.008703854572163675,4,37.48856862745102,36.711789661319116,38.29357422969192,38.57550140056024,37.584921568627486,35.33807843137259
93005000704,0.3236257878359719,0.31515481274486223,0.3651792605350394,0.35817872868485146,0.3504570410986531,0.3340667879184925,0.02588227848501995,0.03934892392123526,0.014701411131764933,0.02782889632477657,0.034455106307503314,0.045741530663483077,0.30758658910059367,0.2991455724699135,0.3651792605350394,0.35817872868485146,0.3504570410986531,0.3340667879184925,0.022988280054208714,0.036422080718377894,0.014701411131764933,0.02782889632477657,0.034455106307503314,0.045741530663483077,4,37.36882812500004,36.78183238636367,38.17616071428576,38.69805803571432,37.82148437500002,35.25000000000005
93005000705,0.27963431877014333,0.2776522637221918,0.3131005263871768,0.29482564203511114,0.28367279478828705,0.2728413470633214,0.05812393171887963,0.06577529174156715,0.054187769747870346,0.07466174708347739,0.0835215282466017,0.091383769897991,0.26388076531295196,0.26200722488424744,0.3131005263871768,0.29482564203511114,0.28367279478828705,0.2728413470633214,0.05483189764532264,0.06235548763831136,0.054187769747870346,0.07466174708347739,0.0835215282466017,0.091383769897991,4,37.469570312500025,37.04164772727274,38.44825892857146,38.908281250000016,38.01439453125003,35.48056919642859
93005000706,0.2544815161312913,0.2649661463727292,0.3301551516758029,0.31393114425413526,0.319849964504182,0.30699967044882104,0.0453725545069573,0.04630918275944165,0.029327674380662874,0.04683582016443118,0.03537934491470018,0.044759926375424634,0.23923895622250474,0.24970099455406736,0.3301551516758029,0.31393114425413526,0.319849964504182,0.30699967044882104,0.04224048091807297,0.04312990652577818,0.029327674380662874,0.04683582016443118,0.03537934491470018,0.044759926375424634,4,37.99050980392158,37.7050017825312,38.89298039215687,39.3897647058824,38.483745098039236,35.76356862745101
93005000707,0.27532223057830135,0.27053040182183336,0.31464316244707613,0.3121530407865805,0.32581299099189176,0.30874648290228524,0.05724758152943291,0.059659592180354604,0.046134221281368466,0.06062521166344334,0.04397322193101898,0.06552781920896202,0.25978576640044604,0.25501323036273527,0.31464316244707613,0.3121530407865805,0.32581299099189176,0.30874648290228524,0.053949966776561935,0.056346629591577505,0.046134221281368466,0.06062521166344334,0.04397322193101898,0.06552781920896202,4,38.227656250000024,37.77677556818183,39.22860491071433,39.44409598214287,38.61251953125002,35.81636160714287
93005000708,0.3846943231750584,0.3825752005450507,0.43686803582911327,0.4010553617965717,0.40650700396408646,0.40289612659880025,-0.06076082094681977,-0.05245369533703972,-0.06615413294167385,-0.03234779350627359,-0.038860898792966704,-0.036248051688651604,0.3684012944159142,0.3662609926466219,0.43686803582911327,0.4010553617965717,0.40650700396408646,0.40289612659880025,-0.06238933780999723,-0.05423145408954268,-0.06615413294167385,-0.03234779350627359,-0.038860898792966704,-0.036248051688651604,4,37.98145098039218,37.238320855614994,38.99144537815131,39.11780952380954,38.08837254901964,35.423378151260536
93005000709,0.45409640015702496,0.4123457219034241,0.46121119293297635,0.44582319818497484,0.4350792245316678,0.4250687486235074,-0.07408025925861784,-0.05769523801788904,-0.07706543945789784,-0.05786496805989549,-0.054045355176652654,-0.044650465461645,0.4378443654988605,0.3962557662668178,0.46121119293297635,0.44582319818497484,0.4350792245316678,0.4250687486235074,-0.07591828648377491,-0.05970786745942282,-0.07706543945789784,-0.05786496805989549,-0.054045355176652654,-0.044650465461645,4,36.97740234375005,36.48764204545459,38.618470982142895,38.23457589285716,37.52107421875003,34.8963392857143
93005000710,0.4328779978299695,0.4016811076492283,0.43880887260333606,0.4329879255347522,0.41706937815477607,0.39714763273709486,-0.07069494110449773,-0.05354813866917425,-0.05851985271640264,-0.043621642232676436,-0.03307813999749781,-0.019285672481985913,0.416593313871874,0.385685270950123,0.43880887260333606,0.4329879255347522,0.41706937815477607,0.39714763273709486,-0.07244832661432703,-0.05559238569898815,-0.05851985271640264,-0.043621642232676436,-0.03307813999749781,-0.019285672481985913,4,36.89056862745101,36.0674830659537,38.16303081232493,37.66811764705884,36.65945098039219,34.55343977591041
93005000711,0.5750417292310983,0.5828579192845853,0.6340693991342027,0.6569721818286963,0.6886231730073711,0.7032991798551814,-0.19297450232797464,-0.18050633459191656,-0.20088519735569058,-0.21386791376851685,-0.2658196739752853,-0.2651511672339696,0.5591258026707138,0.5666859230438344,0.6340693991342027,0.6569721818286963,0.6886231730073711,0.7032991798551814,-0.19317003574436864,-0.1809299743027889,-0.20088519735569058,-0.21386791376851685,-0.2658196739752853,-0.2651511672339696,4,36.55923529411768,35.65990374331557,37.5343361344538,36.90539495798323,35.90380392156864,33.81969187675073
93015000700,0.4274822957425901,0.40096895951278455,0.4439110397553318,0.4495207493032015,0.4486100136648353,0.42138102663382265,-0.06715105962602691,-0.05308118348046039,-0.05943877145939475,-0.05722407313438385,-0.055217261104722005,-0.03766862014351602,0.41079471536755235,0.3845079266614571,0.4439110397553318,0.4495207493032015,0.4486100136648353,0.42138102663382265,-0.06872074931662311,-0.05486579442203005,-0.05943877145939475,-0.05722407313438385,-0.055217261104722005,-0.03766862014351602,4,36.31007874015752,36.25030064423768,37.48782902137236,38.09983127109113,37.07464566929137,34.742980877390345
93015000701,0.49600183810486304,0.483158464328075,0.5372807558789218,0.5365311762525855,0.5504453126211296,0.5308435539621623,-0.1454830276516138,-0.12832410568892613,-0.1379055001660288,-0.13400019833061394,-0.1422830389176107,-0.13474553964520408,0.479313888969729,0.46656428815767076,0.5372807558789218,0.5365311762525855,0.5504453126211296,0.5308435539621623,-0.14537617552520105,-0.12857161547487203,-0.1379055001660288,-0.13400019833061394,-0.1422830389176107,-0.13474553964520408,4,35.985450980392194,35.86812477718362,36.89029131652664,37.608834733893595,36.71386274509809,34.47631932773115
93015000702,0.41174533554175163,0.38186936181575554,0.43169077972330056,0.4246740633657166,0.41874917293303715,0.4036571248319813,-0.05797421816860149,-0.048898753101893275,-0.04257913352657565,-0.030766786214184477,-0.027579545341630176,-0.016651326630762662,0.39542483381363547,0.3656545296812483,0.43169077972330056,0.4246740633657166,0.41874917293303715,0.4036571248319813,-0.05975807015902832,-0.0506495664825743,-0.04257913352657565,-0.030766786214184477,-0.027579545341630176,-0.016651326630762662,4,36.20658823529414,35.96824598930485,37.23286834733897,37.754817927170876,37.09249019607845,34.695445378151305
93015000703,0.33860074950168445,0.33397945082065544,0.3795490051342574,0.3780176663518661,0.363283131565501,0.36276913422346097,-0.007219928689194039,-0.00331255212874107,-0.008723324930218587,0.0023553700021365447,0.0101383201848008,0.01197366093520448,0.3225382678444538,0.31802413430258114,0.3795490051342574,0.3780176663518661,0.363283131565501,0.36276913422346097,-0.00961868577257483,-0.0057783872202104925,-0.008723324930218587,0.0023553700021365447,0.0101383201848008,0.01197366093520448,4,37.08185546875004,36.411626420454596,37.9363504464286,38.26148437500003,37.45785156250002,35.05072544642861
93015000704,0.4305483962255023,0.4327011302335843,0.5091201800063523,0.509132579686211,0.5109311743921128,0.5012115854431667,-0.08338321693977374,-0.08037294467123393,-0.09682447058663672,-0.09909961020522161,-0.09294406260967839,-0.0836584630538846,0.4141382657694326,0.416408231178875,0.5091201800063523,0.509132579686211,0.5109311743921128,0.5012115854431667,-0.0847706156731571,-0.08187955536871605,-0.09682447058663672,-0.09909961020522161,-0.09294406260967839,-0.0836584630538846,4,37.37636718750003,36.52388494318185,37.918638392857176,38.433437500000025,37.57478515625003,35.02970982142863
93015000705,0.37271375365504317,0.39600967290435773,0.4695149905701575,0.4505918498477466,0.4655508778801448,0.449800274210418,-0.04870893126699455,-0.045028897542023445,-0.07347002303356881,-0.05201362836883218,-0.0645242490483918,-0.05548356533278482,0.35661098152780835,0.3797168099751045,0.4695149905701575,0.4505918498477466,0.4655508778801448,0.449800274210418,-0.05058031046254551,-0.0469444609796345,-0.07347002303356881,-0.05201362836883218,-0.0645242490483918,-0.05548356533278482,4,37.29327450980394,36.84631372549021,37.848733893557444,38.73234173669471,37.71872549019611,35.27877310924372
93015000706,0.30170667301521276,0.3055041325785764,0.3723819956964219,0.3758256165820489,0.39100578879855463,0.3968760152718093,0.0025460479332198296,0.011038083336526125,-0.009499514347874187,-0.004901218404256442,-0.017534319426119403,-0.021859161413783502,0.2859987168859901,0.2897487403457168,0.3723819956964219,0.3758256165820489,0.39100578879855463,0.3968760152718093,4.070269005904163e-05,0.00843555140202798,-0.009499514347874187,-0.004901218404256442,-0.017534319426119403,-0.021859161413783502,4,37.70218750000002,37.39803977272729,38.33841517857144,39.078013392857194,38.14380859375002,35.56011160714289
93015000707,0.32293785710125944,0.3069079697599178,0.34426955688081123,0.33348991213164064,0.3256592994336958,0.31536211355202715,0.016311687363528445,0.02708956011954461,0.02391313929659307,0.03658972530684871,0.043354271627792526,0.05535540027485746,0.30706620806760704,0.2910922668369525,0.34426955688081123,0.33348991213164064,0.3256592994336958,0.31536211355202715,0.01348591141876792,0.024155944754463077,0.02391313929659307,0.03658972530684871,0.043354271627792526,0.05535540027485746,4,38.06277343750003,37.58977272727275,38.91368303571434,39.34897321428575,38.22394531250005,35.78781250000003
93015000708,0.35396677284298633,0.32747455609897924,0.368176837736373,0.3301323721158995,0.33310971733817846,0.3305694418769519,-0.02062128741130956,0.0032551400021667777,-0.004933845328132845,0.01940977809684466,0.012359596206235852,0.023619006991843113,0.3377940991417097,0.31128477440489244,0.368176837736373,0.3301323721158995,0.33310971733817846,0.3305694418769519,-0.02287307927227408,0.0007356483631204479,-0.004933845328132845,0.01940977809684466,0.012359596206235852,0.023619006991843113,4,38.16359375000002,37.39014914772729,39.02822544642861,39.296841517857175,37.976816406250045,35.61122767857146
93015000709,0.4146111974236511,0.36217303746141816,0.4110985384793981,0.4203566894060021,0.4289502798335667,0.4134940344049219,-0.057734200068218736,-0.030753389641611242,-0.04337984397240389,-0.03963479469758777,-0.04440874179627745,-0.03804575899245633,0.3981150516804248,0.34598179397197504,0.4110985384793981,0.4203566894060021,0.4289502798335667,0.4134940344049219,-0.059465270210222486,-0.032862264674649845,-0.04337984397240389,-0.03963479469758777,-0.04440874179627745,-0.03804575899245633,4,37.51382812500003,36.85130681818187,38.794252232142895,38.70957589285717,37.67076171875003,35.172745535714306
93015000710,0.4259170329567774,0.40696416175581573,0.4352357522195026,0.4349633541793524,0.43491677011955765,0.41356682633134345,-0.07616295077592136,-0.05883153206111746,-0.05688377927359053,-0.052675754542314254,-0.05004725339919471,-0.04233101947331849,0.40952904436161786,0.39062373595750743,0.4352357522195026,0.4349633541793524,0.43491677011955765,0.41356682633134345,-0.07773678404430723,-0.06064270017798717,-0.05688377927359053,-0.052675754542314254,-0.05004725339919471,-0.04233101947331849,4,37.00145098039217,36.320474153297695,38.28854341736696,38.019568627450994,37.077411764705914,34.757226890756336
93015000711,0.43747727639126593,0.41031568248110545,0.45238704673605573,0.4494453518654101,0.4733477341351478,0.44766912600716763,-0.07792367024573191,-0.07252781175007225,-0.06833870594759216,-0.0625876726399763,-0.0725198442453855,-0.07130178989712167,0.4212631839217444,0.3939838203681735,0.45238704673605573,0.4494453518654101,0.4733477341351478,0.44766912600716763,-0.07959746831297614,-0.07416097424737625,-0.06833870594759216,-0.0625876726399763,-0.0725198442453855,-0.07130178989712167,4,36.55359375000002,35.84363636363639,37.74991071428573,37.25245535714288,36.441640625000026,34.19218750000003
93015000712,0.4714215079875564,0.39633187682106863,0.4357005122755328,0.4375610455945731,0.46039158890288334,0.44844069815833554,-0.11063173691395209,-0.08592375342301889,-0.0759270866194015,-0.07135988922763463,-0.08495557146102047,-0.07603948946612253,0.45496522114228344,0.3799115778568855,0.4357005122755328,0.4375610455945731,0.46039158890288334,0.44844069815833554,-0.11119217848984758,-0.08693764064037965,-0.0759270866194015,-0.07135988922763463,-0.08495557146102047,-0.07603948946612253,4,36.49516544117649,35.602720588235336,37.544380252100844,37.19275210084036,36.188915441176505,33.96718487394961
93025000696,0.4199867640921156,0.35399143885244916,0.4253834542204335,0.45983930054069583,0.4741757472296916,0.467906209960058,-0.06761358454107542,-0.05350828274896374,-0.0721316284259864,-0.08947254904913177,-0.10279485645972235,-0.09865076317931211,0.40324348985437586,0.33773408752270195,0.4253834542204335,0.45983930054069583,0.4741757472296916,0.467906209960058,-0.06913267793893114,-0.05520310641199178,-0.0721316284259864,-0.08947254904913177,-0.10279485645972235,-0.09865076317931211,2,36.816386718750046,36.22245028409094,36.979017857142885,37.58862723214289,36.59218750000006,34.46924107142862
93025000697,0.37776607608334833,0.3486672379522989,0.4004395592242324,0.4048627884569858,0.40641245231474565,0.38961005854183356,-0.03470194066778051,-0.020896805860518983,-0.0364313031583612,-0.030720549180104705,-0.040724705136263015,-0.022593304690548273,0.3614900292151327,0.33266591657774297,0.4004395592242324,0.4048627884569858,0.40641245231474565,0.38961005854183356,-0.036760634177559474,-0.023186591599294523,-0.0364313031583612,-0.030720549180104705,-0.040724705136263015,-0.022593304690548273,2,36.90390196078436,36.451504456328024,37.605775910364166,37.998257703081286,36.74507843137259,34.597854341736756
93025000698,0.3423538914364799,0.32793199239977583,0.3542488464342482,0.3917459095554814,0.3998547914054255,0.3777816183110382,-0.020927414497239775,-0.011808526512572899,-0.011577534757112283,-0.02799110623336649,-0.03758831252794709,-0.018420731667073583,0.32634021220782666,0.3120393992134713,0.3542488464342482,0.3917459095554814,0.3998547914054255,0.3777816183110382,-0.0232366919719865,-0.014197287388047956,-0.011577534757112283,-0.02799110623336649,-0.03758831252794709,-0.018420731667073583,2,36.908242187500036,36.75722301136367,37.9665848214286,38.35102678571431,36.893574218750025,34.87376116071433
93025000699,0.3988540166529943,0.37826558135331856,0.40539625176061916,0.41562310186494966,0.42831339988506123,0.4110567241704224,-0.04445329606655141,-0.028909300064208825,-0.03664126369231576,-0.03308335530471924,-0.042523529463113774,-0.03256446122230189,0.3824086265213751,0.36197331346311845,0.40539625176061916,0.41562310186494966,0.42831339988506123,0.4110567241704224,-0.04638954902163062,-0.031057361809474892,-0.03664126369231576,-0.03308335530471924,-0.042523529463113774,-0.03256446122230189,4,36.97019531250003,36.86301846590911,38.014508928571466,38.44779017857145,37.13527343750002,35.04570312500002
93025000700,0.40570284382693583,0.37777046906888323,0.42666314658800464,0.4397300266974185,0.4524488052908536,0.42682001041266154,-0.04886302969527876,-0.03551489516420369,-0.04478627829074935,-0.04781821528065484,-0.056689358123551435,-0.04724878373327286,0.38920717509392905,0.36141110123932485,0.42666314658800464,0.4397300266974185,0.4524488052908536,0.42682001041266154,-0.050636995146469306,-0.03744621766323474,-0.04478627829074935,-0.04781821528065484,-0.056689358123551435,-0.04724878373327286,4,36.66707031250004,36.228565340909135,37.1940959821429,37.91098214285717,36.75710937500002,34.57872767857145
93025000701,0.5062852423829258,0.49671138683353355,0.5652963267223909,0.5744051431376125,0.5803836195937251,0.5721632268331303,-0.15152974691139307,-0.14741835076621285,-0.15745429435202526,-0.15567051879348043,-0.17173300808950212,-0.16647352544293254,0.4894312342749316,0.47971328350154147,0.5652963267223909,0.5744051431376125,0.5803836195937251,0.5721632268331303,-0.15172510571016823,-0.1476518521234264,-0.15745429435202526,-0.15567051879348043,-0.17173300808950212,-0.16647352544293254,4,35.99484375000002,35.688636363636405,36.66046875000004,37.3449553571429,36.30628906250003,34.163370535714336
93025000702,0.3713730972378844,0.3563444689970422,0.39188742465445703,0.3971184720804639,0.39267879189751764,0.391128232633084,-0.02486243745014514,-0.011305947721806037,-0.014124848894557781,-0.009825364892144122,-0.006797172670821483,-0.003076647034486102,0.3551802425193769,0.34032704050499,0.39188742465445703,0.3971184720804639,0.39267879189751764,0.391128232633084,-0.02710471041295944,-0.013747296369563101,-0.014124848894557781,-0.009825364892144122,-0.006797172670821483,-0.003076647034486102,4,36.237215686274546,35.91419964349378,37.01700280112047,37.58762464985996,36.851725490196095,34.51873949579834
93025000703,0.34629747413574513,0.32679112110641223,0.3907759964307052,0.3857251036888373,0.39798326009172513,0.38914769931912596,-0.02904103881521251,-0.023404009958783344,-0.032139656253516294,-0.03521163243103191,-0.0389605088500717,-0.03514870477720292,0.3301374781567554,0.31072482162286547,0.3907759964307052,0.3857251036888373,0.39798326009172513,0.38914769931912596,-0.031111272162782515,-0.025519462039817427,-0.032139656253516294,-0.03521163243103191,-0.0389605088500717,-0.03514870477720292,4,36.84404296875004,36.26230823863642,37.72118303571432,38.172198660714315,37.26615234375003,34.906886160714315
93025000704,0.3103469113125068,0.2914619899079066,0.3382046121300029,0.3476667547108049,0.3514817628653781,0.34583529057653256,0.000718666666716828,0.011038943513443622,0.004706798687838111,0.003929609180796173,0.012987607150514812,0.0074748996151795585,0.2942169501382649,0.2755065605553126,0.3382046121300029,0.3476667547108049,0.3514817628653781,0.34583529057653256,-0.0016491538082238114,0.008531089298977272,0.004706798687838111,0.003929609180796173,0.012987607150514812,0.0074748996151795585,4,37.35180392156865,36.47312299465244,37.79281232492999,38.339691876750734,37.39521568627455,35.034268907563074
93025000705,0.3611090081563598,0.35517194899447047,0.40530743092033433,0.41609902430475426,0.4169037786970961,0.3952322492121428,-0.04652315858925973,-0.03317639194104277,-0.04000551670274607,-0.03515749483276839,-0.0453168072633756,-0.03305729574363872,0.34477207903050144,0.33871358458387424,0.40530743092033433,0.41609902430475426,0.4169037786970961,0.3952322492121428,-0.048238842967394495,-0.035064383414538686,-0.04000551670274607,-0.03515749483276839,-0.0453168072633756,-0.03305729574363872,4,37.20113281250004,36.70730113636367,37.76629464285718,38.45529017857145,37.158398437500054,35.1637723214286
93025000706,0.26468523167082214,0.25969260361484664,0.3252022457263241,0.306871591720452,0.3236733828664108,0.32663413580608147,0.017833017382288863,0.02726939259169429,0.010580505913818119,0.028359050220289773,0.017004260610806027,0.01691164668003236,0.24904895406566618,0.24400691943242567,0.3252022457263241,0.306871591720452,0.3236733828664108,0.32663413580608147,0.015230219550779871,0.024558518826400515,0.010580505913818119,0.028359050220289773,0.017004260610806027,0.01691164668003236,4,37.64490196078435,37.250819964349425,38.247535014005635,38.95056022408968,37.8216666666667,35.55005602240901
93025000707,0.2936301074096986,0.27298301557277144,0.3271689284496817,0.319762232395457,0.3187184327077328,0.32141235114539785,0.012312882088990248,0.020220938985530738,0.01574942502447716,0.028843834826476584,0.03180766115272131,0.033728830052408454,0.27782524383082086,0.2573765035801207,0.3271689284496817,0.319762232395457,0.3187184327077328,0.32141235114539785,0.00968790954507436,0.017491030589821755,0.01574942502447716,0.028843834826476584,0.03180766115272131,0.033728830052408454,4,38.24705882352944,37.492459893048164,38.870672268907605,39.406873949579875,38.18764705882356,35.812991596638675
93025000708,0.34583063318922075,0.3060862904934886,0.38515781840677876,0.38055310519957464,0.3917262726174755,0.40279112355035374,-0.04805643645792756,-0.04301253766533957,-0.030895102169118487,-0.03566166834174582,-0.050049620701264036,-0.05284958598562631,0.3294048090031132,0.2898255931698627,0.38515781840677876,0.38055310519957464,0.3917262726174755,0.40279112355035374,-0.049660121891957364,-0.04444283371641977,-0.030895102169118487,-0.03566166834174582,-0.050049620701264036,-0.05284958598562631,4,38.28277343750003,37.46749289772731,39.01886160714289,39.40200892857146,37.90529296875003,35.66436383928576
93025000709,0.3790809851310551,0.3388042658754365,0.4052485036192822,0.41485015834163474,0.44134147713095767,0.4447677842414766,-0.07440401749616575,-0.06957705249138478,-0.06068973600755875,-0.06501995106155642,-0.07625378192868888,-0.08294362967309635,0.3624296658481411,0.3224887327682317,0.4052485036192822,0.41485015834163474,0.44134147713095767,0.4447677842414766,-0.07517245981458932,-0.070533881468173,-0.06068973600755875,-0.06501995106155642,-0.07625378192868888,-0.08294362967309635,4,37.789490196078454,37.03493404634587,38.69302521008405,39.128072829131675,37.65076470588239,35.159165266106484
93025000710,0.4519760570572003,0.44093095027471535,0.49674735884774746,0.4916852776615902,0.5281431592233246,0.5117744946660411,-0.1038963450792056,-0.10419417074985517,-0.10700735108618199,-0.09845204232341713,-0.12350421109442028,-0.11967337113473492,0.43525782974449106,0.4243683189722768,0.49674735884774746,0.4916852776615902,0.5281431592233246,0.5117744946660411,-0.104836501305797,-0.10518752858077375,-0.10700735108618199,-0.09845204232341713,-0.12350421109442028,-0.11967337113473492,4,37.31762264150945,36.51097427101202,38.26892183288412,38.34784366576824,37.03064150943399,34.67532614555258
93025000711,0.4559817422643951,0.4128676862207122,0.44933469902456546,0.44396472117597674,0.46290984363013693,0.44686619549944046,-0.0844623863497506,-0.06856853413245022,-0.07764058010740973,-0.06431620604901826,-0.08470254295809826,-0.07408706741761308,0.4396679081753216,0.396748226235434,0.44933469902456546,0.44396472117597674,0.46290984363013693,0.44686619549944046,-0.08606520028863683,-0.07042450516678005,-0.07764058010740973,-0.06431620604901826,-0.08470254295809826,-0.07408706741761308,4,36.98358885017423,36.13328159645234,37.84571926331511,37.850547536087625,36.788205574912936,34.5234892981583
93025000712,0.42541549882344193,0.39310714750998277,0.4254839329326812,0.41152402419387435,0.40574443537308796,0.4030065340863774,-0.06908167708513245,-0.0589218848714712,-0.05376041048912543,-0.03479695179567014,-0.040361734089795626,-0.027059475509729463,0.4090141561332148,0.37680924793614484,0.4254839329326812,0.41152402419387435,0.40574443537308796,0.4030065340863774,-0.07081780239342808,-0.06082115786440623,-0.05376041048912543,-0.03479695179567014,-0.040361734089795626,-0.027059475509729463,4,37.38272058823531,36.3197593582888,38.11411764705884,38.10159663865547,37.03301470588239,34.67315126050424
93035000696,0.35460513811001143,0.3322511096241775,0.3907192315924944,0.4013498385719664,0.4026712284295023,0.3999415797839052,-0.025156789462455094,-0.02407641038798534,-0.036861937671636376,-0.03760695172557675,-0.0480911417310565,-0.036772884873241526,0.3381254640429086,0.31603008333283555,0.3907192315924944,0.4013498385719664,0.4026712284295023,0.3999415797839052,-0.027210740159743185,-0.02613066421983913,-0.036861937671636376,-0.03760695172557675,-0.0480911417310565,-0.036772884873241526,2,36.851333333333365,36.59304456327987,37.431893557422995,37.790224089635885,36.75621568627456,34.505663865546246
93035000697,0.38309016120540434,0.3291525122780057,0.3979730703735531,0.4257848202348671,0.42256248118418804,0.4260489008290094,-0.05664518477842936,-0.04309935434306389,-0.0500030183199706,-0.06448012741961079,-0.08272922839746256,-0.07440676129921449,0.36680888536534995,0.3132776170126951,0.3979730703735531,0.4257848202348671,0.42256248118418804,0.4260489008290094,-0.05840439441958656,-0.04504057387397009,-0.0500030183199706,-0.06448012741961079,-0.08272922839746256,-0.07440676129921449,2,37.02318359375004,36.761370738636394,37.92475446428574,38.35178571428576,37.04394531250003,34.668571428571475
93035000698,0.4081402659729104,0.3902438252043844,0.4215404297847713,0.41326006021728684,0.4403314261608189,0.4195209686788607,-0.0371866224739429,-0.05817047764735337,-0.03701584069680583,-0.0576284851999851,-0.07606279621363117,-0.06164275662022801,0.39166650452480006,0.3740024068386081,0.4215404297847713,0.41326006021728684,0.4403314261608189,0.4195209686788607,-0.03922921266956072,-0.05967638121288851,-0.03701584069680583,-0.0576284851999851,-0.07606279621363117,-0.06164275662022801,2,37.32826171875005,36.93809659090911,37.961127232142886,38.372053571428594,37.021875000000016,34.788984375000055
93035000699,0.39821305385288086,0.38813682735234,0.3697258332029465,0.396467674738624,0.40646239046153937,0.41039549157350075,-0.0583132933009207,-0.05295674973462563,-0.03952057343754929,-0.04345966969675845,-0.05455063350252906,-0.060877179920732875,0.3817096542635652,0.3716883335526243,0.3697258332029465,0.396467674738624,0.40646239046153937,0.41039549157350075,-0.059976236119832646,-0.05460472651239184,-0.03952057343754929,-0.04345966969675845,-0.05455063350252906,-0.060877179920732875,2,37.563372549019654,36.81104099821751,37.82411764705884,38.30969747899164,36.905392156862774,34.82902521008407
93035000700,0.31307211304197874,0.320863396534512,0.3549734016803098,0.3745114940939884,0.3765388266234065,0.3684902547756867,0.007781753505740564,0.006011097582121141,0.006893927605033383,0.003806336859391862,-0.012258157900851096,-0.00046571019722744004,0.29718715388961425,0.30502148307104543,0.3549734016803098,0.3745114940939884,0.3765388266234065,0.3684902547756867,0.005221071878408631,0.0034507919893888546,0.006893927605033383,0.003806336859391862,-0.012258157900851096,-0.00046571019722744004,2,37.74996093750004,36.596022727272754,37.86503348214285,38.21493303571431,36.81589843750003,34.80573660714287
93035000701,0.3861856200450877,0.3931771172390209,0.42209636171809584,0.4545273138668026,0.4624314153048914,0.46903716182095334,-0.0632195840399242,-0.06563901238286919,-0.05492523625982609,-0.06891789718995467,-0.0847205767480054,-0.09430701940073234,0.36966920116913904,0.3766799597624503,0.42209636171809584,0.4545273138668026,0.4624314153048914,0.46903716182095334,-0.0647063825711577,-0.06707577045321494,-0.05492523625982609,-0.06891789718995467,-0.0847205767480054,-0.09430701940073234,4,36.951929133858286,36.246392269148224,37.58781777277842,38.011901012373485,36.657106299212614,34.57424071991004
93035000702,0.3465169707459532,0.34285744530606044,0.3797061549764019,0.394191271144707,0.4171897703069091,0.41746249975984395,-0.04393384519286272,-0.03488051948224852,-0.0288174884767462,-0.030242640145962667,-0.04595220922337636,-0.045434108363515344,0.3302068470847802,0.326509147589964,0.3797061549764019,0.394191271144707,0.4171897703069091,0.41746249975984395,-0.045633679195815374,-0.03665127781608054,-0.0288174884767462,-0.030242640145962667,-0.04595220922337636,-0.045434108363515344,4,36.74554687500004,36.260298295454575,37.37707589285717,37.95700892857146,36.809218750000014,34.65627232142861
93035000703,0.2999891337711845,0.28367903007488504,0.3371137149812894,0.34442973739715815,0.34602016016651016,0.34410888242557386,0.013165761793857264,0.004549389992498202,0.00874976308222113,0.016458506514441543,0.012345064659820238,0.010775875561452944,0.2838771332874878,0.26763944911813103,0.3371137149812894,0.34442973739715815,0.34602016016651016,0.34410888242557386,0.010629040097493405,0.002484293159118976,0.00874976308222113,0.016458506514441543,0.012345064659820238,0.010775875561452944,4,37.03167968750002,36.54485795454549,37.6791741071429,38.446316964285735,37.01093750000003,34.96108258928575
93035000704,0.35268008441735155,0.32150732777995356,0.3385449253245869,0.35954268402543865,0.36977864210248135,0.36103607606933896,-0.014573650225756732,-0.0019531029871896945,0.01018666898442403,0.009669660666379951,0.0011054237721425393,0.008269649503869768,0.33657037145826374,0.30547705738905356,0.3385449253245869,0.35954268402543865,0.36977864210248135,0.36103607606933896,-0.016885880519186613,-0.004153385228503724,0.01018666898442403,0.009669660666379951,0.0011054237721425393,0.008269649503869768,4,37.713261718750005,36.77456676136365,37.99435267857146,38.55843750000004,37.240000000000045,35.31237723214288
93035000705,0.32478482061921526,0.29103927693864173,0.3162945052602438,0.32550032724928085,0.34099584463169924,0.333115451874415,0.0116754852054432,0.02619079893715157,0.028115004553199353,0.031814361248049774,0.023878467119680998,0.0334750026298183,0.30882535564354724,0.2752449686396841,0.3162945052602438,0.32550032724928085,0.34099584463169924,0.333115451874415,0.008991885065646816,0.023401684272662,0.028115004553199353,0.031814361248049774,0.023878467119680998,0.0334750026298183,4,37.54794921875002,36.94456676136368,38.1158035714286,38.55805803571432,37.236250000000034,35.39833705357144
93035000706,0.24431326192929337,0.2413680535369277,0.28200555097609126,0.2686399801457606,0.26459209845251697,0.26724273614866034,0.0555942822469617,0.0627340686784617,0.0494777997645062,0.06847037632518377,0.06778660456080364,0.0826201869634387,0.228936112862639,0.2259466406148624,0.28200555097609126,0.2686399801457606,0.26459209845251697,0.26724273614866034,0.05233302032043298,0.05943269181663001,0.0494777997645062,0.06847037632518377,0.06778660456080364,0.0826201869634387,3,38.19525490196082,37.471112299465304,38.50318767507008,39.20801680672272,37.794901960784344,35.763299719887996
93035000707,0.30526749846564644,0.29000704370112407,0.33551566522174353,0.3235611709011644,0.3263182818809342,0.2974017902286577,0.009542550579425815,0.023878372995127278,0.021947491765973628,0.03560657989019941,0.034309324063408954,0.05315177077475862,0.289320549338303,0.2740847360589215,0.33551566522174353,0.3235611709011644,0.3263182818809342,0.2974017902286577,0.006942520050263108,0.02112362027338973,0.021947491765973628,0.03560657989019941,0.034309324063408954,0.05315177077475862,4,38.85763671875001,37.762904829545484,39.0065736607143,39.69301339285719,38.39068359375002,36.0079910714286
93035000708,0.35540743464148566,0.32424111116300836,0.3767282087734188,0.3690154798565306,0.40490727708527946,0.39616378313085515,-0.04210587562716968,-0.02248793127498738,-0.019268015224560734,-0.011324566971377875,-0.032266298093668606,-0.018382834340070826,0.339098818773233,0.30789099585429647,0.3767282087734188,0.3690154798565306,0.40490727708527946,0.39616378313085515,-0.04392361848621704,-0.02441746440518546,-0.019268015224560734,-0.011324566971377875,-0.032266298093668606,-0.018382834340070826,2,38.5808171206226,37.55268128758404,38.67515842134524,39.50844357976656,37.837062256809375,35.55729294052256
93035000709,0.32311886826110237,0.30190103366825777,0.3458265099902624,0.3395859767429729,0.3626323104151776,0.3586998934090014,-0.017042458516450473,0.004100678050981107,-0.0013391479854640664,0.013784019137401408,0.001492554987513411,0.009722857026074772,0.3069713668133784,0.2858385974318579,0.3458265099902624,0.3395859767429729,0.3626323104151776,0.3586998934090014,-0.018827210587866974,0.0019682437459654276,-0.0013391479854640664,0.013784019137401408,0.001492554987513411,0.009722857026074772,4,38.246701388888894,37.0767171717172,38.21251984126987,39.20208333333335,37.47687500000002,35.15017857142861
93035000710,0.3530116015254059,0.3271750187193705,0.3730288269844922,0.35962055000391874,0.36361540062409453,0.35764320085107376,-0.007447939958980199,-0.0047571386232592916,-0.005275322341282544,0.010776906072543087,0.018149036674471004,0.024900826914416738,0.33671853086829356,0.31109387726406323,0.3730288269844922,0.35962055000391874,0.36361540062409453,0.35764320085107376,-0.00975937766777195,-0.007145200100306848,-0.005275322341282544,0.010776906072543087,0.018149036674471004,0.024900826914416738,4,37.955483870967775,36.781495601173056,38.326897081413236,38.83602150537637,37.46559139784951,34.823046594982124
93045000695,0.3444909802238303,0.3436325385128147,0.34955720310528016,0.3717964941951972,0.38492913811264484,0.37814397776457515,-0.014218600334522059,-0.009176609253865866,-0.0015404468390461644,-0.011878953920154443,-0.016769497729773947,-0.013995897436989426,0.3283930419971527,0.32746619024421586,0.34955720310528016,0.3717964941951972,0.38492913811264484,0.37814397776457515,-0.016517987325964583,-0.011507756783686752,-0.0015404468390461644,-0.011878953920154443,-0.016769497729773947,-0.013995897436989426,2,37.47001953125005,37.14485795454548,38.53839285714288,38.2430691964286,37.06583984375004,34.779118303571444
93045000696,0.34465361905221137,0.32578176408390286,0.3668695723248293,0.3765614196576775,0.3916769566455731,0.40166034224604874,-0.044437109311685666,-0.0626274184512585,-0.03459545041500495,-0.030223648531293053,-0.04212643088896824,-0.05671675787167183,0.3280051944027017,0.30926644931871244,0.3668695723248293,0.3765614196576775,0.3916769566455731,0.40166034224604874,-0.04587762373075023,-0.06338815490635781,-0.03459545041500495,-0.030223648531293053,-0.04212643088896824,-0.05671675787167183,2,37.26976470588238,36.98426737967918,38.11792156862749,38.07374229691879,37.140745098039254,34.608352941176484
93045000697,0.339727092873852,0.3256430115749291,0.37645126813093477,0.392597653791336,0.4127039001761869,0.4154472097420458,-0.0403669939902033,-0.05490782714449628,-0.048598595893552234,-0.04648828375760643,-0.060070080122098836,-0.07154023631613621,0.3232039218549665,0.3093628168776671,0.37645126813093477,0.392597653791336,0.4127039001761869,0.4154472097420458,-0.04193568315963936,-0.05614549112679486,-0.048598595893552234,-0.04648828375760643,-0.060070080122098836,-0.07154023631613621,2,37.240351562500024,36.918167613636385,37.861964285714315,38.111149553571465,37.06458984375003,34.4596428571429
93045000698,0.2838174130285775,0.2827559624492539,0.3249190143939282,0.3356038860345261,0.34356302363235486,0.3380279798961188,0.008038480662320826,0.004393933348845896,0.000622493245132789,-0.004027765005547719,-0.007901253237046199,-0.014540393033767654,0.2677224234458679,0.2668474047382919,0.3249190143939282,0.3356038860345261,0.34356302363235486,0.3380279798961188,0.005720542942098166,0.0020802807771426405,0.000622493245132789,-0.004027765005547719,-0.007901253237046199,-0.014540393033767654,2,37.427176470588286,36.946934046345824,37.966414565826355,38.131142857142876,37.020666666666685,34.57327170868352
93045000699,0.31623780952719327,0.33209657838333895,0.3610662679927356,0.3485213509706314,0.36491134846986134,0.3606533964486759,-0.032196682849183964,-0.04594861944637485,-0.04290174630252419,-0.03238263425764947,-0.04034868298946287,-0.05044877203563632,0.30011481911664106,0.3158286879065775,0.3610662679927356,0.3485213509706314,0.36491134846986134,0.3606533964486759,-0.03399789730486589,-0.04747922616400255,-0.04290174630252419,-0.03238263425764947,-0.04034868298946287,-0.05044877203563632,2,37.85185546875004,36.90007102272729,37.89159598214288,38.238002232142904,36.877597656250025,34.74246651785715
93045000700,0.318716506126727,0.3314640025406136,0.3771893654574065,0.40237202072176564,0.41615271127304243,0.41514781827680974,-0.0402799228293683,-0.04616721988903569,-0.04312635569319326,-0.04774371928711905,-0.06477764312731307,-0.06710926260886324,0.3023914167144949,0.3152056972034457,0.3771893654574065,0.40237202072176564,0.41615271127304243,0.41514781827680974,-0.04189085853934772,-0.047767692443784725,-0.04312635569319326,-0.04774371928711905,-0.06477764312731307,-0.06710926260886324,2,38.200568627451005,36.82949376114084,38.02336694677873,38.294829131652676,36.73876470588238,34.82299719887956
93045000701,0.2907919030688977,0.3062472957062446,0.3379648228444558,0.3576588002599879,0.3618504685164193,0.3663193686002967,-0.0017599291176759113,0.009025694225436127,0.004749717690461627,-0.001029029014856097,-0.008111141088208535,-0.007319534434065074,0.27482016822019273,0.29008868297877305,0.3379648228444558,0.3576588002599879,0.3618504685164193,0.3663193686002967,-0.0040701236890841605,0.006584149405473671,0.004749717690461627,-0.001029029014856097,-0.008111141088208535,-0.007319534434065074,4,37.68910156250002,36.76330965909094,38.30078125000002,38.322968750000015,36.867851562500036,34.82468750000003
93045000702,0.29970702347582817,0.29692915745452547,0.33447087542075565,0.33893222960208974,0.3373039329857456,0.3340731286707138,0.014852751726251855,0.02161458039119867,0.02314195868721483,0.02952959199585658,0.031581024523627356,0.03977400881675861,0.2837276250113534,0.2808973649808852,0.33447087542075565,0.33893222960208974,0.3373039329857456,0.3340731286707138,0.012199398334507278,0.01896895452896239,0.02314195868721483,0.02952959199585658,0.031581024523627356,0.03977400881675861,4,37.62600000000005,36.739775401069544,38.20946218487398,38.33540056022412,37.1080980392157,34.95234173669471
93045000703,0.26442832099660135,0.28404900422600665,0.3373003688182033,0.3242877682998673,0.322343801422018,0.32445952713331455,0.036758358439692274,0.023982692403339872,0.014130556497566216,0.033297281363216115,0.027750241542002164,0.028105958642423573,0.24856842136660506,0.26825154269959234,0.3373003688182033,0.3242877682998673,0.322343801422018,0.32445952713331455,0.03390707427631577,0.021232134547630028,0.014130556497566216,0.033297281363216115,0.027750241542002164,0.028105958642423573,4,38.03689453125001,36.998686079545465,38.31149553571432,38.88637276785717,37.382910156250034,35.270446428571454
93045000704,0.31753181135184705,0.2958105596516957,0.3183838077654688,0.3302815648150459,0.3266384501123039,0.32018942748433754,0.0219894907796694,0.03654328450528538,0.029761177315811127,0.036875683538054115,0.03861358432718332,0.0471332729465438,0.3015869748435887,0.2799883705122437,0.3183838077654688,0.3302815648150459,0.3266384501123039,0.32018942748433754,0.019237803683188056,0.033609109804150314,0.029761177315811127,0.036875683538054115,0.03861358432718332,0.0471332729465438,4,38.404062500000016,37.177947443181836,38.475569196428616,39.07026785714289,37.43326171875003,35.65453125000002
93045000705,0.29722285760691075,0.26305872707111055,0.30542986180711534,0.2947581818016553,0.299322268389198,0.28552724746798336,0.023494416398825345,0.04163635376036223,0.03849377586930384,0.05638970260960446,0.05026602483114097,0.06255939369125352,0.2813642011592671,0.2474545139995225,0.30542986180711534,0.2947581818016553,0.299322268389198,0.28552724746798336,0.020680368095075168,0.038601384042219945,0.03849377586930384,0.05638970260960446,0.05026602483114097,0.06255939369125352,4,38.212862745098064,37.35673083778971,38.538705882352964,39.041417366946796,37.756470588235324,35.790997198879595
93045000706,0.2496074349696836,0.21770737813831886,0.2633792761066295,0.24877660639663243,0.24709750673747594,0.24213077756524273,0.07236978784394592,0.08528848711525142,0.0777380118951378,0.09327104597431382,0.09665432839247755,0.10101486653863603,0.23408484076215097,0.20253474137664806,0.2633792761066295,0.24877660639663243,0.24709750673747594,0.24213077756524273,0.06891486901806679,0.08164295624101499,0.0777380118951378,0.09327104597431382,0.09665432839247755,0.10101486653863603,3,38.634765625000036,37.76919034090914,38.90363839285719,39.496116071428595,38.38230468750004,36.08941964285718
93045000707,0.3093584929550332,0.28983345049516296,0.36325586024204776,0.3619092867531014,0.3731888144784803,0.3528835281908953,-0.020002313743509012,-0.012420883619269962,-0.014683442362459045,-0.005656580664685377,-0.01866347488633441,-0.006923469123392643,0.29318522610597686,0.2738089365435897,0.36325586024204776,0.3619092867531014,0.3731888144784803,0.3528835281908953,-0.021940513180229503,-0.014431885233071696,-0.014683442362459045,-0.005656580664685377,-0.01866347488633441,-0.006923469123392643,2,38.94473309608544,37.842947266256886,39.12193695983734,39.754361972547066,38.26891459074737,36.00193695983735
93045000708,0.3554990573277896,0.34121358110956745,0.4024245111326978,0.38972912103423774,0.39993252544421104,0.40218985948748914,-0.022618999015221602,-0.015871849544190186,-0.029630464033683333,-0.013060364285704682,-0.021406165658202907,-0.024669922180153268,0.33951995315757566,0.32514284139120136,0.4024245111326978,0.38972912103423774,0.39993252544421104,0.40218985948748914,-0.024789825328621583,-0.018079532903887217,-0.029630464033683333,-0.013060364285704682,-0.021406165658202907,-0.024669922180153268,2,38.5966027874565,37.295017421602815,38.38197610751622,39.36534096565459,37.47343205574915,35.267312095569984
93045000709,0.4528426388656604,0.42326861505118646,0.49001963453384695,0.44738264295199104,0.4882231922472111,0.48316405645815785,-0.07702793521111728,-0.05453475916957955,-0.08630188127455717,-0.04896964634482743,-0.07405858052607366,-0.06958420422097868,0.4369123402444446,0.4073331203894559,0.49001963453384695,0.44738264295199104,0.4882231922472111,0.48316405645815785,-0.07872774917181882,-0.05655849122422155,-0.08630188127455717,-0.04896964634482743,-0.07405858052607366,-0.06958420422097868,3,38.25257812500003,36.875795454545475,37.78829241071433,39.0524553571429,37.48585937500001,34.940904017857186
93045000710,0.33855952312074905,0.32333838708069995,0.36325997117342285,0.33825223839192614,0.3373736347867677,0.3315322832627721,0.005602127931849059,0.013165374849164288,0.006020291271358432,0.03136184933161441,0.04228630620913013,0.03659269503134324,0.32258358950972416,0.30758814665312906,0.36325997117342285,0.33825223839192614,0.3373736347867677,0.3315322832627721,0.0029323623896953047,0.010318243121434444,0.006020291271358432,0.03136184933161441,0.04228630620913013,0.03659269503134324,3,38.27572549019611,36.96397504456332,38.151053221288535,39.09448179271712,37.63492156862748,34.94625770308127
93055000695,0.3713877028406766,0.3641281918959368,0.3827026264209607,0.4250241590085597,0.4396103280252366,0.42672955646463917,-0.0460094905678836,-0.042425090424420366,-0.03094437068223485,-0.05925791137397528,-0.06014032684719413,-0.060451994417612696,0.3553496906229593,0.34811997819343843,0.3827026264209607,0.4250241590085597,0.4396103280252366,0.42672955646463917,-0.04799886632662209,-0.044423901275855264,-0.03094437068223485,-0.05925791137397528,-0.06014032684719413,-0.060451994417612696,2,37.71962890625004,37.220999289772756,38.643794642857166,38.500033482142896,37.22281250000004,34.95916294642861
93055000696,0.2795581360650582,0.29354468705053743,0.35601748740352557,0.3869834347820412,0.3790081075785107,0.3849234983435932,-0.03689951175241978,-0.04258163712432177,-0.04202181793820128,-0.04424578386060987,-0.055553770467270974,-0.05617017379950962,0.2632319627840208,0.2771670539686989,0.35601748740352557,0.3869834347820412,0.3790081075785107,0.3849234983435932,-0.03836357347871369,-0.044011890633697925,-0.04202181793820128,-0.04424578386060987,-0.055553770467270974,-0.05617017379950962,2,37.513476562500024,37.24374857954549,38.44352678571432,38.315044642857174,37.375468750000024,34.72959821428576
93055000697,0.32865207949448405,0.37347211605023783,0.44549805612437055,0.45698160082780687,0.4691436309466458,0.46506253280255194,-0.06345986791243265,-0.10063206255595507,-0.10261763188908653,-0.0955225025915592,-0.10171200309725412,-0.10707040446624212,0.31189928011597223,0.3570013573378767,0.44549805612437055,0.45698160082780687,0.4691436309466458,0.46506253280255194,-0.0645287830921925,-0.10144793985876083,-0.10261763188908653,-0.0955225025915592,-0.10171200309725412,-0.10707040446624212,2,37.4748818897638,37.19401574803152,38.05023622047248,38.05697412823398,37.211692913385846,34.387997750281265
93055000698,0.25113245029638814,0.3005467940280321,0.3310406298490837,0.35093522134183636,0.3460340554323701,0.34738048614746403,0.019842198507042257,-0.001281416920798274,-0.006464266898125227,-0.004442340485935163,0.0012843452841813684,-0.003384598072235794,0.23554448222737834,0.28499533887257195,0.3310406298490837,0.35093522134183636,0.3460340554323701,0.34738048614746403,0.01724535889420759,-0.003753671161418108,-0.006464266898125227,-0.004442340485935163,0.0012843452841813684,-0.003384598072235794,2,37.52326171875005,37.015447443181834,37.950000000000024,37.94167410714288,37.06427734375003,34.47419642857147
93055000699,0.28694883186020814,0.2921792838969372,0.3430090826893804,0.3583779280373955,0.35777274790446323,0.3566025770721586,0.00980702188632286,0.0012670526101190103,-0.010422038748598438,-0.013594615151515279,-0.012117784794495661,-0.02388311889265693,0.27087502681631065,0.27619079661876544,0.3430090826893804,0.3583779280373955,0.35777274790446323,0.3566025770721586,0.007336037765075115,-0.0011240812244400513,-0.010422038748598438,-0.013594615151515279,-0.012117784794495661,-0.02388311889265693,2,37.72203921568631,37.081807486631035,38.07621848739499,38.14281792717092,37.09611764705886,34.80108123249301
93055000700,0.34000280862736887,0.3608861853199537,0.4157415410398936,0.4334969565713391,0.4480500852130687,0.4431729312696027,-0.05136826695888555,-0.05559597686860925,-0.05531518760991208,-0.05904747709409286,-0.06416986295907852,-0.07439872119043711,0.323811333348257,0.3445088776248447,0.4157415410398936,0.4334969565713391,0.4480500852130687,0.4431729312696027,-0.053062392739886693,-0.057124072255365095,-0.05531518760991208,-0.05904747709409286,-0.06416986295907852,-0.07439872119043711,2,38.08248046875003,37.031938920454586,38.12981026785719,38.250647321428595,36.79775390625003,34.93071428571431
93055000701,0.3079444739659178,0.32648068507529804,0.3665995266443853,0.37639539131617444,0.38369944737049744,0.3801203875167359,-0.014280280301592492,-0.014004039341425323,-0.016378029340546302,-0.017087011019303027,-0.026076523237915226,-0.024571537402676147,0.2918843690573392,0.3103211075557958,0.3665995266443853,0.37639539131617444,0.38369944737049744,0.3801203875167359,-0.016445508133281137,-0.0162108127322443,-0.016378029340546302,-0.017087011019303027,-0.026076523237915226,-0.024571537402676147,2,37.911132812500036,37.0143678977273,38.32563616071433,38.2965848214286,36.85158203125003,34.907979910714296
93055000702,0.32192007035925996,0.33232768463423706,0.37536267775331755,0.38201036072875966,0.37241161596309186,0.3890557513958704,-0.025792314816107557,-0.025318644081240592,-0.029484569540388385,-0.02733139778592926,-0.02858154966380769,-0.03199863151549246,0.3058385794462109,0.31621122350226527,0.37536267775331755,0.38201036072875966,0.37241161596309186,0.3890557513958704,-0.02783801593238298,-0.027376800418421603,-0.029484569540388385,-0.02733139778592926,-0.02858154966380769,-0.03199863151549246,2,38.27207843137259,37.071846702317295,38.665193277310976,38.61946778711487,37.28692156862749,35.17915406162466
93055000703,0.2813494742049879,0.28362169433340234,0.3265675536684119,0.3267676611796407,0.33014789442626846,0.3306935438613731,0.02460638211196734,0.030353272927576953,0.017893328261834957,0.030776082269191762,0.03302898612961465,0.02388128403104413,0.26541568586145603,0.2676250083880601,0.3265675536684119,0.3267676611796407,0.33014789442626846,0.3306935438613731,0.02186567724386356,0.027548450773913716,0.017893328261834957,0.030776082269191762,0.03302898612961465,0.02388128403104413,2,38.73636718750002,37.42005681818185,38.99886160714288,39.091763392857196,37.76109375000004,35.57767857142859
93055000704,0.3091234233532208,0.29409833872812585,0.3278585192567896,0.3399884733554158,0.341490473816419,0.33693687464498545,0.027869562697281244,0.02653818188140595,0.01942553783054914,0.022778894531335945,0.013951704688338265,0.024492522037159757,0.2929719583320956,0.2781724268723796,0.3278585192567896,0.3399884733554158,0.341490473816419,0.33693687464498545,0.025148065612687495,0.02382253042280572,0.01942553783054914,0.022778894531335945,0.013951704688338265,0.024492522037159757,2,38.79231372549022,37.52516577540112,39.026918767507034,39.456980392156915,37.88560784313729,35.750436974789935
93055000705,0.2593879323339161,0.23510755758760704,0.2745208960799244,0.26519154859229604,0.262560909811676,0.2536628372494473,0.05847905327656691,0.06657842218269915,0.06678191386593955,0.07986593290100152,0.08153848956591919,0.09066012610074699,0.24376608397271976,0.21974327445163291,0.2745208960799244,0.26519154859229604,0.262560909811676,0.2536628372494473,0.05520833828459543,0.06319459116600007,0.06678191386593955,0.07986593290100152,0.08153848956591919,0.09066012610074699,3,38.81199275362323,37.71722661396579,38.99774327122156,39.46035196687374,38.18976449275365,35.868664596273334
93055000706,0.2465415740441905,0.2277821568710695,0.27977206920675524,0.2745526368281124,0.2788842176116858,0.27637240133600405,0.07643975334063734,0.07894961627036864,0.06929912824518648,0.07637502808050749,0.0745190277170313,0.07552605171517818,0.2310098470840766,0.21251044661629145,0.27977206920675524,0.2745526368281124,0.2788842176116858,0.27637240133600405,0.07293150394853436,0.0753658794988926,0.06929912824518648,0.07637502808050749,0.0745190277170313,0.07552605171517818,2,39.15130208333336,38.05058712121217,39.26911706349211,39.772896825396835,38.8918229166667,36.16193452380954
93055000707,0.30744953132615926,0.2832348432450968,0.33422358317636397,0.32057512379693776,0.3327661188124214,0.34113283235138614,0.0037217176242426665,0.02098886114969309,0.01361330639696471,0.030703072622959703,0.018362625183633317,0.02051976542214209,0.2914781696675782,0.26737855527434556,0.33422358317636397,0.32057512379693776,0.3327661188124214,0.34113283235138614,0.0012792394959898147,0.018334489016786994,0.01361330639696471,0.030703072622959703,0.018362625183633317,0.02051976542214209,2,39.305172413793144,38.06047718564964,39.04107827038864,39.937334428024116,38.54139846743298,35.970394088669984
93055000708,0.4752998187888686,0.43216212244515667,0.4952680422081741,0.47648980820774733,0.536391815423309,0.5421856291148678,-0.08773254823963315,-0.06935945992239012,-0.0765724947994513,-0.08019836553673493,-0.10410463390177785,-0.11462350755484128,0.4591472494100555,0.41611865713700863,0.4952680422081741,0.47648980820774733,0.536391815423309,0.5421856291148678,-0.08930119282431197,-0.07115388031109707,-0.0765724947994513,-0.08019836553673493,-0.10410463390177785,-0.11462350755484128,2,38.98196078431377,37.61742245989307,38.41830252100843,39.38221288515409,37.67786274509806,35.3517591036415
93055000709,0.5965895573143741,0.5750043033296995,0.649985354165884,0.5259032525247236,0.662489158679543,0.6643398427522914,-0.1906975158606164,-0.15919538474847705,-0.1945705581047956,-0.1211865592278497,-0.18319037455893245,-0.18840725932100588,0.5808579597422899,0.5591710283276274,0.649985354165884,0.5259032525247236,0.662489158679543,0.6643398427522914,-0.19114645046343626,-0.16010433995469495,-0.1945705581047956,-0.1211865592278497,-0.18319037455893245,-0.18840725932100588,3,38.19731372549025,36.98555080213906,37.55717086834736,38.77535574229698,37.25876470588237,34.67887394957988
93055000710,0.46650508809297525,0.42747294079514997,0.48358056267102667,0.47192650725444274,0.533639602204201,0.5214072916950252,-0.07045122956556253,-0.04075401975961255,-0.06821554316869673,-0.05167169587395633,-0.0985610237862413,-0.09220480280301281,0.45050690556432776,0.4115056933227474,0.48358056267102667,0.47192650725444274,0.533639602204201,0.5214072916950252,-0.07234607782388647,-0.043006304658907125,-0.06821554316869673,-0.05167169587395633,-0.0985610237862413,-0.09220480280301281,3,37.790000000000035,36.81860795454549,37.42343750000001,38.40691964285719,36.98359375000002,34.40762276785718
93065000694,0.33020337164603225,0.3145462769300216,0.36983268055891044,0.38483030656653944,0.3880401429390438,0.3867675307388175,-0.02211531807620157,-0.018891249819118446,-0.023673346617515956,-0.027457548391718847,-0.03776017186041973,-0.028497196089574524,0.3138534042434957,0.298382714509987,0.36983268055891044,0.38483030656653944,0.3880401429390438,0.3867675307388175,-0.02416010808485298,-0.021009872655727645,-0.023673346617515956,-0.027457548391718847,-0.03776017186041973,-0.028497196089574524,2,37.82294117647061,37.33202424242426,38.472196078431395,38.602963585434196,37.513078431372584,35.546974789915986
93065000695,0.34942948057839557,0.3206005673148793,0.38198017838577175,0.4116842908765059,0.43034156487523123,0.4125626858206681,-0.04030839893748719,-0.03341162337161976,-0.03318534799887924,-0.0629594143535578,-0.06358318433398247,-0.06407478523967144,0.33341355627304786,0.30467390867388067,0.38198017838577175,0.4116842908765059,0.43034156487523123,0.4125626858206681,-0.042312420146728334,-0.03537319354218013,-0.03318534799887924,-0.0629594143535578,-0.06358318433398247,-0.06407478523967144,2,37.868593750000024,37.45835937500002,38.411908482142884,38.61892857142861,37.35476562500003,35.23828125000004
93065000696,0.24892013709495397,0.2488835283868077,0.3048472739562962,0.3106119909393236,0.31585849039276687,0.319976628484306,0.02424422400526167,0.0012593633982552305,0.011802674999797494,0.012102056953503961,0.016938546435279523,0.011010879154239286,0.23308175860319127,0.23307217884038128,0.3048472739562962,0.3106119909393236,0.31585849039276687,0.319976628484306,0.02170496259562404,-0.000722716752255216,0.011802674999797494,0.012102056953503961,0.016938546435279523,0.011010879154239286,2,37.55408203125004,37.48155610795457,38.29625000000003,38.61750000000004,37.547539062500036,34.824843750000035
93065000697,0.3713573388418105,0.4187225886520816,0.48875635086577984,0.49682054769722733,0.5155116655472513,0.5180468338028587,-0.09193654695806859,-0.12819496113457293,-0.130887581191582,-0.12305665040841827,-0.13487605143402806,-0.14195321774582986,0.3553016804943124,0.4027782197066876,0.48875635086577984,0.49682054769722733,0.5155116655472513,0.5180468338028587,-0.09303361234046198,-0.12885350244931573,-0.130887581191582,-0.12305665040841827,-0.13487605143402806,-0.14195321774582986,2,37.550976562500026,37.520681818181835,38.153683035714316,38.219040178571454,37.45285156250003,34.63830357142861
93065000698,0.3272725683878073,0.34728658594007134,0.3815928372812783,0.39282692846240724,0.3893724585616937,0.3911177398402767,-0.019612556459806463,-0.024559082483603372,-0.03774712643405552,-0.035798689156889635,-0.022415554229368095,-0.03128197687350032,0.31165312228984626,0.3316054325977785,0.3815928372812783,0.39282692846240724,0.3893724585616937,0.3911177398402767,-0.021935304364608273,-0.02682570909336138,-0.03774712643405552,-0.035798689156889635,-0.022415554229368095,-0.03128197687350032,2,37.56353515625004,37.14635653409093,38.01671875000002,38.00053571428576,37.00710937500003,34.66029017857145
93065000699,0.25926765346126424,0.25857853194443103,0.3059834653714737,0.31769109080436403,0.32060675177546183,0.31329210389712575,0.03194437149635733,0.031612657506292205,0.016335509247151284,0.014496595756042424,0.020343491082555263,0.016328301519413335,0.2435109460720745,0.24290220164271062,0.3059834653714737,0.31769109080436403,0.32060675177546183,0.31329210389712575,0.02912354927105367,0.028751030273314892,0.016335509247151284,0.014496595756042424,0.020343491082555263,0.016328301519413335,2,37.96290196078433,37.30073083778969,38.3969467787115,38.2976078431373,37.398960784313765,34.94611204481794
93065000700,0.31919740177193523,0.3117004456216675,0.3752010201147993,0.3991438933665022,0.41081253913389415,0.41104994527005395,-0.047069883941040586,-0.02989655227778277,-0.045818563054181846,-0.04587893694243001,-0.05209144564989065,-0.06445520295828902,0.3030613730325182,0.2956365796664213,0.3752010201147993,0.3991438933665022,0.41081253913389415,0.41104994527005395,-0.0487487823318723,-0.03184910232138054,-0.045818563054181846,-0.04587893694243001,-0.05209144564989065,-0.06445520295828902,2,38.121152343750026,37.28122159090914,38.56516741071433,38.29930803571433,36.840566406250026,35.02254464285717
93065000701,0.33247954826220033,0.35190938243865016,0.41184157330235427,0.41516642639829154,0.43273114154091163,0.4266806052923511,-0.05473601337384833,-0.05356766343973282,-0.061659629807891136,-0.0564356338439931,-0.08153499540921608,-0.07596622958586936,0.3160289244620267,0.3353225572458856,0.41184157330235427,0.41516642639829154,0.43273114154091163,0.4266806052923511,-0.05620153520421513,-0.055069635983218714,-0.061659629807891136,-0.0564356338439931,-0.08153499540921608,-0.07596622958586936,2,37.80601960784317,37.06097326203212,38.26073389355747,38.34922689075634,36.74545098039217,34.86752380952384
93065000702,0.29143696878022984,0.28496641257238287,0.33121140119011616,0.3392352622768586,0.33526027947580295,0.351729574381556,0.007257240002668266,0.012783973193969,0.004996296246526856,0.007276011646524808,-0.00024158959613000352,-0.0030884082439914928,0.27538874112959827,0.2689176575995373,0.33121140119011616,0.3392352622768586,0.33526027947580295,0.351729574381556,0.004853585296687339,0.010331521287584891,0.004996296246526856,0.007276011646524808,-0.00024158959613000352,-0.0030884082439914928,3,38.19205078125004,37.24198863636366,38.71275669642863,38.83614955357146,37.14566406250004,35.201886160714324
93065000703,0.260927499890405,0.2507733983620747,0.2867737502438343,0.29097989572197186,0.2980355039986487,0.2939311613372553,0.04541775600668737,0.04972781017607426,0.04068502932090232,0.054295967679597344,0.05659609585648331,0.05089350690358353,0.245209560075877,0.23505571587331645,0.2867737502438343,0.29097989572197186,0.2980355039986487,0.2939311613372553,0.04240594686486715,0.04668821232145008,0.04068502932090232,0.054295967679597344,0.05659609585648331,0.05089350690358353,2,38.43450000000002,37.693010101010124,39.147904761904776,39.22901587301592,37.846611111111145,35.644539682539694
93065000705,0.2991845169663568,0.263381558069999,0.30761986858254076,0.3117671854398214,0.3232510462972608,0.3177683753744253,0.027488843895201447,0.008607882646737374,0.030947085697555006,0.04049697190406029,0.02789689982779053,0.037436402726050554,0.28331370680556006,0.24785036500263288,0.30761986858254076,0.3117671854398214,0.3232510462972608,0.3177683753744253,0.02463674772119569,0.006541905401669442,0.030947085697555006,0.04049697190406029,0.02789689982779053,0.037436402726050554,2,38.347790262172296,37.638457609805954,38.95382022471913,39.11236490101662,37.9370411985019,35.48088282504015
93065000706,0.2064292682210531,0.19016846840924267,0.23419349062305084,0.23087809671155107,0.23491043890689736,0.23723249996998397,0.09402651355292357,0.09779163018746678,0.09216458508803478,0.10565176788733345,0.10872880823464058,0.10667700217042349,0.1911647964373109,0.17514903500157392,0.23419349062305084,0.23087809671155107,0.23491043890689736,0.23723249996998397,0.09037279743595536,0.09407322130905796,0.09216458508803478,0.10565176788733345,0.10872880823464058,0.10667700217042349,2,39.25394531250002,37.95470170454549,39.045892857142896,39.56457589285717,38.63167968750003,35.75660714285716
93065000707,0.23544294791413156,0.22051471372145606,0.2721060254402917,0.2540254014271503,0.280252572755235,0.2816332208620523,0.08315446793014403,0.08611849740260683,0.07225312779257581,0.08687486482371168,0.07479966221473565,0.08122505228532118,0.21994921263293582,0.2052104033333428,0.2721060254402917,0.2540254014271503,0.280252572755235,0.2816332208620523,0.07966099696269331,0.08256271997351905,0.07225312779257581,0.08687486482371168,0.07479966221473565,0.08122505228532118,2,39.79629411764709,38.281408199643536,39.13720448179275,40.03625210084037,38.98052941176472,35.99616246498603
93065000708,0.36649417065157686,0.3167969274222843,0.3653933423208502,0.4076033805973358,0.40395070881182954,0.4544871464212152,0.01982194249839157,0.03970188357045045,0.029359846205293656,-0.02032894312883491,-0.05309720007299974,-0.056251550149943916,0.35068326121103427,0.30138219509574554,0.3653933423208502,0.4076033805973358,0.40395070881182954,0.4544871464212152,0.01690735349336338,0.03650291762406892,0.029359846205293656,-0.02032894312883491,-0.05309720007299974,-0.056251550149943916,2,39.85950980392161,38.05315151515154,38.81896358543419,39.67970308123252,38.43500000000002,35.746549019607876
93065000709,0.4964653776908807,0.45203584569942207,0.5077181432385199,0.5172496469460354,0.5050641988723823,0.5540020696859824,-0.12059787686360049,-0.09838585040646601,-0.10919363793315356,-0.11419710935205374,-0.13644226722836048,-0.14345018723982747,0.48075855472009627,0.43642528607479253,0.5077181432385199,0.5172496469460354,0.5050641988723823,0.5540020696859824,-0.12181849032281923,-0.09980693946268201,-0.10919363793315356,-0.11419710935205374,-0.13644226722836048,-0.14345018723982747,3,38.434062500000046,37.37562500000002,37.79383928571432,38.86330357142861,37.221406250000015,34.915401785714316
93065000710,0.550843719954063,0.5243643265084801,0.6066428952772336,0.6022157258418434,0.6561581975088752,0.6658299392892474,-0.17448535743121407,-0.16773588115850863,-0.16558238350027144,-0.15145602771713162,-0.1972440070113011,-0.21404686813471344,0.5358874522044007,0.5090450347728646,0.6066428952772336,0.6022157258418434,0.6561581975088752,0.6658299392892474,-0.1751781782042714,-0.16814004234078841,-0.16558238350027144,-0.15145602771713162,-0.1972440070113011,-0.21404686813471344,3,37.831503906250035,37.01924005681823,37.528125000000024,38.38408482142862,36.77693359375004,34.3736272321429
93075000694,0.3500917145888674,0.3199099553048918,0.35329521499257555,0.38489193087210233,0.394665068107558,0.39351548545614745,-0.028331506802158582,-0.013482607059417118,-0.01697314687639119,-0.02615513128912501,-0.02772559620343722,-0.03166332884267731,0.3339948718154975,0.3039319554313107,0.35329521499257555,0.38489193087210233,0.394665068107558,0.39351548545614745,-0.030477270298554314,-0.0157951869549927,-0.01697314687639119,-0.02615513128912501,-0.02772559620343722,-0.03166332884267731,2,37.67513671875004,37.63429119318184,38.39300223214287,38.9291517857143,37.57771484375002,35.70305803571432
93075000695,0.33730163460144036,0.3117630711205391,0.3428397645874257,0.36128459376426814,0.38224097573226723,0.37316130750743165,-0.023455193333592677,-0.01737392446362866,-0.014423034332866748,-0.019785552627888305,-0.036038434798213254,-0.02330940205054578,0.3212609259876664,0.2959242490718542,0.3428397645874257,0.36128459376426814,0.38224097573226723,0.37316130750743165,-0.02565748378936099,-0.019639963341492955,-0.014423034332866748,-0.019785552627888305,-0.036038434798213254,-0.02330940205054578,2,37.84166015625004,37.63160014204548,38.53853794642861,38.77386160714287,37.405976562500044,35.3556473214286
93075000696,0.28972178119855546,0.2804724545507598,0.3209936811227823,0.3234090164656006,0.3396717881402738,0.343245229388529,0.019869822752412284,0.023273699850062494,0.01223543065044214,0.012017315423455188,0.016721588101615923,-6.399059405479081e-05,0.27391561644581625,0.26483317113170857,0.3209936811227823,0.3234090164656006,0.3396717881402738,0.343245229388529,0.017129278171029206,0.020462821392779097,0.01223543065044214,0.012017315423455188,0.016721588101615923,-6.399059405479081e-05,2,37.62658823529416,37.67494402852054,38.19447058823533,38.77552380952385,37.47594117647061,34.880095238095265
93075000697,0.23396236007420973,0.24133913703597254,0.26922861119606034,0.28480729793556253,0.29887710967078296,0.3058483567911229,0.02364130643296987,0.027317519348448206,0.018987294549437577,0.02416851518032792,0.014290735083517941,0.008439702805967533,0.2184577984577984,0.22575244952153134,0.26922861119606034,0.28480729793556253,0.29887710967078296,0.3058483567911229,0.02112870168917427,0.024745535745450308,0.018987294549437577,0.02416851518032792,0.014290735083517941,0.008439702805967533,2,37.85649019607847,38.03250267379683,38.302224089635885,38.673831932773155,37.63866666666671,35.00715406162468
93075000698,0.2019663920929682,0.20106319298854408,0.24791439110131078,0.25405259738448416,0.25024196160252554,0.2548077458456931,0.07828658376875824,0.06731984504680322,0.06116519876106038,0.06629636080035174,0.07445707916286105,0.07109566901048865,0.1867123454383552,0.18582533695550593,0.24791439110131078,0.25405259738448416,0.25024196160252554,0.2548077458456931,0.07488138947343842,0.06413521275810362,0.06116519876106038,0.06629636080035174,0.07445707916286105,0.07109566901048865,2,38.17133858267718,37.83968074445243,38.561327334083245,38.69580427446574,37.380413385826785,35.242395950506214
93075000699,0.2315862200586594,0.22941954755779276,0.2819674693420561,0.2947895674127849,0.28975040050940204,0.30344757392613053,0.03919583964030353,0.04522991527837832,0.02947849732975866,0.030159914849603633,0.014481053517865968,0.028642811376758507,0.21610242030342197,0.21399995802091817,0.2819674693420561,0.2947895674127849,0.28975040050940204,0.30344757392613053,0.03635274393688032,0.04229242060401617,0.02947849732975866,0.030159914849603633,0.014481053517865968,0.028642811376758507,2,38.21574218750001,37.5868678977273,38.47516741071431,38.56992187500003,37.34375000000002,35.13574776785716
93075000700,0.2814364962496946,0.28833378170913015,0.346403203012474,0.35852085609166867,0.37837677043739704,0.3762236927241346,-0.01117438168876649,-0.021965106495204157,-0.029809632855252892,-0.029136192790194193,-0.050726588670446174,-0.04969038578507362,0.26554419150471,0.272407769058372,0.346403203012474,0.35852085609166867,0.37837677043739704,0.3762236927241346,-0.013314687109241169,-0.02377996625179159,-0.029809632855252892,-0.029136192790194193,-0.050726588670446174,-0.04969038578507362,2,37.82738281250002,37.14784090909095,38.165424107142876,38.27529017857147,36.705664062500034,34.83245535714289
93075000701,0.3041716417356065,0.3300948925343673,0.38483078257165504,0.39670899913200575,0.4207508503307983,0.41990618023290194,-0.02785592544567393,-0.0418365306024681,-0.04919577887465648,-0.045851382619002595,-0.05875113806371572,-0.06308285842980799,0.2878182689080206,0.313575478509025,0.38483078257165504,0.39670899913200575,0.4207508503307983,0.41990618023290194,-0.02966980211092349,-0.04339148502119206,-0.04919577887465648,-0.045851382619002595,-0.05875113806371572,-0.06308285842980799,2,38.19048872180455,37.13404647983602,38.31646616541357,38.730494092373846,36.90387218045115,34.86871106337276
93075000702,0.27607049264949185,0.27952938581286374,0.3286551042060202,0.33827705771731764,0.356960776622326,0.3570617848700152,0.008874107927993133,0.0020861383036440556,0.005080540802752805,0.006944753925572036,-0.005363133731976622,-0.01061283204295599,0.2602404495740245,0.26365778720666105,0.3286551042060202,0.33827705771731764,0.356960776622326,0.3570617848700152,0.006397503905499628,-0.0002116315794964455,0.005080540802752805,0.006944753925572036,-0.005363133731976622,-0.01061283204295599,2,38.904166666666704,37.49464646464649,38.76597222222227,39.200595238095275,37.48895833333336,35.32117063492068
93075000703,0.23917173075150205,0.22725317049059673,0.26744997721762465,0.2678051225774458,0.2701201170765263,0.2775710753357787,0.06662797692111758,0.07070935682914209,0.05956460475937329,0.06356883548521321,0.0661754026167096,0.06165990233221097,0.2236763313133397,0.2117892245535649,0.26744997721762465,0.2678051225774458,0.2701201170765263,0.2775710753357787,0.06331830173568664,0.06739384034084266,0.05956460475937329,0.06356883548521321,0.0661754026167096,0.06165990233221097,2,39.10223443223446,37.75594072594074,39.1009576138148,39.4398377812664,37.9558058608059,35.59980638409212
93075000704,0.26203705840259284,0.23790820568305854,0.29898581224988147,0.3061877203310286,0.3221859899218876,0.3231239603382191,0.02736701424628535,0.014076267442482363,0.022700795082834176,0.029556016785818515,0.022242394635940535,0.021968707000928265,0.24594303365652131,0.22234316719616054,0.29898581224988147,0.3061877203310286,0.3221859899218876,0.3231239603382191,0.025306911022416667,0.011985762962113546,0.022700795082834176,0.029556016785818515,0.022242394635940535,0.021968707000928265,2,38.76890625000003,37.685852272727296,38.80821428571431,39.41071428571431,37.934843750000034,35.43651785714288
93075000705,0.2948489087450665,0.27443319108916253,0.31734505075391733,0.33371211455458405,0.3546875109326718,0.3532360761788435,0.015443513444211883,0.01003668360487219,0.00906732053933372,0.012753123228957313,-0.005155838962297955,0.005562339735507777,0.2787476490769812,0.25859613288679756,0.31734505075391733,0.33371211455458405,0.3546875109326718,0.3532360761788435,0.012972853181891142,0.007649931143439821,0.00906732053933372,0.012753123228957313,-0.005155838962297955,0.005562339735507777,2,38.33250980392159,37.49484848484852,38.4746610644258,38.95292436974793,37.725882352941206,35.255434173669485
93075000706,0.2019376111225683,0.1967871289183799,0.2392701319978441,0.2469577967772047,0.2619320352853109,0.2662420988456478,0.06552630042388155,0.07120751759614859,0.06855007667644657,0.07994656034431036,0.0730313198524402,0.0706043668931186,0.18664011577915499,0.181538616773704,0.2392701319978441,0.2469577967772047,0.2619320352853109,0.2662420988456478,0.062363663727108797,0.06802809936761518,0.06855007667644657,0.07994656034431036,0.0730313198524402,0.0706043668931186,2,38.57829411764709,37.63219607843139,38.49999439775914,39.13238655462189,38.06558823529415,35.331254901960804
93075000707,0.257018425172061,0.23319472499078797,0.2821269284931903,0.26725931454944135,0.2807986919574989,0.2814885740553927,0.044081915069757775,0.04296893479568658,0.0537561270644165,0.0658207145017479,0.06280705238387024,0.06715240516095065,0.2413398498534387,0.2177926437445573,0.2821269284931903,0.26725931454944135,0.2807986919574989,0.2814885740553927,0.04115036231158965,0.040094225501185535,0.0537561270644165,0.0658207145017479,0.06280705238387024,0.06715240516095065,2,39.03671875000004,37.91617897727275,38.883191964285764,39.617321428571465,38.480820312500015,35.54120535714287
93075000708,0.3188874468654334,0.29061318455634155,0.3611497843700559,0.35320799145504306,0.3807587602993827,0.3819716617438133,-0.00253564757445559,0.0025218265327808464,-0.008698452938337167,0.00775772964284972,-0.007359151375140839,-0.011772458267650495,0.3027847141831373,0.2748345599483986,0.3611497843700559,0.35320799145504306,0.3807587602993827,0.3819716617438133,-0.0048669258584253415,3.885693465740905e-05,-0.008698452938337167,0.00775772964284972,-0.007359151375140839,-0.011772458267650495,2,39.24080078125004,37.835042613636396,38.716149553571455,39.48717633928574,38.11531250000002,35.50357142857145
93075000709,0.41399005600255073,0.37263065434185166,0.44925673301281743,0.46799384393770016,0.5338716227592755,0.534630745768609,-0.035327185618555176,-0.02436141872154854,-0.05074926901106289,-0.05386564329854995,-0.11991649718831711,-0.11845335250041963,0.3978685086206918,0.35664745165645695,0.44925673301281743,0.46799384393770016,0.5338716227592755,0.534630745768609,-0.037460197022877874,-0.02659396400829294,-0.05074926901106289,-0.05386564329854995,-0.11991649718831711,-0.11845335250041963,3,37.925549019607885,37.26353297682712,38.110134453781555,38.7921736694678,37.12213725490198,34.906224089635856
93075000710,0.44084603502801767,0.4063247887746356,0.4494893343726585,0.4573346731146361,0.5879608354698244,0.5275800203175154,-0.0505254638861019,-0.04258909312205079,-0.04230921451425898,-0.028608446527503394,-0.13652690792826286,-0.10498031306017794,0.42501141967906486,0.3904495162938882,0.4494893343726585,0.4573346731146361,0.5879608354698244,0.5275800203175154,-0.052595265613106824,-0.044572341732044385,-0.04230921451425898,-0.028608446527503394,-0.13652690792826286,-0.10498031306017794,3,37.88986274509808,37.21155436720147,38.32978711484597,38.75156862745101,37.14882352941179,34.6525210084034
93085000694,0.341109789164526,0.30881971178926765,0.3529829720632421,0.37913638556635126,0.40065469280847565,0.39778503225959116,-0.005350025009228647,-0.002028548899451958,-0.00550120365077045,-0.013932625596966227,-0.020151595287523014,-0.024723270190646733,0.3251866355185558,0.2932110197354233,0.3529829720632421,0.37913638556635126,0.40065469280847565,0.39778503225959116,-0.007910913670227504,-0.004668309852161364,-0.00550120365077045,-0.013932625596966227,-0.020151595287523014,-0.024723270190646733,2,37.76968750000003,37.67152840909094,38.19544642857146,38.69982142857143,37.86859375000001,35.544285714285735
93085000695,0.3827440380050664,0.3290952709667362,0.355866062088825,0.4117532446554416,0.4505851301658852,0.44983219678896674,-0.05978145665407331,-0.0408857179981811,-0.022608490506117962,-0.053231812597097104,-0.08465586970098223,-0.07493392691676506,0.36666168984250497,0.31337379564591766,0.355866062088825,0.4117532446554416,0.4505851301658852,0.44983219678896674,-0.06158335794899401,-0.04289277716102052,-0.022608490506117962,-0.053231812597097104,-0.08465586970098223,-0.07493392691676506,2,37.71396078431375,37.65590516934049,38.44205602240899,38.68612324929973,37.294614379085,35.16961904761906
93085000696,0.2860897978316747,0.2912086742607897,0.3279876325203333,0.3430581135604253,0.35337413911257476,0.3577593168045201,0.0013885487909119437,0.009264793793946917,0.008328615837742146,-0.0024329932918469854,0.001880017534123093,-0.0051343764023870885,0.27028923505683206,0.2753320921589944,0.3279876325203333,0.3430581135604253,0.35337413911257476,0.3577593168045201,-0.0010760875687040952,0.006707718059748021,0.008328615837742146,-0.0024329932918469854,0.001880017534123093,-0.0051343764023870885,2,37.89841796875004,38.04050000000004,38.37570312500001,38.84340401785716,37.10304687500001,34.85838169642859
93085000697,0.2108983203239968,0.21512344357183757,0.2551071274660162,0.2577757512109195,0.24993459863111667,0.2663237398805579,0.07918695492103565,0.08185586394687654,0.06866659317441355,0.07445985637216125,0.07615134488872936,0.08252466467111241,0.19561548100241516,0.19979077005076556,0.2551071274660162,0.2577757512109195,0.24993459863111667,0.2663237398805579,0.0757350904655983,0.07837180915308903,0.06866659317441355,0.07445985637216125,0.07615134488872936,0.08252466467111241,2,38.360352941176494,38.357074509803944,38.619445378151305,39.06647058823531,37.6048235294118,35.18948459383759
93085000698,0.1904878358108032,0.18732695227061963,0.25529150402007483,0.2596482020344087,0.27126086532936683,0.2777723230654978,0.06274748556044855,0.050299675817200025,0.05095795416636282,0.057747128512651,0.05134348537238489,0.04735078108810095,0.1752507233981435,0.17214188730504626,0.25529150402007483,0.2596482020344087,0.27126086532936683,0.2777723230654978,0.05965574044748677,0.04762206218390954,0.05095795416636282,0.057747128512651,0.05134348537238489,0.04735078108810095,2,38.51214843750002,38.10328977272731,38.56991071428574,39.005312500000045,37.68250000000002,35.35542410714289
93085000699,0.31713205215527374,0.29651150686465505,0.42452776161709904,0.42899808156568264,0.4448778214357139,0.4282911383747757,-0.05935732198001939,-0.08183854039701291,-0.08370425754771775,-0.07323903900980314,-0.0866154415807796,-0.08964613876316806,0.3004479311533076,0.2800262271116633,0.42452776161709904,0.42899808156568264,0.4448778214357139,0.4282911383747757,-0.060432921815490225,-0.08190830460603435,-0.08370425754771775,-0.07323903900980314,-0.0866154415807796,-0.08964613876316806,2,37.8761259541985,37.51226925746012,38.24857142857145,38.772900763358805,37.22230916030537,34.89309705561616
93085000700,0.27766181810922147,0.3017507789386543,0.38548298174207746,0.3939129290099752,0.40088678360569346,0.3456982991648181,-0.019892017391340965,-0.034193594325844776,-0.05384468397499453,-0.049895479390709985,-0.05906450041869415,-0.03926160357124522,0.26169302362886715,0.28581186932653213,0.38548298174207746,0.3939129290099752,0.40088678360569346,0.3456982991648181,-0.02180911750227894,-0.0360380729558685,-0.05384468397499453,-0.049895479390709985,-0.05906450041869415,-0.03926160357124522,2,37.40461805555558,36.90996464646468,37.91186507936508,38.52065476190478,36.64534722222226,34.66926587301588
93085000701,0.21460993619174898,0.23730347292226192,0.28059114138403324,0.2857737031585476,0.29752596248422114,0.3068962811131735,0.05276887167327643,0.05501942476232267,0.039234579192822874,0.04410540394037424,0.048014825327133186,0.033273036758774056,0.19929921317995655,0.2216549631951396,0.28059114138403324,0.2857737031585476,0.29752596248422114,0.3068962811131735,0.04967175337039973,0.05193127946533212,0.039234579192822874,0.04410540394037424,0.048014825327133186,0.033273036758774056,2,38.04342960288812,37.08376435838536,38.328215575038705,38.93341413099541,37.1040794223827,34.94098504383707
93085000702,0.2145727030150422,0.22376533102508417,0.26226597190894085,0.26499395301027606,0.27289024933496303,0.2747280963007968,0.05922499827554155,0.054516418087785186,0.051441262048682865,0.06088703187270014,0.06570377285058096,0.048538141906517694,0.1993079412919859,0.208452479291837,0.26226597190894085,0.26499395301027606,0.27289024933496303,0.2747280963007968,0.0560347610800701,0.05141014912146431,0.051441262048682865,0.06088703187270014,0.06570377285058096,0.048538141906517694,2,39.13789062500003,37.35069602272731,38.9686160714286,39.2344642857143,37.87515625000004,35.43183035714291
93085000703,0.2551774075403247,0.2596027518539238,0.309797872005799,0.30110744021600766,0.3220571793226693,0.3265535342728552,0.038946764627032886,0.038428147228323696,0.019356443120582732,0.0315485016160677,0.0305923621325231,0.02167336468948883,0.2394683087596243,0.2437802487354641,0.309797872005799,0.30110744021600766,0.3220571793226693,0.3265535342728552,0.03609802762200264,0.035602024672162495,0.019356443120582732,0.0315485016160677,0.0305923621325231,0.02167336468948883,2,39.520921568627486,37.68273582887704,39.05517647058828,39.40354621848742,37.74141176470593,35.53842577030816
93085000704,0.27968128777437373,0.26263627645946475,0.3394747155309708,0.3371342680487899,0.3526743088058806,0.36254435029968884,0.0023627509394203963,-0.01112689479677234,-0.020268532823169576,-0.010387066380855747,-0.029011244615019215,-0.030570544057553987,0.2637286411431238,0.24684860943101816,0.3394747155309708,0.3371342680487899,0.3526743088058806,0.36254435029968884,0.0003294111063303639,-0.012924036014202176,-0.020268532823169576,-0.010387066380855747,-0.029011244615019215,-0.030570544057553987,2,39.321509803921586,37.22865953654194,38.59801120448182,39.33178151260506,37.60809803921572,35.27503081232497
93085000705,0.29054938238889266,0.270906649902323,0.34399490386015,0.35322466166668237,0.3739553043712288,0.3716313906189514,0.0024955093662747435,-0.006843519124171785,-0.018157968652462816,-0.013355547574191155,-0.030100416361509362,-0.02474582297845516,0.27470217706196615,0.2552533264856779,0.34399490386015,0.35322466166668237,0.3739553043712288,0.3716313906189514,0.00010640972001707693,-0.00904989795734901,-0.018157968652462816,-0.013355547574191155,-0.030100416361509362,-0.02474582297845516,2,38.66984375000003,37.12079545454549,38.38258928571432,38.97053571428574,37.67625000000002,35.18267857142858
93085000706,0.22813775264983419,0.21176921793879575,0.27006201773399974,0.26645821178420154,0.2843398920800103,0.2901567439446589,0.06073032699321889,0.0570661761391856,0.05235338172659336,0.06590705577840231,0.054929102324648225,0.053555042842302,0.2127523391324418,0.19668232196469917,0.27006201773399974,0.26645821178420154,0.2843398920800103,0.2901567439446589,0.05755321338085806,0.05387338957885701,0.05235338172659336,0.06590705577840231,0.054929102324648225,0.053555042842302,2,38.622734375000036,37.492940340909115,38.42862723214288,39.12957589285717,37.66423828125002,35.06321428571431
93085000707,0.28716797756105267,0.25841233035751054,0.33970892278343334,0.31985422368309313,0.35283873424037726,0.3615471108441921,0.00643588966119489,-0.0006322946621500949,0.006560562709755596,0.015651459981457297,-0.00450771631493978,-0.0058019511256613854,0.27093984071038124,0.24278291008668476,0.33970892278343334,0.31985422368309313,0.35283873424037726,0.3615471108441921,0.004238606484774298,-0.0029225034712203933,0.006560562709755596,0.015651459981457297,-0.00450771631493978,-0.0058019511256613854,2,38.613901960784354,37.576196078431416,38.4645210084034,39.26843137254907,37.75556862745099,35.11356302521011
93085000708,0.4448485698972594,0.4068037425996115,0.47920568659277196,0.4777575756532871,0.5222872635692709,0.5363131620366366,-0.08869146764733937,-0.08294922053455007,-0.08200482540010962,-0.07029941292458015,-0.11407313193830508,-0.13326590164405544,0.42856970112593457,0.3907591264274736,0.47920568659277196,0.4777575756532871,0.5222872635692709,0.5363131620366366,-0.0901614807710974,-0.08445537849713462,-0.08200482540010962,-0.07029941292458015,-0.11407313193830508,-0.13326590164405544,2,38.1748235294118,37.35385739750449,38.32567507002806,38.94532773109249,37.6037254901961,35.01284593837539
93085000709,0.448293142158491,0.39502751649052176,0.46242613410066835,0.4395517415370172,0.5063168907776701,0.5188809374834903,-0.07765629065928947,-0.06202134681883236,-0.0629743258044056,-0.031028669376692877,-0.0933348785561249,-0.1018610276713609,0.43205758442930026,0.3790215085507698,0.46242613410066835,0.4395517415370172,0.5063168907776701,0.5188809374834903,-0.07925037640905226,-0.06382847240570139,-0.0629743258044056,-0.031028669376692877,-0.0933348785561249,-0.1018610276713609,3,37.67998046875005,36.89416193181822,38.23408482142862,38.613225446428594,37.12695312500002,34.69861607142858
93085000710,0.3953538185490578,0.3431953206561498,0.4132242580745171,0.407083766815951,0.4437766254847453,0.4474922725510647,-0.04990515398628411,-0.03678760572851553,-0.04422117665858974,-0.03616451025234373,-0.07880134350210798,-0.07319467926070505,0.37918431379849277,0.3273729149238292,0.4132242580745171,0.407083766815951,0.4437766254847453,0.4474922725510647,-0.051622412177034546,-0.038762744105287426,-0.04422117665858974,-0.03616451025234373,-0.07880134350210798,-0.07319467926070505,4,38.08937500000004,37.111568181818235,38.53120535714287,38.7832142857143,37.51460937500002,34.73303571428574
93085000711,0.2992375351432211,0.2752026705438549,0.3188219901662204,0.31499504465008,0.32577592445255404,0.3160443353715556,0.0033156363952117894,0.00991626294574848,0.0052770370578362445,0.012813660467507303,0.008419903065652636,0.01487416529932143,0.2831786058298789,0.25936061501297913,0.3188219901662204,0.31499504465008,0.32577592445255404,0.3160443353715556,0.0009037567391662481,0.007432677065565803,0.0052770370578362445,0.012813660467507303,0.008419903065652636,0.01487416529932143,4,38.56627450980395,37.452360071301285,38.619703081232515,38.78365826330537,38.00733333333335,35.123938375350164
93085000712,0.3287988612471135,0.3059487101262452,0.3501726891034279,0.3505862342373505,0.3734041375689811,0.3602322134896916,-0.0309566148084923,-0.016766151173981402,-0.014719839388549521,0.0005817313582325006,-0.007002481936359733,-0.006173869800651439,0.31276191368985345,0.2901235655384834,0.3501726891034279,0.3505862342373505,0.3734041375689811,0.3602322134896916,-0.03297650044159438,-0.019017463001064584,-0.014719839388549521,0.0005817313582325006,-0.007002481936359733,-0.006173869800651439,2,38.88384313725494,37.59111800356511,38.86312044817929,39.03168067226896,38.4979215686275,35.45184873949582
93085000713,0.37005935737044077,0.31100910848878094,0.37660043823791717,0.3858987297633492,0.4370247913676117,0.39484839078023865,-0.089134401479824,-0.04216843925387888,-0.05561325665748334,-0.03856840094618453,-0.06363132730170148,-0.05124094517750234,0.35401207592414163,0.29496239936378166,0.37660043823791717,0.3858987297633492,0.4370247913676117,0.39484839078023865,-0.09034572797725875,-0.04387537575790886,-0.05561325665748334,-0.03856840094618453,-0.06363132730170148,-0.05124094517750234,3,38.40292968750002,37.46921875000003,38.90040178571432,39.1368973214286,38.638750000000044,35.48589285714288
93085000714,0.27925705392656164,0.24109877680779,0.2501767295786007,0.25160288234528894,0.2542237380123111,0.2588913921601079,0.019231742446740092,0.03294161029822977,0.04386898224201139,0.05386051214793349,0.05199042635967609,0.05517658153129167,0.2633780410067097,0.2256257395167256,0.2501767295786007,0.25160288234528894,0.2542237380123111,0.2588913921601079,0.016610502945591497,0.03009777917905317,0.04386898224201139,0.05386051214793349,0.05199042635967609,0.05517658153129167,4,38.508281250000046,37.51117187500004,38.5147209821429,39.515078125000045,38.461386718750035,35.59825892857146
93095000693,0.2766267807925838,0.24921771548446203,0.30316193808668146,0.30652485441083666,0.31220185192949107,0.2993684295794938,0.0299386427828685,0.04836894816783214,0.034183981169736234,0.04388332001495627,0.046303988066540895,0.04991356910451542,0.26130928784847784,0.23404834292667454,0.30316193808668146,0.30652485441083666,0.31220185192949107,0.2993684295794938,0.02691825547003365,0.04513541645227985,0.034183981169736234,0.04388332001495627,0.046303988066540895,0.04991356910451542,2,38.10548828125003,37.99292613636365,38.646964285714326,38.87594866071429,38.34554687500003,35.754944196428625
93095000694,0.355908062607031,0.31190410353839987,0.33336241861702315,0.3476048893952798,0.3735307313474541,0.34735526970675856,-0.03567802760274681,-0.01698688086272108,0.0011121343430621554,-0.006152691099382481,-0.013699191565496165,0.0014976936723678578,0.3402149265322551,0.2965866305289234,0.33336241861702315,0.3476048893952798,0.3735307313474541,0.34735526970675856,-0.03793143581204146,-0.019549033803600308,0.0011121343430621554,-0.006152691099382481,-0.013699191565496165,0.0014976936723678578,2,37.858759842519696,37.917250536864735,38.295106861642346,38.818920134983145,38.223517060367456,35.37634420697416
93095000695,0.28952274095645764,0.2764820258822793,0.3053932227204027,0.3223710211439171,0.32821897177001935,0.3251272485458073,0.013896905290442177,0.035233105132331265,0.028690230446413854,0.026137064416406827,0.02462858299599639,0.029405919626237467,0.2738140192414597,0.260903561230115,0.3053932227204027,0.3223710211439171,0.32821897177001935,0.3251272485458073,0.011272856262029814,0.03227859732285851,0.028690230446413854,0.026137064416406827,0.02462858299599639,0.029405919626237467,2,37.80708984375001,37.87781676136368,38.34018973214289,39.03270089285716,37.472636718750024,35.03241071428574
93095000696,0.25928927726496026,0.2621309321458257,0.30853869375891774,0.3158819580495664,0.32196194222585245,0.31876171913848234,0.04031648120874887,0.04580831827472457,0.03053627462789725,0.03231747573035006,0.041187769863972,0.04528497456973831,0.24364473384735533,0.24638691441860522,0.30853869375891774,0.3158819580495664,0.32196194222585245,0.31876171913848234,0.0373383401443204,0.04278817636395609,0.03053627462789725,0.03231747573035006,0.041187769863972,0.04528497456973831,2,37.975607843137276,38.23411764705885,38.52532773109245,39.32480112044819,37.344901960784334,35.03642016806725
93095000697,0.22769815818407016,0.2273714162676371,0.28536145645475136,0.30910926257834104,0.32805736290841575,0.32610562614178257,0.030490728581674814,0.028199666669057072,0.01335214497361036,0.010915339408820031,0.006232516729598525,0.006793849163267416,0.21217126356797905,0.21184510157204464,0.28536145645475136,0.30910926257834104,0.32805736290841575,0.32610562614178257,0.027882732871362583,0.02564705858337,0.01335214497361036,0.010915339408820031,0.006232516729598525,0.006793849163267416,2,38.045965250965274,38.22345945945949,38.60014892443468,39.21000000000002,37.608120978121015,35.12956977385553
93095000698,0.26887347311696697,0.2573268464777195,0.33607855161854655,0.3404213331805099,0.3472134706351073,0.3454477811318092,-0.014456940612277808,-0.02975344104349569,-0.027813246867215227,-0.014779536975482236,-0.013579385112706035,-0.028136387839400485,0.2525167755164535,0.2412347351605918,0.33607855161854655,0.3404213331805099,0.3472134706351073,0.3454477811318092,-0.016131578165755174,-0.031053894841113264,-0.027813246867215227,-0.014779536975482236,-0.013579385112706035,-0.028136387839400485,2,37.70998257839724,37.74639024390249,38.213613738178225,38.73748631159785,37.33526132404184,35.072906918865115
93095000699,0.2525285468126813,0.2553170446769813,0.33226523460371105,0.3347600363643604,0.3508763642302231,0.35242258412363464,-0.01523624592671826,-0.029516859880653768,-0.030599161964035733,-0.02631868458276318,-0.03264620238962992,-0.04317193570948404,0.2363538860503983,0.23913131992720277,0.33226523460371105,0.3347600363643604,0.3508763642302231,0.35242258412363464,-0.016805623149421127,-0.030725164178646954,-0.030599161964035733,-0.02631868458276318,-0.03264620238962992,-0.04317193570948404,2,37.370195035461016,37.308957446808535,37.9721276595745,38.53862208713275,36.945957446808535,34.70952380952384
93095000700,0.2266999936138902,0.24478868310847296,0.30703568233688117,0.30932221834964385,0.32404249407799013,0.3200750534657129,0.039853290145521185,0.03015694490630216,0.015366582097020272,0.023853777103069865,0.016910857038476997,0.014386819015364136,0.21112997027122635,0.22911557708550348,0.30703568233688117,0.30932221834964385,0.32404249407799013,0.3200750534657129,0.037037810970816175,0.027438960641764175,0.015366582097020272,0.023853777103069865,0.016910857038476997,0.014386819015364136,2,37.157500000000034,36.55560511363638,37.85651785714286,38.39075892857145,36.810937500000016,34.5569642857143
93095000701,0.18082015047396985,0.19196669879243158,0.23620125797293043,0.2429440573680158,0.25126719047446766,0.25718082773481976,0.0817351124107351,0.0693266760808439,0.06208975333796702,0.07025414352521873,0.0713071802045674,0.06058478265351126,0.16577384303076967,0.1767855314111876,0.23620125797293043,0.2429440573680158,0.25126719047446766,0.25718082773481976,0.07831484747651864,0.06620905496273381,0.06208975333796702,0.07025414352521873,0.0713071802045674,0.06058478265351126,2,37.3019215686275,36.641729055258494,38.33193837535016,38.642526610644296,37.21043137254904,34.82217927170871
93095000702,0.18906026835717757,0.19467507830698566,0.23254582389800932,0.24442298092205075,0.2652702899859749,0.2682060635079441,0.06585916318694394,0.06545997514921226,0.055733485205430276,0.06504660484454707,0.05562304324639449,0.05430051742342101,0.17393471689976836,0.1794821412916253,0.23254582389800932,0.24442298092205075,0.2652702899859749,0.2682060635079441,0.06278462385541822,0.06240471319129622,0.055733485205430276,0.06504660484454707,0.05562304324639449,0.05430051742342101,2,38.24254901960787,36.681151515151555,38.62904761904764,38.71243137254904,37.539274509803946,35.05582633053224
93095000703,0.25939326398847484,0.2715163659011967,0.3267695445553249,0.31176094176883357,0.33468391744042064,0.3493638420563631,-0.0018251747301402835,-0.003938215191632692,-0.006405657852085316,0.004697278344593771,-0.0057022440984345136,-0.020940472728741773,0.24356709797569984,0.25563884689856875,0.3267695445553249,0.31176094176883357,0.33468391744042064,0.3493638420563631,-0.003813670310900521,-0.005936373857537249,-0.006405657852085316,0.004697278344593771,-0.0057022440984345136,-0.020940472728741773,2,39.12945312500005,36.93287784090913,38.66033482142861,39.06689732142861,37.20105468750002,35.02912946428576
93095000704,0.2079302699451687,0.19559223065363887,0.2691021580982875,0.2686346765004921,0.28022705089029687,0.2826344682397575,0.04491527687530353,0.041270035535378585,0.038485674334300245,0.043891844846889946,0.031182207010553593,0.032293521460684586,0.19253395034631146,0.18052286054245203,0.2691021580982875,0.2686346765004921,0.28022705089029687,0.2826344682397575,0.04220420535198933,0.038487610149843886,0.038485674334300245,0.043891844846889946,0.031182207010553593,0.032293521460684586,2,39.335234375000034,36.83881392045459,38.69392857142861,39.26864955357147,37.37761718750004,35.04591517857147
93095000705,0.22696128483688752,0.20687944560740168,0.2738208683886127,0.26129117185274325,0.27108350618165394,0.27073052674745224,0.042371584691756156,0.03553739629693283,0.03828066390098262,0.04458963056938751,0.03909441876752873,0.04237934102264854,0.21140960503913547,0.1916940430967299,0.2738208683886127,0.26129117185274325,0.27108350618165394,0.27073052674745224,0.03963662397986733,0.03278828380597177,0.03828066390098262,0.04458963056938751,0.03909441876752873,0.04237934102264854,2,39.23378431372552,36.94286274509807,38.998560224089665,39.25484033613448,37.733098039215726,35.275333333333364
93095000706,0.24637767837814703,0.21939252910925375,0.28718581641824686,0.2704538830678298,0.3169373816457475,0.3039742777128686,0.02613200508338364,0.021945708021213258,0.02230676858375688,0.03715319811113831,0.015123442395634835,0.012454983689853531,0.23066982784606177,0.20418204121335048,0.28718581641824686,0.2704538830678298,0.3169373816457475,0.3039742777128686,0.02363262348713337,0.01937665550340645,0.02230676858375688,0.03715319811113831,0.015123442395634835,0.012454983689853531,2,39.38496078431376,37.71819964349378,39.08139495798322,39.51077310924373,37.55741176470591,35.28331092436977
93095000707,0.2699260900077971,0.23682281359424465,0.3260579194515167,0.3142914946095587,0.36135947508028515,0.36226700701324027,-0.007638845708967616,-0.013717624381119264,-0.008862691578727324,0.010033151114235707,-0.02330318681020666,-0.03391692911453046,0.25372805592990255,0.22117019387478265,0.3260579194515167,0.3142914946095587,0.36135947508028515,0.36226700701324027,-0.00937742259021173,-0.015499633194100264,-0.008862691578727324,0.010033151114235707,-0.02330318681020666,-0.03391692911453046,2,39.416347656250046,37.78477982954549,38.84496651785717,39.47130580357147,37.95367187500001,35.352544642857175
93095000708,0.3521102225677237,0.30924872579275997,0.3538443939918598,0.35285660650195466,0.34609394111536396,0.36235266022907275,-0.03291794213834564,-0.02237529096733835,-0.008841369541166834,-0.0005218770562259099,-0.01236958821258989,-0.023771122853361946,0.3359933755671933,0.2934542753487046,0.3538443939918598,0.35285660650195466,0.34609394111536396,0.36235266022907275,-0.034892732357222074,-0.024512604151848062,-0.008841369541166834,-0.0005218770562259099,-0.01236958821258989,-0.023771122853361946,2,38.63449218750003,37.56096590909095,38.77866071428577,39.17553571428576,38.10632812500003,35.29428571428575
93095000709,0.37313849960476686,0.32461005818957794,0.3793138769768844,0.3703923654607216,0.38858958337056765,0.3941380663933767,-0.0692675928816793,-0.05147312576375968,-0.04731413552594832,-0.027319111187998495,-0.053514080980860614,-0.043249116453372996,0.3569236306613958,0.3086409780478598,0.3793138769768844,0.3703923654607216,0.38858958337056765,0.3941380663933767,-0.07072915439614673,-0.053099973520337664,-0.04731413552594832,-0.027319111187998495,-0.053514080980860614,-0.043249116453372996,3,38.295333333333375,37.25817825311947,38.555086834733956,39.11905322128854,37.937568627451014,35.07536694677873
93095000710,0.2719931824685895,0.23786176539912587,0.2853866952341614,0.2771237015611294,0.2628802178746157,0.27259080052150014,0.022854274490621797,0.02835409742265274,0.033693864800787364,0.04611428573544165,0.0379485913495744,0.054267855792762325,0.2561143146700669,0.22233157043598376,0.2853866952341614,0.2771237015611294,0.2628802178746157,0.27259080052150014,0.020229322082373002,0.025624376834317467,0.033693864800787364,0.04611428573544165,0.0379485913495744,0.054267855792762325,3,38.66917647058827,37.434217468805755,38.57506442577035,39.17128851540618,38.23052941176473,35.14778151260508
93095000711,0.3162621211888629,0.27293828679174825,0.3265796046937787,0.32717762738733414,0.318803345804671,0.32395938839295396,-0.009926095450455169,0.0011588719176416757,-0.00028665556175919713,0.004492611301245784,2.3320477682346844e-05,-0.0019004271669455005,0.30007523920573587,0.25722375385567386,0.3265796046937787,0.32717762738733414,0.318803345804671,0.32395938839295396,-0.012176363188998401,-0.001273749193297988,-0.00028665556175919713,0.004492611301245784,2.3320477682346844e-05,-0.0019004271669455005,3,38.88843750000002,37.82684375000003,38.79303571428574,39.03272321428576,38.23515625000002,35.367232142857176
93095000712,0.2971360691550413,0.2689386816867338,0.3198994869225105,0.3316308533886535,0.3420041219848415,0.3347340695202192,-0.005471833516540019,0.005011267540325001,0.0014379130613144542,0.006756108192348468,0.0020577699349018158,0.004421657668094184,0.2810733456700204,0.2531894251370571,0.3198994869225105,0.3316308533886535,0.3420041219848415,0.3347340695202192,-0.007746418958292477,0.0025685296861654825,0.0014379130613144542,0.006756108192348468,0.0020577699349018158,0.004421657668094184,2,38.77662109375002,37.82728125000003,38.780334821428596,38.99476562500005,38.403828125000025,35.396986607142885
93095000713,0.323518726320279,0.2729589078199901,0.3486675377256794,0.35896732770143297,0.3632607375713338,0.3462995313014378,-0.024372799556055695,-0.002144467721356035,-0.016430730821997586,-0.007887833333786919,-0.0035646337966938895,-0.001917896284110766,0.307406867676985,0.25721603174782304,0.3486675377256794,0.35896732770143297,0.3632607375713338,0.3462995313014378,-0.02651329228029754,-0.004568034119340218,-0.016430730821997586,-0.007887833333786919,-0.0035646337966938895,-0.001917896284110766,4,37.78486274509807,37.73516078431376,38.85956862745101,39.0127899159664,38.5554509803922,35.32985434173672
93095000714,0.2838108756771062,0.24707179540717458,0.30781077831532017,0.2994929132317052,0.306485237969142,0.29985954717027413,0.020291949417801342,0.02119638278538575,0.025350448828414137,0.03971171653848036,0.04139035182846287,0.03929948485369536,0.2678346770310825,0.23152759641812093,0.30781077831532017,0.2994929132317052,0.306485237969142,0.29985954717027413,0.01760736597100771,0.01846883418147173,0.025350448828414137,0.03971171653848036,0.04139035182846287,0.03929948485369536,4,37.876666666666715,37.78595294117649,38.427086834733934,39.28286274509806,38.553215686274555,35.46731092436978
93105000693,0.25913100626962504,0.2328035630560019,0.2747037154109914,0.2850197487616771,0.27868746540471595,0.27548210034136456,0.04697097205654578,0.05729163863932347,0.05801810547927275,0.054916966686581935,0.06730099118750345,0.06520543942548135,0.24373815300582233,0.21767630166381116,0.2747037154109914,0.2850197487616771,0.27868746540471595,0.27548210034136456,0.04380206862965192,0.0539663995678523,0.05801810547927275,0.054916966686581935,0.06730099118750345,0.06520543942548135,2,38.38869140625003,38.121583806818215,38.89771205357146,39.340959821428584,38.13851562500001,35.8804241071429
93105000694,0.27183038183721936,0.24249621008904423,0.28920679340719685,0.29886342131597327,0.3096466551955961,0.31336723717564186,0.026298596757482803,0.041421252250368676,0.034911026454585034,0.028605288573145156,0.03155251069639079,0.02850100042247317,0.25627009983681354,0.2272440543685105,0.28920679340719685,0.29886342131597327,0.3096466551955961,0.31336723717564186,0.023417563220396936,0.03830159723804104,0.034911026454585034,0.028605288573145156,0.03155251069639079,0.02850100042247317,2,38.04443359375003,38.11166903409095,38.535279017857185,39.196897321428594,38.147076822916674,35.580859375000024
93105000695,0.29356988702061243,0.2675494242924445,0.2989386920413115,0.3098521074985997,0.33738622597687484,0.3333220553644592,0.016844517969483136,0.026094978771735854,0.019890964535876278,0.025978575463651805,0.011823681028299652,0.02025964381402382,0.27780168981310505,0.25221080044838434,0.2989386920413115,0.3098521074985997,0.33738622597687484,0.3333220553644592,0.014209826379901971,0.023235397378501905,0.019890964535876278,0.025978575463651805,0.011823681028299652,0.02025964381402382,2,37.77171875000003,38.14497159090912,38.46241071428576,39.26062500000004,38.38052083333335,35.389553571428614
93105000696,0.18433261247469512,0.19480317055028687,0.22965707480898462,0.2325596317220628,0.23664505148608073,0.23960998117831336,0.08016555194655553,0.09184209222471953,0.08511467632453178,0.08839371962891948,0.09285004706535858,0.09408283844355197,0.16936765633615636,0.1797311679019482,0.22965707480898462,0.2325596317220628,0.23664505148608073,0.23960998117831336,0.07665545664427531,0.08819103422882545,0.08511467632453178,0.08839371962891948,0.09285004706535858,0.09408283844355197,2,37.991236933797936,38.307586316122936,38.7807117969139,39.57010950721755,38.35513937282232,35.43559482329521
93105000697,0.23709428384243625,0.23136054747427506,0.3152577994812362,0.3183169010927492,0.34592195731708336,0.3428827440818827,0.017503818443244522,0.008844366180631946,-0.0013729195545022343,0.0007159493785618639,-0.0058542391617123065,-0.012526798834082151,0.22144406515804385,0.2158183585360952,0.3152577994812362,0.3183169010927492,0.34592195731708336,0.3428827440818827,0.015127163195014677,0.0065875341325814345,-0.0013729195545022343,0.0007159493785618639,-0.0058542391617123065,-0.012526798834082151,2,38.179877192982474,38.120456140350896,38.70837593984965,39.34540852130329,38.198742690058495,35.339614035087756
93105000698,0.2869287640898563,0.29024441899995185,0.39474189819669775,0.3866587604946542,0.40524982587976105,0.400230201783964,-0.03823644992445521,-0.039678529935687476,-0.05981239906528532,-0.04825879222722075,-0.058187484078712624,-0.06357490062707516,0.2705342978867906,0.2738739577943665,0.39474189819669775,0.3866587604946542,0.40524982587976105,0.400230201783964,-0.03967027344175344,-0.04112415769225332,-0.05981239906528532,-0.04825879222722075,-0.058187484078712624,-0.06357490062707516,2,37.48054687500004,37.510546875000045,38.1749553571429,38.66022321428575,37.127968750000036,34.92995535714289
93105000699,0.31730058135308836,0.32167480178371405,0.42837000341800596,0.425347890050827,0.45437912835762045,0.4463294048911923,-0.06651805544635599,-0.06528537017841737,-0.08911784438255156,-0.0822723743909903,-0.09770438040007669,-0.10204445376693656,0.3005142517139145,0.3049075849887045,0.42837000341800596,0.425347890050827,0.45437912835762045,0.4463294048911923,-0.06733812758001391,-0.0661933336748308,-0.08911784438255156,-0.0822723743909903,-0.09770438040007669,-0.10204445376693656,2,36.89501953125002,36.97952343750004,37.6563504464286,38.17757812500004,36.61277343750001,34.42581473214289
93105000700,0.24380045140959633,0.2551418147496326,0.34462297067222813,0.3569762179436872,0.3695492715768448,0.36900097182269687,-0.006760192830159638,-0.01655061303126999,-0.03487382698132101,-0.02789316554369027,-0.039253096080124644,-0.04862520256412528,0.22787079540747693,0.2391140946265514,0.34462297067222813,0.3569762179436872,0.3695492715768448,0.36900097182269687,-0.008729449047827971,-0.01838340624426741,-0.03487382698132101,-0.02789316554369027,-0.039253096080124644,-0.04862520256412528,2,36.92696850393703,36.42964566929137,37.53186726659167,37.97609673790779,36.73234251968506,34.15806524184479
93105000701,0.2491981777517678,0.23423903347234085,0.30600572148670824,0.3212614046039761,0.3444297953870616,0.34390712231775744,-0.001986087738874387,-0.0029248923927422807,-0.009392679347244935,-0.016562241352474576,-0.019713795954975445,-0.026559522479831718,0.23352805755447303,0.2188252894461172,0.30600572148670824,0.3212614046039761,0.3444297953870616,0.34390712231775744,-0.003910415062718286,-0.005023907840177548,-0.009392679347244935,-0.016562241352474576,-0.019713795954975445,-0.026559522479831718,2,37.18570312500003,36.456877840909115,37.7101785714286,37.99004464285718,36.76687500000002,34.26383928571431
93105000702,0.3098189010242153,0.28710107915885497,0.364877901759014,0.38381682087872626,0.4275257175228518,0.4042404368550772,-0.06793480390811155,-0.0573853791349919,-0.06864864715535389,-0.06425308354772094,-0.08988125198103865,-0.08717335888368585,0.2935685322768344,0.2709755760347605,0.364877901759014,0.38381682087872626,0.4275257175228518,0.4042404368550772,-0.06886939116739724,-0.058525975702115145,-0.06864864715535389,-0.06425308354772094,-0.08988125198103865,-0.08717335888368585,2,37.76630859375002,36.51738778409094,37.754665178571464,37.9600223214286,36.54945312500003,34.41731026785718
93105000703,0.26257803084788833,0.2609687752976107,0.3272419797675784,0.32460423777242425,0.3713808718990068,0.3612211770595165,0.037778198024240824,0.02634479425302705,0.011060675519115035,0.017893127643672818,-0.00020965364951217364,-0.00468877971364835,0.24675637583432206,0.2451790529209791,0.3272419797675784,0.32460423777242425,0.3713808718990068,0.3612211770595165,0.034928918404802334,0.023711373632104883,0.011060675519115035,0.017893127643672818,-0.00020965364951217364,-0.00468877971364835,2,38.45768627450983,36.69283065953656,38.2083529411765,38.57103081232497,36.711803921568645,34.55973669467791
93105000704,0.20822539943465523,0.2044464906313522,0.2714619953486699,0.27668975451621813,0.2794910442550749,0.2685911954197819,0.05345713492214075,0.049945193328973,0.0417768913931843,0.044032726800886754,0.04798947553443699,0.04249752131252266,0.1928836599020613,0.1890869569259484,0.2714619953486699,0.27668975451621813,0.2794910442550749,0.2685911954197819,0.05046244339738298,0.04705148065251539,0.0417768913931843,0.044032726800886754,0.04798947553443699,0.04249752131252266,2,38.94009803921572,37.118211051693436,38.73512044817929,39.1799047619048,37.29111764705886,34.915422969187695
93105000705,0.17112693828380707,0.16919429252980273,0.22164886724114172,0.2205925747410573,0.22931057831836688,0.22754765434030266,0.10159193015439413,0.08698126944595501,0.08459361122435144,0.09267091914299239,0.0908463973129922,0.0875635662258448,0.15607698338843978,0.15423798051704585,0.22164886724114172,0.2205925747410573,0.22931057831836688,0.22754765434030266,0.09791866814828093,0.0835325890948229,0.08459361122435144,0.09267091914299239,0.0908463973129922,0.0875635662258448,2,39.40771484375005,37.40769176136366,39.37771205357146,39.587142857142894,37.71017578125004,35.37879464285719
93105000706,0.1944729912306765,0.19436119793978757,0.24476127398566594,0.23354781459896518,0.24702423159431408,0.24722143717289893,0.07430484779149749,0.06601203975306101,0.06693955635720149,0.08014846244723516,0.073691973102783,0.06726176864504836,0.17923666919155476,0.17928963415851426,0.24476127398566594,0.23354781459896518,0.24702423159431408,0.24722143717289893,0.07103790124244826,0.06278228909155137,0.06693955635720149,0.08014846244723516,0.073691973102783,0.06726176864504836,2,40.202812500000036,38.147556818181826,39.65598214285717,39.810625000000044,37.94453125000005,35.717500000000044
93105000707,0.2309158030298944,0.2143302906704274,0.28751725063108874,0.26902206056173306,0.2909647330982095,0.30031854296330934,0.040903008132990616,0.03560162742691785,0.03419833493308374,0.045509418414060185,0.013657514264979628,0.019195937133386146,0.2152975240405836,0.19903005272857632,0.28751725063108874,0.26902206056173306,0.2909647330982095,0.30031854296330934,0.03813684505367208,0.03283232858017957,0.03419833493308374,0.045509418414060185,0.013657514264979628,0.019195937133386146,3,40.50754901960789,38.27206060606062,39.67393277310928,40.03778711484597,38.480235294117676,35.79863865546223
93105000708,0.2318329843403549,0.22105601883171597,0.26871329932382926,0.27468745974742326,0.2760460460540781,0.28414890379962765,0.05659593700792208,0.0577593964753697,0.05912936758520285,0.06505621618836085,0.06519498371181301,0.06216443698823033,0.2164459106977324,0.20577048882479163,0.26871329932382926,0.27468745974742326,0.2760460460540781,0.28414890379962765,0.053361667361422574,0.054506998642427605,0.05912936758520285,0.06505621618836085,0.06519498371181301,0.06216443698823033,3,39.80794117647062,38.19452049910876,39.40992156862748,39.83196078431375,38.80635294117651,35.73393277310928
93105000709,0.2677763687832096,0.25700153822415456,0.31746546810846826,0.3319748436025225,0.3247436766932917,0.3471361074780603,0.008776315956071366,0.011877413917146367,0.014158040797866185,0.012174198458683175,0.001223761375541983,-0.003188046118356709,0.25214023856691015,0.24145246853470614,0.31746546810846826,0.3319748436025225,0.3247436766932917,0.3471361074780603,0.006281846819506883,0.00929067279633142,0.014158040797866185,0.012174198458683175,0.001223761375541983,-0.003188046118356709,3,38.89019531250005,38.03815340909094,38.92459821428577,39.61979910714288,38.800742187500035,35.46540178571429
93105000710,0.22797320710931185,0.21217051134761578,0.2716067715704028,0.2788506786936438,0.27191626913060746,0.2809964617625486,0.05766735562144542,0.057032579183249874,0.053905617845802764,0.05741078761140186,0.057241001897785235,0.055109852480794516,0.21253916274144788,0.19697759301100534,0.2716067715704028,0.2788506786936438,0.27191626913060746,0.2809964617625486,0.05452131331791772,0.05382205506769843,0.053905617845802764,0.05741078761140186,0.057241001897785235,0.055109852480794516,3,39.00000000000004,37.91789772727276,38.9037834821429,39.39965401785717,38.76074218750002,35.388973214285755
93105000711,0.297317596335368,0.27338318725618405,0.3315250528070281,0.333170221912807,0.33376987547985254,0.33828896942962194,0.0021790083892321427,0.011800024959860555,0.00100634920376221,0.013946827663053583,-0.002666345007592409,0.006112229567526821,0.2812910769374712,0.2576370352513304,0.3315250528070281,0.333170221912807,0.33376987547985254,0.33828896942962194,-0.0002615392761345685,0.009204422163915487,0.00100634920376221,0.013946827663053583,-0.002666345007592409,0.006112229567526821,2,39.0982941176471,38.070149019607875,38.96868907563031,39.20239215686279,38.621941176470614,35.48541736694681
93105000712,0.29715751330460843,0.2718190156917787,0.32912380611181197,0.3143437468797675,0.31696107572065363,0.31784731789641013,0.0034836066464001784,0.01428720223185915,0.013562117472561324,0.02881748818436478,0.02660450437003027,0.026370019385091564,0.2811819855410125,0.2560759239443244,0.32912380611181197,0.3143437468797675,0.31696107572065363,0.31784731789641013,0.0010015201912887803,0.0116355361920143,0.013562117472561324,0.02881748818436478,0.02660450437003027,0.026370019385091564,2,39.06784313725493,37.94884705882355,38.6908179271709,39.01944537815129,38.443176470588256,35.44261624649863
93105000713,0.27375824059265735,0.25308755455381915,0.3035171204297791,0.3142594469496945,0.3068770150289457,0.318184711245492,0.010891499986390366,0.01842133207771211,0.016895318783921993,0.027095172657627342,-0.005666328634554689,0.01871630616566405,0.2579686036746949,0.2374874547811503,0.3035171204297791,0.3142594469496945,0.3068770150289457,0.318184711245492,0.00832947296189078,0.01574778921720055,0.016895318783921993,0.027095172657627342,-0.005666328634554689,0.01871630616566405,2,38.248886718750036,37.91929687500004,39.09476562500004,39.014542410714306,38.23617187500004,35.369386160714306
93105000714,0.3050357736335288,0.27500072307599854,0.33263184412123425,0.3274936093962729,0.33698928134455,0.33440442868748915,0.017147065740890362,0.02888693383402373,0.009633916892626703,0.03306193594659236,0.028483334176951595,0.028997031356408343,0.28935568287993085,0.2596069093735685,0.33263184412123425,0.3274936093962729,0.33698928134455,0.33440442868748915,0.014289142206571254,0.02585302982224916,0.009633916892626703,0.03306193594659236,0.028483334176951595,0.028997031356408343,2,38.27507812500004,38.01009375000001,38.948392857142906,39.26287946428574,38.44777343750005,35.6789955357143
93115000692,0.32938619943099623,0.30500884340619433,0.36474675586046645,0.3564124204611553,0.3986551409641504,0.3856833410608801,-0.005305596531176063,0.006696875211956335,0.005403786150162641,0.02678624498204368,-0.010184921364233214,0.00044745157731739985,0.3137664489056302,0.2896271532763744,0.36474675586046645,0.3564124204611553,0.3986551409641504,0.3856833410608801,-0.007986692513772651,0.003833861008646742,0.005403786150162641,0.02678624498204368,-0.010184921364233214,0.00044745157731739985,2,38.23158203125005,37.53708806818186,38.72496651785717,39.47158482142859,37.505625000000016,35.799877232142876
93115000693,0.3309000135863665,0.2957334577285385,0.35080453655884164,0.3570436462055849,0.37626129504739037,0.3686637718504048,-0.020150251567638933,-0.005209158324490708,-0.013394438759811183,-0.005051772819091792,-0.011230421649635884,-0.011743673589751136,0.3152101089437682,0.28018496335355614,0.35080453655884164,0.3570436462055849,0.37626129504739037,0.3686637718504048,-0.022535861176809512,-0.007689545229415303,-0.013394438759811183,-0.005051772819091792,-0.011230421649635884,-0.011743673589751136,2,38.03888235294122,37.713757575757604,38.71975910364148,39.20952941176472,37.26803921568629,35.612823529411806
93115000694,0.27819233677766936,0.2437994537270584,0.3193348207108598,0.3308632928679303,0.32957787479920514,0.33198175080652426,0.0131368659252311,0.024758826684670283,0.014510298026564204,0.015613136555912052,0.018126662408129816,0.0072121526638412965,0.26250916023544807,0.22850749255830888,0.3193348207108598,0.3308632928679303,0.32957787479920514,0.33198175080652426,0.010489872329808095,0.02189139298709343,0.014510298026564204,0.015613136555912052,0.018126662408129816,0.0072121526638412965,2,37.75160839160842,37.65420851875401,38.40778221778224,38.975344655344685,37.19138111888114,35.36679320679325
93115000695,0.28135530091260214,0.2556562551803194,0.30595622584835386,0.32057837404655815,0.340740361215437,0.33725297229376755,0.017703552761767362,0.03416286272327218,0.024379046964274165,0.021912966624713627,0.0163237807980686,0.014433192672083607,0.265795195220662,0.2403909711963422,0.30595622584835386,0.32057837404655815,0.340740361215437,0.33725297229376755,0.015035842934090559,0.031138506787389438,0.024379046964274165,0.021912966624713627,0.0163237807980686,0.014433192672083607,2,37.68419860627181,37.754827367754224,38.51677949228475,39.000622200099585,37.81167247386761,35.341488302638176
93115000696,0.2025992532140606,0.2040290274482974,0.2588212977173607,0.2661462883699991,0.2682967003009262,0.2733488871270155,0.07275777127512206,0.07395319539673703,0.06776948802957372,0.06583033281278493,0.07285438110964898,0.06430089586381882,0.18744626372060344,0.1889032399286314,0.2588212977173607,0.2661462883699991,0.2682967003009262,0.2733488871270155,0.06936821897310451,0.07052613303871012,0.06776948802957372,0.06583033281278493,0.07285438110964898,0.06430089586381882,2,37.961250000000014,37.889295454545476,39.01214285714288,39.30321428571431,38.23187500000002,35.52107142857148
93115000697,0.2508487679245353,0.25041103873143056,0.3345943959272676,0.35968306017263985,0.4015478322819755,0.3935782515789144,-0.00888537543051134,-0.014975646633796974,-0.021137165190032475,-0.03357110643894742,-0.05095085760817616,-0.04810829513500934,0.2351205467263042,0.23474649067116757,0.3345943959272676,0.35968306017263985,0.4015478322819755,0.3935782515789144,-0.010826491797806388,-0.016806632356298413,-0.021137165190032475,-0.03357110643894742,-0.05095085760817616,-0.04810829513500934,2,37.97792968750004,37.69927627840913,38.67430803571432,39.12532366071431,37.598867187500026,35.27687500000003
93115000698,0.31679823196775053,0.326932146678606,0.4337738773499758,0.43888340747683185,0.46374146947263306,0.45544450405691195,-0.06289602599331817,-0.08666192962190247,-0.1101804596265702,-0.09921456708235574,-0.11091975843936433,-0.11935265341669868,0.3007694723436549,0.3108544898104826,0.4337738773499758,0.43888340747683185,0.46374146947263306,0.45544450405691195,-0.06413011644526412,-0.0875654604665804,-0.1101804596265702,-0.09921456708235574,-0.11091975843936433,-0.11935265341669868,2,37.02564705882357,37.16552156862748,37.992644257703134,38.288745098039236,36.511352941176504,34.633719887955216
93115000699,0.28295347586397446,0.27644282818368116,0.34375295286285623,0.34265098214930767,0.4226605599903191,0.42520317673351743,-0.06646962266037801,-0.05922914609369199,-0.058192207635939575,-0.0593971389724453,-0.09472729620150123,-0.11772406508660781,0.2669663215302858,0.2604740436460579,0.34375295286285623,0.34265098214930767,0.4226605599903191,0.42520317673351743,-0.06722006809987771,-0.060112928410679424,-0.058192207635939575,-0.0593971389724453,-0.09472729620150123,-0.11772406508660781,2,36.21641176470592,36.57454901960789,37.294638655462215,37.70442016806725,35.93013725490199,33.96584313725494
93115000700,0.24179358262912296,0.24760354722339,0.3432551973241541,0.3567799254954111,0.3944025411331289,0.370741242635252,-0.059693667266064315,-0.05835896346250146,-0.0653349757293502,-0.07138349785664899,-0.07834181791524415,-0.07999370135804659,0.22603512593027258,0.23171406086567023,0.3432551973241541,0.3567799254954111,0.3944025411331289,0.370741242635252,-0.060289130440434116,-0.05896804100049695,-0.0653349757293502,-0.07138349785664899,-0.07834181791524415,-0.07999370135804659,2,36.60583984375004,36.45646875000002,37.1125111607143,37.58011160714288,36.04826171875005,33.716595982142884
93115000701,0.23877047416069064,0.20515680388794613,0.27955278844915166,0.30173515767384823,0.3484318815539355,0.3479596604272602,-0.013840095584345112,-0.013327685836624269,-0.009351691251078037,-0.011915639715399558,-0.028101977483507828,-0.0493946350818108,0.22321978402227138,0.18998507665327408,0.27955278844915166,0.30173515767384823,0.3484318815539355,0.3479596604272602,-0.015596682624399137,-0.015073318597796748,-0.009351691251078037,-0.011915639715399558,-0.028101977483507828,-0.0493946350818108,2,37.460312500000036,36.683656250000034,37.21732142857145,37.81312500000003,36.12367187500003,33.84339285714288
93115000702,0.2501900657773498,0.22833834200085312,0.2978207386855155,0.2995775173798992,0.31275874852876573,0.31572367521685446,-0.03249717304245515,-0.029833992792637126,-0.022781510424645116,-0.021737648494731886,-0.02250419460395096,-0.04832989360590443,0.23450347193389562,0.21282861582477314,0.2978207386855155,0.2995775173798992,0.31275874852876573,0.31572367521685446,-0.033745337860010834,-0.03111364671809187,-0.022781510424645116,-0.021737648494731886,-0.02250419460395096,-0.04832989360590443,2,37.99147058823533,36.77412549019609,37.3977422969188,37.927747899159705,36.08974509803926,34.08768067226894
93115000703,0.28965476424585573,0.26459831651858423,0.3306809835570794,0.34286052249782384,0.3983745529426934,0.39969509916044094,-0.009325431962296349,-0.011772658237585087,-0.009585414249414585,-0.008864621505125176,-0.06463533868719132,-0.0500252321542994,0.27410021540633767,0.249142493466477,0.3306809835570794,0.34286052249782384,0.3983745529426934,0.39969509916044094,-0.011680208068761662,-0.013865494601837685,-0.009585414249414585,-0.008864621505125176,-0.06463533868719132,-0.0500252321542994,2,38.17409803921571,37.08010196078435,37.907669467787144,38.37778711484597,36.49025490196081,34.49100840336137
93115000704,0.1777267867821593,0.1715224067929018,0.23809720898842537,0.23581204252447835,0.23822775509988026,0.25649509373267615,0.06577428282564317,0.056135208522451255,0.05370120976768549,0.06438429378165267,0.06309838190386897,0.05268664734033274,0.1626133793575348,0.15655507202434288,0.23809720898842537,0.23581204252447835,0.23822775509988026,0.25649509373267615,0.06271613336071054,0.05316477830441963,0.05370120976768549,0.06438429378165267,0.06309838190386897,0.05268664734033274,2,38.61386718750003,37.41169602272733,38.611718750000044,39.0173660714286,37.31070312500003,35.0086160714286
93115000705,0.1553282482177446,0.16777545279296635,0.21974598663235648,0.2162764844782039,0.21880433343622416,0.21896419097646516,0.08633307710861446,0.0830573134204104,0.0742503750897135,0.08381472249527541,0.08962520955365964,0.08637169358397646,0.14048632456006105,0.1528612595707727,0.21974598663235648,0.2162764844782039,0.21880433343622416,0.21896419097646516,0.08289486291371619,0.07964445311032897,0.0742503750897135,0.08381472249527541,0.08962520955365964,0.08637169358397646,2,39.19476562500003,37.90870028409093,39.34857142857146,39.5894084821429,37.88076171875002,35.51603794642862
93115000706,0.15717606234889409,0.17092135125597943,0.20385615103166627,0.19547557835433388,0.19506010569277346,0.21195786396131297,0.07361874145872463,0.07637154791736103,0.07614532305206771,0.09041499555969429,0.05143915586146662,0.08062226675279258,0.1423260748530781,0.15593617440117136,0.20385615103166627,0.19547557835433388,0.19506010569277346,0.21195786396131297,0.07043532131009249,0.07311806929625346,0.07614532305206771,0.09041499555969429,0.05143915586146662,0.08062226675279258,3,40.1129133858268,38.52679312813172,39.71272215973008,39.754803149606325,38.17775590551186,35.82372328458947
93115000707,0.19528866931308847,0.17942116243598177,0.24323403048787284,0.24272603593989034,0.2670605757425643,0.27937542194284326,0.05450774392533821,0.05815479101509437,0.049171501057077065,0.06544648730860606,0.037861528413199556,0.04369267536993169,0.18022200945016367,0.16453995042490868,0.24323403048787284,0.24272603593989034,0.2670605757425643,0.27937542194284326,0.051490523254218316,0.055042988723303966,0.049171501057077065,0.06544648730860606,0.037861528413199556,0.04369267536993169,3,40.391406250000024,38.639715909090924,39.8977678571429,40.229375000000026,38.46062500000004,35.83687500000002
93115000708,0.20152210939886794,0.2100661875028261,0.2838140261599108,0.2974767971996159,0.30182125010323285,0.31214512551992085,0.0500802589279709,0.03647507253017184,0.02426365301442666,0.033867277959156734,0.023955141569261238,0.017639926939770317,0.18635009608155897,0.1948225863615045,0.2838140261599108,0.2974767971996159,0.30182125010323285,0.31214512551992085,0.04701097331228191,0.033557446832956445,0.02426365301442666,0.033867277959156734,0.023955141569261238,0.017639926939770317,3,40.342773437500036,38.53377840909093,39.683649553571456,40.165792410714296,38.841074218750045,35.77232142857147
93115000709,0.2110313581941104,0.20443814793222673,0.24498178034036663,0.2639995305359451,0.27091122942882934,0.26633204385603265,0.06556570258519771,0.06860224962630684,0.06948509955218937,0.06920800088596078,0.06141305677123913,0.07060717189793346,0.19584124016031157,0.18932355943564746,0.24498178034036663,0.2639995305359451,0.27091122942882934,0.26633204385603265,0.062279449447935106,0.06525982271425287,0.06948509955218937,0.06920800088596078,0.06141305677123913,0.07060717189793346,3,39.11692156862749,38.495133689839605,39.41061624649865,39.81931092436976,38.91305882352944,35.68445378151263
93115000710,0.21174711793782763,0.19669707977418863,0.24714089505727646,0.25508677569509136,0.2559283260674574,0.2584220155564457,0.07239500996392269,0.07498555057914115,0.06955613508988012,0.07691018936096468,0.07775811706521339,0.08001940442874328,0.1965079620828389,0.1816415419733108,0.24714089505727646,0.25508677569509136,0.2559283260674574,0.2584220155564457,0.06901606219281761,0.07154983524265718,0.06955613508988012,0.07691018936096468,0.07775811706521339,0.08001940442874328,2,39.24786274509806,38.43533761140822,39.59824649859947,39.66737815126054,38.82672549019611,35.7031428571429
93115000711,0.22568605580389164,0.21339007303211968,0.2646466028625765,0.2834845034488302,0.2876397579675064,0.2888784851676021,0.05613193107810195,0.05444321857857741,0.038830374349546996,0.04802949876663941,0.05251719055497345,0.048159774733726776,0.2102310108082572,0.198104214025978,0.2646466028625765,0.2834845034488302,0.2876397579675064,0.2888784851676021,0.05298633050970942,0.05130079964897487,0.038830374349546996,0.04802949876663941,0.05251719055497345,0.048159774733726776,2,39.590410156250044,38.305938920454594,39.40162946428576,39.46705357142862,38.35650390625002,35.87575892857147
93115000712,0.24954335518516826,0.2309927894149772,0.29704678994656586,0.30968436722515047,0.3340138736048869,0.32361343385982533,0.020906637296567675,0.031385456693973024,0.014369622233408237,0.01668903430412587,0.011178598368797267,0.013634824087678774,0.2340376283734955,0.21562770608835605,0.29704678994656586,0.30968436722515047,0.3340138736048869,0.32361343385982533,0.018211438721966133,0.028571391340513296,0.014369622233408237,0.01668903430412587,0.011178598368797267,0.013634824087678774,2,39.64460937500004,38.16825000000002,39.1867410714286,39.28558035714289,38.098750000000024,35.75790178571431
93115000713,0.2162922966713738,0.21282420731353072,0.275987438490014,0.27658099783744183,0.2937436650637354,0.28626642436034677,0.08217465495336868,0.06712596265875487,0.05012499213295906,0.0625867651467611,0.05514435385474291,0.057157931178220274,0.20091950872018075,0.19756938375204672,0.275987438490014,0.27658099783744183,0.2937436650637354,0.28626642436034677,0.07867493030562714,0.06384695999534318,0.05012499213295906,0.0625867651467611,0.05514435385474291,0.057157931178220274,2,38.98719607843141,38.178956862745125,39.5488347338936,39.36927170868351,38.015980392156905,35.80048739495801
93115000714,0.22750754916322943,0.2285436346182354,0.28414862596919493,0.2829975053848788,0.30682696834362744,0.30717811046204285,0.0730792659390193,0.05242936288050045,0.04225209685628051,0.05675123966191766,0.04633374969301329,0.0430816243328751,0.21219441835367298,0.21330135160837838,0.28414862596919493,0.2829975053848788,0.30682696834362744,0.30717811046204285,0.06964894607699836,0.04923864459886548,0.04225209685628051,0.05675123966191766,0.04633374969301329,0.0430816243328751,2,38.91139215686279,38.40338039215689,39.51552380952383,39.51449299719891,38.26656862745101,36.19290196078433
93125000690,0.34090688746963144,0.33937087333995747,0.3885543978133554,0.3705914157001694,0.39366831845930816,0.38351165666892245,-0.02288197887997279,-0.01175751112389013,-0.02228722622537889,-0.00969717115987477,-0.02582934016948693,-0.014562731863660007,0.32520297248602864,0.32374890074048474,0.3885543978133554,0.3705914157001694,0.39366831845930816,0.38351165666892245,-0.025267513727722214,-0.014331234353236693,-0.02228722622537889,-0.00969717115987477,-0.02582934016948693,-0.014562731863660007,2,37.524196078431395,37.070556149732646,37.929439775910396,39.34467787114849,37.050941176470616,35.552162464986054
93125000691,0.2805171027043735,0.2832394878316297,0.315111870719946,0.3074326502236434,0.3277525466609645,0.3197477647240515,0.0074604043145447526,0.023777296279594476,0.028471783832876393,0.03859910470946096,0.036358729152641295,0.031227412854321925,0.26505427905031587,0.26770098101072076,0.315111870719946,0.3074326502236434,0.3277525466609645,0.3197477647240515,0.004732781624792491,0.02088238753671291,0.028471783832876393,0.03859910470946096,0.036358729152641295,0.031227412854321925,2,37.37697265625002,36.84870028409094,37.69453125000004,38.90784598214288,37.05123046875002,35.278270089285755
93125000692,0.3444514836686594,0.3124657928867927,0.40174817631009613,0.4227801876347078,0.4723233259024951,0.4516880061238826,-0.03445940039612375,-0.03349178539073169,-0.05248803434841657,-0.05254961863067764,-0.09818370828714311,-0.09289565853900829,0.3288035708604862,0.296974969285239,0.40174817631009613,0.4227801876347078,0.4723233259024951,0.4516880061238826,-0.03672497290000208,-0.035747624914552086,-0.05248803434841657,-0.05254961863067764,-0.09818370828714311,-0.09289565853900829,3,37.38978947368423,36.803141945773575,37.8393934837093,38.876967418546386,36.73552631578949,35.07352882205515
93125000693,0.3717149637729201,0.32904553567449374,0.3895309147477446,0.42350126204403504,0.4603473852334006,0.4291887830224752,-0.056403335316999426,-0.04555699155638518,-0.042854971456824736,-0.06689659885996461,-0.07746852452548647,-0.06053399221226702,0.3558353990301364,0.3135453216939119,0.3895309147477446,0.42350126204403504,0.4603473852334006,0.4291887830224752,-0.05833157031365861,-0.047661522730234065,-0.042854971456824736,-0.06689659885996461,-0.07746852452548647,-0.06053399221226702,2,37.29850694444449,36.979444444444475,38.08720238095242,38.67752976190477,36.24657986111113,34.84276785714289
93125000694,0.3178709816564341,0.28564716154153846,0.35268193593295577,0.3774395323727546,0.38520826168641403,0.3816992380932441,-0.02293851599902327,-0.019583261075101326,-0.0176559889243033,-0.029494306501341258,-0.030284949135995456,-0.030587387090263457,0.30206048013703307,0.27015946987079326,0.35268193593295577,0.3774395323727546,0.38520826168641403,0.3816992380932441,-0.025184435279307433,-0.02189448684784397,-0.0176559889243033,-0.029494306501341258,-0.030284949135995456,-0.030587387090263457,2,37.38626459143972,37.09742129465868,38.10583101723182,38.69148971650922,36.61959143968874,34.99191217342971
93125000695,0.2445494367394365,0.23178783283724572,0.2888003945227002,0.30717915909512,0.32617949207588454,0.32615437027909167,0.028624188351010563,0.03861238209113823,0.02589648939457098,0.02490726586636353,0.011684415493951971,0.014322417306970425,0.22920004320582008,0.21660207952639896,0.2888003945227002,0.30717915909512,0.32617949207588454,0.32615437027909167,0.025877632423919588,0.035698058431356344,0.02589648939457098,0.02490726586636353,0.011684415493951971,0.014322417306970425,2,37.46105468750003,37.26130681818185,38.53185267857145,38.971462053571464,37.478691406250036,35.285368303571474
93125000696,0.20422992052229996,0.20847475290915235,0.2783600798390292,0.29294844475032933,0.30052438472874565,0.2916839031724596,0.05182052409807611,0.054059445198969276,0.04206093826684186,0.03862490891175901,0.04490335076710914,0.04489634944965873,0.18907850952359787,0.19327609768693918,0.2783600798390292,0.29294844475032933,0.30052438472874565,0.2916839031724596,0.048784001352394295,0.051138490408497814,0.04206093826684186,0.03862490891175901,0.04490335076710914,0.04489634944965873,2,37.502372549019626,37.74440285204995,39.10967507002805,39.32514845938378,38.109862745098056,35.57393277310929
93125000697,0.24479616033280768,0.24406767928926973,0.33820317532170796,0.35918184055742125,0.37948614733066094,0.37302831899627775,-0.021051901390394555,-0.025164581881888838,-0.03506333560553194,-0.035260299955648895,-0.04687575168051107,-0.043268067496313505,0.22911528295666284,0.22837350695190117,0.33820317532170796,0.35918184055742125,0.37948614733066094,0.37302831899627775,-0.02282262981726185,-0.02674784429350594,-0.03506333560553194,-0.035260299955648895,-0.04687575168051107,-0.043268067496313505,2,37.40592156862748,37.61731265597152,38.76249299719892,39.25528851540618,37.56382352941179,35.335277310924404
93125000698,0.28508580152098584,0.2753500522034687,0.3661476071492069,0.3740647147796866,0.40718478035107275,0.40508311889846355,-0.02116361319088779,-0.020599675691826386,-0.04311683068726683,-0.03726340114851317,-0.05244890768545819,-0.05031930316376814,0.2694217593925998,0.2597040525874165,0.3661476071492069,0.3740647147796866,0.40718478035107275,0.40508311889846355,-0.0232159398824876,-0.02257321596807936,-0.04311683068726683,-0.03726340114851317,-0.05244890768545819,-0.05031930316376814,2,36.77003906250002,37.09480468750002,38.106685267857195,38.40139508928572,36.86068359375003,34.791160714285745
93125000699,0.33344784084107515,0.339589328969174,0.4260559151243732,0.4030217268681138,0.46346756406494055,0.4585358001081552,-0.06167531410105572,-0.0477145776532244,-0.06885369737970458,-0.09126745935454053,-0.1279645778162527,-0.10710592093749904,0.317384273609407,0.32358873956549994,0.4260559151243732,0.4030217268681138,0.46346756406494055,0.4585358001081552,-0.06291282250051275,-0.04934582096029713,-0.06885369737970458,-0.09126745935454053,-0.1279645778162527,-0.10710592093749904,2,36.21382812500002,36.57342187500004,37.614977678571464,37.829620535714284,36.104570312500044,34.150156250000045
93125000700,0.2441638116336496,0.2604213958171913,0.346104094169272,0.3407590316378244,0.39496751161283494,0.39025603901802486,-0.045418982813542834,-0.041065122756595386,-0.04817148333204928,-0.04373251953733482,-0.06910557863971618,-0.06084684540961594,0.22823550339812326,0.24430387789412028,0.346104094169272,0.3407590316378244,0.39496751161283494,0.39025603901802486,-0.046437814531833536,-0.0421818709551797,-0.04817148333204928,-0.04373251953733482,-0.06910557863971618,-0.06084684540961594,2,36.70219607843141,36.65649411764708,37.68784873949582,37.83194957983195,35.92107843137259,33.93731652661068
93125000701,0.19540620416886564,0.1872215155861473,0.24276354437785533,0.24394002942451018,0.26979603064021956,0.2741156481490387,0.011144517329704588,0.013352098079161826,0.025299196464523516,0.028060676685881844,0.008612726810948632,0.023249039466075018,0.18031284250122614,0.17206678182277274,0.24276354437785533,0.24394002942451018,0.26979603064021956,0.2741156481490387,0.009049162865828346,0.011355795493677412,0.025299196464523516,0.028060676685881844,0.008612726810948632,0.023249039466075018,3,37.38566666666671,36.858682352941216,37.51371988795521,38.040565826330564,35.851529411764744,33.99153501400563
93125000702,0.2392677558626309,0.21776461720746523,0.2835044158586252,0.30161892744570196,0.35622022786693885,0.3586292220058999,0.009084131121897938,-0.006276077714131063,-0.00022399598550742515,-0.014211347100593534,-0.05168001072271782,-0.04831820371717701,0.2236548042636717,0.202541459990544,0.2835044158586252,0.30161892744570196,0.35622022786693885,0.3586292220058999,0.006950158849039522,-0.008205909528500782,-0.00022399598550742515,-0.014211347100593534,-0.05168001072271782,-0.04831820371717701,3,37.89328125000003,36.86050000000003,37.570401785714324,38.17147321428574,36.085859375000034,34.16290178571432
93125000703,0.1915993179230354,0.1910037049428748,0.24628932548005614,0.26976077319399694,0.3050731758729735,0.28822878985810174,0.06751035853171038,0.058230589650412556,0.04830767449789525,0.05147310439333006,0.01546742308837302,0.045084410512917374,0.17671738827005395,0.17602237528812065,0.24628932548005614,0.26976077319399694,0.3050731758729735,0.28822878985810174,0.06423760191454378,0.0551885577059475,0.04830767449789525,0.05147310439333006,0.01546742308837302,0.045084410512917374,3,38.08376953125003,37.2110399305556,37.91908482142861,38.19090401785717,36.49876953125003,34.49541294642859
93125000704,0.17955248699840498,0.17443676155769494,0.21819752563371497,0.21246680947307658,0.21420691669496253,0.23240971736295452,0.0795744484184871,0.08279960690809575,0.08327786654504829,0.09289502850196416,0.10140001182761438,0.09011076246434525,0.16458136291045103,0.15958706794322128,0.21819752563371497,0.21246680947307658,0.21420691669496253,0.23240971736295452,0.07632214843942887,0.07931979916853606,0.08327786654504829,0.09289502850196416,0.10140001182761438,0.09011076246434525,3,38.478215686274524,37.61591507229159,38.628980392156905,38.75012324929977,37.25160784313729,35.133394957983214
93125000705,0.17991053253489966,0.19486907335491407,0.2387969085918736,0.222730700332362,0.23332952081042155,0.2478919748754206,0.069451713035575,0.06566126382526354,0.0601173057807426,0.07541154450323367,0.0698466276272341,0.06995451721364392,0.16493297935000237,0.17971833188334055,0.2387969085918736,0.222730700332362,0.23332952081042155,0.2478919748754206,0.06616730567844033,0.06244825160147192,0.0601173057807426,0.07541154450323367,0.0698466276272341,0.06995451721364392,3,39.12996078431374,38.02725490196081,39.377932773109265,39.406549019607894,37.915137254901985,35.56412885154065
93125000706,0.1565526034073879,0.15121785550265054,0.20179675278768325,0.18797410871172357,0.19352332030932587,0.2071070912824549,0.07704897486148567,0.07952464988599825,0.07693795123691706,0.08456441399558375,0.08547403209151273,0.08083674947274906,0.1416799175842396,0.13646131129536934,0.20179675278768325,0.18797410871172357,0.19352332030932587,0.2071070912824549,0.07378392625661544,0.07618111113858524,0.07693795123691706,0.08456441399558375,0.08547403209151273,0.08083674947274906,3,39.77494140625003,38.42950284090911,39.609352678571454,39.594341517857174,38.19087890625005,35.74262276785717
93125000707,0.17236570960139236,0.17387276335347446,0.23628040310075937,0.21587457425486414,0.2210350555068513,0.22927228732623153,0.06873279851760147,0.06754433501953885,0.06893790733236377,0.08081427085635065,0.08109027342449703,0.07805335821851445,0.15735045422105634,0.1588916072905986,0.23628040310075937,0.21587457425486414,0.2210350555068513,0.22927228732623153,0.0656596825204313,0.06445161623299928,0.06893790733236377,0.08081427085635065,0.08109027342449703,0.07805335821851445,3,40.10875000000002,38.71039772727277,39.97125000000003,40.09026785714289,38.22140625000003,35.855625
93125000708,0.19394161113409794,0.18441009420439922,0.2443117175457027,0.22346338632529714,0.22374684277307355,0.23193479289311644,0.06315187633732172,0.06930655148867888,0.06070871422730151,0.07332332748541023,0.07059144609853633,0.06841565378500879,0.17885401895510417,0.16945318524683683,0.2443117175457027,0.22346338632529714,0.22374684277307355,0.23193479289311644,0.059957654814027816,0.06598875247790868,0.06070871422730151,0.07332332748541023,0.07059144609853633,0.06841565378500879,3,40.15750000000002,38.713350035791024,39.71308211473568,40.11368953880766,38.72566929133862,36.05938132733412
93125000709,0.18140462183508613,0.17383634919771676,0.22035752847666965,0.21241622654965445,0.21625096633273447,0.2235675335910787,0.08842828667670663,0.0925837840348256,0.08952751809517182,0.0985122224130412,0.10367258954594104,0.10011200760068924,0.16645549673949403,0.15900908724366472,0.22035752847666965,0.21241622654965445,0.21625096633273447,0.2235675335910787,0.08486196169513555,0.08892920233201723,0.08952751809517182,0.0985122224130412,0.10367258954594104,0.10011200760068924,4,39.00701171875003,38.796853693181866,39.792087053571464,39.63373883928575,38.71445312500003,36.02617187500002
93125000710,0.19922487567521951,0.17501597494528734,0.2262272791469326,0.23088389877416307,0.23203499850956344,0.24558882031330945,0.06359118851047439,0.07764235673323705,0.06560386813689356,0.07632545712167169,0.08382037595869521,0.07860345612476397,0.18412731630579351,0.16014619284562565,0.2262272791469326,0.23088389877416307,0.23203499850956344,0.24558882031330945,0.06038853563666227,0.0742321354933727,0.06560386813689356,0.07632545712167169,0.08382037595869521,0.07860345612476397,2,39.25808593750002,38.8293181818182,40.12147321428574,39.75408482142861,38.56535156250002,36.07625000000003
93125000711,0.23034115715793016,0.18344067994511234,0.24288483093930283,0.26887344114714185,0.24006983963720435,0.25161259585113116,0.05197444331386817,0.06599794259307616,0.05298626459899724,0.054553275213361854,0.07176257443067384,0.07299868949064901,0.21515793254249266,0.16869017198221922,0.24288483093930283,0.26887344114714185,0.24006983963720435,0.25161259585113116,0.048812482222329805,0.06262218536897005,0.05298626459899724,0.054553275213361854,0.07176257443067384,0.07299868949064901,2,39.560490196078455,38.668244563279885,39.82453221288518,39.669843137254944,38.277568627451004,36.23097478991599
93125000712,0.21721709600693553,0.19442207840313414,0.2506156899790207,0.2700890587355135,0.2515198018949627,0.2719840481510758,0.039950547435402856,0.044844156647858194,0.03586321523333072,0.03691859044912337,0.030044061838857168,0.04466352500036631,0.20191641764757218,0.179395491777398,0.2506156899790207,0.2700890587355135,0.2515198018949627,0.2719840481510758,0.037117746612946124,0.04189731425621463,0.03586321523333072,0.03691859044912337,0.030044061838857168,0.04466352500036631,2,39.392294117647076,38.476713725490214,39.51365266106447,39.616801120448216,37.68550980392158,36.11094117647061
93125000713,0.22082265924844327,0.20951260956099307,0.2583706987956707,0.24719847514804402,0.25520579072955246,0.26110779486163554,0.07071211914200197,0.06970916811656624,0.05994453211108293,0.07680738297937618,0.08467455482570393,0.08013631331561304,0.20544829576989723,0.1942684333521719,0.2583706987956707,0.24719847514804402,0.25520579072955246,0.26110779486163554,0.0674062447628013,0.06640184344823867,0.05994453211108293,0.07680738297937618,0.08467455482570393,0.08013631331561304,1,39.025937500000026,38.350500000000046,39.64794642857145,39.66928571428575,37.76773437500003,36.22991071428575
93125000714,0.21773246384097028,0.20894799726621605,0.26563103835649743,0.2521618961113935,0.2654138986813887,0.2869897091481328,0.03967669233379121,0.04632065734761539,0.03594724570603113,0.060447945637471336,0.05651494393133938,0.050494129865976796,0.20238992160187433,0.1937117514890096,0.26563103835649743,0.2521618961113935,0.2654138986813887,0.2869897091481328,0.03697719986151139,0.04342321038448177,0.03594724570603113,0.060447945637471336,0.05651494393133938,0.050494129865976796,1,38.85216796875004,38.50586718750003,39.45029017857145,39.6848660714286,38.07500000000003,36.44448660714289
93125000715,0.2667511605620104,0.25881507786634084,0.33613192843205864,0.31981926829057705,0.33269409637659275,0.3481199137984874,-0.01880973109398325,-0.007536699240619704,-0.023187587785896704,-0.0021734995369185046,-0.012248032694734429,-0.005012263857036063,0.251328335198551,0.24335785383435665,0.33613192843205864,0.31981926829057705,0.33269409637659275,0.3481199137984874,-0.0209557154454935,-0.009899420391801668,-0.023187587785896704,-0.0021734995369185046,-0.012248032694734429,-0.005012263857036063,1,38.257882352941195,38.216690196078446,39.11082913165268,39.25991596638658,37.21847058823532,36.102044817927194
93125000716,0.3317509356303634,0.33449941568700536,0.4334527342146254,0.4285334188931193,0.4773927861614934,0.4559616489947933,-0.06286883431189927,-0.06636213952212795,-0.10089419325571707,-0.08350490573488868,-0.11405627948170773,-0.10443272011875183,0.31595076128349614,0.31873937933430313,0.4334527342146254,0.4285334188931193,0.4773927861614934,0.4559616489947933,-0.06426665306881882,-0.06798464170331865,-0.10089419325571707,-0.08350490573488868,-0.11405627948170773,-0.10443272011875183,3,37.67425490196081,37.81010196078434,38.79501960784317,38.97068347338936,37.16933333333337,35.80796078431375
93135000691,0.3572440807723834,0.35341435119051096,0.3989892547585016,0.40099960714668387,0.4110889503500861,0.369293073290685,-0.04282048341564255,-0.034186382607329556,-0.043689154110802465,-0.042553928233397896,-0.0420493725053615,-0.021593384972223403,0.3415086502201147,0.3377099651751047,0.3989892547585016,0.40099960714668387,0.4110889503500861,0.369293073290685,-0.045009534800204816,-0.036433336446212834,-0.043689154110802465,-0.042553928233397896,-0.0420493725053615,-0.021593384972223403,2,36.97808362369341,36.418001267025694,37.2262966650075,38.43701841712298,36.77557491289201,34.837665505226504
93135000692,0.34813832832851616,0.3308109258724958,0.39935346835894314,0.4154924113506052,0.43517905489765485,0.42694809287328833,-0.041158493112956766,-0.03773656400436439,-0.046608147396821294,-0.054823939929681785,-0.06329658556125284,-0.06573728479225124,0.33236390999116777,0.3153633842072731,0.39935346835894314,0.4154924113506052,0.43517905489765485,0.42694809287328833,-0.043266580903846066,-0.03998194598358372,-0.046608147396821294,-0.054823939929681785,-0.06329658556125284,-0.06573728479225124,3,36.90875486381324,36.625840113194236,37.595525291828814,38.45953863257369,36.477684824902745,34.70704280155645
93135000693,0.3499109440233212,0.32081218847728943,0.4014830297044813,0.4261189936365505,0.46007793325569263,0.45211232415412866,-0.06390421474662988,-0.04069458428659791,-0.05599413051291361,-0.06340642076796783,-0.09672192841912973,-0.09391203575954714,0.3340620364617082,0.305076697227241,0.4014830297044813,0.4261189936365505,0.46007793325569263,0.45211232415412866,-0.06559185042829349,-0.04269076708306018,-0.05599413051291361,-0.06340642076796783,-0.09672192841912973,-0.09391203575954714,3,36.97923828125004,36.92117187500002,38.064107142857175,38.39110491071432,36.204882812500024,34.63873883928573
93135000694,0.2666268246157408,0.24926755650467267,0.282975610042493,0.30831637429793657,0.2953840075909619,0.2939697628510202,0.018696570523016248,0.03448645923919596,0.033483263624172775,0.024535853697827594,0.040628171501988844,0.040993946754569216,0.25114343006303563,0.2339730450599036,0.282975610042493,0.30831637429793657,0.2953840075909619,0.2939697628510202,0.01592618961286573,0.031498655138787655,0.033483263624172775,0.024535853697827594,0.040628171501988844,0.040993946754569216,3,37.23214843750003,37.20184659090912,38.09683035714287,38.60491071428576,36.981328125000026,34.93272321428574
93135000695,0.28654333984268504,0.2796248694984268,0.32554935276229885,0.3601164798378357,0.3752720441699508,0.36158330138464967,-0.00548951320060708,-0.010316292752944886,0.0005891833845802877,-0.015523103416117675,-0.026689268643148106,-0.013527003406561754,0.2709459332628071,0.26417909210736085,0.32554935276229885,0.3601164798378357,0.3752720441699508,0.36158330138464967,-0.007821172647733101,-0.012556996368928411,0.0005891833845802877,-0.015523103416117675,-0.026689268643148106,-0.013527003406561754,3,37.21476470588237,37.33795721925138,38.575467787114846,38.959456582633095,37.640607843137296,35.304812324930005
93135000696,0.19160933730686952,0.1863774363923003,0.22761838217778557,0.2238117134324736,0.22788792277870698,0.2248728284445443,0.0876807196437981,0.07188098450248835,0.0825282986060575,0.08904046685454119,0.09867316997403515,0.09834125733872967,0.17661618646627886,0.1715278792001122,0.22761838217778557,0.2238117134324736,0.22788792277870698,0.2248728284445443,0.08404055019293642,0.06864157043848339,0.0825282986060575,0.08904046685454119,0.09867316997403515,0.09834125733872967,3,37.231686274509826,37.81395008912659,39.26651540616251,39.370616246498635,37.94080392156866,35.61918767507007
93135000697,0.17075734974322443,0.16984625530745956,0.20904033071566847,0.20845982385272688,0.21344769387980483,0.2210544060314825,0.09940331688221181,0.09197941694927203,0.08901711737232222,0.10165421235482436,0.10424868073443073,0.09974391101210653,0.15591616340536057,0.15507712190254486,0.20904033071566847,0.20845982385272688,0.21344769387980483,0.2210544060314825,0.09568663220991502,0.08841500979785978,0.08901711737232222,0.10165421235482436,0.10424868073443073,0.09974391101210653,3,37.83312500000003,37.86979545454548,39.320714285714324,39.66464285714288,38.12750000000003,35.71285714285718
93135000698,0.20613456352269519,0.21405453743842137,0.2646397260225317,0.28550554911329856,0.30615407405057,0.3031645998921883,-0.009518374166066244,0.0421626877690907,0.038623184237020144,0.03473911382791903,0.02521079982542464,0.031015953530980606,0.1907495508883278,0.19883695275504643,0.2646397260225317,0.28550554911329856,0.30615407405057,0.3031645998921883,-0.010344140226743213,0.039262302749352725,0.038623184237020144,0.03473911382791903,0.02521079982542464,0.031015953530980606,2,37.61498039215688,37.62432941176475,38.864666666666714,39.279131652661064,38.00584313725494,35.44938375350144
93135000699,0.28294812808694203,0.2605750981213847,0.3582369913512794,0.37074439562576195,0.4079128902746052,0.3999124328596059,-0.06975001261266814,-0.04612519653878917,-0.05654838090258269,-0.05927880781720963,-0.08404466693121838,-0.079944527496117,0.2666041862186041,0.24477231216755357,0.3582369913512794,0.37074439562576195,0.4079128902746052,0.3999124328596059,-0.06924129896377458,-0.04713689543858938,-0.05654838090258269,-0.05927880781720963,-0.08404466693121838,-0.079944527496117,3,37.26439215686277,37.32061960784317,38.56453221288518,38.638649859943996,37.324980392156895,34.94689635854345
93135000700,0.23704882652295675,0.21375119785670865,0.2887633595673374,0.31605956342959884,0.37019689364199976,0.3688954076488363,0.024874038180568065,0.025095110603809444,0.020850484727587822,0.0027094539514153264,-0.014368779931803083,-0.02174937207874388,0.22152480343313025,0.198430034076217,0.2887633595673374,0.31605956342959884,0.37019689364199976,0.3688954076488363,0.022231894156002727,0.022600992002486067,0.020850484727587822,0.0027094539514153264,-0.014368779931803083,-0.02174937207874388,3,37.29585937500004,37.237109375000045,38.73531250000001,38.44794642857144,36.54503906250003,34.62069196428576
93135000701,0.24273998319429618,0.2114669392446217,0.29627300265443884,0.3261202151354677,0.3878506512130075,0.36305942691122056,-0.07761308447373302,-0.09248246633362364,-0.0535415598361475,-0.07527209862836534,-0.08322791195356509,-0.08918101701525531,0.2268312070967797,0.19584935169325332,0.29627300265443884,0.3261202151354677,0.3878506512130075,0.36305942691122056,-0.07741967323146469,-0.09143313561589572,-0.0535415598361475,-0.07527209862836534,-0.08322791195356509,-0.08918101701525531,3,37.27916015625002,37.047054687500044,37.94245535714288,38.26841517857146,35.99044921875005,34.24321428571432
93135000702,0.2506307014830993,0.2603022902955821,0.31937640809947754,0.3645694126527541,0.4101461527327619,0.40471454768697934,-0.08357089098297144,-0.06364997101194911,-0.054165596183601984,-0.06844742630862916,-0.09276804772471353,-0.10335510464549076,0.23451526691888244,0.244396687602856,0.31937640809947754,0.3645694126527541,0.4101461527327619,0.40471454768697934,-0.08226802117620616,-0.06414841215088984,-0.054165596183601984,-0.06844742630862916,-0.09276804772471353,-0.10335510464549076,3,37.20490196078434,36.73910588235298,37.54331092436979,38.056845938375375,35.914078431372594,34.11951260504206
93135000703,0.18565997283379532,0.1980030473896176,0.26516037396827735,0.28089328571432465,0.297022989737434,0.29515279501716807,0.059573222709118766,0.046186280420334506,0.03534476683258795,0.0369132198787294,0.02300171271161704,0.0324164857697669,0.17053252399885171,0.18272167569785427,0.26516037396827735,0.28089328571432465,0.297022989737434,0.29515279501716807,0.056572867910148504,0.043385171119797304,0.03534476683258795,0.0369132198787294,0.02300171271161704,0.0324164857697669,3,37.310117647058846,37.09389193899784,37.70151820728293,38.092991596638676,36.486294117647105,34.40507002801124
93135000704,0.18784055611455452,0.18233458693106072,0.24488630774910047,0.25035957478632553,0.25994779499634985,0.2700344039838243,0.05056020450808234,0.029814208166577663,0.04234789328733963,0.04742501479166408,0.040401177710453706,0.04357931751370003,0.17260647536736015,0.16722919068217285,0.24488630774910047,0.25035957478632553,0.25994779499634985,0.2700344039838243,0.047769758903502615,0.02741007755384302,0.04234789328733963,0.04742501479166408,0.040401177710453706,0.04357931751370003,3,37.87222656250001,37.54818750000003,38.388392857142875,38.56803571428574,37.060703125000046,35.03046875000003
93135000705,0.1800604328224725,0.1882447906818213,0.25306000083510627,0.24903289591618893,0.24825923710184544,0.25691078102069137,0.05827146884101872,0.05862427567273609,0.05880685274740561,0.07070262448834094,0.06064317316248521,0.06505302095012958,0.16498038612209626,0.17304822429957703,0.25306000083510627,0.24903289591618893,0.24825923710184544,0.25691078102069137,0.055234064983987384,0.05563991115796018,0.05880685274740561,0.07070262448834094,0.06064317316248521,0.06505302095012958,3,39.681953125000014,37.83229261363639,39.37906250000002,39.397790178571455,37.96937500000002,35.64814732142859
93135000706,0.14947984869755074,0.14690402958738732,0.18699964312230757,0.18158572845691803,0.17694560845345392,0.1864607591530837,0.12123540635367684,0.11816646192437211,0.11566549347852996,0.125614235951935,0.13570222372828952,0.1312516560704622,0.1348669245328075,0.13240135818143006,0.18699964312230757,0.18158572845691803,0.17694560845345392,0.1864607591530837,0.11720140807272804,0.11414303758535599,0.11566549347852996,0.125614235951935,0.13570222372828952,0.1312516560704622,3,40.40921568627453,38.10449554367204,39.480263305322154,39.80411764705886,38.47360784313729,35.94344537815129
93135000707,0.19135737143117237,0.18833246735106896,0.24506152741674694,0.24283958429436467,0.2615810141497811,0.26079538523744344,0.07061160514077149,0.06791557288134846,0.0593251987061054,0.06673948378331782,0.058990013086060625,0.06189308613983982,0.1763489795144508,0.17342048567701132,0.24506152741674694,0.24283958429436467,0.2615810141497811,0.26079538523744344,0.06732097939701466,0.06466731015329369,0.0593251987061054,0.06673948378331782,0.058990013086060625,0.06189308613983982,3,40.377705882352984,38.31116934046351,39.539770308123295,39.87108683473394,38.2348235294118,35.900274509803936
93135000708,0.20340011311938508,0.1873408972381222,0.2367977320629795,0.24404786751316626,0.2526889931030102,0.2486269054110013,0.08772259743751182,0.090798073575485,0.084811455576989,0.08628136541556104,0.07675049033701722,0.07502193440782362,0.1882480636279347,0.17233252501973417,0.2367977320629795,0.24404786751316626,0.2526889931030102,0.2486269054110013,0.08414342639736136,0.08716731165671329,0.084811455576989,0.08628136541556104,0.07675049033701722,0.07502193440782362,3,39.773125000000014,38.435340909090975,39.245714285714314,39.66044642857146,38.41796875000002,35.92732142857146
93135000709,0.2014611086401481,0.184276065370708,0.24545818626827356,0.2214627244925555,0.24135892272350684,0.24790697466944106,0.08268277716630384,0.08123442043824558,0.07278216570879459,0.0897850157125026,0.07804554575645693,0.07558628090593655,0.18629627074418906,0.16934357320801569,0.24545818626827356,0.2214627244925555,0.24135892272350684,0.24790697466944106,0.07917144913049325,0.07770397812975519,0.07278216570879459,0.0897850157125026,0.07804554575645693,0.07558628090593655,3,38.840195312500015,38.694090909090946,39.52090401785718,39.23760044642862,38.20884765625003,36.00302455357143
93135000710,0.21261666869805382,0.1767108744761637,0.24131446602218026,0.24756018805119973,0.267521855304525,0.2692424787547095,0.059995865883280826,0.06189890877222391,0.051668574641918055,0.056855380255411335,0.04156269760096391,0.03906633182874144,0.1974768002923355,0.16201761594298303,0.24131446602218026,0.24756018805119973,0.267521855304525,0.2692424787547095,0.05680850784078482,0.058617883843532094,0.051668574641918055,0.056855380255411335,0.04156269760096391,0.03906633182874144,2,39.04627450980395,38.730901960784344,39.87845938375351,39.44847619047623,38.03684313725492,36.05285714285717
93135000711,0.22804671950931907,0.18598195714124324,0.2484770974125971,0.25939976304673124,0.2790423111512545,0.2994754038095789,0.036340347600898895,0.04073582358128674,0.038021029707102166,0.03976145735487311,0.021911078461366706,0.012965553005947874,0.21297290513472525,0.1711127159447996,0.2484770974125971,0.25939976304673124,0.2790423111512545,0.2994754038095789,0.03342271178329079,0.03792929561959719,0.038021029707102166,0.03976145735487311,0.021911078461366706,0.012965553005947874,2,39.03705882352945,38.77632156862749,39.75639775910368,39.52915966386558,38.26545098039218,35.950481792717106
93135000712,0.21727443151797582,0.1839381125686117,0.2473336694227214,0.2343237247131678,0.26430683935967303,0.27922057042107196,0.05031688058536436,0.05867169514932174,0.05377816969820261,0.05965147695633576,0.041963230853974645,0.04393453861830228,0.2021907784318274,0.16911323678618084,0.2473336694227214,0.2343237247131678,0.26430683935967303,0.27922057042107196,0.04736597048304208,0.05558391025354369,0.05377816969820261,0.05965147695633576,0.041963230853974645,0.04393453861830228,4,38.72951171875001,38.67247656250001,39.51960937500005,40.04062500000005,37.72328776041668,36.126808035714305
93135000713,0.28346519385599095,0.2400481077000886,0.28832447482662754,0.27435313188796573,0.28406402633106714,0.2926125388119983,0.0027115391177611886,0.010472017910415812,0.012523250823215462,0.05022353418127934,0.03999287847804486,0.03820952340035011,0.2679837532072989,0.22490513686195776,0.28832447482662754,0.27435313188796573,0.28406402633106714,0.2926125388119983,0.00017714915706288983,0.007831022208548328,0.012523250823215462,0.05022353418127934,0.03999287847804486,0.03820952340035011,1,38.7407254901961,38.36949803921574,39.40594397759105,39.978739495798344,37.83415686274512,36.34760224089637
93135000714,0.22212978540315706,0.20259332688894444,0.2439010285812756,0.24178044281372055,0.2389503140880255,0.2475929168809076,0.05632129272718765,0.06497429705893076,0.060622869261533895,0.07406108458786897,0.09379466448356036,0.08817234488370175,0.20707651451796416,0.1876752862543397,0.2439010285812756,0.24178044281372055,0.2389503140880255,0.2475929168809076,0.053020415647777736,0.06157528761517281,0.060622869261533895,0.07406108458786897,0.09379466448356036,0.08817234488370175,1,38.44043137254904,38.27353725490198,39.16331092436978,39.55294677871153,38.0366013071896,36.19869467787117
93135000715,0.30482437848916866,0.26201193356883606,0.3269554226168192,0.35261169095385625,0.36557663568819915,0.36643709956666787,-0.03857804042291175,-0.02542756366129734,-0.0247088789093552,-0.02599275981447165,-0.0314747380356045,-0.0360784457655185,0.2890521060301604,0.24648371960675272,0.3269554226168192,0.35261169095385625,0.36557663568819915,0.36643709956666787,-0.04044771224676307,-0.027481979107323976,-0.0247088789093552,-0.02599275981447165,-0.0314747380356045,-0.0360784457655185,1,37.98476562500002,38.08717187500001,38.926997767857166,39.293872767857174,37.6070377604167,35.94187500000001
93135000716,0.28018757295554847,0.27201624672259817,0.31592466490035437,0.30880666000734236,0.3196371662844532,0.3100716258054924,-0.0062573447039784725,0.005930417954748499,-0.0036679503247538927,0.014890746817280042,0.018655991783859537,0.023515682171241854,0.26459237409002717,0.2564764297669396,0.31592466490035437,0.30880666000734236,0.3196371662844532,0.3100716258054924,-0.00855796724683648,0.0033906591286160304,-0.0036679503247538927,0.014890746817280042,0.018655991783859537,0.023515682171241854,1,37.435898437500015,37.75350000000003,38.84497767857148,38.99625000000003,37.630625000000016,35.67573660714291
93135000717,0.2768933778592984,0.2963082270484868,0.32564243713609864,0.31027554374922667,0.36293874701178325,0.36575063207234015,-0.03706072797746907,-0.015162297689959334,-0.03344708810408218,-0.007341901902999883,-0.021501609285988984,-0.02836316472504972,0.2616915232593942,0.2808543623220967,0.32564243713609864,0.31027554374922667,0.36293874701178325,0.36575063207234015,-0.038920663925379545,-0.01744859698841517,-0.03344708810408218,-0.007341901902999883,-0.021501609285988984,-0.02836316472504972,1,37.175901960784344,37.69784313725495,38.79963585434179,39.16891316526617,37.52233333333338,35.75025770308127
93145000691,0.33320054728616993,0.312887310708778,0.3642606188296248,0.371450451543364,0.3678017485084847,0.3430295730854139,-0.03507474447703221,-0.02219738417362964,-0.035150248579327956,-0.024775888140132908,-0.022744011365102384,-0.006308184628496318,0.3173889070186432,0.2973340717855778,0.3642606188296248,0.371450451543364,0.3678017485084847,0.3430295730854139,-0.0372511425718191,-0.024517400953219644,-0.035150248579327956,-0.024775888140132908,-0.022744011365102384,-0.006308184628496318,3,36.79953125000004,36.63698863636369,37.45117187500004,38.584408482142884,36.35933593750003,34.60335937500004
93145000692,0.24437275899792485,0.2547751478735004,0.3087875994524998,0.3271005334703121,0.3248971627528753,0.3160491498781894,0.018268211684470962,0.020044937111248974,0.00952605268509496,0.0035752579304436415,0.01406603514534093,0.014361631074693713,0.22891884349099126,0.2392675290865535,0.3087875994524998,0.3271005334703121,0.3248971627528753,0.3160491498781894,0.01559897506867621,0.01730001390139693,0.00952605268509496,0.0035752579304436415,0.01406603514534093,0.014361631074693713,3,36.83820312500003,37.059801136363674,38.03375000000002,38.560535714285756,36.73226562500003,34.74785714285718
93145000693,0.24389082814982302,0.2560716530752029,0.3274828872803401,0.3447010540187082,0.33147095628150874,0.3365414443178061,-0.007521713549351598,-0.0044852509429900295,-0.01609044573555997,-0.021476709080190056,-0.02144423490637919,-0.017898574418609637,0.22839001600974573,0.24059315964440833,0.3274828872803401,0.3447010540187082,0.33147095628150874,0.3365414443178061,-0.009744318085834909,-0.006833988841530178,-0.01609044573555997,-0.021476709080190056,-0.02144423490637919,-0.017898574418609637,3,36.92472549019612,37.23693048128346,38.37081792717088,38.406549019607894,36.97294117647061,34.869731092436986
93145000694,0.22537258988423994,0.21018598202215116,0.25551773646557235,0.2781673287050211,0.2723078807387314,0.2722321168559881,0.02864508045402781,0.037335175552862,0.04326773570697085,0.03440708746481573,0.042279207260291,0.04641245216814548,0.2099144162861627,0.19523814453947855,0.25551773646557235,0.2781673287050211,0.2723078807387314,0.2722321168559881,0.026649168616513716,0.03440868320676204,0.04326773570697085,0.03440708746481573,0.042279207260291,0.04641245216814548,3,37.32203921568631,37.360210338680965,38.23486274509805,38.38333333333337,37.33615686274512,34.95057142857144
93145000695,0.24310078448203512,0.22189071464826915,0.2768403963871346,0.30193504435144786,0.3032009404525414,0.30945236808429655,0.013731148369178275,0.007897161997689703,0.02796396895916231,0.016330028374046977,0.021938075014871123,0.021373050428241384,0.22759561423741623,0.20676732641695034,0.2768403963871346,0.30193504435144786,0.3032009404525414,0.30945236808429655,0.01141550597893918,0.005620412249644639,0.02796396895916231,0.016330028374046977,0.021938075014871123,0.021373050428241384,3,37.37488281250003,37.42076704545458,38.57200892857146,38.52343750000005,37.48722656250003,35.19794642857147
93145000696,0.21174896655384395,0.21459996466698775,0.2579228644934554,0.27063581717357293,0.2803627518354357,0.28158836437930695,0.05394146754657977,0.04495098526196368,0.0493675105364341,0.051423088803128465,0.04761433582008883,0.051839856291365935,0.19660752987442154,0.19955956817859194,0.2579228644934554,0.27063581717357293,0.2803627518354357,0.28158836437930695,0.050756963200941356,0.042046176628052066,0.0493675105364341,0.051423088803128465,0.04761433582008883,0.051839856291365935,3,37.491582031250026,37.624552556818216,39.16001116071434,38.851015625000045,37.090585937500045,35.55073660714291
93145000697,0.18155880800751284,0.18180379094758678,0.21542328447089407,0.21545059206141717,0.225047957130933,0.22405217752197001,0.08140715261359682,0.0819239245328351,0.07698909899762231,0.08575838465611091,0.0852078051061739,0.08292860570918624,0.1666623344384098,0.16689930436840575,0.21542328447089407,0.21545059206141717,0.225047957130933,0.22405217752197001,0.07789064612493604,0.07842618250124932,0.07698909899762231,0.08575838465611091,0.0852078051061739,0.08292860570918624,3,38.11096078431376,37.79353868092694,39.35553501400563,39.38931652661067,37.45321568627455,35.73450420168069
93145000698,0.19062770273851737,0.19955674558529712,0.24203050963051467,0.24581082777593957,0.26485500402371,0.26316258998969866,0.036162144131417696,0.05522336864212279,0.05669457673909535,0.0584818537161587,0.05152897110313156,0.05766938306044909,0.17537165101162908,0.18438015089577656,0.24203050963051467,0.24581082777593957,0.26485500402371,0.26316258998969866,0.033951971420454426,0.05222490190192447,0.05669457673909535,0.0584818537161587,0.05152897110313156,0.05766938306044909,3,37.92809803921572,37.96582745098044,39.087960784313765,39.57311484593839,38.199647058823565,35.70909243697483
93145000699,0.20711589053473575,0.2133614484719964,0.2679893686711346,0.27452255654583363,0.29430171934392424,0.30746794805358596,0.03052978294754101,0.0348601327003343,0.029858618158703398,0.019373006153341032,0.019114658027548873,0.013117253721759784,0.19200950033320097,0.19818792036516414,0.2679893686711346,0.27452255654583363,0.29430171934392424,0.30746794805358596,0.027796163859418244,0.03207389133106965,0.029858618158703398,0.019373006153341032,0.019114658027548873,0.013117253721759784,3,37.79992187500004,37.938492187500024,38.997142857142876,39.066417410714315,38.08558593750004,35.45434151785715
93145000700,0.17909016698660452,0.18866453576259293,0.23731616043537027,0.26610613089669855,0.2966308197876505,0.31194941705433665,0.021535643527335172,0.02059612892900994,0.02053817127147836,0.00962222786979749,-0.0034901873219783646,-0.013288026607189592,0.16412689729316732,0.17360346820754202,0.23731616043537027,0.26610613089669855,0.2966308197876505,0.31194941705433665,0.019187950710225766,0.018332311483835205,0.02053817127147836,0.00962222786979749,-0.0034901873219783646,-0.013288026607189592,3,37.792647058823555,37.72302745098041,39.13262184873951,38.82846498599442,37.40764705882356,35.21460504201684
93145000701,0.21365117909606204,0.228555184420646,0.27670606131712766,0.2958224243228106,0.3265577975376885,0.34781198068019453,-0.045772629423756976,-0.07030151407468208,-0.04021610822605534,-0.04798648066823313,-0.06713628155974573,-0.08057687854555479,0.19793254741652563,0.21270627574995385,0.27670606131712766,0.2958224243228106,0.3265577975376885,0.34781198068019453,-0.04615724673240652,-0.07019619474786729,-0.04021610822605534,-0.04798648066823313,-0.06713628155974573,-0.08057687854555479,3,37.547568627451,37.38063529411767,38.26509243697481,38.55292436974792,36.77574509803926,34.723299719888
93145000702,0.2807555798001519,0.3025283453663749,0.39487051042194726,0.418551301419646,0.4392378685308326,0.43142380933580665,-0.0546638750523043,-0.07138888393177274,-0.08499952347931862,-0.08949847379784547,-0.09823001061688026,-0.10734951192618557,0.2644730740726998,0.28601933919283207,0.39487051042194726,0.418551301419646,0.4392378685308326,0.43142380933580665,-0.05580799585205166,-0.07222650224678406,-0.08499952347931862,-0.08949847379784547,-0.09823001061688026,-0.10734951192618557,3,36.867285156250034,36.763679687500044,37.4268191964286,37.96635044642861,36.333359375000036,34.34217633928576
93145000703,0.231176192729395,0.24895225497378046,0.32219500564575093,0.3447243460039109,0.3691081692759188,0.359972319646677,-0.005365234093940338,-0.0099818181437182,-0.02394706765507548,-0.030854673651800703,-0.04003390326445916,-0.04624721281880265,0.21536908571883687,0.23303205824422257,0.32219500564575093,0.3447243460039109,0.3691081692759188,0.359972319646677,-0.007266817417129267,-0.011839219010900758,-0.02394706765507548,-0.030854673651800703,-0.04003390326445916,-0.04624721281880265,3,36.85015625000003,36.93689236111113,37.45116071428575,38.15084821428575,36.64213541666672,34.53785714285716
93145000704,0.19939197458518992,0.2045373566802728,0.27145941624777226,0.29308677082064316,0.3071468913371315,0.31496224322186483,0.010852789403885676,-0.000461796867969161,0.00979529011420209,0.008241138694723628,-0.006159444636752459,-0.007032267048169302,0.18411184893192128,0.18899428475394528,0.27145941624777226,0.29308677082064316,0.3071468913371315,0.31496224322186483,0.008575669212176826,-0.0019928632245215195,0.00979529011420209,0.008241138694723628,-0.006159444636752459,-0.007032267048169302,3,37.83301960784317,37.270907664884156,38.24985434173672,38.55170308123252,37.25225490196083,35.05487394957987
93145000705,0.15452709357037459,0.16027968656357858,0.19888427499490688,0.20392235951890825,0.2214639154685175,0.2226543153172468,0.08263304135695959,0.08327949793753768,0.0850482596900148,0.0885782426435737,0.08702291472213115,0.08000243040771204,0.13982680570899345,0.14546923625703814,0.19888427499490688,0.20392235951890825,0.2214639154685175,0.2226543153172468,0.07923551475688419,0.07990120140606599,0.0850482596900148,0.0885782426435737,0.08702291472213115,0.08000243040771204,3,39.9114117647059,37.68462245989308,39.17555742296923,39.36306442577032,38.11327450980396,35.80740056022411
93145000706,0.1628601939024809,0.16954156951727328,0.20451741689581357,0.20166414664974447,0.19557847763996541,0.19915393472174175,0.1090087324478093,0.10527963356762417,0.10068409650439777,0.11290099338014982,0.11709236259547189,0.1147274832723684,0.14809546272490112,0.15472173847953083,0.20451741689581357,0.20166414664974447,0.19557847763996541,0.19915393472174175,0.1051422145957776,0.10151095077567604,0.10068409650439777,0.11290099338014982,0.11709236259547189,0.1147274832723684,3,40.38949218750002,37.93936079545459,39.240200892857196,39.70910714285715,38.46121093750003,36.09580357142861
93145000707,0.35406313773213915,0.3279760912444826,0.3947165355572341,0.3943891149566896,0.42563055597013655,0.42431933570351915,-0.02994526467595719,-0.022546892792171154,-0.03294067024291195,-0.03262992977600208,-0.05627915092182115,-0.057622145964019086,0.3386288106166498,0.312627347920865,0.3947165355572341,0.3943891149566896,0.42563055597013655,0.42431933570351915,-0.03218485450245464,-0.024802062986094,-0.03294067024291195,-0.03262992977600208,-0.05627915092182115,-0.057622145964019086,3,39.87298828125003,37.76730113636367,38.92578125000003,39.40715401785719,38.27098958333337,35.733995535714314
93145000708,0.2201983409479356,0.2097778589419641,0.26566951718362,0.26091464725223723,0.27527029279101745,0.27898672251001966,0.04897649788080824,0.04777069427319751,0.044701910776754165,0.0602675552157474,0.05242022042950288,0.040500595533708744,0.20483135926976992,0.19459938297158744,0.26566951718362,0.26091464725223723,0.27527029279101745,0.27898672251001966,0.04596028823287671,0.04470165763258986,0.044701910776754165,0.0602675552157474,0.05242022042950288,0.040500595533708744,3,39.13521568627455,37.79802852049916,38.78874509803924,39.190492997198916,38.103450980392175,35.44549579831936
93145000709,0.19205898044197917,0.18470321910719428,0.24377067414921755,0.23094152190192638,0.23802024826184667,0.24207567459980944,0.06406333945997002,0.05660938782365745,0.0552392825922388,0.06899800076520084,0.06930654307659083,0.05341274181413963,0.17674206969533954,0.16956122777249047,0.24377067414921755,0.23094152190192638,0.23802024826184667,0.24207567459980944,0.06093785273388478,0.05353426017141645,0.0552392825922388,0.06899800076520084,0.06930654307659083,0.05341274181413963,3,38.638666666666694,38.16480213903747,39.15594957983197,39.191635854341776,37.7531960784314,35.83289075630255
93145000710,0.22889480696543174,0.2225081708619105,0.28196985334383784,0.2875102732607142,0.31296502194734305,0.2994003829958319,0.02926186542318521,0.028825684471944644,0.026493697870420493,0.0358594450804628,0.015195453012235165,0.01876556289668911,0.21351220235328242,0.20723573742650359,0.28196985334383784,0.2875102732607142,0.31296502194734305,0.2994003829958319,0.026526961726985765,0.02605315211115199,0.026493697870420493,0.0358594450804628,0.015195453012235165,0.01876556289668911,3,38.69169921875003,38.29295809659096,39.40600446428573,39.17890625000005,37.62873046875004,35.97478794642859
93145000711,0.1992877120521384,0.17114183978417297,0.22515688040809576,0.24307221384094335,0.25899870746884157,0.2619871940362784,0.042842403948765116,0.050853150595675245,0.05436620305282068,0.05407784110212862,0.03486777704675349,0.031335095135769375,0.18440420720009618,0.15639976856746338,0.22515688040809576,0.24307221384094335,0.25899870746884157,0.2619871940362784,0.040025307905391355,0.04801534791953254,0.05436620305282068,0.05407784110212862,0.03486777704675349,0.031335095135769375,3,38.68480468750004,38.53576562500004,39.576294642857185,39.329263392857186,37.81003906250003,35.83285714285717
93145000712,0.17978256277814939,0.16521539288741008,0.21296966193521893,0.2169967630089917,0.22793429276184296,0.23808837730943563,0.07855376162381336,0.07032404922079873,0.07247896504412844,0.08236968536009961,0.07072899987546424,0.07088108464951326,0.1649871241650806,0.15059316302997944,0.21296966193521893,0.2169967630089917,0.22793429276184296,0.23808837730943563,0.07511936113761418,0.06695409586836837,0.07247896504412844,0.08236968536009961,0.07072899987546424,0.07088108464951326,4,38.87394117647061,38.68330196078432,39.964028011204526,40.22805042016811,38.116013071895466,36.15768627450983
93145000713,0.32364004251771794,0.3198252924546266,0.37688404007722914,0.3585271910291569,0.3507893499394124,0.3422572766901828,-0.05149070969415335,-0.03855948634047584,-0.05334200851897152,-0.024222740167226465,-0.03658477447369866,-0.021873571736186207,0.3083718337859869,0.304474100403738,0.37688404007722914,0.3585271910291569,0.3507893499394124,0.3422572766901828,-0.05349486170598947,-0.040783241597409994,-0.05334200851897152,-0.024222740167226465,-0.03658477447369866,-0.021873571736186207,3,38.78686274509806,38.27509803921572,39.52584313725491,40.2568011204482,38.17407843137259,36.2926442577031
93145000714,0.2413792447156902,0.21948172650756473,0.2628859482087035,0.2630449006855392,0.2642126973966044,0.27290159440523454,0.02190024816688232,0.025059721278893176,0.027609644753866455,0.042156933870593966,0.04605009555609219,0.041603886662940286,0.2261242592439726,0.20422802363225334,0.2628859482087035,0.2630449006855392,0.2642126973966044,0.27290159440523454,0.019116567043189387,0.022528113470287887,0.027609644753866455,0.042156933870593966,0.04605009555609219,0.041603886662940286,1,37.91414062500002,37.999781250000034,38.92790178571432,39.485089285714324,38.063645833333375,35.895669642857165
93145000715,0.24160623692115576,0.21045082494536635,0.2793489824801906,0.29065755322991815,0.2860129738004155,0.2925918371747145,-0.02118555489343565,-0.012145912240705256,-0.00511526269204223,0.010976391055479958,0.005214842073516143,0.010077321171203621,0.226221738677712,0.19528599760722917,0.2793489824801906,0.29065755322991815,0.2860129738004155,0.2925918371747145,-0.023273282723343235,-0.01435698234633877,-0.00511526269204223,0.010976391055479958,0.005214842073516143,0.010077321171203621,1,37.81511764705884,38.02001568627454,38.751971988795546,39.26594397759105,38.126986928104614,35.88062184873953
93145000716,0.25072130825988,0.23979900455763772,0.2795127371098942,0.2713449438531253,0.2668838514764979,0.27386613085765127,0.01706787807597807,0.029126501519166854,0.02364069490095653,0.04255012527461262,0.043388777506002216,0.04880698106985096,0.23546251409341948,0.2246860064917221,0.2795127371098942,0.2713449438531253,0.2668838514764979,0.27386613085765127,0.014268658606136395,0.026116473539645246,0.02364069490095653,0.04255012527461262,0.043388777506002216,0.04880698106985096,1,37.39309803921571,37.62578039215688,38.846918767507034,38.98371428571431,37.839745098039245,35.55207282913169
93145000717,0.3342414101927714,0.307393250208902,0.33890249739796846,0.3510303450043018,0.4028936194633775,0.4043451296849941,-0.05950900328385037,-0.0438773109164883,-0.05888780969093337,-0.04886496637686696,-0.07278904058465133,-0.0747662610584539,0.31889906681528696,0.2920372841020114,0.33890249739796846,0.3510303450043018,0.4028936194633775,0.4043451296849941,-0.061385593077044436,-0.04586279844720969,-0.05888780969093337,-0.04886496637686696,-0.07278904058465133,-0.0747662610584539,1,36.83015625000003,37.36793750000002,38.68033482142861,38.79738839285719,37.402929687500034,35.34696428571432
93155000690,0.36402621394952706,0.34565623453006045,0.45277368335883084,0.4650999028494394,0.5117489326850169,0.5086474464812518,-0.07662487890783774,-0.07082367246765463,-0.08657342647701219,-0.09491064313762224,-0.13627395161065184,-0.12785241815607643,0.34801917262698867,0.3295791469697838,0.45277368335883084,0.4650999028494394,0.5117489326850169,0.5086474464812518,-0.07814740049821063,-0.07205019591424962,-0.08657342647701219,-0.09491064313762224,-0.13627395161065184,-0.12785241815607643,3,36.38773437500004,36.649738636363665,37.94055803571433,38.510580357142885,35.96902343750005,34.3271875
93155000691,0.31014143316536,0.26298222899930646,0.38802858294476417,0.42081356737883785,0.4539787850773981,0.43800038495774424,-0.06295383584216042,-0.02642060986893402,-0.06505980558908207,-0.07363890634561567,-0.10847529597507696,-0.09598727470602082,0.29461711402188784,0.2477509496214129,0.38802858294476417,0.42081356737883785,0.4539787850773981,0.43800038495774424,-0.0646457558005015,-0.028509241348549257,-0.06505980558908207,-0.07363890634561567,-0.10847529597507696,-0.09598727470602082,3,36.42607843137258,36.93269376114086,38.125294117647094,38.71876190476192,36.182274509803946,34.49794397759108
93155000692,0.25711404066698995,0.240155565668552,0.32585194840153514,0.3417461829329429,0.37258808712285474,0.3822273346068555,-0.030594403301054788,-0.028736728975560552,-0.033393419445641066,-0.030890083397162822,-0.055711138965130885,-0.061323851212484355,0.24149090926369338,0.224663859038704,0.32585194840153514,0.3417461829329429,0.37258808712285474,0.3822273346068555,-0.03237872906225289,-0.030490783723812028,-0.033393419445641066,-0.030890083397162822,-0.055711138965130885,-0.061323851212484355,3,36.6512941176471,37.168367201426065,38.21702521008406,38.56028571428574,36.81696078431377,34.72965266106445
93155000693,0.21790351769861066,0.2267699985259104,0.3078941808632476,0.3117359920203905,0.32531497065053183,0.3253643976149452,-0.00729975121752988,-0.016936322349671514,-0.016339615518786117,-0.008806147305375319,-0.03501133761936286,-0.030015930932639334,0.2024196936626728,0.21130749224845,0.3078941808632476,0.3117359920203905,0.32531497065053183,0.3253643976149452,-0.009310563583159818,-0.01884947124134757,-0.016339615518786117,-0.008806147305375319,-0.03501133761936286,-0.030015930932639334,3,36.80093750000003,37.17565340909094,38.27169642857146,38.47165178571432,37.19617187500004,34.892232142857175
93155000694,0.2676735244207462,0.25497181887697973,0.3058236896085339,0.33352078991272965,0.36517127344134065,0.3348258029321605,-0.026633147448060758,-0.013942227314531408,-0.010771692927409544,-0.017466307979738256,-0.04772761748047286,-0.01969618215164937,0.25212684587777356,0.23955230657607227,0.3058236896085339,0.33352078991272965,0.36517127344134065,0.3348258029321605,-0.02859213391299221,-0.016054424695046168,-0.010771692927409544,-0.017466307979738256,-0.04772761748047286,-0.01969618215164937,3,36.93306640625005,37.13894176136368,38.221104910714324,38.32650669642861,37.369199218750026,34.92169642857146
93155000695,0.199035298654854,0.21212330796258475,0.2418905598524959,0.2702492815164431,0.2827619977885357,0.2829933376782367,0.004377790939501366,0.015892321468200566,0.028835813514175516,0.02073973022429315,0.010212075709613919,0.017202073744380753,0.18377238904341492,0.1968951143727698,0.2418905598524959,0.2702492815164431,0.2827619977885357,0.2829933376782367,0.0023350345668156436,0.013474966955719666,0.028835813514175516,0.02073973022429315,0.010212075709613919,0.017202073744380753,3,37.14964705882357,37.25849910873444,38.358571428571466,38.30425210084038,37.233705882352965,35.08632492997204
93155000696,0.21148428590310167,0.23104139523499276,0.2758070084653448,0.2949273960347387,0.31006766212961373,0.29076929988235056,0.017332181963843774,0.01474701174146415,0.016101654816804742,0.014308668689125437,0.009668598272754568,0.020660434901004356,0.19617834917797533,0.21563075190915434,0.2758070084653448,0.2949273960347387,0.31006766212961373,0.29076929988235056,0.014821070948504402,0.012256061345902384,0.016101654816804742,0.014308668689125437,0.009668598272754568,0.020660434901004356,3,37.61200000000002,37.47075579322642,38.52477871148464,38.434380952381,37.197398692810495,35.36186554621853
93155000697,0.21639656742481406,0.21885869477976388,0.2673927033075936,0.27720281726717866,0.30588870582878896,0.2927301183991895,0.03592460544476323,0.028239848912089038,0.029462249448006413,0.030758952098744848,0.010687348444010304,0.022085376176063484,0.20101463733155905,0.20349119021582562,0.2673927033075936,0.27720281726717866,0.30588870582878896,0.2927301183991895,0.03316899038388938,0.025595088166127128,0.029462249448006413,0.030758952098744848,0.010687348444010304,0.022085376176063484,3,37.89480468750003,37.734335937500035,38.726875000000014,39.06665178571432,37.424804687500036,35.54565848214288
93155000698,0.1773433958606707,0.19118014904234915,0.24739488044825206,0.2563773961356269,0.2744374999337106,0.2694557786989305,0.03532503142099642,0.03458366839453833,0.03232395849657456,0.030279862394448007,0.0215477507742735,0.02225317694923804,0.16228094333615523,0.1760418837044859,0.24739488044825206,0.2563773961356269,0.2744374999337106,0.2694557786989305,0.03283963097577839,0.03197447519919812,0.03232395849657456,0.030279862394448007,0.0215477507742735,0.02225317694923804,3,37.56562500000002,37.93475000000004,38.7539285714286,39.322857142857174,38.07000000000002,35.62892857142859
93155000699,0.16018964893123502,0.17011937121214946,0.21373278744195653,0.22453484937772664,0.24239845597228984,0.2350103106153722,0.08506612006775828,0.09077407724796138,0.08143550543077857,0.07434413640930834,0.0710891066751374,0.08113277454906875,0.14558061708149095,0.1554537736090644,0.21373278744195653,0.22453484937772664,0.24239845597228984,0.2350103106153722,0.08150833873381133,0.08710928517499743,0.08143550543077857,0.07434413640930834,0.0710891066751374,0.08113277454906875,3,37.761274509803954,37.91305882352944,39.20782633053224,39.17481792717089,38.390098039215715,35.780868347338945
93155000700,0.14093670403785524,0.14044858106026842,0.17647455171799467,0.1924268436947082,0.20360169401361547,0.21055102104262008,0.06159482729044455,0.06128337427871093,0.0646039013053594,0.04891095980745606,0.05824934185787533,0.05517401304590309,0.1262440724206994,0.12585267217836252,0.17647455171799467,0.1924268436947082,0.20360169401361547,0.21055102104262008,0.05880299476204573,0.05832016891167107,0.0646039013053594,0.04891095980745606,0.05824934185787533,0.05517401304590309,3,37.95858823529414,37.6428392156863,39.05021288515407,38.92588795518211,37.94986274509806,35.604733893557444
93155000701,0.14807892554211294,0.1716195070972257,0.2340989447642196,0.24616763954202583,0.2503000789660812,0.266819606846186,-0.0061368435071105405,0.01731632246401974,0.01782667960353988,0.014140138422727145,0.016072640949928572,-0.0008109709670508694,0.1332386298199171,0.15653248252403523,0.2340989447642196,0.24616763954202583,0.2503000789660812,0.266819606846186,-0.0072765640383947,0.015304066939158352,0.01782667960353988,0.014140138422727145,0.016072640949928572,-0.0008109709670508694,3,37.836289062500015,37.252093750000014,38.30939732142859,38.36191964285717,37.320898437500034,35.03334821428574
93155000702,0.21930621668965744,0.23072094411960042,0.30103180148983494,0.3225706466019695,0.342843441691652,0.33339731464492917,-0.01775451166973927,-0.007867919410730355,-0.018773105406940542,-0.02642000314050886,-0.03379674808657234,-0.041215626895538635,0.20355610769958624,0.215066731095783,0.30103180148983494,0.3225706466019695,0.342843441691652,0.33339731464492917,-0.01933712599733231,-0.009835323108464734,-0.018773105406940542,-0.02642000314050886,-0.03379674808657234,-0.041215626895538635,3,37.37814453125003,36.839148437500036,37.493002232142906,37.859419642857176,36.93136718750002,34.654598214285755
93155000703,0.17849893224050972,0.19084254552772004,0.23546005854398117,0.24959828986155283,0.24669380246864764,0.26803515838057806,0.027968025399694948,0.03340551877784752,0.03540869418367482,0.0336490871350092,0.027728011324294,0.020841385263958616,0.16320406501505436,0.17569315935510518,0.23546005854398117,0.24959828986155283,0.24669380246864764,0.26803515838057806,0.025693984732891192,0.03073577768394705,0.03540869418367482,0.0336490871350092,0.027728011324294,0.020841385263958616,3,37.514744094488215,37.090451443569584,37.75575928009003,38.04222722159734,37.156870078740184,34.81240719910014
93155000704,0.14763073543237284,0.14132458422741045,0.2029393764133173,0.21750341332668768,0.22033768166346887,0.2226443545293799,0.07439502999107005,0.04500006786820827,0.07241426279260701,0.07223754830663674,0.07251958506695147,0.0690673134392905,0.13292328786643187,0.12657840481790628,0.2029393764133173,0.21750341332668768,0.22033768166346887,0.2226443545293799,0.0712142832920997,0.04291323856935004,0.07241426279260701,0.07223754830663674,0.07251958506695147,0.0690673134392905,3,38.33554687500004,37.52601957070709,38.78656250000005,38.638482142857185,37.66596354166672,35.35339285714288
93155000705,0.16956662587539031,0.17399023331382682,0.22472970586595753,0.23305134544490083,0.2544428019924356,0.24988904780066404,0.07727725341635164,0.07126132335026313,0.07639800528355954,0.07541136018992424,0.07069949971875776,0.06538423281334992,0.15464789599104176,0.1592163296661915,0.22472970586595753,0.23305134544490083,0.2544428019924356,0.24988904780066404,0.07415500282060228,0.06787672521994025,0.07639800528355954,0.07541136018992424,0.07069949971875776,0.06538423281334992,3,39.33603515625003,37.940799715909115,39.35562500000005,39.226986607142884,38.05328125000003,35.882801339285734
93155000706,0.17404463094355158,0.18130983414722268,0.2200177937582771,0.23097310945168606,0.24391807282585565,0.23340726157042688,0.07147540654527859,0.07091413173097541,0.06487528352614862,0.07202149241637802,0.06201500178769006,0.067172664669491,0.15917952903907995,0.1663997329554385,0.2200177937582771,0.23097310945168606,0.24391807282585565,0.23340726157042688,0.06820442627842926,0.06764224976649362,0.06487528352614862,0.07202149241637802,0.06201500178769006,0.067172664669491,3,39.564509803921595,38.029593582887756,39.302000000000035,39.34049859943979,38.10547058823532,35.99221848739499
93155000707,0.24592673747280458,0.20580828174839122,0.2518234422804672,0.26124945382313336,0.3019162302748712,0.29367173341570074,0.014441622631224402,0.032082955069864964,0.03544250995951455,0.030014327524717343,0.002896609910145336,0.006533779269277317,0.23061078839357826,0.19068964641699088,0.2518234422804672,0.26124945382313336,0.3019162302748712,0.29367173341570074,0.011923325418427194,0.029322533974000288,0.03544250995951455,0.030014327524717343,0.002896609910145336,0.006533779269277317,3,39.034411764705915,37.68511586452766,38.88010644257707,39.06381512605044,38.180797385620956,35.574336134453816
93155000708,0.19705531846753055,0.19010396153601478,0.24191878844648723,0.2340773836648956,0.23813492740141484,0.24425025235626563,0.06129305030641336,0.06311396937505412,0.061394050430057176,0.07162124340035492,0.06914696872239624,0.058293912115718424,0.18185644925885724,0.17499811170997828,0.24191878844648723,0.2340773836648956,0.23813492740141484,0.24425025235626563,0.0581660589192338,0.05995639811341978,0.061394050430057176,0.07162124340035492,0.06914696872239624,0.058293912115718424,3,38.256738281250044,37.51186079545458,38.77366071428575,38.96582589285716,38.101914062500015,35.38838169642862
93155000709,0.21484630169024305,0.2107005038472104,0.2725864609729893,0.26360215958806144,0.2816308572813833,0.2909384524024151,0.026943839654806314,0.01759889414168023,0.021433762177186174,0.030930734768768432,0.022245729394028003,0.007016392868207666,0.19932687878262653,0.19533059534928277,0.2725864609729893,0.26360215958806144,0.2816308572813833,0.2909384524024151,0.024430310301456284,0.015156648206504758,0.021433762177186174,0.030930734768768432,0.022245729394028003,0.007016392868207666,3,38.236093750000045,37.70208522727275,38.8689285714286,39.08625000000003,37.37875000000003,35.616964285714324
93155000710,0.2073570383759069,0.19284775893788617,0.2440660894142859,0.2549771050431512,0.2579118431765925,0.2742097524914777,0.03380287930412893,0.03858383773749279,0.03839940033812485,0.04393363185116235,0.033462154448392206,0.033906051872366914,0.191937531700791,0.17760764543176047,0.2440660894142859,0.2549771050431512,0.2579118431765925,0.2742097524914777,0.031179472170157766,0.03583245959510331,0.03839940033812485,0.04393363185116235,0.033462154448392206,0.033906051872366914,3,38.476333333333365,37.865709803921604,39.05361904761909,38.990739495798366,37.24056862745101,35.76052100840337
93155000711,0.14911860835758034,0.13066144675618163,0.18157415053258438,0.1991013634730494,0.2082813807408453,0.21556547934397066,0.04484659235521489,0.05009155790923135,0.05681837948948572,0.06239666061444817,0.06601672939747665,0.05491146033302432,0.13440369901105095,0.11622711772410894,0.18157415053258438,0.1991013634730494,0.2082813807408453,0.21556547934397066,0.042297861072376014,0.04733401371858591,0.05681837948948572,0.06239666061444817,0.06601672939747665,0.05491146033302432,3,38.170607843137276,38.256015686274544,39.40207843137257,39.14607843137257,37.60270588235298,36.02133893557425
93155000712,0.14499523854579086,0.14660656995077717,0.20286669386476242,0.2180896829284638,0.26261610112622813,0.261243277053381,0.04632654230585719,0.03480884635964749,0.042431351965606524,0.032945606171967644,0.0014886361819912678,0.01134044042558564,0.13032813419054776,0.1319497229577611,0.20286669386476242,0.2180896829284638,0.26261610112622813,0.261243277053381,0.043662551758453044,0.032272249510404555,0.042431351965606524,0.032945606171967644,0.0014886361819912678,0.01134044042558564,4,38.75542968750004,38.635609375000016,40.013013392857204,39.7003348214286,38.365963541666716,36.354665178571466
93155000713,0.20491552080953196,0.1996979271461075,0.26967631106733186,0.3044601391509187,0.360806676960039,0.34207524946010087,0.023922362604493354,0.04252911275348687,0.01840586436781578,-0.004790963285580135,-0.04647639281850375,-0.036743688572159705,0.19018280630414394,0.18494498378234772,0.26967631106733186,0.3044601391509187,0.360806676960039,0.34207524946010087,0.021659086614212966,0.03956109339838754,0.01840586436781578,-0.004790963285580135,-0.04647639281850375,-0.036743688572159705,1,38.27808593750002,38.15965625000003,39.52861607142859,39.747433035714295,37.94546875000004,36.07728794642859
93155000714,0.2197584471997182,0.2090106653483868,0.24913612103101937,0.2521930066440818,0.2789233042998377,0.29239867969423694,0.034622178233063856,0.03699014914003597,0.03626251186766605,0.04081451064990592,0.024691479968635643,0.020143649540520198,0.20482263896824238,0.19423061717314263,0.24913612103101937,0.2521930066440818,0.2789233042998377,0.29239867969423694,0.03172367459019647,0.033979076063368405,0.03626251186766605,0.04081451064990592,0.024691479968635643,0.020143649540520198,1,37.5235039370079,37.932677165354356,38.9299887514061,39.438425196850424,37.99507874015752,35.84894263217101
93155000715,0.24679857247365547,0.2518340718829899,0.3104414943888039,0.3227502891270595,0.3446612913556256,0.33691229933510436,-0.03112745868024715,-0.025633549936192487,-0.03937761739285396,-0.0292420367961512,-0.04431870996138626,-0.04461295350870392,0.23139363785991252,0.23642311442800953,0.3104414943888039,0.3227502891270595,0.3446612913556256,0.33691229933510436,-0.032949817512817774,-0.027674542206135327,-0.03937761739285396,-0.0292420367961512,-0.04431870996138626,-0.04461295350870392,1,37.60960937500003,37.944593750000045,38.85446428571432,39.25388392857145,38.40679687500005,35.875223214285754
93155000716,0.26200561287719165,0.26951469957310165,0.3269196123301859,0.3370473440101018,0.3388789267733155,0.3643614645352779,-0.013602709891079756,-0.01317156357991483,-0.017991551956677242,-0.015443759066714139,-0.034516284197800555,-0.04630319157288417,0.24687379434182166,0.25432951946757526,0.3269196123301859,0.3370473440101018,0.3388789267733155,0.3643614645352779,-0.016015639497993648,-0.015611589105129622,-0.017991551956677242,-0.015443759066714139,-0.034516284197800555,-0.04630319157288417,1,37.31326171875002,37.50903906250002,38.79388392857146,38.824899553571456,37.82179687500004,35.301785714285735
93155000717,0.24174162694842444,0.25462442615621206,0.3160566242947243,0.31749980953987694,0.34215686557793445,0.33844043342862284,0.017956677388734608,-0.0006899501119175833,-0.019813064940326516,-0.007333826050116842,-0.02309918541021495,-0.008249576674868421,0.2267672762218258,0.23965683946126953,0.3160566242947243,0.31749980953987694,0.34215686557793445,0.33844043342862284,0.015089197643403456,-0.0032907628143008065,-0.019813064940326516,-0.007333826050116842,-0.02309918541021495,-0.008249576674868421,1,36.666254901960805,37.18734901960784,38.32708683473392,38.520050420168076,37.59264705882355,34.93153501400563
93165000689,0.3028321220094977,0.22882754274286066,0.25958077224923715,0.27699163793611975,0.2708917307717658,0.2542455258686576,-0.008787783562712563,0.02892734296606608,0.023345168114530006,0.015753000883588483,0.018308428608035464,0.02947808474345374,0.28745776953869534,0.21381240497993026,0.25958077224923715,0.27699163793611975,0.2708917307717658,0.2542455258686576,-0.011421127956003885,0.02608112201300626,0.023345168114530006,0.015753000883588483,0.018308428608035464,0.02947808474345374,3,36.35697265625004,36.84551302083337,38.25129464285717,38.93723214285716,36.34982421875004,34.64629464285719
93165000690,0.24624331936639854,0.26873022978038225,0.28959550188954974,0.31477080958120185,0.319911903982996,0.3179158471620541,0.030448385623175967,-0.012765325681687653,0.015314517460303968,0.002614626630871429,0.008056243726698378,0.006006012453838351,0.2310249139702702,0.2532827758594661,0.28959550188954974,0.31477080958120185,0.319911903982996,0.3179158471620541,0.027440782890085075,-0.01470366128504405,0.015314517460303968,0.002614626630871429,0.008056243726698378,0.006006012453838351,3,36.98100000000002,37.1245803921569,38.56244817927173,38.834862745098064,36.52007843137259,34.60783753501404
93165000691,0.2704656948909563,0.2652377574526633,0.31229905558664467,0.34526864238775573,0.3486568585194539,0.34520305658085054,-0.005011701126906848,-0.009252290878260534,-0.012924037300853588,-0.03521899490433739,-0.043396513910877545,-0.0342285034460125,0.25512555453333235,0.2500477691304242,0.31229905558664467,0.34526864238775573,0.3486568585194539,0.34520305658085054,-0.0075479611140607476,-0.011763470415610327,-0.012924037300853588,-0.03521899490433739,-0.043396513910877545,-0.0342285034460125,3,36.93298039215689,37.09539037433157,38.51460504201682,38.56359103641459,36.47456862745102,34.58904761904766
93165000692,0.2652556082078394,0.2542962416488029,0.33483232945806823,0.3492961790576849,0.357819890337514,0.3490110301314377,-0.014544366273403508,-0.025535521676090182,-0.022420485391281466,-0.030829885532706332,-0.04058125990129839,-0.03564018474857819,0.24950483671140297,0.23883393341816175,0.33483232945806823,0.3492961790576849,0.357819890337514,0.3490110301314377,-0.016639287952377756,-0.027388417195978745,-0.022420485391281466,-0.030829885532706332,-0.04058125990129839,-0.03564018474857819,3,36.75001953125003,37.06850142045458,38.110055803571456,38.344129464285736,36.75869140625003,34.72793526785716
93165000693,0.23487157924654795,0.25917066448481035,0.32876762350816796,0.34548578831642285,0.3544126240826781,0.351652788415821,-0.02008267081519786,-0.033463278942863425,-0.029602196203384293,-0.03321632756111006,-0.0387746993720343,-0.038591311587752385,0.21945682825857504,0.24355324893522926,0.32876762350816796,0.34548578831642285,0.3544126240826781,0.351652788415821,-0.02208821685356959,-0.03511552780148801,-0.029602196203384293,-0.03321632756111006,-0.0387746993720343,-0.038591311587752385,4,36.760625000000026,37.03076704545457,38.02486607142861,38.38058035714288,36.97437500000002,34.869107142857175
93165000694,0.24069238731217082,0.2410127525025767,0.30216582727012176,0.3244753702740601,0.33005115188639045,0.32278307568701253,0.00345513897756537,-0.021861098957183436,0.003163861941981675,-0.006648572543696786,-0.009592086694263478,-0.003927037722969204,0.22531941844723857,0.22553924581757043,0.30216582727012176,0.3244753702740601,0.33005115188639045,0.32278307568701253,0.0010840145962638151,-0.02332251612302688,0.003163861941981675,-0.006648572543696786,-0.009592086694263478,-0.003927037722969204,3,36.51490157480319,37.07093056549754,38.0237345331834,38.37885264341959,37.28320866141736,34.99703037120362
93165000695,0.18690269485205505,0.19353705449749953,0.239279396250721,0.25450927051949374,0.2576769316967757,0.2570754585999709,0.04884034798275081,0.030023411825868856,0.03969338831882797,0.04216675246078276,0.038386216390335896,0.041775244685199,0.17181145799448902,0.17852161263138505,0.239279396250721,0.25450927051949374,0.2576769316967757,0.2570754585999709,0.04588839405726837,0.027384802427854276,0.03969338831882797,0.04216675246078276,0.038386216390335896,0.041775244685199,3,36.60753906250004,37.32258522727278,38.06099330357148,38.474308035714316,37.35003906250002,35.175055803571475
93165000696,0.17953497957445563,0.19233421545779736,0.2467054677959216,0.252563982153614,0.2603959938326715,0.25497277442631033,0.036035707857489406,0.041564569220196725,0.034728418189616174,0.03644292153997045,0.04224625969718561,0.03655119655993508,0.16451750075354607,0.17720451552900468,0.2467054677959216,0.252563982153614,0.2603959938326715,0.25497277442631033,0.03331384312088578,0.03870909307640105,0.034728418189616174,0.03644292153997045,0.04224625969718561,0.03655119655993508,3,37.210585937500035,37.570653409090944,38.14151785714289,38.60593750000003,37.91576822916669,35.44049107142861
93165000697,0.13979294270147896,0.15353903198288518,0.19827803611145103,0.20643634036371933,0.207151868156114,0.20902827187420936,0.06354403532591314,0.052927374857734875,0.060932801321942974,0.06012090302082084,0.0628740783779896,0.058182623280189305,0.12503254224087895,0.13873967733476114,0.19827803611145103,0.20643634036371933,0.207151868156114,0.20902827187420936,0.06086250028007784,0.050257524643989714,0.060932801321942974,0.06012090302082084,0.0628740783779896,0.058182623280189305,3,37.594137254901995,37.75837647058828,38.283322128851566,38.98574229691881,37.94182352941179,35.387478991596666
93165000698,0.18443184391437734,0.19381494240378372,0.2637934945540151,0.2831124119002914,0.29836375673891946,0.30935978825640204,-0.039610955762367304,-0.04322619625534672,-0.022369250069819074,-0.032107401767025416,-0.0338968803371011,-0.041946209116399395,0.16922598462438715,0.178674611882537,0.2637934945540151,0.2831124119002914,0.29836375673891946,0.30935978825640204,-0.04021818322307525,-0.04380947179500352,-0.022369250069819074,-0.032107401767025416,-0.0338968803371011,-0.041946209116399395,3,37.5772549019608,37.61931764705885,38.39408963585437,39.12606722689078,37.87000000000001,35.36427450980394
93165000699,0.13464437902805873,0.14344498296195426,0.1990544746981249,0.20433487840794837,0.2052548311857783,0.19880269023523264,0.06771044142657158,0.08156710670332375,0.07200312859818772,0.07222166592365588,0.07420443209472641,0.07729717169566734,0.120046865453567,0.12887011142939467,0.1990544746981249,0.20433487840794837,0.2052548311857783,0.19880269023523264,0.0647221554582089,0.07813597667771432,0.07200312859818772,0.07222166592365588,0.07420443209472641,0.07729717169566734,3,37.98687500000002,37.563000000000024,39.19428571428574,39.37857142857145,38.28375000000001,35.8282142857143
93165000700,0.15148053669409392,0.160785693371815,0.2006271212587961,0.20108095281897798,0.2135977891585097,0.21516536226685132,0.051343222133287035,0.04181317413373648,0.04895503833527662,0.03776432007681521,0.04981526076769147,0.039514038668782205,0.1366812988877642,0.14593074688210317,0.2006271212587961,0.20108095281897798,0.2135977891585097,0.21516536226685132,0.04857600692808213,0.03917617248966544,0.04895503833527662,0.03776432007681521,0.04981526076769147,0.039514038668782205,3,38.03398437500002,37.16942187500005,38.83686383928573,39.00098214285718,37.87055989583335,35.63573660714288
93165000701,0.22789312272507076,0.24086554018003709,0.3306436940736107,0.3425494439444617,0.3559310966559224,0.3474063176700447,-0.043939595807879074,-0.0507443290180593,-0.043571410589936445,-0.04651765875821365,-0.05450130748495028,-0.057354160139973215,0.21235242973048885,0.22510058173449415,0.3306436940736107,0.3425494439444617,0.3559310966559224,0.3474063176700447,-0.04506620545012996,-0.051737092057708406,-0.043571410589936445,-0.04651765875821365,-0.05450130748495028,-0.057354160139973215,3,37.67433333333335,36.76598431372553,38.06712044817931,38.064599439775954,37.1180392156863,34.868487394958
93165000702,0.2334442319723789,0.22732756756935962,0.3165856931427464,0.34418767829931357,0.3644202277387403,0.3650914159231312,-0.036989956521496115,-0.03561488623269827,-0.03348048551904905,-0.0406885696968244,-0.06465463476873046,-0.06382415789415342,0.21773417910501813,0.2119765564452435,0.3165856931427464,0.34418767829931357,0.3644202277387403,0.3650914159231312,-0.03817896375290424,-0.037150190295908554,-0.03348048551904905,-0.0406885696968244,-0.06465463476873046,-0.06382415789415342,3,37.49498039215689,36.705646187363875,37.45672268907566,37.536890756302554,36.533320261437936,34.47533333333335
93165000703,0.16317546327509383,0.1739594270649222,0.2238038643414283,0.254064764106787,0.2609220468800535,0.25976157337815214,-0.00510381380151328,0.02531459952544027,0.030464469558568734,0.023809545639835596,0.010349122806330385,0.022422560812558213,0.1478823855903575,0.1590916675889615,0.2238038643414283,0.254064764106787,0.2609220468800535,0.25976157337815214,-0.006091963369488964,0.02284947009211383,0.030464469558568734,0.023809545639835596,0.010349122806330385,0.022422560812558213,3,37.60398437500004,37.09679079861114,37.95473214285717,37.74312500000003,36.916334635416696,34.77324776785718
93165000704,0.12414442214017395,0.1274862209627355,0.17881183768741202,0.18741343372367786,0.19165795984575526,0.1963803816971759,0.10145130393227066,0.09846886557395851,0.0957933733326133,0.10036988389745997,0.09647999889480238,0.10165273357211604,0.10963738961387767,0.11313118014700567,0.17881183768741202,0.18741343372367786,0.19165795984575526,0.1963803816971759,0.09789030743116495,0.09476045917547264,0.0957933733326133,0.10036988389745997,0.09647999889480238,0.10165273357211604,3,38.05265625000005,37.764444444444486,39.110669642857175,38.586383928571465,37.624713541666694,35.513303571428594
93165000705,0.11208293682882438,0.12270595531719666,0.16088049288804815,0.16066019313103455,0.1596822268423237,0.16273719317207663,0.12398424925255293,0.11926611814046001,0.11492101564752162,0.12708691722562035,0.13088519386396838,0.12403702816963523,0.09788630217314899,0.1084459615595091,0.16088049288804815,0.16066019313103455,0.1596822268423237,0.16273719317207663,0.11992689232659554,0.11524128583196819,0.11492101564752162,0.12708691722562035,0.13088519386396838,0.12403702816963523,3,38.862381889763796,38.13259842519688,39.65169853768282,39.25076490438699,38.23835958005252,36.03901012373456
93165000706,0.17804724321856913,0.1828022971284772,0.22840152129867142,0.22907705300434264,0.23640569042535797,0.23597096235432768,0.0830735181781245,0.0725833205052111,0.06812136793306395,0.07106150477184175,0.07222063043499576,0.06373106630603649,0.1631095359191933,0.16786621539640692,0.22840152129867142,0.22907705300434264,0.23640569042535797,0.23597096235432768,0.07961519583543253,0.06931362168372446,0.06812136793306395,0.07106150477184175,0.07222063043499576,0.06373106630603649,3,39.158496093750024,38.172640625000035,39.44811383928574,39.23871651785718,37.955957031250016,36.02013392857146
93165000707,0.20740955536803368,0.21065776079790832,0.26277737812924024,0.26983341420350093,0.28553856894222507,0.2850942587602716,0.026340683800530416,0.023887661037191397,0.029204116674019613,0.029470597346031784,0.022637562923713946,0.016889857853069422,0.1920289468530188,0.1952666800398364,0.26277737812924024,0.26983341420350093,0.28553856894222507,0.2850942587602716,0.02388621959539806,0.021435912974251393,0.029204116674019613,0.029470597346031784,0.022637562923713946,0.016889857853069422,3,38.81496093750003,37.7566676136364,38.922343750000046,38.9751785714286,37.87539062500005,35.65075892857146
93165000708,0.24493442547560906,0.24837619793709453,0.2870138043081697,0.29748341310638005,0.342785991420428,0.34881295813943397,0.00246300691322293,-0.008334268311922856,0.005582261468033567,-0.006063876484539327,-0.027430930959718075,-0.0338614477819759,0.22948241942108327,0.2330012094191218,0.2870138043081697,0.29748341310638005,0.342785991420428,0.34881295813943397,0.00011195561192669749,-0.010605273794956524,0.005582261468033567,-0.006063876484539327,-0.027430930959718075,-0.0338614477819759,3,37.93270588235298,37.4717483065954,38.86532773109248,38.86124929971993,37.70933333333336,35.44398319327733
93165000709,0.2673661561078002,0.261970395543102,0.29530177208860336,0.29942080883709976,0.383310332364078,0.41352621614742235,-0.029540168048521866,-0.022527697988560927,-0.019943142830802087,-0.03580221385078472,-0.0649797117853849,-0.08824044583862116,0.2516664966739752,0.24636401271357636,0.29530177208860336,0.29942080883709976,0.383310332364078,0.41352621614742235,-0.031282901491660256,-0.024351380228350046,-0.019943142830802087,-0.03580221385078472,-0.0649797117853849,-0.08824044583862116,3,37.87072549019611,37.35318217468808,38.76701960784317,38.795983193277344,36.90596078431375,35.284745098039245
93165000710,0.20692824196089704,0.180964057441156,0.24249345140890569,0.25447782202204977,0.26821861348512366,0.27687230129913043,0.053251348118319095,0.022854113223968832,0.03430138989806664,0.04561756720372832,0.03672993511546367,0.027947601121710276,0.1915932648773151,0.16583825579826886,0.24249345140890569,0.25447782202204977,0.26821861348512366,0.27687230129913043,0.05023562512948124,0.020579408852371996,0.03430138989806664,0.04561756720372832,0.03672993511546367,0.027947601121710276,3,37.91265625000005,37.59437500000002,39.080357142857174,38.805178571428605,37.27593750000003,35.52008928571429
93165000711,0.20701781939819183,0.16077751587984948,0.24660355853118737,0.24730383171630008,0.26370937169503916,0.25563112317431047,0.035664237941259225,0.0034478285921764355,0.024236507016022864,0.031985492531162736,0.026665983144975976,0.024117339289864998,0.19182144272149676,0.14602078202950766,0.24660355853118737,0.24730383171630008,0.26370937169503916,0.25563112317431047,0.03294971132551869,0.001487941443209706,0.024236507016022864,0.031985492531162736,0.026665983144975976,0.024117339289864998,4,37.57457031250003,38.02314062500004,39.34372767857145,38.85687500000002,37.96851562500002,35.903694196428596
93165000712,0.15893600800964985,0.15108646464182449,0.22822944264637932,0.22985367485200328,0.21605513291785855,0.2254962867321777,-0.0631932042231228,-0.058523651686220715,-0.0281145038688212,-0.0018150091829619384,0.0036653605832510272,0.002941376182350382,0.144017356081383,0.13631442805012448,0.22822944264637932,0.22985367485200328,0.21605513291785855,0.2254962867321777,-0.06354080024134322,-0.05908158105758602,-0.0281145038688212,-0.0018150091829619384,0.0036653605832510272,0.002941376182350382,1,37.97696078431377,38.31950588235297,39.657484593837566,39.060577030812354,38.28770588235298,36.11031372549023
93165000713,0.2646566868124767,0.26212544218236583,0.3344057263004443,0.35577757471090654,0.37101845037643666,0.37668571663383044,-0.07727668151553797,-0.060799436002780184,-0.061795232283502644,-0.0706889793883516,-0.08171709079550803,-0.07596629857934195,0.24910610116885032,0.24682542726356574,0.3344057263004443,0.35577757471090654,0.37101845037643666,0.37668571663383044,-0.07740410196623614,-0.06209423635599231,-0.061795232283502644,-0.0706889793883516,-0.08171709079550803,-0.07596629857934195,1,37.994843137254925,38.08495686274513,39.32577591036417,39.07905322128853,38.110588235294145,35.79975910364146
93165000714,0.17044410749186878,0.1745175989283047,0.21889025270494936,0.22132770148057385,0.23774332910183474,0.24984585343498628,0.03369443805744203,0.03689618572942465,0.03001377371029029,0.044183982399363164,0.03345780915705972,0.037316000095635765,0.1556935220743514,0.1597849588370808,0.21889025270494936,0.22132770148057385,0.23774332910183474,0.24984585343498628,0.03105674598601029,0.03410321554028842,0.03001377371029029,0.044183982399363164,0.03345780915705972,0.037316000095635765,1,37.68533203125003,38.11275781250002,39.14444196428575,39.23812500000003,38.418593750000035,35.86063616071432
93165000715,0.23851679426048455,0.22487500125099602,0.2613994441277745,0.23994740620017727,0.27176411854760285,0.25829182870642325,0.018115950064762968,0.03124269246769965,0.018509013716004007,0.03980382298403188,0.0363099767765764,0.050251150096059835,0.22358309735877416,0.20993759258804745,0.2613994441277745,0.23994740620017727,0.27176411854760285,0.25829182870642325,0.015266574616193525,0.02824702756724616,0.018509013716004007,0.03980382298403188,0.0363099767765764,0.050251150096059835,1,37.42921875000004,37.827781250000044,38.93625000000002,39.227812500000034,38.60351562500005,35.79531250000004
93165000716,0.3001550818658265,0.24567543068957218,0.305977454414025,0.34123235735843105,0.3601500132952454,0.3552604537856553,-0.027699949354249465,-0.01489709648770625,-0.037501940894808856,-0.04554416005209858,-0.0687474864046038,-0.06827939627893827,0.28499982174871713,0.23082968528788395,0.305977454414025,0.34123235735843105,0.3601500132952454,0.3552604537856553,-0.030163973192738346,-0.017508556622905274,-0.037501940894808856,-0.04554416005209858,-0.0687474864046038,-0.06827939627893827,1,37.15013779527561,37.26006299212603,38.65724409448823,38.662384701912295,38.02759842519689,35.1541394825647
93165000717,0.3887070930746687,0.29133150914341244,0.3988743553764655,0.4152541783684867,0.43714426944730833,0.4176201215386392,-0.15170058292545954,-0.0427461227758595,-0.09695937882997901,-0.10124087181295184,-0.12463499430753024,-0.1382961684935618,0.3731976352482054,0.27606248425951524,0.3988743553764655,0.4152541783684867,0.43714426944730833,0.4176201215386392,-0.15205558453186868,-0.044715601910008396,-0.09695937882997901,-0.10124087181295184,-0.12463499430753024,-0.1382961684935618,1,36.70939453125001,36.85066406250002,38.03765625000005,38.2820535714286,37.36898437500004,34.605122767857175
93175000687,0.36585142583761254,0.3088134647057165,0.356806709217962,0.3557588222336659,0.3420045561024568,0.33876898912443315,-0.03990891240252234,-0.01211857102816835,-0.029428454348126194,-0.020008014952645183,-0.012995884862460514,-0.00012661450366402695,0.3503209451930085,0.29365358419783527,0.356806709217962,0.3557588222336659,0.3420045561024568,0.33876898912443315,-0.042197747797303314,-0.014766178756618217,-0.029428454348126194,-0.020008014952645183,-0.012995884862460514,-0.00012661450366402695,4,37.23251953125003,37.189843750000044,38.226183035714314,39.05676339285717,37.36671875000004,35.20017857142861
93175000688,0.3300414784808919,0.29777839417892943,0.3659144662674613,0.36236921107675935,0.32939490831674567,0.3382464272102299,-0.08675539778391204,-0.05187376061950109,-0.05698890234682165,-0.04719381456155371,-0.02173881451257768,-0.027095394365692672,0.3143873574102328,0.2826135173940564,0.3659144662674613,0.36236921107675935,0.32939490831674567,0.3382464272102299,-0.08756917391995289,-0.053743415681688916,-0.05698890234682165,-0.04719381456155371,-0.02173881451257768,-0.027095394365692672,4,36.603803921568655,36.95718082788674,38.030212885154086,38.74848739495802,37.06427450980395,35.05386554621852
93175000689,0.28063651451797295,0.24213943018660605,0.29747996378266095,0.3214698579756215,0.33454324920468526,0.3214947608256658,-0.028927724870658755,-0.008144760019649842,-0.011910794438121437,-0.027525010805219616,-0.030781349530507544,-0.03337863042485642,0.26520749614000755,0.22704824055591613,0.29747996378266095,0.3214698579756215,0.33454324920468526,0.3214947608256658,-0.03110159413039496,-0.010645734893385541,-0.011910794438121437,-0.027525010805219616,-0.030781349530507544,-0.03337863042485642,4,37.056843137254944,37.101313289760384,38.247411764705895,38.95543417366949,36.836039215686306,34.92908123249303
93175000690,0.2918237213691593,0.28253764234993917,0.33342470673136854,0.3295431296134483,0.3462920080380969,0.34046650001673845,0.006645070036712902,0.009722994338742255,-0.006448541796875835,-0.002103815290361424,-0.015528988725634586,-0.0005939215118370524,0.27642034892310813,0.2671965816666121,0.33342470673136854,0.3295431296134483,0.3462920080380969,0.34046650001673845,0.00392715535447823,0.007161503141946734,-0.006448541796875835,-0.002103815290361424,-0.015528988725634586,-0.0005939215118370524,4,37.59117187500002,37.28264843750004,38.46690848214288,38.73364955357146,36.782265625000036,34.80861607142862
93175000691,0.2717654134491752,0.2765963476932678,0.3249412051085143,0.3496401279214247,0.37834521387065817,0.3657013778002132,-0.01272550268521825,-0.021457110674968697,-0.017449381877159217,-0.03440195743036245,-0.04881241439482952,-0.03305353757350173,0.25652864296878447,0.26133010654798855,0.3249412051085143,0.3496401279214247,0.37834521387065817,0.3657013778002132,-0.015134726470643069,-0.023367425286867145,-0.017449381877159217,-0.03440195743036245,-0.04881241439482952,-0.03305353757350173,3,37.704726562500035,37.32979403409093,38.48890625000002,38.38613839285719,36.934609375000036,34.74747767857147
93175000692,0.2713824167249354,0.28945791319841113,0.36209799546346577,0.3865026827354629,0.40774274624452544,0.38423065265412865,-0.008232595360797302,-0.04313050309503169,-0.045859520310067264,-0.06423045619679844,-0.07873532294570112,-0.07931381806155818,0.2558709406868258,0.27379532395228184,0.36209799546346577,0.3865026827354629,0.40774274624452544,0.38423065265412865,-0.010606988699960806,-0.044937101601491225,-0.045859520310067264,-0.06423045619679844,-0.07873532294570112,-0.07931381806155818,3,37.150313725490236,37.23775757575761,38.34616806722692,38.27780952380956,37.082254901960795,34.84691876750702
93175000693,0.2371080377048808,0.26078584294497287,0.2964198343554884,0.32194311428545375,0.33342336992159555,0.33704876025048286,-0.03183407306160646,-0.02772642290780485,-0.0202622047605925,-0.023672863150961412,-0.03447842037887357,-0.032724210275566094,0.22173704406662992,0.24534721310345178,0.2964198343554884,0.32194311428545375,0.33342336992159555,0.33704876025048286,-0.0336235863889129,-0.029663618283217365,-0.0202622047605925,-0.023672863150961412,-0.03447842037887357,-0.032724210275566094,3,36.707627450980425,37.22904456327988,38.10522689075634,38.462000000000046,36.98513725490199,35.058795518207305
93175000694,0.19212049860848424,0.20766444865905773,0.24353388642174567,0.24538607916586777,0.25200222159908126,0.25466418066480956,0.018514837886979378,0.026714025253281294,0.026511392632537774,0.03569946674953392,0.03203676435792721,0.03681617671311269,0.17716220932187363,0.19265039584826218,0.24353388642174567,0.24538607916586777,0.25200222159908126,0.25466418066480956,0.01588379289134738,0.023902859724642435,0.026511392632537774,0.03569946674953392,0.03203676435792721,0.03681617671311269,3,36.506796875000035,37.36545454545458,38.09325892857145,38.7710267857143,37.13125000000003,35.262276785714285
93175000695,0.17151857932556921,0.17806819006194957,0.21666667409901064,0.221638905610238,0.2298638661418221,0.23270536732206754,0.011951003697011435,0.022621004943763328,0.029764385378628633,0.032807361332422305,0.03704604575191795,0.029925391251484103,0.15668345520120106,0.16322416211972074,0.21666667409901064,0.221638905610238,0.2298638661418221,0.23270536732206754,0.009512932641944149,0.01999746194781283,0.029764385378628633,0.032807361332422305,0.03704604575191795,0.029925391251484103,3,36.444335937500036,37.53211647727277,38.35314732142861,38.80953125000001,37.39164062500002,35.38110491071432
93175000696,0.16062069909275828,0.16974006846958112,0.227211227484227,0.22890406220200663,0.2385488005463469,0.2385208806762212,0.0075304271408439755,0.024859984274259797,0.02167811771742226,0.02478348619061223,0.03148634191033372,0.024831939006160854,0.14571236221083708,0.15481733684853594,0.227211227484227,0.22890406220200663,0.2385488005463469,0.2385208806762212,0.005868754173540616,0.02238383116138497,0.02167811771742226,0.02478348619061223,0.03148634191033372,0.024831939006160854,3,37.036352941176496,37.58045276292337,38.356162464986014,38.69631932773111,37.70113725490198,35.4559159663866
93175000697,0.14277648564851936,0.16302022349879314,0.23299420635801915,0.22113658581518114,0.24299050195794078,0.23510527622964617,-0.02085487084222246,-0.0035217002171066933,5.8938348208235145e-05,0.008381047760996135,-0.001682759843829619,0.0003512045176119027,0.1279587132099714,0.1480152311829467,0.23299420635801915,0.22113658581518114,0.24299050195794078,0.23510527622964617,-0.021516885345458394,-0.004809478973666761,5.8938348208235145e-05,0.008381047760996135,-0.001682759843829619,0.0003512045176119027,3,37.37176470588238,37.622981105169394,38.39668907563028,38.48493557422972,37.65198039215689,35.20648179271711
93175000698,0.1528876688832596,0.16706634232200865,0.23718786818473464,0.23570310278392712,0.25209332788328265,0.2509683036375065,0.04576586916789932,0.030760043430470126,0.031245320044251772,0.035015137566246926,0.02127784750126108,0.026664293598367944,0.13815116949430276,0.15216502615711427,0.23718786818473464,0.23570310278392712,0.25209332788328265,0.2509683036375065,0.04298633989190522,0.028423906352116574,0.031245320044251772,0.035015137566246926,0.02127784750126108,0.026664293598367944,3,37.71679687500002,37.57739843750003,38.50094866071431,38.702767857142874,37.58087890625002,35.20722098214289
93175000699,0.1366574542924891,0.13596951586904668,0.19077128881037117,0.19565837692674098,0.20896224883087763,0.20937341900803647,0.054598460638115485,0.0492375654159082,0.05733909157017254,0.05825418260737876,0.045846789797120834,0.04634300107002013,0.12200560034710153,0.1213469932491428,0.19077128881037117,0.19565837692674098,0.20896224883087763,0.20937341900803647,0.05180024491777319,0.04649873638656214,0.05733909157017254,0.05825418260737876,0.045846789797120834,0.04634300107002013,3,38.06466666666668,37.74938823529414,38.948076563958935,39.081955182072846,37.85101960784316,35.66641456582635
93175000700,0.13503652404834535,0.13739999679149864,0.20849799529776655,0.21814282351166214,0.22884916048887077,0.23159927807830144,0.044790203214878886,0.04758025481988825,0.04271274060004499,0.037695110811438635,0.03647343949544511,0.030993284183714182,0.12045859363475499,0.12275888505935456,0.20849799529776655,0.21814282351166214,0.22884916048887077,0.23159927807830144,0.0420114061359641,0.044852323984405335,0.04271274060004499,0.037695110811438635,0.03647343949544511,0.030993284183714182,3,38.074745098039244,37.39646274509809,38.7556732026144,38.98336694677876,37.78237254901963,35.470280112044854
93175000701,0.21167424866178475,0.23869135275226175,0.31507866295368664,0.3325457791493657,0.36941982085937614,0.35627176586545595,-0.035046058822098124,-0.04554694215420012,-0.04419271869911619,-0.06187041765607943,-0.06633111000762044,-0.06437407507361699,0.19634175343171076,0.2230769960590046,0.31507866295368664,0.3325457791493657,0.36941982085937614,0.35627176586545595,-0.03645657128767833,-0.046839763513876295,-0.04419271869911619,-0.06187041765607943,-0.06633111000762044,-0.06437407507361699,4,37.87441406250003,36.915563368055594,38.04522321428576,38.116328125000045,37.17972656250002,34.841439732142874
93175000702,0.22230368941958148,0.23176133787370942,0.30634993872154653,0.32986495931515547,0.35197050810210295,0.35673523192824536,-0.03763534990761942,-0.04882406707320833,-0.03796781673182908,-0.05482328486465653,-0.07330895950714537,-0.07237356956602056,0.2068596846441186,0.2162602871342781,0.30634993872154653,0.32986495931515547,0.35197050810210295,0.35673523192824536,-0.03892177072036897,-0.049970355994975436,-0.03796781673182908,-0.05482328486465653,-0.07330895950714537,-0.07237356956602056,4,37.20117187500003,36.91465277777781,37.44598214285717,37.55997767857147,36.45208333333336,34.4569642857143
93175000703,0.18788488834331185,0.19795721666442126,0.27647068646840905,0.2903678602243086,0.33186699344811865,0.32719070444550585,-0.004777064513038031,-0.004186459494744192,-0.0031058618054031007,-0.010581836851137144,-0.03810807286252242,-0.03438057399802777,0.17254448678642087,0.18277473891966758,0.27647068646840905,0.2903678602243086,0.33186699344811865,0.32719070444550585,-0.0064051794844113994,-0.006138137094765601,-0.0031058618054031007,-0.010581836851137144,-0.03810807286252242,-0.03438057399802777,3,36.79635294117651,37.104884531590436,37.85933333333336,37.64624649859947,36.58916339869285,34.651927170868376
93175000704,0.13176524716281554,0.1264196701448228,0.18131350679397554,0.1818448369353212,0.18619032158163082,0.18574840760176928,0.09419354638934373,0.07149022826857036,0.08453977749652172,0.08622808803551332,0.09254144155918737,0.08763440909661134,0.11723768487213827,0.11201836941240517,0.18131350679397554,0.1818448369353212,0.18619032158163082,0.18574840760176928,0.0906655860862281,0.0683742962145587,0.08453977749652172,0.08622808803551332,0.09254144155918737,0.08763440909661134,3,37.248137254902,37.735857952069765,38.88524929971991,38.483927170868384,37.33026143790851,35.356039215686295
93175000705,0.12241432418218647,0.1320068199239494,0.17315168974024797,0.1748375884643804,0.17992616100967873,0.17695673777541118,0.10266553465150871,0.10359668956923375,0.10065566675772625,0.10576684706037587,0.1084227076805009,0.1101685296444915,0.10812900414408169,0.11756638011592677,0.17315168974024797,0.1748375884643804,0.17992616100967873,0.17695673777541118,0.0989382230050241,0.0998624762981392,0.10065566675772625,0.10576684706037587,0.1084227076805009,0.1101685296444915,3,38.42734375000003,38.17657070707072,39.553125000000016,39.43879464285717,38.13906250000002,36.15879464285719
93175000706,0.17367863413028592,0.1959933036472137,0.2261296489739461,0.2395856985498349,0.2523101897171263,0.249776689632317,0.04330566128321106,0.0498496326006995,0.05328095793689084,0.050362263802351474,0.04584784105923932,0.0400372015825611,0.1586113745415073,0.18082756688411947,0.2261296489739461,0.2395856985498349,0.2523101897171263,0.249776689632317,0.040797552529908396,0.0468617555304447,0.05328095793689084,0.050362263802351474,0.04584784105923932,0.0400372015825611,3,38.841250000000024,38.25164867424244,39.47047991071432,39.55380580357146,37.811621093750006,36.28325892857148
93175000707,0.213020086484622,0.24675123849343994,0.28645437644176736,0.3016592568179701,0.32466609991376755,0.3206433008588955,-0.0006396745086561772,-0.029399831984760552,-0.013870182105594186,-0.011160463506539042,-0.04066950460959028,-0.042811333473746695,0.19752043451822662,0.23125960956797503,0.28645437644176736,0.3016592568179701,0.32466609991376755,0.3206433008588955,-0.0023025497888940387,-0.03084916547838925,-0.013870182105594186,-0.011160463506539042,-0.04066950460959028,-0.042811333473746695,3,38.399822834645676,37.55860009544262,38.769561304836934,38.7642632170979,37.30570866141735,35.64059617547809
93175000708,0.24771493664200853,0.2815578033006788,0.3285081834988376,0.3513592398902145,0.37315394671576063,0.38577414588779463,-0.03195747233891608,-0.051544817380160896,-0.044287177915581906,-0.049329697397155925,-0.07292054627213906,-0.07558017860309768,0.23218907888062001,0.2658094572557259,0.3285081834988376,0.3513592398902145,0.37315394671576063,0.38577414588779463,-0.033379106363322,-0.05271198077216396,-0.044287177915581906,-0.049329697397155925,-0.07292054627213906,-0.07558017860309768,3,37.66589843750002,37.2350241477273,38.41843750000003,38.35312500000005,37.097773437500024,35.282767857142886
93175000709,0.21800257042424406,0.19581782038894155,0.24862700913682134,0.2636547092977269,0.29035152828430705,0.3050486294076804,0.006278410141118507,-3.865127695802615e-05,0.0021879296099249785,0.003614092212953854,-0.017944683723276386,-0.034363655471372,0.20279535684120392,0.18086005436627334,0.24862700913682134,0.2636547092977269,0.29035152828430705,0.3050486294076804,0.00395769176071207,-0.002108892178177149,0.0021879296099249785,0.003614092212953854,-0.017944683723276386,-0.034363655471372,1,37.35710937500002,37.27444531250004,38.5001785714286,38.250290178571454,36.90688802083335,35.193772321428604
93175000710,0.19418980040100237,0.16856261261819183,0.2532727130215597,0.25196119302713565,0.2462039343093195,0.24832785533435367,0.023698917347753142,0.004682879284406277,0.015292208828664302,0.027465115562923286,0.021922673733205607,0.009577060409734207,0.17879526901722906,0.15362770126032266,0.2532727130215597,0.25196119302713565,0.2462039343093195,0.24832785533435367,0.021327263574797858,0.0025454189301814213,0.015292208828664302,0.027465115562923286,0.021922673733205607,0.009577060409734207,4,37.285450980392184,37.62010718954251,38.91099719887957,38.49556862745102,37.51028758169937,35.369327731092454
93175000711,0.21613039105057488,0.17677955917112317,0.25073608225702676,0.24911328127112195,0.25461545421898246,0.24969912415225876,0.02031517035180134,0.0171037750159707,0.020205945249763574,0.031131686461475773,0.022128477679958108,0.007667248727150967,0.20071385521230997,0.16186911026197318,0.25073608225702676,0.24911328127112195,0.25461545421898246,0.24969912415225876,0.017765352771440847,0.014496870642742616,0.020205945249763574,0.031131686461475773,0.022128477679958108,0.007667248727150967,1,37.39786274509805,37.921374291939024,39.18672829131656,38.517450980392184,38.031522875817025,35.5249691876751
93175000712,0.2417826305717502,0.14141560041861426,0.21069317376317584,0.2400246957141834,0.2832606073230182,0.29898063290823185,-0.0686657262702277,0.006514253035511528,0.011148281124748109,0.00869041451240091,-0.024118496864561696,-0.039836888588374704,0.22653530435194,0.12716104683153442,0.21069317376317584,0.2400246957141834,0.2832606073230182,0.29898063290823185,-0.06952242816704961,0.003986131893290398,0.011148281124748109,0.00869041451240091,-0.024118496864561696,-0.039836888588374704,1,37.422949218750034,37.93908767361115,39.50681919642859,38.72914062500005,38.043372395833366,35.5690066964286
93175000713,0.21489374519073953,0.1940061191998912,0.24321688512039336,0.254117685915258,0.27027316336044266,0.2708205491629262,-0.021026771534199053,-0.024952453401580397,-0.020264239192627466,-0.027991563539837637,-0.04029397653464054,-0.022282335046731015,0.1998635651431547,0.17930943432536134,0.24321688512039336,0.254117685915258,0.27027316336044266,0.2708205491629262,-0.02277087375087081,-0.026703968404028843,-0.020264239192627466,-0.027991563539837637,-0.04029397653464054,-0.022282335046731015,1,38.13054687500003,38.08023437500005,39.43464285714289,38.87533482142861,38.551289062500025,35.620178571428596
93175000714,0.198197500608612,0.19313997103690356,0.2524148689173276,0.2654559813693321,0.2783877402556518,0.27222021456728757,0.020385612496727892,0.023411727334193864,0.011242239953198016,0.01785678605808106,0.012389297636068532,0.00850837609899214,0.18321051683349707,0.17830732798945376,0.2524148689173276,0.2654559813693321,0.2783877402556518,0.27222021456728757,0.017836971217905798,0.020737106542753708,0.011242239953198016,0.01785678605808106,0.012389297636068532,0.00850837609899214,1,38.15480392156866,38.0958117647059,39.32958543417371,39.07856022408968,38.7498235294118,35.78191036414571
93175000715,0.3430193948064694,0.2706272829623897,0.3020235759842112,0.2904052556064596,0.34378633994409014,0.3070139527576496,-0.07068489562261018,-0.03102861044536227,-0.01477637179284166,0.011053170528318654,-0.03240543476791078,-0.01777378371933867,0.3275171897294017,0.25543157997812743,0.3020235759842112,0.2904052556064596,0.34378633994409014,0.3070139527576496,-0.07236271145164946,-0.03317408503796175,-0.01477637179284166,0.011053170528318654,-0.03240543476791078,-0.01777378371933867,1,37.236117647058855,37.63814117647063,38.63931092436977,39.01090756302524,38.53458823529415,35.6636022408964
93175000716,0.4496967504520296,0.4311850168346606,0.47270073028384224,0.37875498083913217,0.44513652976747287,0.4752315801501804,-0.18909218107243186,-0.15102824723999964,-0.17520735576758878,-0.09572178453429515,-0.14461027913576263,-0.17308635145889628,0.43415278859414597,0.41577208159957085,0.47270073028384224,0.37875498083913217,0.44513652976747287,0.4752315801501804,-0.18922098789434882,-0.1518194943400208,-0.17520735576758878,-0.09572178453429515,-0.14461027913576263,-0.17308635145889628,1,36.42968750000003,36.64750000000004,37.847053571428596,38.320044642857184,37.63992187500005,34.81848214285718
93175000717,0.3663856185048141,0.32752045214745,0.3318640684848649,0.389023058172315,0.4471978183882308,0.4731249595759433,-0.16929784606563694,-0.09092344906178859,-0.024280405438380497,-0.06466224983237676,-0.11486609231199957,-0.15002143131247056,0.3508243560130914,0.3122488157249338,0.3318640684848649,0.389023058172315,0.4471978183882308,0.4731249595759433,-0.16849929270854705,-0.0922278675808016,-0.024280405438380497,-0.06466224983237676,-0.11486609231199957,-0.15002143131247056,1,36.02984313725492,35.93785098039219,37.210235294117695,37.8888347338936,36.52013725490201,34.07489635854344
93185000687,0.29997262962083715,0.24083432407006913,0.29340752684478816,0.32819427605055523,0.36797837488608237,0.3603260336792668,-0.003142195930233037,0.016175302236278125,-0.003183934070109916,-0.012335016507489369,-0.04225302448319163,-0.046189977181861075,0.28472677505292276,0.22593995911299763,0.29340752684478816,0.32819427605055523,0.36797837488608237,0.3603260336792668,-0.005718790089972525,0.013431803367111337,-0.003183934070109916,-0.012335016507489369,-0.04225302448319163,-0.046189977181861075,4,37.60729411764709,37.15312156862748,38.17848179271712,38.57923249299722,37.22319607843141,35.00478991596643
93185000688,0.24372122776258442,0.20477187986550638,0.2571805433227436,0.26892070423119235,0.28191498819444627,0.2832531708090017,0.0587534389413376,0.019209309967995625,0.04162777900890377,0.03928963636550087,0.029457363472893107,0.03345204939114624,0.22875709142224904,0.19000762360875445,0.2571805433227436,0.26892070423119235,0.28191498819444627,0.2832531708090017,0.05536936727761382,0.016928868700895442,0.04162777900890377,0.03928963636550087,0.029457363472893107,0.03345204939114624,4,37.62270588235298,37.31253856209154,38.307288515406185,38.49963585434179,37.25098039215689,35.033204481792744
93185000689,0.34129017019883656,0.32237025957478566,0.4011270423694034,0.388207332557665,0.39502572235290073,0.4072506369041338,-0.07881511001077895,-0.08326131981108789,-0.08951709176758378,-0.08458909540276842,-0.07649991562362772,-0.09394512350946295,0.32576089610652276,0.30683448046641654,0.4011270423694034,0.388207332557665,0.39502572235290073,0.4072506369041338,-0.0803167320244494,-0.08421556766269958,-0.08951709176758378,-0.08458909540276842,-0.07649991562362772,-0.09394512350946295,4,37.86875000000004,37.2985138888889,38.073482142857166,38.46107142857146,37.018593750000036,34.88428571428573
93185000690,0.2561909680507056,0.2734003964172822,0.36630984477045386,0.38387596542858815,0.4057340829741984,0.40670554438176404,-0.012796580810640978,-0.03156296977986963,-0.039511710376016175,-0.054870698506088535,-0.07968843561755869,-0.07994918420284443,0.24106138217108444,0.25785818439193825,0.36630984477045386,0.38387596542858815,0.4057340829741984,0.40670554438176404,-0.015209182534197636,-0.033006868138580905,-0.039511710376016175,-0.054870698506088535,-0.07968843561755869,-0.07994918420284443,4,37.39474609375002,37.33366122159094,38.2395535714286,38.49743303571431,36.70107421875004,34.84265625000001
93185000691,0.22735839561422133,0.21592622090507768,0.23953200558127133,0.25082023351284494,0.2651329670266588,0.28061890310277204,0.018828712245508448,0.020802558091279646,0.034743701438161474,0.03323753620566666,0.030710699437754903,0.019816362426771105,0.21250083066770276,0.20104771735505558,0.23953200558127133,0.25082023351284494,0.2651329670266588,0.28061890310277204,0.01596778517905194,0.018236562981623582,0.034743701438161474,0.03323753620566666,0.030710699437754903,0.019816362426771105,3,37.24887795275594,37.567031496063024,38.55664791901016,38.6268391451069,37.13533464566933,35.0208998875141
93185000692,0.21100659987387288,0.2229206492312267,0.2600993334674285,0.249177831670036,0.2671426293429038,0.2652781054047783,0.016557984091679436,0.023863765446317988,0.030688307563657077,0.041562526098508315,0.04056227261650594,0.03064047908869285,0.19606216476796007,0.20785068022705502,0.2600993334674285,0.249177831670036,0.2671426293429038,0.2652781054047783,0.013977606827280045,0.02119079926966283,0.030688307563657077,0.041562526098508315,0.04056227261650594,0.03064047908869285,3,37.40648437500005,37.73879971590913,38.74546875000003,38.68935267857145,37.33113281250003,35.140647321428595
93185000693,0.24094261715302762,0.24052344377938756,0.269587007020551,0.2904554435676052,0.2920602790033489,0.32494427492064637,-0.0363302165411059,-0.004387256610127631,0.011475971648364027,0.007856938706166374,0.005221721240297881,-0.004635162101489444,0.2257167607590413,0.2253675136254138,0.269587007020551,0.2904554435676052,0.2920602790033489,0.32494427492064637,-0.03771539907543603,-0.006634898928857595,0.011475971648364027,0.007856938706166374,0.005221721240297881,-0.004635162101489444,3,37.25343750000004,37.6499616477273,38.34024739583336,38.72618303571433,36.97697265625003,35.13400669642859
93185000694,0.19846804842658625,0.20317634901983592,0.24748537658556038,0.2537635793425822,0.2609934732969774,0.2655599947694206,0.0013611868210491444,0.01000091473218286,0.020860812201412615,0.023723309508210184,0.01783068769450656,0.025641968483665043,0.1834578978669917,0.18816900104884893,0.24748537658556038,0.2537635793425822,0.2609934732969774,0.2655599947694206,-0.000868086043811963,0.007544767304621427,0.020860812201412615,0.023723309508210184,0.01783068769450656,0.025641968483665043,3,36.948313725490216,37.476794295900206,38.194345471521956,38.77721568627454,36.78586928104577,35.17515406162465
93185000695,0.1538248116610293,0.1750623079808076,0.2124188271847574,0.21892886574880116,0.2414751362441712,0.2463719892046348,0.015178283078214184,0.018440969168702134,0.029550165015425647,0.035159014899782626,0.029603896417604126,0.02721779963443842,0.13915375032241806,0.16021293818110535,0.2124188271847574,0.21892886574880116,0.2414751362441712,0.2463719892046348,0.012849388836590493,0.016053504600981077,0.029550165015425647,0.035159014899782626,0.029603896417604126,0.02721779963443842,3,36.90570588235296,37.400056327985766,38.40018113912235,38.70373669467789,37.0641960784314,35.16850980392158
93185000696,0.14886455252908926,0.15633368887959406,0.19681767566706787,0.2220329226994279,0.2508510014013914,0.2590141923855165,0.03853081612694357,0.021721314537224277,0.04220605603487164,0.03830350627282268,0.01790834895411889,0.015350005327367256,0.13425578783452063,0.14160391098593506,0.19681767566706787,0.2220329226994279,0.2508510014013914,0.2590141923855165,0.036040262472163874,0.01964890470753595,0.04220605603487164,0.03830350627282268,0.01790834895411889,0.015350005327367256,3,37.579355468750016,37.44678764204546,38.401067708333365,38.66559151785715,37.22306640625004,35.08941964285716
93185000697,0.14781451894778425,0.15714841226440285,0.2138821796749575,0.2214278756979844,0.2335099595464689,0.23289468713673744,0.04426590896577419,0.030037786336193025,0.039035050400434854,0.04719003301071943,0.03275337415907882,0.03527837955237522,0.13302433744553513,0.14240620893552633,0.2138821796749575,0.2214278756979844,0.2335099595464689,0.23289468713673744,0.04175861701228276,0.0277674564155796,0.039035050400434854,0.04719003301071943,0.03275337415907882,0.03527837955237522,3,38.00558593750002,37.68099289772732,38.67180431547624,38.31665178571432,37.24261718750004,35.14154017857145
93185000698,0.14074761231781588,0.1434279842273106,0.2036682540430536,0.21715779835412677,0.2231125201292991,0.22052399234492237,0.036561438457121065,0.026031925027069757,0.0346612036435392,0.03423028485184818,0.03343640662919055,0.03150414630233115,0.12601504945797531,0.12874474294993588,0.2036682540430536,0.21715779835412677,0.2231125201292991,0.22052399234492237,0.03425009978592049,0.023788277613688763,0.0346612036435392,0.03423028485184818,0.03343640662919055,0.03150414630233115,3,38.14445098039217,37.90737254901963,38.826020541549994,38.62670588235298,37.39494117647061,35.29888515406166
93185000699,0.13655299314980882,0.15380842661442495,0.19667748302369809,0.22125972576282085,0.2457916633951526,0.25469807249116655,0.06650556373170034,0.06410996841574328,0.06511331357139777,0.05474974594970062,0.036614971713000107,0.034005593261056816,0.12215665488603147,0.1392543813500578,0.19667748302369809,0.22125972576282085,0.2457916633951526,0.25469807249116655,0.0633972890170255,0.061029491819095325,0.06511331357139777,0.05474974594970062,0.036614971713000107,0.034005593261056816,3,38.14049019607845,38.157796078431396,38.98327544351075,39.05983753501404,37.84171241830068,35.672420168067234
93185000700,0.1335672559356219,0.12926078959050163,0.19538229909525226,0.18430950613758876,0.1922121251620411,0.19869133388510846,0.0547540461804384,0.048386386936678405,0.04825205992548734,0.0548222483243002,0.05559820090079146,0.047760820736887324,0.1190720499489432,0.11476976931984005,0.19538229909525226,0.18430950613758876,0.1922121251620411,0.19869133388510846,0.05179780970034529,0.045675196705808836,0.04825205992548734,0.0548222483243002,0.05559820090079146,0.047760820736887324,3,39.042500000000025,38.01725000000006,39.03880952380953,39.32678571428576,38.15541666666669,35.6964285714286
93185000701,0.10724672851968263,0.1197448159468636,0.16309045286072177,0.17098997208938474,0.18387318720939422,0.17593456149943035,0.056186740882300336,0.06441390600228032,0.06384639842645681,0.057638141303481896,0.06648155633124807,0.05942257858706677,0.0929380520983605,0.10531583352845285,0.16309045286072177,0.17098997208938474,0.18387318720939422,0.17593456149943035,0.05354451859938419,0.06142518347819713,0.06384639842645681,0.057638141303481896,0.06648155633124807,0.05942257858706677,4,39.14358823529413,37.59782047930286,38.668330532212934,38.96124929971993,37.8584575163399,35.308756302521026
93185000702,0.10990073394114831,0.11951053535208722,0.1668387539933876,0.1795971291034512,0.19042600133035545,0.18771963184879273,0.05486507662331484,0.05856379738161393,0.06481707175511457,0.06007272415165503,0.06299465495774556,0.05255129952800421,0.0955889600395272,0.1051333456417665,0.1668387539933876,0.1795971291034512,0.19042600133035545,0.18771963184879273,0.05215437320323229,0.055686605180826305,0.06481707175511457,0.06007272415165503,0.06299465495774556,0.05255129952800421,1,38.226156862745114,37.54255511982573,38.15588235294122,38.584633053221324,37.34299346405232,34.96471148459385
93185000703,0.14007775351449217,0.15822171427684717,0.20612001492652296,0.21782731757427537,0.2350085270359082,0.22724728636254188,0.0493254733276353,0.03591667769375949,0.04335756617892895,0.03483812899770742,0.039764833080726675,0.03463269741120784,0.12536429484905,0.1433787094505132,0.20612001492652296,0.21782731757427537,0.2350085270359082,0.22724728636254188,0.046656745693228543,0.03338784337782822,0.04335756617892895,0.03483812899770742,0.039764833080726675,0.03463269741120784,1,37.51035156250003,37.46079861111114,38.17075892857147,38.40551339285717,37.26437500000003,34.92609375000002
93185000704,0.16352811379273213,0.14858130832260127,0.20668848945748686,0.2112078598928283,0.23810851439936526,0.23291652559639664,0.07155253773751136,0.06947247024413775,0.06583840602455432,0.05967787073059871,0.05883043667224562,0.054880690162043354,0.1488419551046536,0.134084523058873,0.20668848945748686,0.2112078598928283,0.23810851439936526,0.23291652559639664,0.06832311286357896,0.06618241400002851,0.06583840602455432,0.05967787073059871,0.05883043667224562,0.054880690162043354,1,36.93220703125004,37.617595486111135,38.507087053571446,38.623214285714305,37.30578125000003,35.05757812500004
93185000705,0.14208365042611362,0.13551202758111355,0.17640072979579663,0.16607913508635389,0.16930908025779337,0.16909685148228804,0.10686819043211372,0.09706918529658354,0.09759119739841647,0.11149661286415231,0.12101528677698524,0.12070160591062766,0.1276354972613502,0.12111830189115709,0.17640072979579663,0.16607913508635389,0.16930908025779337,0.16909685148228804,0.10306092669079618,0.0935185440461672,0.09759119739841647,0.11149661286415231,0.12101528677698524,0.12070160591062766,1,37.56843137254905,37.76284531590415,38.85266666666669,39.12083473389356,37.430000000000035,35.684857142857176
93185000706,0.13487052147475778,0.1435650897613475,0.17855056570449887,0.17981847230828385,0.18152043282168598,0.18130129642141044,0.1033177605926528,0.10460962622989407,0.09854091163532955,0.10535318848260843,0.1149125264457789,0.10992577525956577,0.12049162109347702,0.12906676613192697,0.17855056570449887,0.17981847230828385,0.18152043282168598,0.18130129642141044,0.0994991958245189,0.1007854544905309,0.09854091163532955,0.10535318848260843,0.1149125264457789,0.10992577525956577,1,37.84945098039219,37.940065359477146,38.9978879551821,39.3757254901961,37.44406535947715,36.097305322128896
93185000707,0.1485707618336529,0.16800435133139102,0.20655428719564958,0.21668094799327203,0.2208367128619634,0.22842689588533852,0.049145373846621314,0.03694007136498912,0.04469811371887713,0.05049390622116398,0.0480556948417228,0.03433812274504858,0.13399076918318997,0.1531759457202085,0.20655428719564958,0.21668094799327203,0.2208367128619634,0.22842689588533852,0.04627107743560231,0.03436776195471697,0.04469811371887713,0.05049390622116398,0.0480556948417228,0.03433812274504858,1,37.748222656250014,37.410632812500005,38.5006473214286,38.8670535714286,37.2860026041667,35.64666294642861
93185000708,0.2640681340821621,0.30739704122561023,0.3517087723582684,0.34068424155962823,0.3496589823845928,0.3270119334182794,-0.030064301658822908,-0.028780517402505028,-0.034331084468946206,-0.019624333565861612,-0.021263502406165348,-0.0017964503794022683,0.24876992383364913,0.2917811048484978,0.3517087723582684,0.34068424155962823,0.3496589823845928,0.3270119334182794,-0.031945289336423044,-0.030873799528278362,-0.034331084468946206,-0.019624333565861612,-0.021263502406165348,-0.0017964503794022683,4,37.764804687500025,37.00837500000002,38.0187723214286,38.13941964285718,37.490533854166706,35.2043303571429
93185000709,0.22749731162042744,0.2500647400114839,0.3079985337506829,0.31348010668086435,0.31798503666331157,0.2995300428751481,-0.00817901860720394,-0.022122194722102584,-0.017676648095916965,-0.012991737898579476,-0.02314811647669001,-0.02053917154345763,0.21234878958462466,0.2346662463565076,0.3079985337506829,0.31348010668086435,0.31798503666331157,0.2995300428751481,-0.010521110404082799,-0.024148414634246294,-0.017676648095916965,-0.012991737898579476,-0.02314811647669001,-0.02053917154345763,4,37.116909448818916,36.89520472440948,37.745556805399346,37.77457817772781,37.2240419947507,34.91602924634425
93185000710,0.17381260671055204,0.17100028056134117,0.25481654440927687,0.24039363119525442,0.24172361638368758,0.24888418373059143,-0.006440282482005546,-0.013702846384132694,-0.0090289339236408,-0.0002798564333175868,-0.01261954441258488,-0.013480968967593402,0.15902261564237383,0.15629029563408747,0.25481654440927687,0.24039363119525442,0.24172361638368758,0.24888418373059143,-0.00862425042887918,-0.015841848127791467,-0.0090289339236408,-0.0002798564333175868,-0.01261954441258488,-0.013480968967593402,4,37.16824218750003,37.00665364583336,37.797712053571445,37.84098214285718,37.41424479166669,34.80795758928576
93185000711,0.19705134521962836,0.19592865836987927,0.2698142798384727,0.25464528276467413,0.27075208119252536,0.27053355683348934,-0.015208397662202293,-0.021064581946462803,-0.015690052432079896,0.013070082344065504,-0.02762737502962788,-0.01725026672876895,0.1819792684172134,0.18104420736859544,0.2698142798384727,0.25464528276467413,0.27075208119252536,0.27053355683348934,-0.01716409367229624,-0.02310122659228371,-0.015690052432079896,0.013070082344065504,-0.02762737502962788,-0.01725026672876895,4,37.62421875000003,37.15917361111112,38.16500000000003,37.90830357142859,37.68312500000005,34.884821428571456
93185000712,0.32167190107915505,0.24447558930536625,0.30944803108158714,0.2879902605085476,0.34391300910554556,0.3439543970009584,-0.07753897759208458,-0.03630912186992976,-0.040903142805015745,-0.026461596282195875,-0.07070408943639474,-0.06331390898528849,0.30639197823716124,0.22962551222854521,0.30944803108158714,0.2879902605085476,0.34391300910554556,0.3439543970009584,-0.07912226560427264,-0.038482281083362366,-0.040903142805015745,-0.026461596282195875,-0.07070408943639474,-0.06331390898528849,1,37.18884313725495,37.3338840958606,38.71048179271712,38.27657703081237,37.67228758169938,35.028577030812336
93185000713,0.3034456625577774,0.33017678488783037,0.3860374256293573,0.40903575323501007,0.3118458970963707,0.31784417362518974,-0.03491675020722274,-0.048097548745461995,-0.05522677278384906,-0.08357332247284915,-0.028735128415622938,-0.03927950882135413,0.2881507755685549,0.3148861457444863,0.3860374256293573,0.40903575323501007,0.3118458970963707,0.31784417362518974,-0.03713793385790141,-0.05020540394460432,-0.05522677278384906,-0.08357332247284915,-0.028735128415622938,-0.03927950882135413,1,37.4904509803922,37.761678431372594,39.158056022409,38.84372549019612,38.29897385620917,35.49554621848741
93185000714,0.22805283461758868,0.19761960762094868,0.2373766856310295,0.2535805681931189,0.22829092046575247,0.21730752649470048,-0.038073221875462006,-0.02954831987215072,-0.019956802474132125,-0.013369359176104486,0.005689315885248693,0.011984118975652464,0.21291144944803359,0.18269968011981996,0.2373766856310295,0.2535805681931189,0.22829092046575247,0.21730752649470048,-0.03974277080790018,-0.031285927198108,-0.019956802474132125,-0.013369359176104486,0.005689315885248693,0.011984118975652464,1,37.95265625000003,37.88957812500003,39.33982142857147,39.122723214285756,38.91781250000004,35.887187500000024
93185000715,0.31926656897983313,0.2566801421925905,0.2778167719580438,0.24518927290280043,0.26884913189973225,0.2889587218438297,-0.09704996715675342,-0.04434045372645836,-0.019103701648131202,0.008953346950664114,-0.003456428456331077,-0.02132083252334315,0.30395436488258804,0.24170240037587323,0.2778167719580438,0.24518927290280043,0.26884913189973225,0.2889587218438297,-0.09815203895822808,-0.046250434954187805,-0.019103701648131202,0.008953346950664114,-0.003456428456331077,-0.02132083252334315,1,37.13345703125002,37.46164062500004,38.67237723214289,38.88748883928574,38.57863281250004,35.73719866071433
93185000716,0.44315974417154635,0.47649828822470996,0.5674327095555247,0.22387023984216825,0.4026343378300596,0.43661327368520236,-0.23084299679089026,-0.19668788550233884,-0.24838030351581258,-0.0014567444307189191,-0.11469562651285872,-0.16482148152555112,0.4272949666607304,0.46093993424240925,0.5674327095555247,0.22387023984216825,0.4026343378300596,0.43661327368520236,-0.22972565842040762,-0.19680534681433726,-0.24838030351581258,-0.0014567444307189191,-0.11469562651285872,-0.16482148152555112,1,35.69590225563914,36.09781408065624,37.29182599355535,38.25988184747587,37.640601503759434,34.79453276047265
93185000717,0.4029813486056492,0.40548503708475153,0.35671465755283877,0.315269344826229,0.432807265855372,0.44141844472847885,-0.19458435563297305,-0.16714329193616026,-0.05336333480648819,-0.025546685256840652,-0.10841220806571075,-0.13461060323475976,0.3872274431512688,0.38969975510942356,0.35671465755283877,0.315269344826229,0.432807265855372,0.44141844472847885,-0.19366737854082794,-0.16719851205394035,-0.05336333480648819,-0.025546685256840652,-0.10841220806571075,-0.13461060323475976,1,34.83472125435543,34.759808679125776,36.122832254853186,37.55904927824792,36.4894947735192,33.92620706819315
93195000687,0.27973036082145,0.2234132337733538,0.21614457952065003,0.2381199191143753,0.24542964780928175,0.251539174520509,-0.0017554057613396283,0.007616577016573848,0.04027432561105852,0.05200156448698274,0.04391455200125564,0.04227057115798395,0.2645168691372155,0.2085906924962118,0.21614457952065003,0.2381199191143753,0.24542964780928175,0.251539174520509,-0.004399065663616835,0.0052175412241355,0.04027432561105852,0.05200156448698274,0.04391455200125564,0.04227057115798395,4,37.59902343750004,37.18813210227276,38.36868303571432,38.37790178571432,37.32445312500003,35.01502232142862
93195000688,0.2503498386904891,0.20893107909370884,0.24147896395734625,0.2553261420375928,0.2669440125034519,0.2452199437219374,0.019060437366086463,0.0297026836035805,0.028010510926580634,0.030673901540637045,0.03273104038182707,0.03186298424891481,0.23504734049475456,0.1940086877732952,0.24147896395734625,0.2553261420375928,0.2669440125034519,0.2452199437219374,0.01655095743688919,0.026992745365900354,0.028010510926580634,0.030673901540637045,0.03273104038182707,0.03186298424891481,4,38.086816406250044,37.416602982954586,38.36597098214289,38.42194196428576,37.24529296875003,34.94122767857145
93195000689,0.2725567076500933,0.2386622792728653,0.3282077441972927,0.33221893578853084,0.35139642894884443,0.3459153962390011,-0.014951338434710035,-0.06196056255563355,-0.04150210801949322,-0.027035357424757985,-0.051251648992543294,-0.05656073501877836,0.2572173414708943,0.2230429238559232,0.3282077441972927,0.33221893578853084,0.35139642894884443,0.3459153962390011,-0.017130155518245864,-0.06152838707324451,-0.04150210801949322,-0.027035357424757985,-0.051251648992543294,-0.05656073501877836,4,37.867823529411794,37.16135828877006,37.92474509803926,38.25929971988799,36.804215686274546,34.815333333333356
93195000691,0.1691154280583784,0.17814441264586184,0.2081350258330744,0.23600044231587716,0.24670706179105126,0.2561089553479154,0.051451402212075815,0.0421192883794157,0.043801851895164966,0.0378621913252363,0.04005209494356548,0.025117890211359507,0.15447286183373782,0.16330184567516426,0.2081350258330744,0.23600044231587716,0.24670706179105126,0.2561089553479154,0.04840377423052971,0.03932869866066124,0.043801851895164966,0.0378621913252363,0.04005209494356548,0.025117890211359507,3,36.85681640625003,37.740390625000046,38.59834821428576,38.97921875000004,37.12710937500005,35.302165178571464
93195000692,0.22302858591818014,0.20552565409882806,0.23899452266416377,0.2651908178772003,0.2838507052574606,0.28540682292999797,0.026447173196535143,0.03139040951610949,0.03323370074954251,0.021975402525389855,0.016161949803156408,0.021254221469591203,0.20799282420225476,0.1907836321471459,0.23899452266416377,0.2651908178772003,0.2838507052574606,0.28540682292999797,0.023725211305249835,0.02848649267270377,0.03323370074954251,0.021975402525389855,0.016161949803156408,0.021254221469591203,3,37.416679687500036,38.17262500000003,38.94328125000004,39.18111607142859,37.49953125000005,35.59921875000003
93195000693,0.21326705334375368,0.24764094868409178,0.30456907107084435,0.3456231558646594,0.37855018982603306,0.39356116751099157,-0.03632283685279848,-0.01338397423385109,-0.021953198987540896,-0.05224041136242801,-0.07683035647557745,-0.08254419016631885,0.1982213535104589,0.23246135032091148,0.30456907107084435,0.3456231558646594,0.37855018982603306,0.39356116751099157,-0.03772540322533987,-0.015449331709892582,-0.021953198987540896,-0.05224041136242801,-0.07683035647557745,-0.08254419016631885,3,37.408661417322875,38.09907874015752,38.85823397075368,39.099415073115885,37.12125984251971,35.49307086614176
93195000697,0.10629795586050252,0.11217463369645429,0.15521939986690628,0.16131064374659,0.15730014347835847,0.16188016267642397,0.08247294138967913,0.09282606401412716,0.09013137309727869,0.08875236853159192,0.10184908325637018,0.09280131371506786,0.09209975039118118,0.09799755352117574,0.15521939986690628,0.16131064374659,0.15730014347835847,0.16188016267642397,0.07915914479365808,0.08916715039416284,0.09013137309727869,0.08875236853159192,0.10184908325637018,0.09280131371506786,3,38.06430718954251,37.64240000000003,38.65299346405233,38.76140616246503,36.90586928104578,35.134571428571455
93195000698,0.10703525263940969,0.12939547960852749,0.16935452537274612,0.19505224278718106,0.2034827996082097,0.20088221059998657,0.040245958601459075,0.04464441247905845,0.050582598632711306,0.03876494754567178,0.03918985123678388,0.03772647788406928,0.09284420674608679,0.11487886671375709,0.16935452537274612,0.19505224278718106,0.2034827996082097,0.20088221059998657,0.038082516914967404,0.042354207157174216,0.050582598632711306,0.03876494754567178,0.03918985123678388,0.03772647788406928,3,38.41808593750003,37.869875000000036,38.69846354166672,38.96787946428577,37.13651041666668,35.31145089285717
93195000699,0.08684626495230684,0.10175442964292106,0.14964129452633704,0.14321526255778164,0.148544053880876,0.14782228973372857,0.12448115479358965,0.12311087148658495,0.10755232577944036,0.1096569715162467,0.12178873794335211,0.12045510835241416,0.07288856672515574,0.08762967267465077,0.14964129452633704,0.14321526255778164,0.148544053880876,0.14782228973372857,0.12048981007619929,0.1191016990629201,0.10755232577944036,0.1096569715162467,0.12178873794335211,0.12045510835241416,3,38.172695312500046,38.00545312500003,38.678710937500014,39.35236607142863,37.71468750000002,35.73160714285714
93195000700,0.09386872997987779,0.10160109395689251,0.15002804426163344,0.13298833870483254,0.14218154752264234,0.14125395113392245,0.10855188202214734,0.1050745864916113,0.09692762998085518,0.10189347962741428,0.1094267090464,0.1075880001084176,0.07981657015260259,0.08746126903822153,0.15002804426163344,0.13298833870483254,0.14218154752264234,0.14125395113392245,0.1048032908075267,0.10135982919824477,0.09692762998085518,0.10189347962741428,0.1094267090464,0.1075880001084176,3,39.49031372549024,38.278494989106804,39.03383193277313,39.633607843137284,38.42937254901965,36.01481792717089
93195000701,0.09897120754182234,0.11286826671570768,0.15796089854450787,0.16117975125742331,0.17032383318712413,0.15849518926238554,0.06899126177015763,0.06765451666765368,0.06718140478846073,0.07220006600895071,0.07143988456800124,0.06572579837384286,0.0848958744849857,0.09855099979119832,0.15796089854450787,0.16117975125742331,0.17032383318712413,0.15849518926238554,0.06582149115510041,0.06463283746830535,0.06718140478846073,0.07220006600895071,0.07143988456800124,0.06572579837384286,3,39.84864705882356,37.883302832244055,38.826941176470626,39.35056022408967,37.86200000000004,35.76847619047622
93195000702,0.09587062480890582,0.10341328636217356,0.15410678047120863,0.15937447868141075,0.16770397654262345,0.16187108812183254,0.09107268745581695,0.08514850765056287,0.08402416532427219,0.08288253528700264,0.0878247570887342,0.08181007477746405,0.0818158281455414,0.08933971824414465,0.15410678047120863,0.15937447868141075,0.16770397654262345,0.16187108812183254,0.08757736627779791,0.08162391488639956,0.08402416532427219,0.08288253528700264,0.0878247570887342,0.08181007477746405,1,39.16328125000002,37.670171006944486,38.42804687500004,38.904397321428604,37.53835937500004,35.384542410714296
93195000703,0.18509835901542587,0.17636185176653107,0.2258026523889345,0.24622639101488605,0.2835492408838905,0.27339242657305396,0.016537002870928626,0.020470876841497294,0.0195496301646682,0.006585578236278345,-0.0014161160442325896,-0.00951311106359826,0.1701028775244881,0.16146228191818918,0.2258026523889345,0.24622639101488605,0.2835492408838905,0.27339242657305396,0.014108397450336119,0.018000408146059056,0.0195496301646682,0.006585578236278345,-0.0014161160442325896,-0.00951311106359826,1,38.42658823529413,37.60091067538129,38.31871708683478,38.71444817927173,37.50401307189546,35.24699719887957
93195000704,0.2599095723950808,0.28227164083591194,0.3230924653217176,0.3504064729655268,0.4193765170497459,0.40724671860813255,-0.04246632472915138,-0.06831708113488964,-0.05326061295673641,-0.06446614568242129,-0.1054734732518781,-0.10439099680783462,0.24450684108048756,0.266578548837058,0.3230924653217176,0.3504064729655268,0.4193765170497459,0.40724671860813255,-0.04411285664787767,-0.06937810636023277,-0.05326061295673641,-0.06446614568242129,-0.1054734732518781,-0.10439099680783462,1,37.13723529411768,37.34992156862748,37.994705882352974,38.4935630252101,37.388954248366055,34.982481792717124
93195000705,0.2030523447800796,0.21397622122171578,0.26723343093196233,0.2528453142009494,0.30604695132204746,0.3000074264575169,0.005296587404438867,-0.01978900390845729,-0.003711023819973528,0.002675646240305313,-0.015125701791670127,-0.021242768031897775,0.18806957934324453,0.19866249562190655,0.26723343093196233,0.2528453142009494,0.30604695132204746,0.3000074264575169,0.003128697481359182,-0.021208063796752052,-0.003711023819973528,0.002675646240305313,-0.015125701791670127,-0.021242768031897775,1,36.46162109375002,37.01548437500002,37.75746651785717,38.22720982142858,36.85393229166671,34.890569196428594
93195000706,0.12541647269506762,0.12768988020123767,0.17393218944012975,0.17150327736577584,0.17763472382304304,0.1779314722001877,0.08937690502980773,0.09381070755129109,0.0937607407388465,0.0994155616093099,0.11123890147752348,0.10111992063705678,0.11123956797034505,0.11343765772713157,0.17393218944012975,0.17150327736577584,0.17763472382304304,0.1779314722001877,0.08577002884001453,0.0902694320232,0.0937607407388465,0.0994155616093099,0.11123890147752348,0.10111992063705678,1,36.50703125000003,37.195812500000024,37.75700892857145,38.23379464285717,37.05822916666669,35.285267857142905
93195000707,0.16290279643022568,0.18110963164810803,0.23986645308946297,0.2408462350387677,0.2510285203296872,0.23240246011303314,0.032266981000351906,0.018396085307030133,0.016467068476354988,0.025974969709887104,0.0150159256179589,0.01677392516350643,0.1482489731512157,0.1663317141144504,0.23986645308946297,0.2408462350387677,0.2510285203296872,0.23240246011303314,0.029420380374602723,0.01572237226333102,0.016467068476354988,0.025974969709887104,0.0150159256179589,0.01677392516350643,1,36.98284313725493,37.04317647058826,37.752677871148485,38.344890756302554,37.649843137254926,35.40178711484597
93195000708,0.21497013359847159,0.20491699502760835,0.2695278078330651,0.2801535528787952,0.3089391471703141,0.2924013434639976,-0.05235641051272821,-0.04846576391590546,-0.03717773689525441,-0.023841896969669974,-0.04647162985870185,-0.04658499859427414,0.19985851371486055,0.18992747122543385,0.2695278078330651,0.2801535528787952,0.3089391471703141,0.2924013434639976,-0.05337078910895054,-0.049725697662917796,-0.03717773689525441,-0.023841896969669974,-0.04647162985870185,-0.04658499859427414,1,37.329372549019645,36.741160784313756,37.54894677871151,37.80473389355744,38.013843137254916,35.0572717086835
93195000709,0.19705128334355929,0.20443807828259292,0.2579543830685704,0.2649495227769632,0.2888790539543925,0.2793727631886467,-0.04002811962400854,-0.04628222523755571,-0.03484468227515457,-0.02582622175743898,-0.05016378187625089,-0.048300324970960165,0.18215690533242399,0.18945327190912198,0.2579543830685704,0.2649495227769632,0.2888790539543925,0.2793727631886467,-0.04148999816128097,-0.04763159116386689,-0.03484468227515457,-0.02582622175743898,-0.05016378187625089,-0.048300324970960165,4,36.731093750000035,36.41145312500005,37.163035714285726,37.58743303571431,37.35083333333338,34.56444196428574
93195000710,0.22550371742467867,0.21973513891876897,0.3075323822203088,0.3163579059739787,0.3461276809270639,0.32080727120494695,-0.02824186960136988,-0.033148062468335196,-0.03800288386730944,-0.03176490686947168,-0.074658467299225,-0.061064220777843875,0.20999155856886495,0.20423914608740346,0.3075323822203088,0.3163579059739787,0.3461276809270639,0.32080727120494695,-0.029951225284131633,-0.03480426215976589,-0.03800288386730944,-0.03176490686947168,-0.074658467299225,-0.061064220777843875,4,36.80189453125004,36.29310937500004,37.04495535714289,37.51090215773814,37.01914062500005,34.48441964285718
93195000711,0.21619541974457834,0.2090670446359308,0.2827369092516708,0.2665376809624434,0.2903807068891634,0.2844468131643789,-0.025065881861940375,-0.034760848407199944,-0.02196902259262484,-0.0028166692052469483,-0.04617828093572997,-0.0296034377306566,0.20093766353257983,0.19400447798122597,0.2827369092516708,0.2665376809624434,0.2903807068891634,0.2844468131643789,-0.026848721959004625,-0.03650735922967336,-0.02196902259262484,-0.0028166692052469483,-0.04617828093572997,-0.0296034377306566,4,37.269566929133894,36.527551181102375,37.501743532058505,37.691743532058524,37.43750656167982,34.59543307086617
93195000712,0.2470867364843237,0.27155401899498866,0.3638764943688958,0.3494617737795598,0.35917741688763216,0.33807271508003695,-0.0396721803706854,-0.05334470862749773,-0.07258346073296502,-0.06714928750384586,-0.08776363938391347,-0.05496849361674107,0.2321691006302154,0.2565387956352323,0.3638764943688958,0.3494617737795598,0.35917741688763216,0.33807271508003695,-0.04170469218903034,-0.05523393506452924,-0.07258346073296502,-0.06714928750384586,-0.08776363938391347,-0.05496849361674107,4,37.35281250000005,37.06518750000002,38.20428571428573,38.05750000000004,37.42958333333336,34.93339285714288
93195000713,0.18926466678946297,0.16020477820663626,0.21442269670258257,0.23803797222630652,0.21565799344307177,0.2130195663260081,0.042078873350838326,0.05899646789036817,0.05282320300139799,0.04731163071404407,0.06727347918037427,0.06027505117661726,0.17470989645058518,0.14589120242100842,0.21442269670258257,0.23803797222630652,0.21565799344307177,0.2130195663260081,0.038905807557130814,0.05563175722167371,0.05282320300139799,0.04731163071404407,0.06727347918037427,0.06027505117661726,1,37.50585937500002,37.78549218750003,39.007053571428585,39.052522321428626,38.089661458333374,35.6326674107143
93195000714,0.2694225029450961,0.17104749615242495,0.2064299923518066,0.21854224454017532,0.22224101657843903,0.22508928970859496,-0.03186888403265264,-0.024114306353593323,-0.0047785416089681475,-0.0005646198379069913,0.0009446911193510317,-0.017625712809413076,0.2540969348540416,0.15640902241225332,0.2064299923518066,0.21854224454017532,0.22224101657843903,0.22508928970859496,-0.03373721880746288,-0.02591777731145695,-0.0047785416089681475,-0.0005646198379069913,0.0009446911193510317,-0.017625712809413076,1,37.72848837209307,38.22238759689926,39.6077408637874,39.68470653377633,39.23453488372096,36.295470653377656
93195000715,0.399655577937306,0.3274115385601728,0.30753857907685517,0.34028957107515856,0.369234919283536,0.36201665225399776,-0.10108431142088883,-0.08603475921691704,-0.03853095770489068,-0.04796600861436104,-0.0548011364174361,-0.06638762447010778,0.3839136823810114,0.3121833123507919,0.30753857907685517,0.34028957107515856,0.369234919283536,0.36201665225399776,-0.10213053173330057,-0.08746415938968907,-0.03853095770489068,-0.04796600861436104,-0.0548011364174361,-0.06638762447010778,1,36.205121951219546,36.89796515679447,38.347063215530156,38.53706819313092,37.76052264808367,34.992000995520186
93195000716,0.4242666129816819,0.36529486821974966,0.34525546713269756,0.3455312485541096,0.3469356477158934,0.36861212061211324,-0.11228036482259164,-0.08436847228642144,-0.07166586897967012,-0.05286807493097308,-0.05372952218014941,-0.061001593874239715,0.40889628883191753,0.34998466981809334,0.34525546713269756,0.3455312485541096,0.3469356477158934,0.36861212061211324,-0.11377340849312681,-0.08608324952244242,-0.07166586897967012,-0.05286807493097308,-0.05372952218014941,-0.061001593874239715,1,34.79682310469315,34.8843852970135,36.68837029396599,37.29390923156268,36.182454873646236,33.77623001547192
93195000717,0.4800656840370731,0.5204641185534755,0.4632616741673877,0.38711254875099815,0.49435206565257755,0.4170741594752507,-0.19429469638358207,-0.24574658264970245,-0.16942984208901787,-0.1381453155944057,-0.20460797455948584,-0.19507731581495594,0.4644260071908363,0.5049560451592523,0.4632616741673877,0.38711254875099815,0.49435206565257755,0.4170741594752507,-0.19430479715440002,-0.24505112322070033,-0.16942984208901787,-0.1381453155944057,-0.20460797455948584,-0.19507731581495594,4,33.66749019607847,33.14162923351162,34.78405042016807,35.65568067226893,34.6111960784314,32.637507002801144
93205000687,0.2454228976626216,0.19680329190436155,0.23695498669931495,0.25106575475180376,0.24148341844467153,0.23641569344408153,0.00767260376408942,0.020610025826318688,0.021755792091169585,0.024581676071575343,0.032322144401424294,0.026931845267891972,0.2302744121933004,0.18198974397713935,0.23695498669931495,0.25106575475180376,0.24148341844467153,0.23641569344408153,0.005029436276527405,0.017951000568464822,0.021755792091169585,0.024581676071575343,0.032322144401424294,0.026931845267891972,4,37.11860784313728,37.020816399287035,38.53671148459387,38.747579831932796,37.47382352941178,35.07946778711488
93205000688,0.30007107523174753,0.2207543001442884,0.2781781911351509,0.286619754047743,0.3001974023466098,0.2796034220902035,-0.031905545080263144,-0.005708636449239483,-0.01066368629156957,-0.016686719465634558,-0.011175849663246041,-0.011419935469107956,0.28469030944692864,0.20586863508821868,0.2781781911351509,0.286619754047743,0.3001974023466098,0.2796034220902035,-0.03409421368920628,-0.008196233543810064,-0.01066368629156957,-0.016686719465634558,-0.011175849663246041,-0.011419935469107956,4,37.532137254902004,37.30359001782535,38.481798319327766,38.6486554621849,37.551875816993494,35.0391204481793
93205000689,0.256705333812823,0.21998923556205258,0.26645940016324704,0.2767710133740456,0.27080202248849516,0.2630867733121129,-0.01689645758193064,-0.028553164582284563,-0.005142173204545622,-0.004889415852820619,0.003859508055186546,-0.0007939580000034926,0.24146224201687874,0.20489362916019008,0.26645940016324704,0.2767710133740456,0.27080202248849516,0.2630867733121129,-0.019108662201075065,-0.0296970080027988,-0.005142173204545622,-0.004889415852820619,0.003859508055186546,-0.0007939580000034926,4,37.31263671875003,37.13976562500002,38.1956584821429,38.412622767857194,36.881731770833376,34.9572209821429
93205000690,0.2519734790202014,0.22155882667016075,0.2517493536148846,0.2766952666066496,0.2822608623481709,0.2858240779497982,0.016130661093663495,0.029167723997228206,0.019805904742024337,0.01213005954414301,0.011472334889949195,0.005302477545676028,0.2367555702616708,0.20647756902655698,0.2517493536148846,0.2766952666066496,0.2822608623481709,0.2858240779497982,0.013357483829713706,0.026327280329423178,0.019805904742024337,0.01213005954414301,0.011472334889949195,0.005302477545676028,3,36.71703125000002,37.172545454545485,38.211339285714324,38.45562500000003,36.501718750000045,35.01723214285719
93205000691,0.23708420606781078,0.2460722618851274,0.2720050988791895,0.30445190073318623,0.34558938149730284,0.3343694923275895,0.011526687136403174,-0.0027885724737496714,0.002505394375322415,-0.003399568570844144,-0.029473598678912385,-0.021723846645026194,0.2220877087574118,0.23097881413869287,0.2720050988791895,0.30445190073318623,0.34558938149730284,0.3343694923275895,0.008852291860982393,-0.005143465986235766,0.002505394375322415,-0.003399568570844144,-0.029473598678912385,-0.021723846645026194,3,36.84896078431375,37.514740106951905,38.300890756302564,38.686896358543464,36.773372549019655,35.17617366946782
93205000692,0.18322252479275303,0.14626956292097182,0.1937339592735052,0.19797099773579324,0.1875870028730284,0.19744813062138603,0.06430915305804195,0.07721618845966097,0.07600291553694358,0.08806014001186187,0.09565777198049746,0.09398295055525716,0.16865598700890552,0.1320344498826861,0.1937339592735052,0.19797099773579324,0.1875870028730284,0.19744813062138603,0.06098566860458124,0.07361950973701413,0.07600291553694358,0.08806014001186187,0.09565777198049746,0.09398295055525716,3,37.26275816993467,37.88099607843138,38.6477366946779,39.02840896358548,37.279137254902,35.56870028011207
93205000693,0.176988662499679,0.15992875856682476,0.18979862180734694,0.20920091667533444,0.21000219401700956,0.2162073203615594,0.05581012751259031,0.06364841374655154,0.05959846200481143,0.05509313714184621,0.06157939461881941,0.05579519885013702,0.1622556863980342,0.14534688010959787,0.18979862180734694,0.20920091667533444,0.21000219401700956,0.2162073203615594,0.052912329521860216,0.060654735027198856,0.05959846200481143,0.05509313714184621,0.06157939461881941,0.05579519885013702,3,37.23595052083337,38.043546875000025,39.1220535714286,39.48205357142862,37.28355468750003,35.83466517857147
93205000694,0.2130492549456348,0.17041690222070083,0.22022109170138618,0.28888112702509944,0.2974162127311769,0.26958099709638933,-0.06176842570961468,0.02307532203908457,0.03971871314684612,0.012102192270812759,0.005004601028313272,0.014562449864793284,0.19816159811573303,0.15609540300839997,0.22022109170138618,0.28888112702509944,0.2974162127311769,0.26958099709638933,-0.0620289810691763,0.020588516013420665,0.03971871314684612,0.012102192270812759,0.005004601028313272,0.014562449864793284,3,37.006985677083385,37.56578906250005,38.75030505952384,39.14957589285718,36.64104817708336,35.47397321428575
93205000697,0.10830426605551191,0.12131678081784361,0.17746913127851832,0.1782716056437762,0.19320920930429014,0.194537962183824,0.043839651660508676,0.05393065334347934,0.05118257419880435,0.059236817951959314,0.05335520231734252,0.04159666669366592,0.09408429533270952,0.10701195016942348,0.17746913127851832,0.1782716056437762,0.19320920930429014,0.194537962183824,0.041290234396280386,0.05107983882503496,0.05118257419880435,0.059236817951959314,0.05335520231734252,0.04159666669366592,3,36.90737630208337,37.12331250000002,38.0671354166667,38.76974330357145,36.53789062500002,35.03553571428576
93205000698,0.09116361908062384,0.10954743943296469,0.16794587929621346,0.1658021270894588,0.1766176571628816,0.18628182572232962,0.06856510212781362,0.05716132648417942,0.06058658446893035,0.06486089060499918,0.05909039236418209,0.05062213950458362,0.07714241999795679,0.09522270893556466,0.16794587929621346,0.1658021270894588,0.1766176571628816,0.18628182572232962,0.06567851045896392,0.05472501767042849,0.06058658446893035,0.06486089060499918,0.05909039236418209,0.05062213950458362,3,37.865019607843166,37.592535947712456,38.148009337068196,39.020140056022456,36.98346405228761,35.32582072829134
93205000699,0.0848162147194898,0.10114877146622729,0.14796170476147597,0.14310506708944368,0.15500370238041192,0.14878022629710302,0.08808240000656736,0.0932134092407398,0.08797321087325648,0.09685542943539134,0.09734610044084736,0.09883954464476961,0.0709393758704947,0.08704609767323891,0.14796170476147597,0.14310506708944368,0.15500370238041192,0.14878022629710302,0.08458451939116962,0.08964716844750854,0.08797321087325648,0.09685542943539134,0.09734610044084736,0.09883954464476961,3,38.02023529411768,37.77302832244011,38.22277310924372,39.18042016806726,37.50566013071897,35.70787114845939
93205000700,0.08186877625535689,0.10535664364225128,0.1510295517594891,0.14344955871874637,0.15762644509243445,0.14291950046125423,0.0735093777048052,0.07835228682112569,0.07174811142585628,0.07982818917749462,0.08237029444208581,0.07758809272206904,0.06794390565898613,0.09116221037327482,0.1510295517594891,0.14344955871874637,0.15762644509243445,0.14291950046125423,0.07043593583356594,0.0750974918723778,0.07174811142585628,0.07982818917749462,0.08237029444208581,0.07758809272206904,3,39.05882812500003,38.05586545138893,38.43402901785716,39.444821428571466,38.28199218750002,35.74536830357146
93205000701,0.09699444163411984,0.11599953549087812,0.16552463225030464,0.15419542682517068,0.17373605738668166,0.17087511062745495,0.07113204768245993,0.06212755009291309,0.06379704955518156,0.06787099812982343,0.07404466028804808,0.06934363681168092,0.0829360176294043,0.10174544894840741,0.16552463225030464,0.15419542682517068,0.17373605738668166,0.17087511062745495,0.0679660183274088,0.05923942508043914,0.06379704955518156,0.06787099812982343,0.07404466028804808,0.06934363681168092,1,39.380625000000045,37.568055555555596,38.17785714285716,38.803928571428614,37.23625000000003,35.49750000000005
93205000702,0.10751333504429145,0.11686977026302924,0.1765946755042586,0.1844223914307059,0.21405253134302243,0.20604500021258096,0.03725201754357536,0.05266125749846402,0.052946716617218614,0.0444258420277987,0.03811372402550256,0.041200634945318525,0.09333078696028724,0.10260911510691918,0.1765946755042586,0.1844223914307059,0.21405253134302243,0.20604500021258096,0.03477151412131808,0.049827924178909334,0.052946716617218614,0.0444258420277987,0.03811372402550256,0.041200634945318525,1,38.59294117647062,37.25439215686279,37.80436414565828,38.13075443510739,36.928039215686304,35.3524985994398
93205000703,0.1333094545935482,0.14167084814799616,0.19356763761925744,0.1972396937548343,0.2238579836993701,0.21572783930139197,0.06607777213308177,0.06026382162352039,0.05263239971044912,0.0460039498241897,0.04981203028164496,0.04441211096551625,0.11886154917712398,0.12719013525113634,0.19356763761925744,0.1972396937548343,0.2238579836993701,0.21572783930139197,0.0629107801868568,0.05712475469641213,0.05263239971044912,0.0460039498241897,0.04981203028164496,0.04441211096551625,1,38.247470588235316,37.375969498910706,37.799400560224115,38.198750700280144,37.121921568627485,35.36594397759107
93205000704,0.28085134233604986,0.23298023629956086,0.3276855561317487,0.32271574176668405,0.40483212851380207,0.3765825348075854,-0.08238606964412078,-0.06866122354340493,-0.0516928783222573,-0.04746242816683277,-0.09044461708881422,-0.0748227009330043,0.26548957817503527,0.21764507116585638,0.3276855561317487,0.32271574176668405,0.40483212851380207,0.3765825348075854,-0.08298902800211318,-0.06910472454847341,-0.0516928783222573,-0.04746242816683277,-0.09044461708881422,-0.0748227009330043,1,37.54433593750003,37.09413541666671,37.4301116071429,37.95399553571431,37.35197916666672,35.08620535714288
93205000705,0.19463166216839478,0.19618866510714628,0.24209121207816198,0.2584361714517135,0.2924288989663255,0.2759740205610946,0.0011318999029074383,0.003897984254491421,0.008657895131190103,0.009098406021064886,-0.008794182769670431,-0.016870777804768967,0.17972290820706938,0.1812576315027478,0.24209121207816198,0.2584361714517135,0.2924288989663255,0.2759740205610946,-0.0009989802738101944,0.00171894948211747,0.008657895131190103,0.009098406021064886,-0.008794182769670431,-0.016870777804768967,1,36.06105882352944,36.683960784313754,37.049675070028044,37.624285714285726,36.93175163398698,34.681137254902
93205000706,0.1525313945404714,0.16599308796337767,0.2221797483317864,0.23070799385195948,0.23256985469321675,0.23816894983568634,-0.05818910438497112,-0.05950906753860001,-0.046510562607748863,-0.035847564749437316,-0.05409532097323126,-0.053778587604592844,0.13772056522002507,0.1511482503413611,0.2221797483317864,0.23070799385195948,0.23256985469321675,0.23816894983568634,-0.05827779289170793,-0.059820505614588876,-0.046510562607748863,-0.035847564749437316,-0.05409532097323126,-0.053778587604592844,1,35.84009803921573,36.69606274509806,36.967960784313746,37.59121008403367,36.74006535947716,34.859591036414606
93205000708,0.12283551772191698,0.11956225753349894,0.16698236634832853,0.16988217455074572,0.17400285216382977,0.18368191859766853,0.027573222388835233,0.03378890036031593,0.035871134292066564,0.038791213309195806,0.02975981468964568,0.019046116359834702,0.10873698115068944,0.10548000454344457,0.16698236634832853,0.16988217455074572,0.17400285216382977,0.18368191859766853,0.025870525764711202,0.032071909119619574,0.035871134292066564,0.038791213309195806,0.02975981468964568,0.019046116359834702,1,36.500117187500045,36.59981250000005,37.06263392857145,37.4737611607143,37.82197916666669,35.079441964285735
93205000709,0.2538617989055463,0.2545566510705054,0.3527328260793584,0.3904542567631977,0.41734319298000505,0.34720660420943866,-0.07125123363167243,-0.07736364156881802,-0.09508658322267405,-0.1083924525393158,-0.13505276265826674,-0.09353404717294451,0.23891680522391948,0.2396607748278032,0.3527328260793584,0.3904542567631977,0.41734319298000505,0.34720660420943866,-0.07258221584907334,-0.07866669497285811,-0.09508658322267405,-0.1083924525393158,-0.13505276265826674,-0.09353404717294451,1,36.54205882352946,36.66306318082792,37.216240896358556,37.872924369747935,37.476928104575194,34.97002240896361
93205000710,0.24567736574337246,0.21107218782524484,0.27309337988354243,0.2791682225203185,0.29511702705220016,0.2854427326983591,-0.049596206424990595,-0.03998415218128426,-0.023407511310354,-0.016050953729874036,-0.04338040841414205,-0.01912093723323346,0.23041563579244004,0.19602720012894861,0.27309337988354243,0.2791682225203185,0.29511702705220016,0.2854427326983591,-0.0512080974666928,-0.04175376840461395,-0.023407511310354,-0.016050953729874036,-0.04338040841414205,-0.01912093723323346,1,36.67209803921573,36.7609612200436,37.261753501400605,37.88005042016811,36.998418300653654,34.97601680672272
93205000711,0.20445159030735913,0.17184202202336596,0.2473551319374067,0.2687767332900144,0.28321304683338516,0.26477662693633636,-0.015047099234866568,-0.010204354785755217,0.004847687327476647,0.0021175447131438186,-0.020728570248007297,-0.009535375824966413,0.18939734075426887,0.15717478176934455,0.2473551319374067,0.2687767332900144,0.28321304683338516,0.26477662693633636,-0.01702469599203556,-0.012349653675493866,0.004847687327476647,0.0021175447131438186,-0.020728570248007297,-0.009535375824966413,1,36.934335937500045,37.122558159722246,37.905736607142885,38.388781622023856,37.53367187500002,35.24380580357147
93205000712,0.202816935323127,0.21918875422846976,0.3049528445406772,0.3162976028402813,0.3658007050554947,0.34000730871354623,-0.026443454698916943,0.02774555383949807,0.014028916047032054,-0.005472904143430899,-0.04295906723120817,-0.03716643681032328,0.18797668744428356,0.20425464255181275,0.3049528445406772,0.3162976028402813,0.3658007050554947,0.34000730871354623,-0.028192764431855217,0.024916478899418466,0.014028916047032054,-0.005472904143430899,-0.04295906723120817,-0.03716643681032328,1,37.71550980392161,37.74894117647062,38.752196078431375,38.6662016806723,37.83907189542486,35.646156862745144
93205000713,0.1208582451332412,0.11202957553430842,0.16195559545942614,0.17957518206857126,0.19808408157824275,0.20660529192056218,0.10617168366897342,0.10834265410338889,0.08880970475762211,0.07387812643558551,0.07102971849943804,0.04599388851421413,0.10673292451555204,0.09803420728446993,0.16195559545942614,0.17957518206857126,0.19808408157824275,0.20660529192056218,0.10244928083460571,0.10456082350041192,0.08880970475762211,0.07387812643558551,0.07102971849943804,0.04599388851421413,1,37.65588652482271,38.27536406619389,39.17643363728474,39.24314083080045,38.51799054373525,36.19662613981765
93205000714,0.19251538608886776,0.16119588919361763,0.24050647479340154,0.24168467735852683,0.2902544409791248,0.25974174836032005,-0.009710018286874983,-0.010069919359867384,-0.004665184517388944,-0.008903724141043925,-0.030544380743035515,-0.033978090139047165,0.17747048163008458,0.1464866669085547,0.24050647479340154,0.24168467735852683,0.2902544409791248,0.25974174836032005,-0.01163237122443199,-0.011960944498834027,-0.004665184517388944,-0.008903724141043925,-0.030544380743035515,-0.033978090139047165,1,37.53271126760568,37.96298122065732,39.15898390342055,39.302987927565404,38.76383802816903,36.04799798792758
93205000715,0.40754060593207886,0.3936541422246436,0.47155417422246176,0.4942974833290613,0.5802782770712408,0.5206802125770315,-0.15893050239266743,-0.1453056643018562,-0.1684826480002544,-0.14105446929008558,-0.19818558539875916,-0.16395626598685872,0.3920568250870298,0.37872501869943476,0.47155417422246176,0.4942974833290613,0.5802782770712408,0.5206802125770315,-0.1593066292065112,-0.14635191113872653,-0.1684826480002544,-0.14105446929008558,-0.19818558539875916,-0.16395626598685872,1,36.14254901960788,36.09494117647064,37.87541176470592,37.88364705882354,36.54707843137259,33.938672268907595
93205000716,0.4264346450081405,0.39472201918102967,0.4199336694046951,0.3951819714752404,0.3972598646291875,0.38492903537199463,-0.14421376051782028,-0.12816793098058646,-0.11367276909900977,-0.09342642455742717,-0.08254510056445871,-0.07787758332314376,0.4109155538204499,0.37917316423111713,0.4199336694046951,0.3951819714752404,0.3972598646291875,0.38492903537199463,-0.14492515208919785,-0.12906220174864516,-0.11367276909900977,-0.09342642455742717,-0.08254510056445871,-0.07787758332314376,1,34.64824218750003,34.12622656250003,36.57018973214287,36.33510044642861,34.575585937500044,32.53677455357144
93205000717,0.45610860293568606,0.5482854794650482,0.5348063695335323,0.485311060554001,0.5112617082250076,0.5075224950985125,-0.16917458759318255,-0.2844459878494001,-0.23435309855391584,-0.281042304125689,-0.30114726614030457,-0.3205006602523149,0.4402509654206881,0.5323111202810771,0.5348063695335323,0.485311060554001,0.5112617082250076,0.5075224950985125,-0.16935660903368965,-0.2830603927553223,-0.23435309855391584,-0.281042304125689,-0.30114726614030457,-0.3205006602523149,1,33.16172549019612,32.49884491978613,34.32995518207285,34.37637535014008,33.1340784313726,31.46658263305322
93215000687,0.2724972841624516,0.2271492726653681,0.2572664786543521,0.27860983411205537,0.2911291038171782,0.2856973633854679,0.008792145035283546,0.012220841883161405,0.014775274792893296,0.002775788660723075,0.004440260863856352,-0.0033741912372479347,0.25719647117126315,0.21219461710124798,0.2572664786543521,0.27860983411205537,0.2911291038171782,0.2856973633854679,0.0060758178520117345,0.009470330504333744,0.014775274792893296,0.002775788660723075,0.004440260863856352,-0.0033741912372479347,3,36.46100000000003,36.47135175282237,38.38801120448182,38.90492436974792,36.78107843137258,34.83062558356677
93215000688,0.2663042313680793,0.19546286178739988,0.25984084263166296,0.2773210743578048,0.2966883235861081,0.28132676064551765,-0.027550369873378305,-0.0009224679402487269,-0.0027205321241335124,-0.01775224942391359,-0.014527668616498526,-0.01658624074115423,0.25088786198583785,0.1807314284826772,0.25984084263166296,0.2773210743578048,0.2966883235861081,0.28132676064551765,-0.029581838896439838,-0.0034690261054932665,-0.0027205321241335124,-0.01775224942391359,-0.014527668616498526,-0.01658624074115423,4,36.679960937500034,36.987997159090945,38.5485267857143,38.69578125000003,37.10536458333337,35.058478422619075
93215000689,0.2611463226242314,0.19593389164356015,0.25006747413406527,0.27788295067296803,0.2702631855807576,0.2733706285892041,-0.02745441370300037,0.0012778410256368193,-0.0022938234899958993,-0.005518239088637932,-0.013462845361742767,-0.014332671966247757,0.24589689888288452,0.1811557085038994,0.25006747413406527,0.27788295067296803,0.2702631855807576,0.2733706285892041,-0.029649848002291004,-0.0012444358080433216,-0.0022938234899958993,-0.005518239088637932,-0.013462845361742767,-0.014332671966247757,4,37.030585937500014,37.28041193181821,38.53677455357145,38.36541294642862,37.07712239583338,35.02121837797623
93215000690,0.21209896381450072,0.20094621324616063,0.254777626490883,0.2651286907000485,0.26833932398873434,0.2660142424686315,-0.009803481980198463,-0.0014165241139306797,-0.0076510462967054865,-0.00848410955430252,-0.007149048296255572,-0.001372790618489688,0.19713608761377824,0.18604321862068243,0.254777626490883,0.2651286907000485,0.26833932398873434,0.2660142424686315,-0.012040437867450128,-0.003784065245350083,-0.0076510462967054865,-0.00848410955430252,-0.007149048296255572,-0.001372790618489688,4,36.943700787401596,37.36452397995708,38.5796400449944,38.46098987626551,36.99431102362209,35.097356580427466
93215000691,0.15735059677847227,0.1525937426024824,0.19313645761238452,0.19865954280425854,0.21419490918884626,0.20980297328890177,0.020838173508093128,-0.00043705508287477675,0.013590646107045093,0.009495914178071187,-0.001232995590383616,0.0031502942769608077,0.14293945937285987,0.1381240362804533,0.19313645761238452,0.19865954280425854,0.21419490918884626,0.20980297328890177,0.01809070626516434,-0.002686065513147325,0.013590646107045093,0.009495914178071187,-0.001232995590383616,0.0031502942769608077,3,37.16109375000003,37.42160795454549,38.48267857142861,38.5121428571429,36.98078125000005,35.106785714285735
93215000692,0.24243330830633955,0.1922503800234477,0.2707056845284861,0.29164682178900814,0.2894280151246983,0.2744205588252257,-0.03689665669180793,0.0036853192017167824,-0.011983216228055517,-0.02263018188851445,-0.030661573962335473,-0.012240340297270518,0.2276549818794344,0.17777073884646893,0.2707056845284861,0.29164682178900814,0.2894280151246983,0.2744205588252257,-0.038863252212942095,0.0010052714580295432,-0.011983216228055517,-0.02263018188851445,-0.030661573962335473,-0.012240340297270518,3,37.64146484375002,37.40823437500001,38.26392857142861,38.51117187500005,37.01476562500003,35.27686383928575
93215000693,0.16127414100450763,0.1452505908201796,0.15693403790057975,0.18042193598204329,0.19486343004757298,0.20036067322615267,0.053721139400469034,0.0688117774615254,0.07635449554188634,0.06688189287254197,0.07623922663160608,0.06720164063474357,0.14670684639018775,0.1308850044477774,0.15693403790057975,0.18042193598204329,0.19486343004757298,0.20036067322615267,0.051114308008050204,0.0657603995851537,0.07635449554188634,0.06688189287254197,0.07623922663160608,0.06720164063474357,3,37.72657516339873,37.23284705882355,38.3448235294118,38.71715966386559,37.04141176470593,35.46777030812329
93215000695,0.23742777999055548,0.21724841241676263,0.2188989228480693,0.23306630566663952,0.2407966404319733,0.18401922209538965,0.006942540678573286,0.03917607781923452,0.045382637427350984,0.0453915415584342,0.04979992398120645,0.06494475065345293,0.22275934889562274,0.20284955116252312,0.2188989228480693,0.23306630566663952,0.2407966404319733,0.18401922209538965,0.004349201185035789,0.03596993821124033,0.045382637427350984,0.0453915415584342,0.04979992398120645,0.06494475065345293,3,35.38108723958338,36.09943055555559,37.35989955357144,37.31154017857146,35.801250000000024,34.27740373883931
93215000697,0.1551742274038789,0.14428424271968915,0.20393554648213602,0.21238190403698806,0.23829403426789902,0.24778980358249883,-0.030191454683568108,0.016040009342465713,0.01575690459811004,0.010820409611490337,0.0019821182928791235,-0.023257608642972275,0.14066108116828308,0.1298710864103382,0.20393554648213602,0.21238190403698806,0.23829403426789902,0.24778980358249883,-0.03146317787300766,0.013942574518800778,0.01575690459811004,0.010820409611490337,0.0019821182928791235,-0.023257608642972275,3,36.029784313725514,36.74313725490198,37.641137254901984,38.11228571428573,36.257019607843155,34.51499159663868
93215000698,0.1141850007961556,0.1207888324790841,0.18228958518560706,0.17573834749637235,0.20736866623187503,0.20517935400910836,0.047769203216065634,0.03312532321664312,0.05515006325071728,0.062452887353703614,0.05278177237705868,0.0478452302327008,0.10009791753477676,0.10648407011585365,0.18228958518560706,0.17573834749637235,0.20736866623187503,0.20517935400910836,0.044855387800901904,0.031266031159827526,0.05515006325071728,0.062452887353703614,0.05278177237705868,0.0478452302327008,3,37.15419607843138,37.28590326797388,37.80512231559294,38.510268907563045,36.97133333333338,34.8825042016807
93215000699,0.09344309963754692,0.09979922476863452,0.14440922181198018,0.14319879151083248,0.16859634101965795,0.16269501451581195,0.06534867089669907,0.06448845782282245,0.07696320420886381,0.08018775738765878,0.08126887165740337,0.07174578758719054,0.07955410639239348,0.08578791851261397,0.14440922181198018,0.14319879151083248,0.16859634101965795,0.16269501451581195,0.06213088082811311,0.061708204687594144,0.07696320420886381,0.08018775738765878,0.08126887165740337,0.07174578758719054,3,37.44468750000002,37.485798611111136,37.84837053571432,38.42489211309527,37.159322916666696,35.22494698660716
93215000700,0.09971554885915755,0.1275705446432,0.1771956947261395,0.16614744427274253,0.1967099579057828,0.17758620841154024,0.024194966004661363,0.0498688819788553,0.04484558671128245,0.051172565269156714,0.0432118177113447,0.03628209525256736,0.08564963403004182,0.11311479291029529,0.1771956947261395,0.16614744427274253,0.1967099579057828,0.17758620841154024,0.02183269266416182,0.04704177030642697,0.04484558671128245,0.051172565269156714,0.0432118177113447,0.03628209525256736,4,37.79390196078434,37.491385620915075,37.77484033613447,38.39197012138192,37.40368627450982,35.131915966386586
93215000701,0.156346990146325,0.15421287060360353,0.20187767962220177,0.17675098925813573,0.21628604435043333,0.20208283882185096,-0.016938423118946094,0.004246260732954175,0.006590948868581431,0.014917996836154766,0.007855322145322226,0.015110851681276093,0.14195486376807603,0.1398049946096874,0.20187767962220177,0.17675098925813573,0.21628604435043333,0.20208283882185096,-0.018863977179372663,0.0019546947427784766,0.006590948868581431,0.014917996836154766,0.007855322145322226,0.015110851681276093,1,37.92068627450983,37.209808278867136,37.436633053221314,37.86122875816997,36.74741176470591,34.854459383753564
93215000702,0.14458558000261842,0.1350940192450867,0.20096337218896235,0.20357888171658073,0.23007022009629638,0.22705114356697947,-0.0035621052807482258,-0.01069797962735576,0.008957675124817493,-0.0003470915569049275,-0.001536900582177554,-0.0076000232961975864,0.1302534935156044,0.12079227868026012,0.20096337218896235,0.20357888171658073,0.23007022009629638,0.22705114356697947,-0.005553920845823127,-0.012420135945012366,0.008957675124817493,-0.0003470915569049275,-0.001536900582177554,-0.0076000232961975864,1,37.12875000000003,36.42894444444449,36.80642857142859,36.93190476190479,35.96250000000003,34.49035714285718
93215000703,0.09997802522797872,0.0988560185548911,0.15080607978510158,0.14600515223187768,0.15856128762926783,0.1601933582671018,0.11824514304119446,0.09784864446827847,0.10461284157186067,0.08705028922946996,0.11414216342305553,0.10783379960642145,0.08587800959490315,0.08486894418598047,0.15080607978510158,0.14600515223187768,0.15856128762926783,0.1601933582671018,0.1143758234716647,0.09413525167717166,0.10461284157186067,0.08705028922946996,0.11414216342305553,0.10783379960642145,1,36.50193359375002,36.19503906250004,36.47553571428574,36.96975818452384,35.937421875000034,34.50977678571431
93215000704,0.23986106355420792,0.22537653117528691,0.30622882071641483,0.2783768887338576,0.3678764288038558,0.35492638547794664,-0.05127435661847323,-0.05673824294701323,-0.06201249983832712,-0.046648159207540695,-0.0846972431146536,-0.0994645672391505,0.22450908123026064,0.21015383791830958,0.30622882071641483,0.2783768887338576,0.3678764288038558,0.35492638547794664,-0.051585630639713595,-0.05677082692718496,-0.06201249983832712,-0.046648159207540695,-0.0846972431146536,-0.0994645672391505,1,36.15303921568629,35.977403921568666,36.27738375350144,36.84689635854344,36.25815686274513,34.38157422969191
93215000705,0.17623833462466687,0.16101586177443641,0.20564510581143966,0.2068693412777823,0.23232998478146566,0.2273231286157128,0.030927262701999508,0.02106876787873819,0.029671824515454016,0.042850090079331986,0.025152762727729906,0.023335890753964597,0.1614245060628173,0.1464108139926321,0.20564510581143966,0.2068693412777823,0.23232998478146566,0.2273231286157128,0.028245584471351587,0.018440299085732238,0.029671824515454016,0.042850090079331986,0.025152762727729906,0.023335890753964597,1,35.25133333333338,35.933796078431406,36.273036414565865,36.63274509803923,36.26620915032683,34.29153501400565
93215000706,0.1784674461504927,0.16064762820639203,0.2396235116584565,0.23875125761883098,0.26903847905817835,0.25641168071832254,-0.00655140496370878,-0.03220333664479694,-0.004568524108550136,0.009774397182333673,-0.019453247136852068,-0.025013133278325914,0.16346372440061208,0.14571801860887415,0.2396235116584565,0.23875125761883098,0.26903847905817835,0.25641168071832254,-0.008583510970266498,-0.03309648641719482,-0.004568524108550136,0.009774397182333673,-0.019453247136852068,-0.025013133278325914,1,34.98736328125005,36.083125000000024,36.46158482142859,36.93648437500003,36.193281250000034,34.51631696428576
93215000707,0.12943247146812456,0.12128156845602805,0.18292667688077469,0.18345100744924217,0.2017992950922872,0.1981544455105733,0.05902828212218895,0.04458830426627629,0.05861900786398422,0.06117289457665025,0.049850061333091174,0.05165928878792254,0.11526235291188827,0.10711419514052402,0.18292667688077469,0.18345100744924217,0.2017992950922872,0.1981544455105733,0.056003798493750936,0.0428020409109012,0.05861900786398422,0.06117289457665025,0.049850061333091174,0.05165928878792254,1,35.15600000000002,36.25634509803924,36.46424089635856,37.03291316526614,36.506705882352996,34.6378879551821
93215000708,0.09500429199985604,0.09566051741415886,0.14323856887804529,0.14767133718603664,0.16084747684731585,0.15900999458248585,0.10577654526451069,0.10332311406706532,0.09203073563375937,0.09398204327837109,0.0785968158931511,0.07943404821363924,0.0812045943766059,0.08186091462480204,0.14323856887804529,0.14767133718603664,0.16084747684731585,0.15900999458248585,0.10214326091696542,0.09965401731826716,0.09203073563375937,0.09398204327837109,0.0785968158931511,0.07943404821363924,1,36.06876470588238,36.67102047930288,36.98930532212887,37.50932773109246,37.35517647058827,35.22053221288519
93215000709,0.20433117488139013,0.1991817216791702,0.24055076576640555,0.27394342152478085,0.2781253147115836,0.27066284013801556,-0.010187927878567368,-0.0009094275245961327,-0.0006196981392775568,-0.015868076599481244,-0.023639478193090438,0.003368618341262056,0.18941204251135554,0.1843152000799255,0.24055076576640555,0.27394342152478085,0.2781253147115836,0.27066284013801556,-0.012243016787644848,-0.0031536942242554613,-0.0006196981392775568,-0.015868076599481244,-0.023639478193090438,0.003368618341262056,1,36.69072265625004,37.22038888888891,37.66724330357146,38.287633928571466,37.69291666666669,35.56569196428575
93215000710,0.19381922401401394,0.16952175351569412,0.22018856430369793,0.2200751798622536,0.22724049562757664,0.21934440608729017,0.03806452267768404,0.04682619264174424,0.05492654899402899,0.06928260655080522,0.079484863454603,0.08619634494795747,0.1791529916933969,0.15517509927993983,0.22018856430369793,0.2200751798622536,0.22724049562757664,0.21934440608729017,0.03497196018228089,0.04353821939402398,0.05492654899402899,0.06928260655080522,0.079484863454603,0.08619634494795747,1,37.05347656250004,37.418415404040424,38.03625000000004,38.660357142857166,37.90729166666671,35.71703125000002
93215000711,0.20818455305931075,0.1612218487129688,0.21747853727268088,0.22004802938535417,0.22887420541304745,0.2134987976635515,0.03563329737499291,0.047343412062238466,0.05008859973716401,0.05298700908475759,0.0685203818074418,0.06310617501699894,0.19323599536378827,0.14674017664078504,0.21747853727268088,0.22004802938535417,0.22887420541304745,0.2134987976635515,0.03268970743615274,0.04420880822296441,0.05008859973716401,0.05298700908475759,0.0685203818074418,0.06310617501699894,1,37.50236462093867,37.832146956934,38.63402269210937,39.42671995874164,38.49146811071003,36.00887570912846
93215000712,0.23569652515816714,0.1738622322207311,0.24730069826935083,0.24968166367162667,0.2537279414289429,0.2459659123447161,-0.0032017811662369724,0.013497515617636341,0.017086718912076023,0.02765257160357673,0.04743623379064592,0.04393491699410802,0.22036903728515814,0.1591885453207354,0.24730069826935083,0.24968166367162667,0.2537279414289429,0.2459659123447161,-0.005221712701266002,0.011119412113107052,0.017086718912076023,0.02765257160357673,0.04743623379064592,0.04393491699410802,1,38.049790940766584,38.24246563192911,39.095166749626706,39.35991538078649,38.78776422764231,36.17941762070686
93215000713,0.2655265884587265,0.25677569429496444,0.3678876350718344,0.3344926934189445,0.22797471198464248,0.23446736425105186,-0.06604436335865525,-0.057082221490722174,-0.06619350129268424,-0.044577950096073946,0.006153091668042294,-0.0016383898306338881,0.250477834288122,0.24187519307931432,0.3678876350718344,0.3344926934189445,0.22797471198464248,0.23446736425105186,-0.06729202723674955,-0.05859713563560792,-0.06619350129268424,-0.044577950096073946,0.006153091668042294,-0.0016383898306338881,1,37.466307692307716,38.141394405594426,38.73936263736268,38.842439560439594,38.733666666666686,36.25217582417584
93215000714,0.22043659895221737,0.20898223847377162,0.2579514036948219,0.2770612327845234,0.3013222690212603,0.2913401491125049,-0.03479601597889859,-0.02428333220455542,-0.008602713132460296,-0.02579568712330848,-0.03873910546315973,-0.045386033569181694,0.20539259994615733,0.1940831761522849,0.2579514036948219,0.2770612327845234,0.3013222690212603,0.2913401491125049,-0.03654045881952384,-0.026296415149900658,-0.008602713132460296,-0.02579568712330848,-0.03873910546315973,-0.045386033569181694,1,36.892148437500026,36.82354427083335,38.02849330357148,38.26214285714287,38.071152343750015,35.54915178571431
93215000715,0.3302099903472574,0.23848316293011423,0.3132690865623094,0.43854351870916225,0.590935681557777,0.565932384827519,-0.08562947840445283,-0.07346042102413303,-0.032032556896558095,-0.09980968453883682,-0.23715912452057505,-0.24630689993963167,0.31493525490075597,0.22365060183449129,0.3132690865623094,0.43854351870916225,0.590935681557777,0.565932384827519,-0.08680306868249425,-0.07469090801644175,-0.032032556896558095,-0.09980968453883682,-0.23715912452057505,-0.24630689993963167,1,36.34591796875003,35.538238636363666,37.52687500000005,37.4979910714286,36.604882812500044,34.06569196428574
93215000716,0.4905866091216314,0.34944050812027083,0.4617129779302448,0.4582009805889564,0.5078243093797149,0.5763939793929312,-0.18679790519432315,-0.1907063324650641,-0.14367759513135503,-0.212939871199224,-0.22868464198986396,-0.23561111976232485,0.4746822732627587,0.33350299844751213,0.4617129779302448,0.4582009805889564,0.5078243093797149,0.5763939793929312,-0.18657637972191202,-0.18909899615551948,-0.14367759513135503,-0.212939871199224,-0.22868464198986396,-0.23561111976232485,1,34.97449019607846,34.128991087344055,36.555915966386564,36.325943977591066,34.67568627450986,32.66895798319329
93215000717,0.4520641153000176,0.414275940957324,0.5198555513532674,0.5278423181380133,0.42316736432303664,0.5444618812716674,-0.27275306250336084,-0.2158160303674377,-0.2149326528062361,-0.2723382099545015,-0.28578512969393066,-0.3015587102496083,0.43574667727393795,0.3983297170477474,0.5198555513532674,0.5278423181380133,0.42316736432303664,0.5444618812716674,-0.26982476997560845,-0.21462959748665966,-0.2149326528062361,-0.2723382099545015,-0.28578512969393066,-0.3015587102496083,1,33.31849609375003,32.83067708333334,34.630156250000034,34.654654017857176,33.310761718750044,31.614832589285733
93225000687,0.3923131166185577,0.2633522089926904,0.2199428312228177,0.3268955793486618,0.3837141489651272,0.3387805486858068,-0.10825256318798791,-0.0760125257688474,-0.0046007686083268185,-0.0374438240660721,-0.07517031196927348,-0.07418743532079303,0.37663194476526085,0.2481040373371232,0.2199428312228177,0.3268955793486618,0.3837141489651272,0.3387805486858068,-0.10931164771956788,-0.07670012373354686,-0.0046007686083268185,-0.0374438240660721,-0.07517031196927348,-0.07418743532079303,1,35.182734375000024,35.54051550662881,37.78415736607146,37.9368898809524,35.86070312500003,34.24606770833334
93225000688,0.2758370634875122,0.19801919320899175,0.2542858241837541,0.2981897746169583,0.3399528182473605,0.3153454452237815,-0.03872103402850786,-0.037881921969887315,-0.0028140153285782675,-0.01643987424260922,-0.03571657031414561,-0.03055297031128595,0.26035653510812795,0.18327151471039585,0.2542858241837541,0.2981897746169583,0.3399528182473605,0.3153454452237815,-0.040435841878324365,-0.039353144617137244,-0.0028140153285782675,-0.01643987424260922,-0.03571657031414561,-0.03055297031128595,1,35.205725490196095,36.0717932263815,37.82228011204482,38.04363585434177,36.25827450980397,34.59786928104579
93225000689,0.2264619864804091,0.1879000240074166,0.23657278736991452,0.2723088121507383,0.2909702824953079,0.29058280567808015,-0.007217538907176295,-0.011080179036515295,-0.007113463375702094,-0.025012005515233866,-0.02799539805383093,-0.03712256163031025,0.21154124506855812,0.17321969888104874,0.23657278736991452,0.2723088121507383,0.2909702824953079,0.29058280567808015,-0.009325719848614798,-0.012799485717139219,-0.007113463375702094,-0.025012005515233866,-0.02799539805383093,-0.03712256163031025,4,36.02727450980393,36.90629661319076,38.219568627451004,38.134683473389394,37.05128104575167,34.89373295985067
93225000690,0.20378380044886682,0.197114602211996,0.23132974155734795,0.22340571564974365,0.24108146009669382,0.23804994347030778,0.018788129606616962,0.03617999200002847,0.029522064613329315,0.03882280660861214,0.03623927377462448,0.046528843555285936,0.18893712490232323,0.18244141754119858,0.23132974155734795,0.22340571564974365,0.24108146009669382,0.23804994347030778,0.016413215926765954,0.03315988585932407,0.029522064613329315,0.03882280660861214,0.03623927377462448,0.046528843555285936,4,36.724335937500015,37.59058877840913,38.74954241071432,38.45107142857145,37.6998697916667,35.30431361607145
93225000691,0.2463493884451687,0.14491037323405223,0.20304386487107745,0.22191859476351447,0.23958865289826092,0.2418358512770946,-0.030894931054185452,0.023059551539836902,-0.0004337118734701576,-0.005531848694742061,-0.01654502362399632,-0.020770139923334104,0.23118074145644096,0.1306931597688435,0.20304386487107745,0.22191859476351447,0.23958865289826092,0.2418358512770946,-0.03244012445044584,0.0202304884377832,-0.0004337118734701576,-0.005531848694742061,-0.01654502362399632,-0.020770139923334104,4,37.461406250000024,37.60906818181821,38.79803571428575,38.44732142857146,37.64578125000004,35.33308035714288
93225000692,0.17748138025598273,0.1520789763730758,0.1892964872046595,0.21273958129186435,0.22558679833486214,0.22848038746188876,0.009904615849628423,0.04887509081882021,0.04458454455565981,0.044288465460987914,0.04886141117078646,0.03174865312606234,0.16322486385834792,0.13786933085819275,0.1892964872046595,0.21273958129186435,0.22558679833486214,0.22848038746188876,0.007299550990817137,0.04584500478002864,0.04458454455565981,0.044288465460987914,0.04886141117078646,0.03174865312606234,3,37.29135947712421,36.40538823529415,37.40061064425774,37.45659943977595,36.49011764705886,34.55295238095242
93225000693,0.21755590016440915,0.21849829838699336,0.2512259523934909,0.28585203141554927,0.31961342079723304,0.3209701467456043,-0.09289341860320403,-0.051159505841805133,-0.028685510283730127,-0.04898147429199187,-0.06081356735192836,-0.07617100096631305,0.20267927972043281,0.20338772210303468,0.2512259523934909,0.28585203141554927,0.31961342079723304,0.3209701467456043,-0.09302240079819148,-0.0519240150629942,-0.028685510283730127,-0.04898147429199187,-0.06081356735192836,-0.07617100096631305,3,36.51792156862748,35.43375828877009,36.36229131652664,36.626605042016834,35.55564705882357,33.895585434173704
93225000694,0.28970513070881254,0.28787337594422374,0.3599977676113491,0.38418433190230533,0.41980483715943107,0.40476994321720317,-0.14372324598175654,-0.1384022510283138,-0.11249604974622754,-0.12360866488386282,-0.1497266777116478,-0.15410403248563875,0.27413236980318567,0.27198452061177963,0.3599977676113491,0.38418433190230533,0.41980483715943107,0.40476994321720317,-0.14349810033791147,-0.1377447061394386,-0.11249604974622754,-0.12360866488386282,-0.1497266777116478,-0.15410403248563875,3,35.35048177083336,34.89323366477275,35.73919642857145,36.0319866071429,34.93460937500005,33.30220703125003
93225000695,0.34241847156734173,0.31882438188921963,0.41895026671246255,0.43509009754399464,0.5123419938336298,0.4032390274878926,-0.11619270288279311,-0.1737798008360156,-0.11157721658636315,-0.12082957091719013,-0.17508040826953056,-0.16119001171169237,0.32718231623955885,0.30286059527501824,0.41895026671246255,0.43509009754399464,0.5123419938336298,0.4032390274878926,-0.11712198667419961,-0.1719514814614205,-0.11157721658636315,-0.12082957091719013,-0.17508040826953056,-0.16119001171169237,3,34.46459477124188,34.59953071895428,35.62919327731093,35.61726050420172,34.49423529411768,32.91740896358547
93225000696,0.23675698725958605,0.21766353580610115,0.2827316277936355,0.29514604709756365,0.32464664161488926,0.2588868457358458,-0.052825033807433135,-0.05517549686881432,-0.03592128822901575,-0.0476626732350799,-0.06387952173493319,-0.06245623931891648,0.22186826279469743,0.2025907514655192,0.2827316277936355,0.29514604709756365,0.32464664161488926,0.2588868457358458,-0.0540486713373729,-0.0556901461057274,-0.03592128822901575,-0.0476626732350799,-0.06387952173493319,-0.06245623931891648,3,34.55319607843141,35.21286844919789,36.47114285714289,36.371333333333375,34.87560784313729,33.24270588235297
93225000697,0.11917368025245245,0.11457151863706619,0.15727282024100775,0.1649427828500856,0.1789345903778706,0.168059729631664,0.05173350600824107,0.048083291305311866,0.048707569654734,0.04612170224380044,0.048989616052595865,0.03714577171027867,0.10502616633450318,0.10051477201194549,0.15727282024100775,0.1649427828500856,0.1789345903778706,0.168059729631664,0.04894827731787673,0.04527020962799292,0.048707569654734,0.04612170224380044,0.048989616052595865,0.03714577171027867,3,35.57093750000002,36.07331818181821,37.246830357142876,37.2633928571429,35.67515625000003,33.757193080357155
93225000698,0.1415757107781875,0.14263567792266857,0.19043089399082241,0.19454622002483504,0.22012166449174228,0.21880171853398922,0.015122682880652025,0.030994653665063255,0.023074902088689796,0.02042296967030145,0.012564039020318255,0.0020169535827609278,0.12712298320543608,0.12813896777692674,0.19043089399082241,0.19454622002483504,0.22012166449174228,0.21880171853398922,0.01272787803253282,0.028397175006585836,0.023074902088689796,0.02042296967030145,0.012564039020318255,0.0020169535827609278,3,36.28396484375001,36.30934635416669,37.263270089285754,37.60377232142861,35.99355468750004,34.04178710937504
93225000699,0.13968592092516371,0.1512222155585482,0.1536686860246026,0.14884174797015204,0.1719335913358877,0.18527913551808536,0.021425813611624996,0.029592421218909846,0.041067953353642286,0.024148055695537823,0.018149972312581714,0.008568407760852628,0.1254119654451692,0.136962397586768,0.1536686860246026,0.14884174797015204,0.1719335913358877,0.18527913551808536,0.019002360628310528,0.026839769579195677,0.041067953353642286,0.024148055695537823,0.018149972312581714,0.008568407760852628,3,36.01841176470592,36.11450283224403,36.696913165266146,36.64673202614382,35.32278431372552,33.941442577030834
93225000700,0.13394154921280307,0.14123573791469352,0.18628408052974713,0.1907719638234275,0.21996162310674847,0.22002904764557307,0.030392181389043905,0.036362811634624626,0.03631228881085596,0.02524847281210764,0.013875919865750513,0.0016656073562230295,0.11957885937982804,0.12681778201073707,0.18628408052974713,0.1907719638234275,0.21996162310674847,0.22002904764557307,0.02794814520409153,0.033748511420969456,0.03631228881085596,0.02524847281210764,0.013875919865750513,0.0016656073562230295,3,35.41788235294122,36.02334901960788,36.1272773109244,35.956911297852514,35.283098039215716,33.84973949579833
93225000701,0.16126008321878704,0.17928381524028783,0.2376017590706844,0.23437215277007034,0.3174157570707477,0.27435259720219185,0.031236638146706523,0.027050224244272718,0.013398005424363466,0.0029884642704410243,-0.017248935543759003,-0.013157836722464806,0.14670434947958957,0.1645676884637415,0.2376017590706844,0.23437215277007034,0.3174157570707477,0.27435259720219185,0.028479020312903856,0.024344921796759112,0.013398005424363466,0.0029884642704410243,-0.017248935543759003,-0.013157836722464806,3,35.501855468750044,36.09385850694447,35.741618303571464,35.66476004464288,35.670585937500036,33.655246930803614
93225000702,0.2394484123254589,0.24013001294890043,0.2969374992777832,0.3009940250584829,0.3692481292298567,0.3484311245240412,-0.06208712994263437,-0.06104393194972943,-0.06288400570021666,-0.07143720779304467,-0.09676395309801655,-0.10544877742832437,0.22410468344007514,0.2246154563039539,0.2969374992777832,0.3009940250584829,0.3692481292298567,0.3484311245240412,-0.06305622160758353,-0.062012853709211946,-0.06288400570021666,-0.07143720779304467,-0.09676395309801655,-0.10544877742832437,3,35.58601960784317,35.29545010893251,35.33240896358546,35.01042577030816,34.97805228758173,33.1731148459384
93225000703,0.3000454796227024,0.22558416702560646,0.33895872972627084,0.35153556343703135,0.44129748500546595,0.407149158425596,-0.060200074450093656,-0.05247833873240398,-0.06931630823613363,-0.08731530185403606,-0.11716419747198864,-0.12269150903137506,0.28445871603385914,0.21017869019543725,0.33895872972627084,0.35153556343703135,0.44129748500546595,0.407149158425596,-0.061558198826189445,-0.05360348818804203,-0.06931630823613363,-0.08731530185403606,-0.11716419747198864,-0.12269150903137506,1,34.81053459119499,34.99518238993715,35.26539982030552,35.472443845462735,34.825513626834415,33.35233602875114
93225000704,0.22033954402471037,0.1983419855635288,0.26716690647172414,0.2575404885083571,0.30936330822345126,0.2920373479692972,-0.011431486816732454,-0.011954390063561412,-0.010760090735794418,-0.01365334662190708,-0.030492224948873575,-0.035816345507976896,0.20490151802581466,0.183144168965939,0.26716690647172414,0.2575404885083571,0.30936330822345126,0.2920373479692972,-0.013139504294767986,-0.0136619221604048,-0.010760090735794418,-0.01365334662190708,-0.030492224948873575,-0.035816345507976896,1,34.403515625000004,34.964296875000024,35.323080357142906,36.037194940476205,35.24687500000002,33.6277678571429
93225000705,0.25041404771945147,0.24484868954192343,0.2811913253023315,0.2522178099814856,0.2965549162578712,0.26783495078459335,-0.0398909909507436,-0.032596713344368235,-0.0236296805493187,-0.030160021793592427,-0.055890841588216826,-0.049442670463871956,0.2349928678522135,0.22950714838662356,0.2811913253023315,0.2522178099814856,0.2965549162578712,0.26783495078459335,-0.04103169046456205,-0.03406153479625333,-0.0236296805493187,-0.030160021793592427,-0.055890841588216826,-0.049442670463871956,1,33.535221238938085,34.24858407079648,34.39707964601774,34.80580278128954,34.69827433628321,33.00785082174468
93225000706,0.2183581651268042,0.21215425147502234,0.21609809614330314,0.22174697780884509,0.22856272197762978,0.2529206235873052,-0.15433334638636936,-0.15296521301658594,-0.1095425323946241,-0.12044940743126384,-0.13147603125448046,-0.12660014089943114,0.20267431820575,0.19646239302416124,0.21609809614330314,0.22174697780884509,0.22856272197762978,0.2529206235873052,-0.14933716228796864,-0.14763452712146682,-0.1095425323946241,-0.12044940743126384,-0.13147603125448046,-0.12660014089943114,1,33.81188235294121,35.01372549019611,35.364801120448206,35.771434173669476,35.52468627450984,33.83758543417372
93225000707,0.1595468612661694,0.14038301792303384,0.1873635428482886,0.18169766854900615,0.20327432999907172,0.18805100696406707,0.047864763291561065,0.05643876560284466,0.05291160719678263,0.06625370240939508,0.056911514965615195,0.0670481076411613,0.14493496228055103,0.12610580891479037,0.1873635428482886,0.18169766854900615,0.20327432999907172,0.18805100696406707,0.04555602123404156,0.053527858031106615,0.05291160719678263,0.06625370240939508,0.056911514965615195,0.0670481076411613,1,34.85154901960788,36.12470588235296,36.42185434173672,36.885607843137265,36.65601960784318,34.6474565826331
93225000708,0.13998728830416934,0.13345301519523298,0.17970919656409676,0.17301487345450375,0.17710707370040887,0.17275223826985725,0.09647505363531919,0.0926029915212453,0.0904395531254144,0.08953801525850155,0.1065136228129906,0.10614516784521727,0.12562974124599008,0.11916459411366775,0.17970919656409676,0.17301487345450375,0.17710707370040887,0.17275223826985725,0.0927384115908328,0.08891713814277433,0.0904395531254144,0.08953801525850155,0.1065136228129906,0.10614516784521727,1,36.22882812500002,37.115274305555594,37.37870535714288,37.76959821428576,37.704765625000014,35.44013392857148
93225000709,0.17332117987275245,0.1534163687931375,0.2038576984137466,0.21102849038480556,0.23364547581557948,0.21614080657649026,-0.005915144477284611,-0.01892280504949875,0.003889919439632292,0.008100614474820154,-0.000699053766210622,-0.0006491478675642842,0.15836905251829556,0.13858661142398243,0.2038576984137466,0.21102849038480556,0.23364547581557948,0.21614080657649026,-0.0070456937483351955,-0.01964383382597883,0.003889919439632292,0.008100614474820154,-0.000699053766210622,-0.0006491478675642842,1,36.86756457564578,37.621145551455555,37.96616236162364,38.30066947812339,37.88476629766298,35.76108065366372
93225000710,0.19166311974320205,0.1636190474304901,0.21164197442545077,0.21122642874266112,0.2238492499528956,0.207815258164297,0.0694497835074444,0.06196305151938621,0.0630167768490111,0.06951792890668099,0.08405888230194121,0.07939536515984025,0.17664709667777614,0.14894408483875093,0.21164197442545077,0.21122642874266112,0.2238492499528956,0.207815258164297,0.06609424281942458,0.05878176797809062,0.0630167768490111,0.06951792890668099,0.08405888230194121,0.07939536515984025,1,37.10766550522652,37.692729665998,38.45889995022402,38.90809855649578,38.08558072009293,35.90436535589847
93225000711,0.19003576441183773,0.15776112857522703,0.20404595678127732,0.20459849424053775,0.20952051096288585,0.1952391621546884,0.07086433876412795,0.07463557696270705,0.07633323906782238,0.07524286906819673,0.09598003448604737,0.09448312013595152,0.17512517125964036,0.14313812331806441,0.20404595678127732,0.20459849424053775,0.20952051096288585,0.1952391621546884,0.06745714452082704,0.07122726436845687,0.07633323906782238,0.07524286906819673,0.09598003448604737,0.09448312013595152,1,37.6119360902256,38.008387559808675,39.0310418904404,39.49460794844256,38.536560150375976,36.077153598281456
93225000712,0.2155052955239837,0.16466734319013432,0.2372528712490536,0.25091511238291997,0.2606001399735928,0.2572754207075406,0.009200399472673931,0.008637131524496664,0.019504992927370984,0.025945832250308328,0.029071955764589485,0.026579232772361173,0.20023796156425264,0.14999157574072502,0.2372528712490536,0.25091511238291997,0.2606001399735928,0.2572754207075406,0.006864751953357036,0.0063169132109718975,0.019504992927370984,0.025945832250308328,0.029071955764589485,0.026579232772361173,1,37.99677734375004,38.40084232954549,39.08549107142859,39.16085937500002,38.699941406250026,36.1240959821429
93225000713,0.2128244403128308,0.19627102520582637,0.2521729851096993,0.27527297820660795,0.2983492747552202,0.25866264921492793,-0.023070171247395195,-0.02011926220298085,-0.018219680419332418,-0.02542201285969332,-0.03868002972469258,-0.017911089165436933,0.1977401212798592,0.1813393013539389,0.2521729851096993,0.27527297820660795,0.2983492747552202,0.25866264921492793,-0.025009935675226285,-0.02212605808619051,-0.018219680419332418,-0.02542201285969332,-0.03868002972469258,-0.017911089165436933,1,37.832421875000016,38.17288565340912,38.60452008928575,38.65858258928575,38.521367187500026,36.10810267857146
93225000714,0.29994707673247273,0.2444454735829355,0.29195122670565016,0.31989640494729304,0.32261744080864724,0.31467279871602355,-0.12560819518820027,-0.08681376305990188,-0.07413776251282761,-0.08770375814487638,-0.09467397147420656,-0.0845810223194947,0.2838299144072428,0.2289096794862942,0.29195122670565016,0.31989640494729304,0.32261744080864724,0.31467279871602355,-0.12437101589453174,-0.08664356956203696,-0.07413776251282761,-0.08770375814487638,-0.09467397147420656,-0.0845810223194947,1,36.92941406250001,36.730109375000026,37.79870535714289,38.136875000000025,37.53679687500003,35.40372767857146
93225000715,0.3012260250964988,0.2257503920446252,0.2557228710577163,0.2971139134818239,0.3157279116817067,0.3484285606041554,-0.08849616223607885,-0.08666215535150511,-0.04006115365872172,-0.08255151562180801,-0.10648702144707176,-0.13564734102898163,0.2849495174614408,0.2101215261596241,0.2557228710577163,0.2971139134818239,0.3157279116817067,0.3484285606041554,-0.08724396001226968,-0.08518425098648708,-0.04006115365872172,-0.08255151562180801,-0.10648702144707176,-0.13564734102898163,1,36.145976562500046,35.29569010416669,37.10378348214289,37.41626116071433,36.456367187500035,34.35675223214289
93225000716,0.33396474118990166,0.2665013587066756,0.3363417218464982,0.41064432290138597,0.4020984129891946,0.4129929273018189,-0.17915432403125256,-0.15535646846681056,-0.14049943528959394,-0.1432112069813045,-0.15960016689492876,-0.161847695376259,0.3177854249084245,0.2507129044969785,0.3363417218464982,0.41064432290138597,0.4020984129891946,0.4129929273018189,-0.1754148328339025,-0.15207121706873558,-0.14049943528959394,-0.1432112069813045,-0.15960016689492876,-0.161847695376259,1,34.93820312500002,34.067174479166695,36.03902901785716,36.27022321428576,35.09453125000003,33.09004464285718
93225000717,0.3405764842399972,0.3130356102914461,0.40243051863217266,0.42968696015908814,0.33101792998495533,0.45941228346549934,-0.20598518505133787,-0.24501953388090714,-0.23504631840032758,-0.22682333207136268,-0.2502714343742265,-0.29278086627162353,0.32402579881968874,0.29641807052424624,0.40243051863217266,0.42968696015908814,0.33101792998495533,0.45941228346549934,-0.20244439423646243,-0.2410207033252618,-0.23504631840032758,-0.22682333207136268,-0.2502714343742265,-0.29278086627162353,1,33.77064453125003,33.27235677083335,34.82965401785716,35.07379464285719,33.97257812500003,32.20659598214289
93235000687,0.3522055216489947,0.25962998296403966,0.3146195009615706,0.41225999294363735,0.4599582228840372,0.4913000069889142,-0.24895213561640447,-0.1974126877682031,-0.18543506965763468,-0.23185279937620015,-0.26241308928031154,-0.2460569207605231,0.3358906608812391,0.2440194811842834,0.3146195009615706,0.41225999294363735,0.4599582228840372,0.4913000069889142,-0.24514935562397397,-0.1948108978444074,-0.18543506965763468,-0.23185279937620015,-0.26241308928031154,-0.2460569207605231,4,34.396318897637826,35.243099498926284,37.161364829396355,37.20217847769032,35.73388451443572,33.852362204724436
93235000688,0.2716386165669877,0.23458327332353693,0.3058200754764332,0.3211898997179467,0.33597293064723915,0.31444895486373814,-0.1561006165653383,-0.1072604691211611,-0.08308039446866422,-0.08737892769144372,-0.09046333753157507,-0.07470083466075514,0.256242388636621,0.21931389803742857,0.3058200754764332,0.3211898997179467,0.33597293064723915,0.31444895486373814,-0.1544834231945731,-0.10693659630828259,-0.08308039446866422,-0.08737892769144372,-0.09046333753157507,-0.07470083466075514,4,34.428906250000026,35.63392045454548,37.09506696428574,37.58909226190478,36.19126953125003,34.11401925223218
93235000689,0.17631027445376724,0.1619082906842688,0.18622151252391417,0.19335866012432598,0.21152975776347388,0.20250018524393243,0.05915890167579832,0.0523473488936209,0.05621001581617193,0.05196062705120857,0.05494365256362886,0.058163381638560184,0.1617074389227726,0.14750275084251063,0.18622151252391417,0.19335866012432598,0.21152975776347388,0.20250018524393243,0.05599478409150561,0.04910086762387653,0.05621001581617193,0.05196062705120857,0.05494365256362886,0.058163381638560184,4,35.73906250000003,36.92923437500005,38.16910714285718,38.135870535714304,37.229596354166695,35.048105468750045
93235000690,0.206572729889649,0.20522409763447325,0.24885847091345842,0.26455484421475534,0.3020021797687013,0.30194494004549666,0.00448465664792323,0.02095006614604034,0.015765654559403656,0.00926518571369223,-0.008800521500890598,-0.026642275686396575,0.19198871039029425,0.1905878590078669,0.24885847091345842,0.26455484421475534,0.3020021797687013,0.30194494004549666,0.0017932236937526751,0.018042139327986897,0.015765654559403656,0.00926518571369223,-0.008800521500890598,-0.026642275686396575,4,36.265450980392174,37.43781960784318,38.51997198879557,38.18728851540619,37.5717189542484,35.48190196078435
93235000691,0.2046965168877459,0.18392117878700665,0.2627796172424628,0.2928114265407683,0.31207718542173035,0.3055866525978219,-0.0478247121518477,-0.006697717098586872,-0.019602027431080377,-0.027363825326645302,-0.028189469144391632,-0.045158979539108024,0.18997927964218156,0.16950312726509556,0.2627796172424628,0.2928114265407683,0.31207718542173035,0.3055866525978219,-0.0483099911631058,-0.008785421007762795,-0.019602027431080377,-0.027363825326645302,-0.028189469144391632,-0.045158979539108024,4,36.07237254901962,36.461960784313746,37.481563025210136,37.159669467787154,36.212967320261484,34.58042717086838
93235000692,0.3305874513320998,0.3141442220896984,0.43665882983233906,0.503907696085079,0.589956288310278,0.5524789899431296,-0.13842621402493877,-0.1291460561300273,-0.14120815120766286,-0.18526765608323753,-0.23128666436493092,-0.22832447700723713,0.31543696276624034,0.29891744363696027,0.43665882983233906,0.503907696085079,0.589956288310278,0.5524789899431296,-0.13859852377692286,-0.1294421370781252,-0.14120815120766286,-0.18526765608323753,-0.23128666436493092,-0.22832447700723713,3,35.125312500000035,34.69543750000003,35.56312500000004,35.55535714285718,34.707812500000045,33.164062500000014
93235000693,0.38036666089763277,0.3810891378057971,0.449186735504975,0.4811679808742895,0.5486195443446773,0.535263741387224,-0.14841035308063974,-0.14783840114210228,-0.14498353174718467,-0.17350124672327616,-0.20303534754286265,-0.22238783402560452,0.36486484511955636,0.3653464829191758,0.449186735504975,0.4811679808742895,0.5486195443446773,0.535263741387224,-0.14845684832898662,-0.14774952497960908,-0.14498353174718467,-0.17350124672327616,-0.20303534754286265,-0.22238783402560452,3,34.1140690104167,33.77384801136368,34.57388392857145,34.71766741071431,33.827187500000036,32.33322963169646
93235000694,0.3366458404669558,0.32854718351679274,0.39010797228041466,0.4043107014828935,0.4544166586258789,0.4280425378939262,-0.10059571492275811,-0.08874945659564729,-0.10212008294820717,-0.11413589608274462,-0.1586002655797981,-0.15233605680615997,0.3208263624692057,0.3125257379015001,0.39010797228041466,0.4043107014828935,0.4544166586258789,0.4280425378939262,-0.10157749318154974,-0.08974718361835422,-0.10212008294820717,-0.11413589608274462,-0.1586002655797981,-0.15233605680615997,3,33.68894771241833,33.44043672014263,34.34567507002801,34.58061064425773,33.413372549019655,32.04316666666671
93235000695,0.3179224298601921,0.3275674118564735,0.4372267433925306,0.42847976023221024,0.4575570803159764,0.4440336478014928,-0.16129184464469198,-0.1548977593360897,-0.15993873605392994,-0.17464452023864654,-0.21716385549555664,-0.20410892275387496,0.30218001657179533,0.3117598547011024,0.4372267433925306,0.42847976023221024,0.4575570803159764,0.4440336478014928,-0.16044520501313073,-0.15451970422819836,-0.15993873605392994,-0.17464452023864654,-0.21716385549555664,-0.20410892275387496,3,33.53668627450983,33.18250326797387,34.25061624649862,34.559232492997225,33.50807843137259,32.0299509803922
93235000696,0.16700313289508634,0.18300098551251698,0.28024950474497595,0.24575738036226194,0.23555245763354576,0.23536321981092237,-0.04030050403516129,-0.041874961762956714,-0.05492953443589952,-0.042140265228033436,-0.04534421750248461,-0.04769106163600466,0.1522337654329761,0.16841072160772538,0.28024950474497595,0.24575738036226194,0.23555245763354576,0.23536321981092237,-0.04127253661893187,-0.04360346359922469,-0.05492953443589952,-0.042140265228033436,-0.04534421750248461,-0.04769106163600466,3,33.76804687500003,33.64373875473489,35.12435267857147,35.12059151785718,34.05421875000003,32.54160156250004
93235000697,0.14373908085993958,0.1542477967334613,0.21816322688519196,0.21001197401485097,0.23053260149293048,0.212826523160366,-0.02745564597951904,-0.017256230310364655,-0.007510053058213421,-0.003338094810493421,-0.011169149551099608,-0.014264598232545682,0.1292003881827919,0.13959611337709282,0.21816322688519196,0.21001197401485097,0.23053260149293048,0.212826523160366,-0.029027278559692567,-0.019097744932939174,-0.007510053058213421,-0.003338094810493421,-0.011169149551099608,-0.014264598232545682,3,34.43003921568629,34.32622531194298,35.95955742296923,36.013058823529455,34.741960784313754,33.038764705882386
93235000698,0.24804823817027685,0.26527419812132125,0.18402801377566597,0.2172220957411199,0.21073856719482056,0.23439165520773975,-0.14317316574920122,-0.11519785937157577,-0.07333428902124062,-0.08007109443475777,-0.10303825080222931,-0.11835719569754206,0.2331124606923341,0.24997134430011544,0.18402801377566597,0.2172220957411199,0.21073856719482056,0.23439165520773975,-0.14168702627821547,-0.11517539888681877,-0.07333428902124062,-0.08007109443475777,-0.10303825080222931,-0.11835719569754206,3,34.838490196078446,34.61802352941178,35.867467787114904,36.25894117647064,34.38241830065361,33.162196078431414
93235000699,0.19860917229428837,0.2534273684533288,0.08329484851307763,0.0737347707625948,0.03120781330142777,0.1376659254511389,-0.16880354856133672,-0.16545131864125118,-0.07138877662643572,-0.11893127236296255,-0.09635739812440812,-0.1412321600717761,0.184101057345247,0.2385007079232385,0.08329484851307763,0.0737347707625948,0.03120781330142777,0.1376659254511389,-0.16421614069337873,-0.1627799939327284,-0.07138877662643572,-0.11893127236296255,-0.09635739812440812,-0.1412321600717761,3,34.50404296875003,34.32381676136365,35.14645089285718,35.27723772321431,33.66186197916669,32.760058593750024
93235000701,0.13565248970684574,0.22182173387136925,0.23950384575237776,0.2549144191628858,0.3566649180518614,0.35299508122975226,0.017564991315077084,0.009976252570000043,0.001590112865286612,-0.0015534198705079332,-0.061270725589284016,-0.06070470689411322,0.12146485260094185,0.2069407563768345,0.23950384575237776,0.2549144191628858,0.3566649180518614,0.35299508122975226,0.015468913040159814,0.007516052825989161,0.001590112865286612,-0.0015534198705079332,-0.061270725589284016,-0.06070470689411322,3,34.33113281250004,35.10822048611113,34.47984375000003,34.263035714285756,34.954453125000036,32.77107421875003
93235000705,0.20286915595362143,0.21220054468437724,0.28454540951389334,0.3142464925613707,0.428620923307979,0.31477441062099554,-0.13414865220926564,-0.051175823635384206,-0.049790167946134306,-0.04718638348684592,-0.17429875152293592,-0.07353497133884507,0.18801685145762584,0.19755307837331879,0.28454540951389334,0.3142464925613707,0.428620923307979,0.31477441062099554,-0.1255541565414758,-0.05033450220933011,-0.049790167946134306,-0.04718638348684592,-0.17429875152293592,-0.07353497133884507,3,32.40500000000003,32.92599999999999,32.78142857142859,33.39000000000004,33.76500000000004,31.932857142857188
93235000706,0.17074542519869168,0.1547646010873704,0.19666338936265634,0.19959085600303159,0.2027398479464355,0.1851877820143445,0.027634045677002048,0.022061987678307183,-0.0055184123596447275,-0.008725249631108573,-0.032498096137990526,-0.014585155198933178,0.1557114289201407,0.14007122053961976,0.19666338936265634,0.19959085600303159,0.2027398479464355,0.1851877820143445,0.026030056421617067,0.02021871135050874,-0.0055184123596447275,-0.008725249631108573,-0.032498096137990526,-0.014585155198933178,1,32.992566371681455,33.75249557522128,34.18266750948172,34.80486725663717,34.32871681415934,33.15940581542356
93235000707,0.12784590486947264,0.136331885713525,0.17289461411794116,0.17644916065277297,0.18253676602317875,0.17776018875598235,0.11836342063521185,0.10096073531246416,0.08776117981660458,0.08020934513028333,0.08853146991267344,0.09488308358388108,0.1135199603579394,0.12189113915691278,0.17289461411794116,0.17644916065277297,0.18253676602317875,0.17776018875598235,0.11441831020138934,0.09720896335105302,0.08776117981660458,0.08020934513028333,0.08853146991267344,0.09488308358388108,1,34.30601503759404,35.24108885850993,35.737808807733664,36.50640171858219,36.02351503759402,34.22585392051561
93235000708,0.16176826290175095,0.1533597283106897,0.19783309667076973,0.1920088703652111,0.20227658327852088,0.19268988002211695,0.07616301818076068,0.07092670284700023,0.07283081635568892,0.07268940917028238,0.08793197805068123,0.0806687614461875,0.14710166959376822,0.13871465136616434,0.19783309667076973,0.1920088703652111,0.20227658327852088,0.19268988002211695,0.07276364435142507,0.06763184385780117,0.07283081635568892,0.07268940917028238,0.08793197805068123,0.0806687614461875,1,35.79982578397215,36.39625530566996,36.989333001493314,37.59713787954211,37.30266550522651,35.127033349925384
93235000709,0.1805416636391639,0.132518193686604,0.2160941740198437,0.2127932421580066,0.23810512255606184,0.22777835835244428,0.051648712983092496,0.012338130222141407,0.040593213250776645,0.04520841463451704,0.050524754018186624,0.03760873624224044,0.16556134983131074,0.11797902556436088,0.2160941740198437,0.2127932421580066,0.23810512255606184,0.22777835835244428,0.04878607540406973,0.010888118099870846,0.040593213250776645,0.04520841463451704,0.050524754018186624,0.03760873624224044,1,36.41735294117649,36.563116532976856,37.469443277310944,37.92565126050425,37.511525735294136,35.314548319327756
93235000710,0.14806601653594548,0.11561183390697691,0.16139340835439073,0.1576881014088945,0.16049817978823264,0.15484518039047987,0.12166941367910167,0.10263088217323534,0.11189711502259123,0.11201601660242796,0.13512992129606932,0.12414520070185495,0.1335219293308468,0.1014257692883783,0.16139340835439073,0.1576881014088945,0.16049817978823264,0.15484518039047987,0.11761893503736497,0.09894283947067847,0.11189711502259123,0.11201601660242796,0.13512992129606932,0.12414520070185495,1,36.448398437500046,36.88615104166671,37.75928571428573,38.322611607142875,37.388437500000016,35.404241071428615
93235000711,0.1637136337629487,0.12789398898849738,0.17164765271010635,0.165775444547539,0.17186794203565173,0.16638161528621023,0.1077690017705178,0.10320482361646341,0.10294949197657073,0.10271043613225776,0.12239630046673101,0.11481415797013853,0.1490532421397773,0.11359956607296198,0.17164765271010635,0.165775444547539,0.17186794203565173,0.16638161528621023,0.10385199882791937,0.09936225185575819,0.10294949197657073,0.10271043613225776,0.12239630046673101,0.11481415797013853,1,36.858085937500036,37.282593750000025,38.142890625000014,38.615033482142884,37.71148437500002,35.630524553571455
93235000712,0.20036739064988685,0.14890987903044164,0.21719259645702563,0.2196033122039416,0.22466125284229596,0.21394123084734706,0.0580046210706262,0.052439346577651764,0.05323047204365188,0.052984366662751095,0.06664338153588077,0.06723168744874211,0.18552265132305434,0.1345726304930922,0.21719259645702563,0.2196033122039416,0.22466125284229596,0.21394123084734706,0.05473884637878372,0.04923970472747327,0.05323047204365188,0.052984366662751095,0.06664338153588077,0.06723168744874211,1,37.22869140625002,37.862843750000025,38.36888392857144,38.682812500000026,38.24906250000003,35.92754464285716
93235000713,0.2654377273748837,0.22164318429576282,0.23656767450125635,0.2727399045283249,0.2784403904820246,0.2715245655901324,-0.029118856359900813,-0.0323589898047688,-0.007806751141060879,-0.017719527333088413,-0.029342889520119035,-0.025830228750460055,0.24992489347985072,0.20651599509039523,0.23656767450125635,0.2727399045283249,0.2784403904820246,0.2715245655901324,-0.03088909456724241,-0.034072924157680484,-0.007806751141060879,-0.017719527333088413,-0.029342889520119035,-0.025830228750460055,1,37.63531372549021,38.05312941176473,38.28687394957986,38.72878991596642,38.12115686274512,36.092565826330556
93235000714,0.3484807783962561,0.2566948245824674,0.3089437342753321,0.3459497166258803,0.38942883252580335,0.37504934599425166,-0.06734084889626255,-0.014293377611433185,-0.011397938790864665,-0.03147173935326165,-0.06556740439742284,-0.06367429722404168,0.3322216968133775,0.24118190601787165,0.3089437342753321,0.3459497166258803,0.38942883252580335,0.37504934599425166,-0.06836491410144031,-0.016066613455018815,-0.011397938790864665,-0.03147173935326165,-0.06556740439742284,-0.06367429722404168,1,37.183529411764724,37.29665882352945,37.841226890756325,38.343411764705934,37.474235294117676,35.651647058823556
93235000715,0.24374775099076976,0.20978840771676224,0.2754936585858468,0.30392804166983145,0.3535467300797519,0.3539353701959054,-0.14835406529899214,-0.11402616137399053,-0.09304053376404642,-0.08493493437870718,-0.12673162487533793,-0.13739984622504223,0.22736883038292668,0.1937528831710356,0.2754936585858468,0.30392804166983145,0.3535467300797519,0.3539353701959054,-0.1447663885187533,-0.11136787601650294,-0.09304053376404642,-0.08493493437870718,-0.12673162487533793,-0.13739984622504223,1,36.568031496063035,35.90471391076119,37.255883014623194,37.834161979752565,37.012066929133894,35.01466816647922
93235000716,0.16285070730810297,0.15490332857153813,0.22851125318997934,0.2817529804818483,0.2913675617585514,0.30754229380656095,-0.15413270415530314,-0.13086811521730035,-0.13492641644276737,-0.14706525517041505,-0.15832943880574218,-0.15969313961492754,0.14724378590615658,0.13946443781153808,0.22851125318997934,0.2817529804818483,0.2913675617585514,0.30754229380656095,-0.14876527021012373,-0.12668978554534288,-0.13492641644276737,-0.14706525517041505,-0.15832943880574218,-0.15969313961492754,1,35.7830392156863,34.67205228758173,36.315591036414574,36.88140616246502,36.18415686274511,33.931310924369804
93235000717,0.24634549999611308,0.2018429359532609,0.26533552506880337,0.3034533845349867,0.3403632492269386,0.37190185900923084,-0.161850491725292,-0.12857334230495843,-0.14280222338928972,-0.17671906443546495,-0.22592945351294455,-0.2429406175292386,0.22957063457071644,0.18559771543532383,0.26533552506880337,0.3034533845349867,0.3403632492269386,0.37190185900923084,-0.1577270106201849,-0.12522096427802318,-0.14280222338928972,-0.17671906443546495,-0.22592945351294455,-0.2429406175292386,1,33.93484313725493,33.393150326797404,34.90607843137255,35.274985994397795,34.52890196078434,32.48271708683477
93245000688,0.2715225976439519,0.24424249884964483,0.26820537172253084,0.29240385739681646,0.3661031137483386,0.34395813286962007,-0.026204078941258844,-0.008861233259137936,-0.005868099763546315,-0.012904326028187437,-0.0434024075363388,-0.04374531212180361,0.25642172687296416,0.22940874697835112,0.26820537172253084,0.29240385739681646,0.3661031137483386,0.34395813286962007,-0.028205932772405996,-0.011267269156052449,-0.005868099763546315,-0.012904326028187437,-0.0434024075363388,-0.04374531212180361,4,35.459218750000026,36.49851136363638,38.19364955357145,37.99901227678575,36.99308593750003,34.62002511160718
93245000689,0.19540814812795415,0.17371652136220697,0.19757642295726804,0.20021476748780026,0.2471018352432316,0.22389520694203313,0.031609516390337884,0.03781210124665328,0.04015471650262097,0.03476731548587504,0.026647474836976576,0.019785032126888924,0.18086426741602057,0.15942474857104671,0.19757642295726804,0.20021476748780026,0.2471018352432316,0.22389520694203313,0.028948708954736918,0.034721479350817444,0.04015471650262097,0.03476731548587504,0.026647474836976576,0.019785032126888924,4,36.40249019607847,37.05651265597153,38.67164705882357,38.37100840336137,37.63549019607845,35.465490196078456
93245000690,0.15815503683551702,0.14184702096230847,0.17728711867340727,0.19546733026932664,0.23310000203520356,0.20667475805282498,0.0029500325012257974,0.014621124457155176,0.02306392399944852,0.006400852627000966,-0.0011644619188169115,0.0029775126405544323,0.1439454859884536,0.12775520865295295,0.17728711867340727,0.19546733026932664,0.23310000203520356,0.20667475805282498,0.0026053979493838174,0.013724863636092306,0.02306392399944852,0.006400852627000966,-0.0011644619188169115,0.0029775126405544323,4,35.85796078431375,35.97310255496143,37.30009523809527,37.72870028011208,36.86900000000003,35.07717647058827
93245000691,0.1565162462092414,0.18307429335793898,0.3861628232171517,0.3729671598827055,0.4216689527003125,0.45369285361942013,-0.3408551727774002,-0.3235428117589877,-0.27912599245690656,-0.3020145285066978,-0.318449674751551,-0.3393591383611937,0.1413003312276598,0.16757380763025906,0.3861628232171517,0.3729671598827055,0.4216689527003125,0.45369285361942013,-0.3256969000141803,-0.3120194479827092,-0.27912599245690656,-0.3020145285066978,-0.318449674751551,-0.3393591383611937,4,33.95437500000001,33.74215755208336,34.69131696428574,35.09647321428575,34.39531250000004,32.91489397321431
93245000692,0.19581330574330164,0.237452786194467,0.2960894551397921,0.3357907584651837,0.3666211536148936,0.3493109028494335,-0.021667290810104503,-0.05069595985906052,-0.08876932847313668,-0.11631079198230011,-0.12987865019775285,-0.1346053779900234,0.18112281261945484,0.22242749452036925,0.2960894551397921,0.3357907584651837,0.3666211536148936,0.3493109028494335,-0.023499850187900226,-0.052269949970214676,-0.08876932847313668,-0.11631079198230011,-0.12987865019775285,-0.1346053779900234,3,32.897941176470624,32.619490196078445,33.489316526610686,33.64361344537818,33.00643137254906,31.705134453781522
93245000693,0.2542148114013405,0.2664608240603649,0.3150948462000221,0.35302351094379436,0.3724721375487247,0.3310351177672276,-0.05946652786848907,-0.08169642331456606,-0.10939535372472708,-0.1297850582979273,-0.15001225832003712,-0.1429783814327966,0.23901408882704686,0.2510980763417026,0.3150948462000221,0.35302351094379436,0.3724721375487247,0.3310351177672276,-0.06081273049064991,-0.08267304276540749,-0.10939535372472708,-0.1297850582979273,-0.15001225832003712,-0.1429783814327966,3,32.47815686274514,32.35855614973266,33.47869467787117,33.6695742296919,32.843960784313765,31.480521008403386
93245000694,0.3350550615708331,0.33072708960533787,0.38954931957353833,0.406524442423835,0.45107509079376024,0.4015930732064005,-0.07176120968312547,-0.08883146307763744,-0.10368811453217229,-0.12255059066936683,-0.16423093851598358,-0.1473534886439193,0.31964359164236067,0.3151268632759431,0.38954931957353833,0.406524442423835,0.45107509079376024,0.4015930732064005,-0.073545172821782,-0.09023856109663579,-0.10368811453217229,-0.12255059066936683,-0.16423093851598358,-0.1473534886439193,3,32.562949218750035,32.409552556818205,33.56558035714287,33.87553571428573,32.80742187500003,31.347119140625043
93245000695,0.31353353719573734,0.3098491705377595,0.41395480729499445,0.4262854710914089,0.42381025778808556,0.41342170164904496,-0.17146927444264917,-0.16341200989983085,-0.14801876007914144,-0.15348540298529603,-0.18056172321549588,-0.1734743140896694,0.2978999283985661,0.2943206886752282,0.41395480729499445,0.4262854710914089,0.42381025778808556,0.41342170164904496,-0.1693088061187556,-0.16266114256806627,-0.14801876007914144,-0.15348540298529603,-0.18056172321549588,-0.1734743140896694,3,32.51742187500002,32.10765625000001,33.412566964285745,33.91022321428572,32.656953125000044,31.311054687500032
93245000698,0.19141344324127427,0.1971404745741003,0.2510431836122728,0.2639994615067826,0.27334056590191635,0.27121256484509654,-0.03140908970535989,-0.025370358739360364,-0.03505755384375144,-0.03285534065558826,-0.05107070115931769,-0.05137792986926753,0.17643822251392693,0.18200353920687526,0.2510431836122728,0.2639994615067826,0.27334056590191635,0.27121256484509654,-0.03287880224360221,-0.026929044407580493,-0.03505755384375144,-0.03285534065558826,-0.05107070115931769,-0.05137792986926753,3,33.146000000000015,32.99560000000002,33.868805194805226,34.363662337662376,33.14739393939396,32.06313636363641
93245000699,0.09080858524651902,0.11499192401894907,0.13629519680836244,0.12914843360948552,0.1338384449361539,0.1536060618396633,0.04330408189886043,0.05257424143898188,0.05791749019740689,0.04564565587021218,0.045169978250772326,0.04142711558312518,0.07695433506387377,0.1009095040724523,0.13629519680836244,0.12914843360948552,0.1338384449361539,0.1536060618396633,0.04174684199008557,0.050203192139367685,0.05791749019740689,0.04564565587021218,0.045169978250772326,0.04142711558312518,3,32.98286274509806,32.97653832442069,33.6302016806723,34.29843137254905,32.84728104575167,32.06617647058828
93245000707,0.06508315417649255,0.06489778190791894,0.1030376972627226,0.12107997590979953,0.1404048155780056,0.15217564243806456,0.05087801134496045,0.05077124553830089,0.03550737410985302,0.0203634858624431,0.020802445039705,0.018170735569947548,0.051368009095500246,0.05113337350948714,0.1030376972627226,0.12107997590979953,0.1404048155780056,0.15217564243806456,0.048605267519066846,0.04827846388139729,0.03550737410985302,0.0203634858624431,0.020802445039705,0.018170735569947548,1,32.97943750000004,33.06122500000005,34.04622619047621,34.765452380952404,33.77795833333338,32.64827380952384
93245000708,0.11584589469844617,0.09366743759629942,0.15072567795136976,0.16169558961891917,0.18072036911994618,0.17257845992111348,0.03455226862973828,0.02977455179603451,0.025676342573361308,0.030130138353427476,0.016222669930095333,0.007361757497593042,0.10148071106968622,0.07955077403438154,0.15072567795136976,0.16169558961891917,0.18072036911994618,0.17257845992111348,0.032246525695982645,0.02749651097643811,0.025676342573361308,0.030130138353427476,0.016222669930095333,0.007361757497593042,4,33.74568627450982,33.50799643493763,34.562784313725516,35.33779831932776,35.41186274509807,33.261428571428596
93245000709,0.10160543115980426,0.07688293432858181,0.12135571645079987,0.1266653385367067,0.14269667950645545,0.1366661506428516,0.043210738799449463,0.03339262092174521,0.044159629679426576,0.05464350594786189,0.06032732018311822,0.04753246693931783,0.08740365181442548,0.06301608162487601,0.12135571645079987,0.1266653385367067,0.14269667950645545,0.1366661506428516,0.04089960132662423,0.03108288871444397,0.044159629679426576,0.05464350594786189,0.06032732018311822,0.04753246693931783,4,34.46017578125003,34.01283913352274,35.38629464285715,35.97044642857147,36.28146484375003,33.78006696428574
93245000710,0.1923234141837755,0.13434376577275678,0.15538492694103428,0.1713495207331147,0.17411545936174597,0.15099421889986794,-0.03175878408510367,-0.017115837745344878,0.0036242174835331657,0.017665862045522326,0.007024527432711385,0.00969777591339095,0.1771248282825182,0.12000920065984838,0.15538492694103428,0.1713495207331147,0.17411545936174597,0.15099421889986794,-0.032743940911853855,-0.018908819502984092,0.0036242174835331657,0.017665862045522326,0.007024527432711385,0.00969777591339095,4,34.66231372549024,34.65270112893646,35.82787114845941,36.692711484593865,36.26803921568629,34.12546218487398
93245000711,0.13352171205399932,0.09272299943126205,0.14614519149630387,0.1503467299825971,0.15622885404576406,0.15117520517516336,0.07946514842545853,0.06330169422778513,0.07288384534749279,0.07900263878226294,0.08984040905711721,0.0731211638623869,0.11898647061465412,0.07872099890942473,0.14614519149630387,0.1503467299825971,0.15622885404576406,0.15117520517516336,0.07620216496923503,0.06021726667208114,0.07288384534749279,0.07900263878226294,0.08984040905711721,0.0731211638623869,4,34.91582352941181,35.45745098039218,35.95761904761909,36.92230252100845,36.249470588235326,34.37060504201682
93245000712,0.1559717006709812,0.11164162349528071,0.16613149170344368,0.17159773374689258,0.18221207431699812,0.18695122855495372,0.08091469421598305,0.06775019494971246,0.0760822171712014,0.07249796803013642,0.0775827592163742,0.0715462837448882,0.14123246859899016,0.0974549450621451,0.16613149170344368,0.17159773374689258,0.18221207431699812,0.18695122855495372,0.07760339811082459,0.06461250490754487,0.0760822171712014,0.07249796803013642,0.0775827592163742,0.0715462837448882,4,35.46421568627454,35.85792941176473,36.340745098039235,37.44861064425775,36.8078692810458,34.92700840336137
93245000713,0.193763285422421,0.16430258726914984,0.20306897514471645,0.1977770620506293,0.2084992976928286,0.2011246252648203,0.08164177037062341,0.07790167783166091,0.07429749059208851,0.07181391865199799,0.08407019114028674,0.07884061981596063,0.17875315249694618,0.14961446037960355,0.20306897514471645,0.1977770620506293,0.2084992976928286,0.2011246252648203,0.0780947727085312,0.0744010446708199,0.07429749059208851,0.07181391865199799,0.08407019114028674,0.07884061981596063,4,36.04060546875002,36.29782031250003,36.54040178571432,37.712868303571454,37.082102864583355,35.13921875000002
93245000714,0.24011283344049192,0.18619968084203947,0.23238587520353218,0.22391882246008343,0.23027751706465113,0.22325244366918393,0.02267172239511362,0.038728009383697644,0.03000003241787839,0.03683154522136211,0.0394153664715603,0.028797878580985214,0.22483935806472774,0.17131698555302147,0.23238587520353218,0.22391882246008343,0.23027751706465113,0.22325244366918393,0.01993912610828658,0.035855574081201456,0.03000003241787839,0.03683154522136211,0.0394153664715603,0.028797878580985214,4,36.125588235294146,36.135662745098074,36.79561344537817,37.52119327731097,37.16192156862748,35.14280672268909
93245000715,0.23459939588755538,0.16394366679790906,0.18509361919702802,0.2128904612012177,0.2285940206488598,0.21691040129073308,0.031358501639371886,0.043533922327021586,0.04447122284306753,0.0352003920640119,0.0023153973408573825,-0.005551474221896865,0.21937276148849474,0.14925926077976961,0.18509361919702802,0.2128904612012177,0.2285940206488598,0.21691040129073308,0.028803043513675866,0.04085072792169263,0.04447122284306753,0.0352003920640119,0.0023153973408573825,-0.005551474221896865,1,36.110898437500026,35.379132812500025,36.6704910714286,37.35388392857144,37.006640625000024,34.777879464285725
93245000716,0.2045592015617953,0.19869143966669245,0.226417780932277,0.24389255151629707,0.288018531760071,0.30489819340787944,-0.055881078063930854,-0.04236520798328349,-0.04498513638520812,-0.0565484241296333,-0.08387306488541602,-0.1118874290525722,0.18903115543012933,0.1830921047399169,0.226417780932277,0.24389255151629707,0.288018531760071,0.30489819340787944,-0.05449707386914581,-0.04133729533617522,-0.04498513638520812,-0.0565484241296333,-0.08387306488541602,-0.1118874290525722,1,34.87546875000004,34.37052734375002,35.79829241071432,36.524720982142874,36.13787760416667,33.55286830357147
93245000717,0.17449420177233324,0.17518774711840376,0.2229880220860651,0.2648796997164391,0.33198836882373145,0.34426345878908254,-0.08646971217595814,-0.11112382126043084,-0.06160229265455201,-0.09163830021531795,-0.14133008453502044,-0.16232163185382892,0.1590301316308969,0.15975906573978244,0.2229880220860651,0.2648796997164391,0.33198836882373145,0.34426345878908254,-0.08226836067005605,-0.10741407631203789,-0.06160229265455201,-0.09163830021531795,-0.14133008453502044,-0.16232163185382892,1,34.05732421875004,33.40375651041669,35.27079241071431,35.56453125000004,34.71792317708335,32.26603794642862
93255000687,0.34089810688341277,0.30807549117446537,0.28560002757749514,0.31540522095407175,0.38712276526408634,0.3569353601732301,-0.04654198458748237,-0.045651309518089295,-0.004492379826625635,-0.0014051466598384416,-0.041728815870495053,-0.044702175704751206,0.325687678859892,0.2929196348340986,0.28560002757749514,0.31540522095407175,0.38712276526408634,0.3569353601732301,-0.04889735372135968,-0.047888564000524776,-0.004492379826625635,-0.0014051466598384416,-0.041728815870495053,-0.044702175704751206,4,35.847823529411805,36.63910659536544,38.81896358543419,38.35335014005606,37.659803921568646,34.99150840336138
93255000688,0.2827332397970638,0.23047726161973792,0.2413362813526732,0.2562052439950309,0.32491158674868,0.31593335336223866,-0.0020381272988105217,-0.009718767831325326,0.004068907034984878,-0.0045783259818090866,-0.021834788183391834,-0.02990535626326143,0.2676626929383549,0.2158522861984058,0.2413362813526732,0.2562052439950309,0.32491158674868,0.31593335336223866,-0.0047549877831439555,-0.012381400201774322,0.004068907034984878,-0.0045783259818090866,-0.021834788183391834,-0.02990535626326143,4,36.63272549019611,37.252295900178275,39.24267226890757,38.55331652661069,38.07258823529415,35.38042156862748
93255000689,0.20754683638033083,0.1828466389739173,0.20969501739977586,0.21696895070649005,0.2713638728640917,0.250594041741231,0.01808855485158793,0.016692340965657835,0.005019328367077996,0.010167800798525672,-0.0033030386650849098,-0.006152888884165387,0.1928097315368572,0.16839220966763366,0.20969501739977586,0.21696895070649005,0.2713638728640917,0.250594041741231,0.01541594013269282,0.013970705632005821,0.005019328367077996,0.010167800798525672,-0.0033030386650849098,-0.006152888884165387,4,36.571796875000025,36.73964985795458,38.86161830357145,38.31462053571433,37.85460937500003,35.533330078125026
93255000690,0.07927685252180637,0.07524335226977083,0.11101576045513027,0.185216742990557,0.2555070095148382,0.1908119544938238,-0.29256161259060876,-0.2601335081050695,-0.19739719932868385,-0.20926026205153997,-0.22605088048865038,-0.21668852782326023,0.06569591954250995,0.06163492762835398,0.11101576045513027,0.185216742990557,0.2555070095148382,0.1908119544938238,-0.27796572064116415,-0.24801176250286505,-0.19739719932868385,-0.20926026205153997,-0.22605088048865038,-0.21668852782326023,4,35.28179687500003,34.5132291666667,35.96727678571431,37.06781250000003,35.849062500000024,34.300019531250044
93255000691,0.046010436213523624,0.09390206781862764,0.2689390609901584,0.39851921937950385,0.4076436415163799,0.4713512584236876,-0.4329550298217211,-0.4298281450592209,-0.3230206318458618,-0.36707805691486445,-0.4006537647127178,-0.41715008160672995,0.032254100928775425,0.07944418390068839,0.2689390609901584,0.39851921937950385,0.4076436415163799,0.4713512584236876,-0.4063153376155739,-0.40696903580846383,-0.3230206318458618,-0.36707805691486445,-0.4006537647127178,-0.41715008160672995,4,33.42937869822489,32.463264299802795,33.48477599323755,34.5992307692308,34.12633136094677,32.40518596787831
93255000709,0.04915600567997717,0.03728704545890205,0.09032672899630725,0.08881334692266146,0.10453755851312017,0.09727135250284023,0.017343825937812588,-0.003456018587050016,0.019862772018160155,0.01730681883141235,0.013571831133525647,0.01598115776978093,0.035478952031689104,0.02385230928861612,0.09032672899630725,0.08881334692266146,0.10453755851312017,0.09727135250284023,0.015863335789278194,-0.004709930872217929,0.019862772018160155,0.01730681883141235,0.013571831133525647,0.01598115776978093,4,33.159083969465684,32.425572519084,33.546074154852796,34.28415485278084,34.98419847328248,32.54541984732829
93255000710,0.09687819296240216,0.09201298559895713,0.10216149869074605,0.10632856935281752,0.11691523237343329,0.11891074694956012,0.010529685119841849,-0.014994407997684379,0.01971232370587105,0.02529588520965876,0.020510250681834485,0.014542007615157572,0.0826873851881624,0.07804254230733725,0.10216149869074605,0.10632856935281752,0.11691523237343329,0.11891074694956012,0.008774348927435081,-0.016484767012125066,0.01971232370587105,0.02529588520965876,0.020510250681834485,0.014542007615157572,4,33.78984375000005,33.61819602272731,34.89107142857145,35.84741071428574,35.72421875000001,33.4882142857143
93255000713,0.1233611422306952,0.11510298542882509,0.15288025807309955,0.15671729133586493,0.17229692247748937,0.17048594772840542,0.1059248619699941,0.09960493345781035,0.09455275267110448,0.09721131997116329,0.10909736532265894,0.10612397595296129,0.10904450168871435,0.10093836194607374,0.15288025807309955,0.15671729133586493,0.17229692247748937,0.17048594772840542,0.1029445747644858,0.09638793175659237,0.09455275267110448,0.09721131997116329,0.10909736532265894,0.10612397595296129,4,35.24807291666669,35.32952083333336,35.633184523809575,37.09199404761907,36.55642361111114,34.57407738095242
93255000714,0.13026172735903338,0.1311934895141922,0.17546165850311649,0.177061478715355,0.19528986790540334,0.1758309400524492,0.06836255114228353,0.06377349381538411,0.055969341717151656,0.05491965569561563,0.053230406342251034,0.0635300178923251,0.11587585447753164,0.11680607778378825,0.17546165850311649,0.177061478715355,0.19528986790540334,0.1758309400524492,0.06645038473458689,0.061526594267131515,0.055969341717151656,0.05491965569561563,0.053230406342251034,0.0635300178923251,4,35.4513157894737,35.30145263157898,36.18533834586468,36.9819398496241,36.91126315789476,34.7389022556391
93255000715,0.12411347035678652,0.11302320868618858,0.15242779147706506,0.17202860222674132,0.2048068342945411,0.20895122859389859,-0.013078239781350611,-0.005572899901030403,0.029082056957426782,0.02775544660684639,0.03379071606292299,-0.002751657855833253,0.11027234565447616,0.09921219165169522,0.15242779147706506,0.17202860222674132,0.2048068342945411,0.20895122859389859,-0.00943793134101923,-0.002731098654658911,0.029082056957426782,0.02775544660684639,0.03379071606292299,-0.002751657855833253,1,35.665937500000034,34.831250000000026,36.216607142857164,36.919821428571446,36.73031250000002,34.41821428571429
93255000716,0.12054858909870103,0.12020032239802725,0.17330516346104194,0.19917367159202387,0.2386985480348514,0.26067951028651526,-0.12293769874471412,-0.10489437185290144,-0.03603350633324491,-0.028711682501378708,-0.06264154335815156,-0.12566107635853915,0.10642953929104446,0.10575651421234708,0.17330516346104194,0.19917367159202387,0.2386985480348514,0.26067951028651526,-0.11402716685605538,-0.09850499780013428,-0.03603350633324491,-0.028711682501378708,-0.06264154335815156,-0.12566107635853915,1,32.35876106194695,32.841740412979384,33.8103539823009,35.06360303413401,34.60592920353982,32.15776232616944
93255000717,0.11852424528959625,0.17896952447650935,0.22319239610675137,0.2369476916360326,0.351059149227949,0.39633682179933644,0.0036662571591530974,-0.04089134003356051,-0.001771590485102481,-0.0380446253424452,-0.10816165172867838,-0.17219040096544624,0.10451355471888411,0.16387420880263612,0.22319239610675137,0.2369476916360326,0.351059149227949,0.39633682179933644,0.004954192470976046,-0.039281357367153456,-0.001771590485102481,-0.0380446253424452,-0.10816165172867838,-0.17219040096544624,3,32.52771484375004,32.46357421875002,34.011071428571455,34.790078125000036,33.69337890625001,31.363604910714333
