{
"type": "FeatureCollection",
"name": "pred_spatial_M1_LagLST",
"crs": { "type": "name", "properties": { "name": "urn:ogc:def:crs:OGC:1.3:CRS84" } },
"features": [
{ "type": "Feature", "properties": { "grid_id": "92955000708", "lst_2024": 34.535053221288535, "kmeans_cluster": 4, "predicted": 34.600042427411537, "residual": -0.064989206123001964, "abs_error": 0.064989206123001964, "split": "test" }, "geometry": { "type": "Polygon", "coordinates": [ [ [ 106.880430596830621, -6.365621715373656 ], [ 106.880463517435757, -6.374663007063259 ], [ 106.889500876040529, -6.374629969290863 ], [ 106.889467797448688, -6.365588724825695 ], [ 106.880430596830621, -6.365621715373656 ] ] ] } },
{ "type": "Feature", "properties": { "grid_id": "92955000709", "lst_2024": 33.313515625000022, "kmeans_cluster": 3, "predicted": 33.501084927556654, "residual": -0.18756930255663207, "abs_error": 0.18756930255663207, "split": "train" }, "geometry": { "type": "Polygon", "coordinates": [ [ [ 106.889467797448688, -6.365588724825695 ], [ 106.889500876040529, -6.374629969290863 ], [ 106.898538186738151, -6.374596773343113 ], [ 106.898504950168586, -6.365555576335941 ], [ 106.889467797448688, -6.365588724825695 ] ] ] } },
{ "type": "Feature", "properties": { "grid_id": "92965000698", "lst_2024": 33.461383928571472, "kmeans_cluster": 4, "predicted": 33.719368936538743, "residual": -0.25798500796727097, "abs_error": 0.25798500796727097, "split": "test" }, "geometry": { "type": "Polygon", "coordinates": [ [ [ 106.790024710671034, -6.356901178304342 ], [ 106.790056005810598, -6.365942933174288 ], [ 106.799093672968709, -6.365911522268838 ], [ 106.799062220031075, -6.356869812359572 ], [ 106.790024710671034, -6.356901178304342 ] ] ] } },
{ "type": "Feature", "properties": { "grid_id": "92965000699", "lst_2024": 33.510459383753528, "kmeans_cluster": 4, "predicted": 33.541490803441732, "residual": -0.031031419688204664, "abs_error": 0.031031419688204664, "split": "train" }, "geometry": { "type": "Polygon", "coordinates": [ [ [ 106.799062220031075, -6.356869812359572 ], [ 106.799093672968709, -6.365911522268838 ], [ 106.808131294492398, -6.365879953376679 ], [ 106.80809968376569, -6.356838288670638 ], [ 106.799062220031075, -6.356869812359572 ] ] ] } },
{ "type": "Feature", "properties": { "grid_id": "92965000707", "lst_2024": 35.517092436974821, "kmeans_cluster": 4, "predicted": 35.310468639975447, "residual": 0.20662379699937361, "abs_error": 0.20662379699937361, "split": "test" }, "geometry": { "type": "Polygon", "coordinates": [ [ [ 106.871360633360567, -6.356613205957617 ], [ 106.871393348520996, -6.365654547979824 ], [ 106.880430596830621, -6.365621715373656 ], [ 106.880397723908061, -6.356580420360287 ], [ 106.871360633360567, -6.356613205957617 ] ] ] } },
{ "type": "Feature", "properties": { "grid_id": "92965000708", "lst_2024": 35.044776785714305, "kmeans_cluster": 4, "predicted": 35.059823487471363, "residual": -0.01504670175705769, "abs_error": 0.01504670175705769, "split": "train" }, "geometry": { "type": "Polygon", "coordinates": [ [ [ 106.880397723908061, -6.356580420360287 ], [ 106.880430596830621, -6.365621715373656 ], [ 106.889467797448688, -6.365588724825695 ], [ 106.889434766772979, -6.356547477045744 ], [ 106.880397723908061, -6.356580420360287 ] ] ] } },
{ "type": "Feature", "properties": { "grid_id": "92965000709", "lst_2024": 33.689137254902008, "kmeans_cluster": 4, "predicted": 33.902645054071044, "residual": -0.21350779916903662, "abs_error": 0.21350779916903662, "split": "train" }, "geometry": { "type": "Polygon", "coordinates": [ [ [ 106.889434766772979, -6.356547477045744 ], [ 106.889467797448688, -6.365588724825695 ], [ 106.898504950168586, -6.365555576335941 ], [ 106.898471761730747, -6.356514376005004 ], [ 106.889434766772979, -6.356547477045744 ] ] ] } },
{ "type": "Feature", "properties": { "grid_id": "92965000710", "lst_2024": 32.82625, "kmeans_cluster": 3, "predicted": 33.294217798354836, "residual": -0.46796779835480606, "abs_error": 0.46796779835480606, "split": "test" }, "geometry": { "type": "Polygon", "coordinates": [ [ [ 106.898471761730747, -6.356514376005004 ], [ 106.898504950168586, -6.365555576335941 ], [ 106.907542054738784, -6.365522269913377 ], [ 106.90750870855679, -6.356481117265014 ], [ 106.898471761730747, -6.356514376005004 ] ] ] } },
{ "type": "Feature", "properties": { "grid_id": "92965000711", "lst_2024": 33.037854341736704, "kmeans_cluster": 3, "predicted": 33.153547759939151, "residual": -0.11569341820244716, "abs_error": 0.11569341820244716, "split": "train" }, "geometry": { "type": "Polygon", "coordinates": [ [ [ 106.90750870855679, -6.356481117265014 ], [ 106.907542054738784, -6.365522269913377 ], [ 106.916579110943687, -6.36548880554902 ], [ 106.916545607017525, -6.356447700807811 ], [ 106.90750870855679, -6.356481117265014 ] ] ] } },
{ "type": "Feature", "properties": { "grid_id": "92975000698", "lst_2024": 33.706473214285758, "kmeans_cluster": 3, "predicted": 33.845922587105527, "residual": -0.13944937281976877, "abs_error": 0.13944937281976877, "split": "train" }, "geometry": { "type": "Polygon", "coordinates": [ [ [ 106.789993460923341, -6.347859420128596 ], [ 106.790024710671034, -6.356901178304342 ], [ 106.799062220031075, -6.356869812359572 ], [ 106.799030812709915, -6.347828099153489 ], [ 106.789993460923341, -6.347859420128596 ] ] ] } },
{ "type": "Feature", "properties": { "grid_id": "92975000699", "lst_2024": 33.989252232142888, "kmeans_cluster": 4, "predicted": 33.956876482142896, "residual": 0.03237574999999282, "abs_error": 0.03237574999999282, "split": "train" }, "geometry": { "type": "Polygon", "coordinates": [ [ [ 106.799030812709915, -6.347828099153489 ], [ 106.799062220031075, -6.356869812359572 ], [ 106.80809968376569, -6.356838288670638 ], [ 106.80806811888003, -6.347796620649814 ], [ 106.799030812709915, -6.347828099153489 ] ] ] } },
{ "type": "Feature", "properties": { "grid_id": "92975000700", "lst_2024": 34.2434375, "kmeans_cluster": 4, "predicted": 34.19107234858032, "residual": 0.052365151419685674, "abs_error": 0.052365151419685674, "split": "train" }, "geometry": { "type": "Polygon", "coordinates": [ [ [ 106.80806811888003, -6.347796620649814 ], [ 106.80809968376569, -6.356838288670638 ], [ 106.817137101650303, -6.356806607219575 ], [ 106.81710537920911, -6.347764984617571 ], [ 106.80806811888003, -6.347796620649814 ] ] ] } },
{ "type": "Feature", "properties": { "grid_id": "92975000701", "lst_2024": 34.145058823529439, "kmeans_cluster": 4, "predicted": 34.151588890943643, "residual": -0.0065300674142036996, "abs_error": 0.0065300674142036996, "split": "train" }, "geometry": { "type": "Polygon", "coordinates": [ [ [ 106.81710537920911, -6.347764984617571 ], [ 106.817137101650303, -6.356806607219575 ], [ 106.826174473460313, -6.356774768024347 ], [ 106.826142593463601, -6.347733191065744 ], [ 106.81710537920911, -6.347764984617571 ] ] ] } },
{ "type": "Feature", "properties": { "grid_id": "92975000702", "lst_2024": 33.718593750000018, "kmeans_cluster": 4, "predicted": 33.904907841585079, "residual": -0.18631409158506074, "abs_error": 0.18631409158506074, "split": "test" }, "geometry": { "type": "Polygon", "coordinates": [ [ [ 106.826142593463601, -6.347733191065744 ], [ 106.826174473460313, -6.356774768024347 ], [ 106.835211798971159, -6.356742771075973 ], [ 106.835179761418928, -6.34770123999433 ], [ 106.826142593463601, -6.347733191065744 ] ] ] } },
{ "type": "Feature", "properties": { "grid_id": "92975000706", "lst_2024": 35.406436974789962, "kmeans_cluster": 4, "predicted": 35.400646984773203, "residual": 0.0057899900167583951, "abs_error": 0.0057899900167583951, "split": "train" }, "geometry": { "type": "Polygon", "coordinates": [ [ [ 106.862290985181218, -6.347604441725463 ], [ 106.862323495364052, -6.356645833837731 ], [ 106.871360633360567, -6.356613205957617 ], [ 106.871327965649158, -6.347571860620625 ], [ 106.862290985181218, -6.347604441725463 ] ] ] } },
{ "type": "Feature", "properties": { "grid_id": "92975000707", "lst_2024": 35.566941964285732, "kmeans_cluster": 4, "predicted": 35.407574599297838, "residual": 0.15936736498789372, "abs_error": 0.15936736498789372, "split": "test" }, "geometry": { "type": "Polygon", "coordinates": [ [ [ 106.871327965649158, -6.347571860620625 ], [ 106.871360633360567, -6.356613205957617 ], [ 106.880397723908061, -6.356580420360287 ], [ 106.880364898659096, -6.347539122023152 ], [ 106.871327965649158, -6.347571860620625 ] ] ] } },
{ "type": "Feature", "properties": { "grid_id": "92975000708", "lst_2024": 35.29922384701915, "kmeans_cluster": 4, "predicted": 35.328105800039026, "residual": -0.028881953019876505, "abs_error": 0.028881953019876505, "split": "train" }, "geometry": { "type": "Polygon", "coordinates": [ [ [ 106.880364898659096, -6.347539122023152 ], [ 106.880397723908061, -6.356580420360287 ], [ 106.889434766772979, -6.356547477045744 ], [ 106.889401783995453, -6.347506225933043 ], [ 106.880364898659096, -6.347539122023152 ] ] ] } },
{ "type": "Feature", "properties": { "grid_id": "92975000709", "lst_2024": 34.321517857142886, "kmeans_cluster": 4, "predicted": 34.44568809350347, "residual": -0.12417023636058389, "abs_error": 0.12417023636058389, "split": "train" }, "geometry": { "type": "Polygon", "coordinates": [ [ [ 106.889401783995453, -6.347506225933043 ], [ 106.889434766772979, -6.356547477045744 ], [ 106.898471761730747, -6.356514376005004 ], [ 106.898438621433627, -6.347473172350298 ], [ 106.889401783995453, -6.347506225933043 ] ] ] } },
{ "type": "Feature", "properties": { "grid_id": "92975000710", "lst_2024": 33.611759103641475, "kmeans_cluster": 4, "predicted": 33.769395663791308, "residual": -0.15763656014983241, "abs_error": 0.15763656014983241, "split": "train" }, "geometry": { "type": "Polygon", "coordinates": [ [ [ 106.898438621433627, -6.347473172350298 ], [ 106.898471761730747, -6.356514376005004 ], [ 106.90750870855679, -6.356481117265014 ], [ 106.907475410740076, -6.347439961283902 ], [ 106.898438621433627, -6.347473172350298 ] ] ] } },
{ "type": "Feature", "properties": { "grid_id": "92975000711", "lst_2024": 33.622890625000032, "kmeans_cluster": 4, "predicted": 33.633258664813148, "residual": -0.01036803981311607, "abs_error": 0.01036803981311607, "split": "test" }, "geometry": { "type": "Polygon", "coordinates": [ [ [ 106.907475410740076, -6.347439961283902 ], [ 106.90750870855679, -6.356481117265014 ], [ 106.916545607017525, -6.356447700807811 ], [ 106.916512151690213, -6.347406592742836 ], [ 106.907475410740076, -6.347439961283902 ] ] ] } },
{ "type": "Feature", "properties": { "grid_id": "92985000699", "lst_2024": 34.775267857142879, "kmeans_cluster": 4, "predicted": 34.743756366777852, "residual": 0.031511490365026873, "abs_error": 0.031511490365026873, "split": "train" }, "geometry": { "type": "Polygon", "coordinates": [ [ [ 106.798999451005187, -6.338786382641605 ], [ 106.799030812709915, -6.347828099153489 ], [ 106.80806811888003, -6.347796620649814 ], [ 106.808036599844357, -6.33875494932319 ], [ 106.798999451005187, -6.338786382641605 ] ] ] } },
{ "type": "Feature", "properties": { "grid_id": "92985000700", "lst_2024": 34.64757812500001, "kmeans_cluster": 4, "predicted": 34.588875098777862, "residual": 0.058703026222147514, "abs_error": 0.058703026222147514, "split": "train" }, "geometry": { "type": "Polygon", "coordinates": [ [ [ 106.808036599844357, -6.33875494932319 ], [ 106.80806811888003, -6.347796620649814 ], [ 106.81710537920911, -6.347764984617571 ], [ 106.817073702842507, -6.338723358709768 ], [ 106.808036599844357, -6.33875494932319 ] ] ] } },
{ "type": "Feature", "properties": { "grid_id": "92985000701", "lst_2024": 34.448292410714309, "kmeans_cluster": 4, "predicted": 34.495089416124841, "residual": -0.046797005410532222, "abs_error": 0.046797005410532222, "split": "train" }, "geometry": { "type": "Polygon", "coordinates": [ [ [ 106.817073702842507, -6.338723358709768 ], [ 106.81710537920911, -6.347764984617571 ], [ 106.826142593463601, -6.347733191065744 ], [ 106.826110759775048, -6.338691610801339 ], [ 106.817073702842507, -6.338723358709768 ] ] ] } },
{ "type": "Feature", "properties": { "grid_id": "92985000702", "lst_2024": 34.500825892857165, "kmeans_cluster": 4, "predicted": 34.496629317728541, "residual": 0.0041965751286241471, "abs_error": 0.0041965751286241471, "split": "train" }, "geometry": { "type": "Polygon", "coordinates": [ [ [ 106.826110759775048, -6.338691610801339 ], [ 106.826142593463601, -6.347733191065744 ], [ 106.835179761418928, -6.34770123999433 ], [ 106.835147770399431, -6.338659705597904 ], [ 106.826110759775048, -6.338691610801339 ] ] ] } },
{ "type": "Feature", "properties": { "grid_id": "92985000705", "lst_2024": 35.382829131652692, "kmeans_cluster": 4, "predicted": 35.395424488434443, "residual": -0.012595356781751832, "abs_error": 0.012595356781751832, "split": "train" }, "geometry": { "type": "Polygon", "coordinates": [ [ [ 106.85322165185238, -6.338595423341949 ], [ 106.853253957506809, -6.347636865319698 ], [ 106.862290985181218, -6.347604441725463 ], [ 106.862258522222803, -6.338563046289428 ], [ 106.85322165185238, -6.338595423341949 ] ] ] } },
{ "type": "Feature", "properties": { "grid_id": "92985000706", "lst_2024": 35.487979910714323, "kmeans_cluster": 4, "predicted": 35.470462660146985, "residual": 0.017517250567337328, "abs_error": 0.017517250567337328, "split": "train" }, "geometry": { "type": "Polygon", "coordinates": [ [ [ 106.862258522222803, -6.338563046289428 ], [ 106.862290985181218, -6.347604441725463 ], [ 106.871327965649158, -6.347571860620625 ], [ 106.871295345377774, -6.338530511968851 ], [ 106.862258522222803, -6.338563046289428 ] ] ] } },
{ "type": "Feature", "properties": { "grid_id": "92985000707", "lst_2024": 35.62198879551822, "kmeans_cluster": 4, "predicted": 35.615223778390309, "residual": 0.0067650171279112215, "abs_error": 0.0067650171279112215, "split": "test" }, "geometry": { "type": "Polygon", "coordinates": [ [ [ 106.871295345377774, -6.338530511968851 ], [ 106.871327965649158, -6.347571860620625 ], [ 106.880364898659096, -6.347539122023152 ], [ 106.880332121083725, -6.338497820371233 ], [ 106.871295345377774, -6.338530511968851 ] ] ] } },
{ "type": "Feature", "properties": { "grid_id": "92985000708", "lst_2024": 35.4478125, "kmeans_cluster": 4, "predicted": 35.360490622419867, "residual": 0.087321877580144758, "abs_error": 0.087321877580144758, "split": "test" }, "geometry": { "type": "Polygon", "coordinates": [ [ [ 106.880332121083725, -6.338497820371233 ], [ 106.880364898659096, -6.347539122023152 ], [ 106.889401783995453, -6.347506225933043 ], [ 106.889368849134058, -6.338464971505559 ], [ 106.880332121083725, -6.338497820371233 ] ] ] } },
{ "type": "Feature", "properties": { "grid_id": "92985000709", "lst_2024": 34.68727678571431, "kmeans_cluster": 4, "predicted": 34.714265435523117, "residual": -0.026988649808806997, "abs_error": 0.026988649808806997, "split": "train" }, "geometry": { "type": "Polygon", "coordinates": [ [ [ 106.889368849134058, -6.338464971505559 ], [ 106.889401783995453, -6.347506225933043 ], [ 106.898438621433627, -6.347473172350298 ], [ 106.898405529268246, -6.338431965371828 ], [ 106.889368849134058, -6.338464971505559 ] ] ] } },
{ "type": "Feature", "properties": { "grid_id": "92985000710", "lst_2024": 34.166674107142875, "kmeans_cluster": 4, "predicted": 34.179626645206149, "residual": -0.012952538063274233, "abs_error": 0.012952538063274233, "split": "train" }, "geometry": { "type": "Polygon", "coordinates": [ [ [ 106.898405529268246, -6.338431965371828 ], [ 106.898438621433627, -6.347473172350298 ], [ 106.907475410740076, -6.347439961283902 ], [ 106.907442161288671, -6.338398801988006 ], [ 106.898405529268246, -6.338431965371828 ] ] ] } },
{ "type": "Feature", "properties": { "grid_id": "92985000711", "lst_2024": 34.048136160714328, "kmeans_cluster": 4, "predicted": 34.00102824134018, "residual": 0.047107919374148821, "abs_error": 0.047107919374148821, "split": "train" }, "geometry": { "type": "Polygon", "coordinates": [ [ [ 106.907442161288671, -6.338398801988006 ], [ 106.907475410740076, -6.347439961283902 ], [ 106.916512151690213, -6.347406592742836 ], [ 106.916478744943802, -6.338365481345111 ], [ 106.907442161288671, -6.338398801988006 ] ] ] } },
{ "type": "Feature", "properties": { "grid_id": "92995000699", "lst_2024": 34.884980392156891, "kmeans_cluster": 4, "predicted": 34.876045023214481, "residual": 0.0089353689424100935, "abs_error": 0.0089353689424100935, "split": "train" }, "geometry": { "type": "Polygon", "coordinates": [ [ [ 106.798968134916919, -6.329744662823922 ], [ 106.798999451005187, -6.338786382641605 ], [ 106.808036599844357, -6.33875494932319 ], [ 106.808005126649732, -6.329713274699747 ], [ 106.798968134916919, -6.329744662823922 ] ] ] } },
{ "type": "Feature", "properties": { "grid_id": "92995000700", "lst_2024": 34.840095238095259, "kmeans_cluster": 4, "predicted": 34.766043322028608, "residual": 0.074051916066650847, "abs_error": 0.074051916066650847, "split": "test" }, "geometry": { "type": "Polygon", "coordinates": [ [ [ 106.808005126649732, -6.329713274699747 ], [ 106.808036599844357, -6.33875494932319 ], [ 106.817073702842507, -6.338723358709768 ], [ 106.817042072541511, -6.329681729505146 ], [ 106.808005126649732, -6.329713274699747 ] ] ] } },
{ "type": "Feature", "properties": { "grid_id": "92995000701", "lst_2024": 34.939486607142889, "kmeans_cluster": 4, "predicted": 34.899432942306611, "residual": 0.040053664836278813, "abs_error": 0.040053664836278813, "split": "train" }, "geometry": { "type": "Polygon", "coordinates": [ [ [ 106.817042072541511, -6.329681729505146 ], [ 106.817073702842507, -6.338723358709768 ], [ 106.826110759775048, -6.338691610801339 ], [ 106.826078972376678, -6.329650027231135 ], [ 106.817042072541511, -6.329681729505146 ] ] ] } },
{ "type": "Feature", "properties": { "grid_id": "92995000702", "lst_2024": 35.17281232493, "kmeans_cluster": 4, "predicted": 35.173068016816345, "residual": -0.00025569188634477769, "abs_error": 0.00025569188634477769, "split": "train" }, "geometry": { "type": "Polygon", "coordinates": [ [ [ 106.826078972376678, -6.329650027231135 ], [ 106.826110759775048, -6.338691610801339 ], [ 106.835147770399431, -6.338659705597904 ], [ 106.835115825912666, -6.329618167904662 ], [ 106.826078972376678, -6.329650027231135 ] ] ] } },
{ "type": "Feature", "properties": { "grid_id": "92995000703", "lst_2024": 35.179241071428592, "kmeans_cluster": 4, "predicted": 35.180461067751104, "residual": -0.0012199963225114629, "abs_error": 0.0012199963225114629, "split": "train" }, "geometry": { "type": "Polygon", "coordinates": [ [ [ 106.835115825912666, -6.329618167904662 ], [ 106.835147770399431, -6.338659705597904 ], [ 106.844184734509057, -6.338627643117429 ], [ 106.844152632924917, -6.329586151507761 ], [ 106.835115825912666, -6.329618167904662 ] ] ] } },
{ "type": "Feature", "properties": { "grid_id": "92995000704", "lst_2024": 35.176704161979785, "kmeans_cluster": 2, "predicted": 35.310986957601948, "residual": -0.13428279562216261, "abs_error": 0.13428279562216261, "split": "test" }, "geometry": { "type": "Polygon", "coordinates": [ [ [ 106.844152632924917, -6.329586151507761 ], [ 106.844184734509057, -6.338627643117429 ], [ 106.85322165185238, -6.338595423341949 ], [ 106.853189393188828, -6.329553978058399 ], [ 106.844152632924917, -6.329586151507761 ] ] ] } },
{ "type": "Feature", "properties": { "grid_id": "92995000705", "lst_2024": 35.463828125000035, "kmeans_cluster": 4, "predicted": 35.372242215133333, "residual": 0.091585909866701343, "abs_error": 0.091585909866701343, "split": "test" }, "geometry": { "type": "Polygon", "coordinates": [ [ [ 106.853189393188828, -6.329553978058399 ], [ 106.85322165185238, -6.338595423341949 ], [ 106.862258522222803, -6.338563046289428 ], [ 106.862226106470857, -6.329521647556576 ], [ 106.853189393188828, -6.329553978058399 ] ] ] } },
{ "type": "Feature", "properties": { "grid_id": "92995000706", "lst_2024": 35.698168067226945, "kmeans_cluster": 4, "predicted": 35.640925295171115, "residual": 0.057242772055829505, "abs_error": 0.057242772055829505, "split": "test" }, "geometry": { "type": "Polygon", "coordinates": [ [ [ 106.862226106470857, -6.329521647556576 ], [ 106.862258522222803, -6.338563046289428 ], [ 106.871295345377774, -6.338530511968851 ], [ 106.871262772546416, -6.329489160002293 ], [ 106.862226106470857, -6.329521647556576 ] ] ] } },
{ "type": "Feature", "properties": { "grid_id": "92995000707", "lst_2024": 35.749441964285737, "kmeans_cluster": 4, "predicted": 35.758271119925283, "residual": -0.0088291556395461157, "abs_error": 0.0088291556395461157, "split": "train" }, "geometry": { "type": "Polygon", "coordinates": [ [ [ 106.871262772546416, -6.329489160002293 ], [ 106.871295345377774, -6.338530511968851 ], [ 106.880332121083725, -6.338497820371233 ], [ 106.880299391190931, -6.329456515395547 ], [ 106.871262772546416, -6.329489160002293 ] ] ] } },
{ "type": "Feature", "properties": { "grid_id": "92995000708", "lst_2024": 35.489988839285751, "kmeans_cluster": 4, "predicted": 35.474384265363845, "residual": 0.015604573921905285, "abs_error": 0.015604573921905285, "split": "train" }, "geometry": { "type": "Polygon", "coordinates": [ [ [ 106.880299391190931, -6.329456515395547 ], [ 106.880332121083725, -6.338497820371233 ], [ 106.889368849134058, -6.338464971505559 ], [ 106.889335962161852, -6.32942371376329 ], [ 106.880299391190931, -6.329456515395547 ] ] ] } },
{ "type": "Feature", "properties": { "grid_id": "92995000709", "lst_2024": 34.618549019607876, "kmeans_cluster": 4, "predicted": 34.630897061210156, "residual": -0.012348041602280091, "abs_error": 0.012348041602280091, "split": "train" }, "geometry": { "type": "Polygon", "coordinates": [ [ [ 106.889335962161852, -6.32942371376329 ], [ 106.889368849134058, -6.338464971505559 ], [ 106.898405529268246, -6.338431965371828 ], [ 106.898372485234589, -6.329390755078573 ], [ 106.889335962161852, -6.32942371376329 ] ] ] } },
{ "type": "Feature", "properties": { "grid_id": "92995000710", "lst_2024": 34.28125, "kmeans_cluster": 4, "predicted": 34.204247061493632, "residual": 0.077002938506410601, "abs_error": 0.077002938506410601, "split": "train" }, "geometry": { "type": "Polygon", "coordinates": [ [ [ 106.898372485234589, -6.329390755078573 ], [ 106.898405529268246, -6.338431965371828 ], [ 106.907442161288671, -6.338398801988006 ], [ 106.907408960193578, -6.329357639368344 ], [ 106.898372485234589, -6.329390755078573 ] ] ] } },
{ "type": "Feature", "properties": { "grid_id": "92995000711", "lst_2024": 33.801798319327759, "kmeans_cluster": 4, "predicted": 33.781981302457389, "residual": 0.019817016870369741, "abs_error": 0.019817016870369741, "split": "test" }, "geometry": { "type": "Polygon", "coordinates": [ [ [ 106.907408960193578, -6.329357639368344 ], [ 106.907442161288671, -6.338398801988006 ], [ 106.916478744943802, -6.338365481345111 ], [ 106.91644538678726, -6.329324366632602 ], [ 106.907408960193578, -6.329357639368344 ] ] ] } },
{ "type": "Feature", "properties": { "grid_id": "93005000700", "lst_2024": 34.876272321428601, "kmeans_cluster": 4, "predicted": 34.871213263505204, "residual": 0.0050590579233968924, "abs_error": 0.0050590579233968924, "split": "train" }, "geometry": { "type": "Polygon", "coordinates": [ [ [ 106.807973699287146, -6.320671596779489 ], [ 106.808005126649732, -6.329713274699747 ], [ 106.817042072541511, -6.329681729505146 ], [ 106.817010488306138, -6.320640096994725 ], [ 106.807973699287146, -6.320671596779489 ] ] ] } },
{ "type": "Feature", "properties": { "grid_id": "93005000701", "lst_2024": 34.923176470588267, "kmeans_cluster": 4, "predicted": 34.896868310889211, "residual": 0.026308159699055977, "abs_error": 0.026308159699055977, "split": "train" }, "geometry": { "type": "Polygon", "coordinates": [ [ [ 106.817010488306138, -6.320640096994725 ], [ 106.817042072541511, -6.329681729505146 ], [ 106.826078972376678, -6.329650027231135 ], [ 106.826047231268504, -6.320608440364112 ], [ 106.817010488306138, -6.320640096994725 ] ] ] } },
{ "type": "Feature", "properties": { "grid_id": "93005000702", "lst_2024": 35.149029017857174, "kmeans_cluster": 4, "predicted": 35.120425271721246, "residual": 0.028603746135928532, "abs_error": 0.028603746135928532, "split": "train" }, "geometry": { "type": "Polygon", "coordinates": [ [ [ 106.826047231268504, -6.320608440364112 ], [ 106.826078972376678, -6.329650027231135 ], [ 106.835115825912666, -6.329618167904662 ], [ 106.835083927940673, -6.320576626905618 ], [ 106.826047231268504, -6.320608440364112 ] ] ] } },
{ "type": "Feature", "properties": { "grid_id": "93005000703", "lst_2024": 35.338078431372587, "kmeans_cluster": 4, "predicted": 35.242800215412402, "residual": 0.095278215960185264, "abs_error": 0.095278215960185264, "split": "train" }, "geometry": { "type": "Polygon", "coordinates": [ [ [ 106.835083927940673, -6.320576626905618 ], [ 106.835115825912666, -6.329618167904662 ], [ 106.844152632924917, -6.329586151507761 ], [ 106.844120578098085, -6.320544656601275 ], [ 106.835083927940673, -6.320576626905618 ] ] ] } },
{ "type": "Feature", "properties": { "grid_id": "93005000704", "lst_2024": 35.25, "kmeans_cluster": 4, "predicted": 35.272711977255994, "residual": -0.02271197725594476, "abs_error": 0.02271197725594476, "split": "train" }, "geometry": { "type": "Polygon", "coordinates": [ [ [ 106.844120578098085, -6.320544656601275 ], [ 106.844152632924917, -6.329586151507761 ], [ 106.853189393188828, -6.329553978058399 ], [ 106.85315718149819, -6.320512529469049 ], [ 106.844120578098085, -6.320544656601275 ] ] ] } },
{ "type": "Feature", "properties": { "grid_id": "93005000705", "lst_2024": 35.48056919642859, "kmeans_cluster": 4, "predicted": 35.446638207615003, "residual": 0.033930988813587248, "abs_error": 0.033930988813587248, "split": "train" }, "geometry": { "type": "Polygon", "coordinates": [ [ [ 106.85315718149819, -6.320512529469049 ], [ 106.853189393188828, -6.329553978058399 ], [ 106.862226106470857, -6.329521647556576 ], [ 106.862193737934362, -6.320480245508941 ], [ 106.85315718149819, -6.320512529469049 ] ] ] } },
{ "type": "Feature", "properties": { "grid_id": "93005000706", "lst_2024": 35.763568627451008, "kmeans_cluster": 4, "predicted": 35.733004143469948, "residual": 0.030564483981059709, "abs_error": 0.030564483981059709, "split": "train" }, "geometry": { "type": "Polygon", "coordinates": [ [ [ 106.862193737934362, -6.320480245508941 ], [ 106.862226106470857, -6.329521647556576 ], [ 106.871262772546416, -6.329489160002293 ], [ 106.871230247155097, -6.320447804729934 ], [ 106.862193737934362, -6.320480245508941 ] ] ] } },
{ "type": "Feature", "properties": { "grid_id": "93005000707", "lst_2024": 35.816361607142873, "kmeans_cluster": 4, "predicted": 35.821091063860457, "residual": -0.0047294567175839575, "abs_error": 0.0047294567175839575, "split": "test" }, "geometry": { "type": "Polygon", "coordinates": [ [ [ 106.871230247155097, -6.320447804729934 ], [ 106.871262772546416, -6.329489160002293 ], [ 106.880299391190931, -6.329456515395547 ], [ 106.880266708953755, -6.320415207123045 ], [ 106.871230247155097, -6.320447804729934 ] ] ] } },
{ "type": "Feature", "properties": { "grid_id": "93005000708", "lst_2024": 35.423378151260536, "kmeans_cluster": 4, "predicted": 35.448512486432165, "residual": -0.025134335171628663, "abs_error": 0.025134335171628663, "split": "train" }, "geometry": { "type": "Polygon", "coordinates": [ [ [ 106.880266708953755, -6.320415207123045 ], [ 106.880299391190931, -6.329456515395547 ], [ 106.889335962161852, -6.32942371376329 ], [ 106.889303123078818, -6.32038245270624 ], [ 106.880266708953755, -6.320415207123045 ] ] ] } },
{ "type": "Feature", "properties": { "grid_id": "93005000709", "lst_2024": 34.896339285714298, "kmeans_cluster": 4, "predicted": 34.979035681484959, "residual": -0.082696395770661013, "abs_error": 0.082696395770661013, "split": "train" }, "geometry": { "type": "Polygon", "coordinates": [ [ [ 106.889303123078818, -6.32038245270624 ], [ 106.889335962161852, -6.32942371376329 ], [ 106.898372485234589, -6.329390755078573 ], [ 106.898339489323689, -6.320349541479518 ], [ 106.889303123078818, -6.32038245270624 ] ] ] } },
{ "type": "Feature", "properties": { "grid_id": "93005000710", "lst_2024": 34.553439775910412, "kmeans_cluster": 4, "predicted": 34.523366475709523, "residual": 0.030073300200889719, "abs_error": 0.030073300200889719, "split": "train" }, "geometry": { "type": "Polygon", "coordinates": [ [ [ 106.898339489323689, -6.320349541479518 ], [ 106.898372485234589, -6.329390755078573 ], [ 106.907408960193578, -6.329357639368344 ], [ 106.907375807445803, -6.320316473442881 ], [ 106.898339489323689, -6.320349541479518 ] ] ] } },
{ "type": "Feature", "properties": { "grid_id": "93005000711", "lst_2024": 33.819691876750731, "kmeans_cluster": 4, "predicted": 33.912761402556562, "residual": -0.093069525805830722, "abs_error": 0.093069525805830722, "split": "train" }, "geometry": { "type": "Polygon", "coordinates": [ [ [ 106.907375807445803, -6.320316473442881 ], [ 106.907408960193578, -6.329357639368344 ], [ 106.91644538678726, -6.329324366632602 ], [ 106.916412077211618, -6.320283248596327 ], [ 106.907375807445803, -6.320316473442881 ] ] ] } },
{ "type": "Feature", "properties": { "grid_id": "93015000700", "lst_2024": 34.742980877390345, "kmeans_cluster": 4, "predicted": 34.738371910437714, "residual": 0.0046089669526310217, "abs_error": 0.0046089669526310217, "split": "train" }, "geometry": { "type": "Polygon", "coordinates": [ [ [ 106.807942317756613, -6.311629915571396 ], [ 106.807973699287146, -6.320671596779489 ], [ 106.817010488306138, -6.320640096994725 ], [ 106.81697895013636, -6.31159846119647 ], [ 106.807942317756613, -6.311629915571396 ] ] ] } },
{ "type": "Feature", "properties": { "grid_id": "93015000701", "lst_2024": 34.476319327731147, "kmeans_cluster": 4, "predicted": 34.502605904047392, "residual": -0.026286576316245203, "abs_error": 0.026286576316245203, "split": "train" }, "geometry": { "type": "Polygon", "coordinates": [ [ [ 106.81697895013636, -6.31159846119647 ], [ 106.817010488306138, -6.320640096994725 ], [ 106.826047231268504, -6.320608440364112 ], [ 106.826015536450498, -6.311566850209257 ], [ 106.81697895013636, -6.31159846119647 ] ] ] } },
{ "type": "Feature", "properties": { "grid_id": "93015000702", "lst_2024": 34.695445378151305, "kmeans_cluster": 4, "predicted": 34.715540061123193, "residual": -0.020094682971887323, "abs_error": 0.020094682971887323, "split": "train" }, "geometry": { "type": "Polygon", "coordinates": [ [ [ 106.826015536450498, -6.311566850209257 ], [ 106.826047231268504, -6.320608440364112 ], [ 106.835083927940673, -6.320576626905618 ], [ 106.835052076492431, -6.311535082609757 ], [ 106.826015536450498, -6.311566850209257 ] ] ] } },
{ "type": "Feature", "properties": { "grid_id": "93015000703", "lst_2024": 35.050725446428608, "kmeans_cluster": 4, "predicted": 35.052145436913918, "residual": -0.001419990485310052, "abs_error": 0.001419990485310052, "split": "train" }, "geometry": { "type": "Polygon", "coordinates": [ [ [ 106.835052076492431, -6.311535082609757 ], [ 106.835083927940673, -6.320576626905618 ], [ 106.844120578098085, -6.320544656601275 ], [ 106.844088570010598, -6.311503158397971 ], [ 106.835052076492431, -6.311535082609757 ] ] ] } },
{ "type": "Feature", "properties": { "grid_id": "93015000704", "lst_2024": 35.029709821428632, "kmeans_cluster": 4, "predicted": 35.061395825747049, "residual": -0.031686004318416394, "abs_error": 0.031686004318416394, "split": "train" }, "geometry": { "type": "Polygon", "coordinates": [ [ [ 106.844088570010598, -6.311503158397971 ], [ 106.844120578098085, -6.320544656601275 ], [ 106.85315718149819, -6.320512529469049 ], [ 106.853125016789434, -6.311471077582882 ], [ 106.844088570010598, -6.311503158397971 ] ] ] } },
{ "type": "Feature", "properties": { "grid_id": "93015000705", "lst_2024": 35.278773109243723, "kmeans_cluster": 4, "predicted": 35.272087944002358, "residual": 0.0066851652413646434, "abs_error": 0.0066851652413646434, "split": "train" }, "geometry": { "type": "Polygon", "coordinates": [ [ [ 106.853125016789434, -6.311471077582882 ], [ 106.85315718149819, -6.320512529469049 ], [ 106.862193737934362, -6.320480245508941 ], [ 106.862161416595356, -6.311438840164489 ], [ 106.853125016789434, -6.311471077582882 ] ] ] } },
{ "type": "Feature", "properties": { "grid_id": "93015000706", "lst_2024": 35.560111607142893, "kmeans_cluster": 4, "predicted": 35.515445508521076, "residual": 0.044666098621817696, "abs_error": 0.044666098621817696, "split": "train" }, "geometry": { "type": "Polygon", "coordinates": [ [ [ 106.862161416595356, -6.311438840164489 ], [ 106.862193737934362, -6.320480245508941 ], [ 106.871230247155097, -6.320447804729934 ], [ 106.871197769203803, -6.311406446151776 ], [ 106.862161416595356, -6.311438840164489 ] ] ] } },
{ "type": "Feature", "properties": { "grid_id": "93015000707", "lst_2024": 35.7878125, "kmeans_cluster": 4, "predicted": 35.738365158856354, "residual": 0.049447341143675771, "abs_error": 0.049447341143675771, "split": "train" }, "geometry": { "type": "Polygon", "coordinates": [ [ [ 106.871197769203803, -6.311406446151776 ], [ 106.871230247155097, -6.320447804729934 ], [ 106.880266708953755, -6.320415207123045 ], [ 106.880234074381192, -6.311373895544742 ], [ 106.871197769203803, -6.311406446151776 ] ] ] } },
{ "type": "Feature", "properties": { "grid_id": "93015000708", "lst_2024": 35.61122767857146, "kmeans_cluster": 4, "predicted": 35.588466669952766, "residual": 0.022761008618694234, "abs_error": 0.022761008618694234, "split": "train" }, "geometry": { "type": "Polygon", "coordinates": [ [ [ 106.880234074381192, -6.311373895544742 ], [ 106.880266708953755, -6.320415207123045 ], [ 106.889303123078818, -6.32038245270624 ], [ 106.889270331893968, -6.311341188343389 ], [ 106.880234074381192, -6.311373895544742 ] ] ] } },
{ "type": "Feature", "properties": { "grid_id": "93015000709", "lst_2024": 35.172745535714306, "kmeans_cluster": 4, "predicted": 35.199570746703763, "residual": -0.02682521098945756, "abs_error": 0.02682521098945756, "split": "train" }, "geometry": { "type": "Polygon", "coordinates": [ [ [ 106.889270331893968, -6.311341188343389 ], [ 106.889303123078818, -6.32038245270624 ], [ 106.898339489323689, -6.320349541479518 ], [ 106.898306541526551, -6.31130832456568 ], [ 106.889270331893968, -6.311341188343389 ] ] ] } },
{ "type": "Feature", "properties": { "grid_id": "93015000710", "lst_2024": 34.757226890756336, "kmeans_cluster": 4, "predicted": 34.721379368226096, "residual": 0.035847522530239928, "abs_error": 0.035847522530239928, "split": "train" }, "geometry": { "type": "Polygon", "coordinates": [ [ [ 106.898306541526551, -6.31130832456568 ], [ 106.898339489323689, -6.320349541479518 ], [ 106.907375807445803, -6.320316473442881 ], [ 106.907342703045373, -6.311275304202635 ], [ 106.898306541526551, -6.31130832456568 ] ] ] } },
{ "type": "Feature", "properties": { "grid_id": "93015000711", "lst_2024": 34.1921875, "kmeans_cluster": 4, "predicted": 34.184480307305662, "residual": 0.007707192694368814, "abs_error": 0.007707192694368814, "split": "train" }, "geometry": { "type": "Polygon", "coordinates": [ [ [ 106.907342703045373, -6.311275304202635 ], [ 106.907375807445803, -6.320316473442881 ], [ 106.916412077211618, -6.320283248596327 ], [ 106.916378816216849, -6.311242127263236 ], [ 106.907342703045373, -6.311275304202635 ] ] ] } },
{ "type": "Feature", "properties": { "grid_id": "93015000712", "lst_2024": 33.967184873949613, "kmeans_cluster": 4, "predicted": 34.026407949193405, "residual": -0.059223075243792778, "abs_error": 0.059223075243792778, "split": "train" }, "geometry": { "type": "Polygon", "coordinates": [ [ [ 106.916378816216849, -6.311242127263236 ], [ 106.916412077211618, -6.320283248596327 ], [ 106.925448298414494, -6.320249866966808 ], [ 106.925414880816433, -6.311208793747483 ], [ 106.916378816216849, -6.311242127263236 ] ] ] } },
{ "type": "Feature", "properties": { "grid_id": "93025000696", "lst_2024": 34.46924107142862, "kmeans_cluster": 2, "predicted": 34.464891356342562, "residual": 0.0043497150860574152, "abs_error": 0.0043497150860574152, "split": "train" }, "geometry": { "type": "Polygon", "coordinates": [ [ [ 106.771764622248824, -6.302712302923998 ], [ 106.771795332243784, -6.311754166804504 ], [ 106.780832146568301, -6.311723338941606 ], [ 106.780801280131755, -6.30268151956364 ], [ 106.771764622248824, -6.302712302923998 ] ] ] } },
{ "type": "Feature", "properties": { "grid_id": "93025000697", "lst_2024": 34.597854341736756, "kmeans_cluster": 2, "predicted": 34.577689710863588, "residual": 0.020164630873168221, "abs_error": 0.020164630873168221, "split": "train" }, "geometry": { "type": "Polygon", "coordinates": [ [ [ 106.780801280131755, -6.30268151956364 ], [ 106.780832146568301, -6.311723338941606 ], [ 106.789868915743511, -6.311692354439472 ], [ 106.789837892883313, -6.302650579797607 ], [ 106.780801280131755, -6.30268151956364 ] ] ] } },
{ "type": "Feature", "properties": { "grid_id": "93025000698", "lst_2024": 34.873761160714331, "kmeans_cluster": 2, "predicted": 34.83274584524235, "residual": 0.041015315471980784, "abs_error": 0.041015315471980784, "split": "train" }, "geometry": { "type": "Polygon", "coordinates": [ [ [ 106.789837892883313, -6.302650579797607 ], [ 106.789868915743511, -6.311692354439472 ], [ 106.798905639544813, -6.31166121331607 ], [ 106.798874460269957, -6.302619483634884 ], [ 106.789837892883313, -6.302650579797607 ] ] ] } },
{ "type": "Feature", "properties": { "grid_id": "93025000699", "lst_2024": 35.045703125000017, "kmeans_cluster": 4, "predicted": 34.996030771305442, "residual": 0.049672353694575122, "abs_error": 0.049672353694575122, "split": "train" }, "geometry": { "type": "Polygon", "coordinates": [ [ [ 106.798874460269957, -6.302619483634884 ], [ 106.798905639544813, -6.31166121331607 ], [ 106.807942317756613, -6.311629915571396 ], [ 106.807910982058118, -6.302588231066486 ], [ 106.798874460269957, -6.302619483634884 ] ] ] } },
{ "type": "Feature", "properties": { "grid_id": "93025000700", "lst_2024": 34.578727678571447, "kmeans_cluster": 4, "predicted": 34.612240209367513, "residual": -0.033512530796066642, "abs_error": 0.033512530796066642, "split": "train" }, "geometry": { "type": "Polygon", "coordinates": [ [ [ 106.807910982058118, -6.302588231066486 ], [ 106.807942317756613, -6.311629915571396 ], [ 106.81697895013636, -6.31159846119647 ], [ 106.816947458014226, -6.302556822110381 ], [ 106.807910982058118, -6.302588231066486 ] ] ] } },
{ "type": "Feature", "properties": { "grid_id": "93025000701", "lst_2024": 34.163370535714336, "kmeans_cluster": 4, "predicted": 34.245428134647597, "residual": -0.082057598933261033, "abs_error": 0.082057598933261033, "split": "test" }, "geometry": { "type": "Polygon", "coordinates": [ [ [ 106.816947458014226, -6.302556822110381 ], [ 106.81697895013636, -6.31159846119647 ], [ 106.826015536450498, -6.311566850209257 ], [ 106.825983887922689, -6.302525256757584 ], [ 106.816947458014226, -6.302556822110381 ] ] ] } },
{ "type": "Feature", "properties": { "grid_id": "93025000702", "lst_2024": 34.518739495798343, "kmeans_cluster": 4, "predicted": 34.567086331858334, "residual": -0.04834683605999146, "abs_error": 0.04834683605999146, "split": "train" }, "geometry": { "type": "Polygon", "coordinates": [ [ [ 106.825983887922689, -6.302525256757584 ], [ 106.826015536450498, -6.311566850209257 ], [ 106.835052076492431, -6.311535082609757 ], [ 106.835020271549965, -6.302493535017081 ], [ 106.825983887922689, -6.302525256757584 ] ] ] } },
{ "type": "Feature", "properties": { "grid_id": "93025000703", "lst_2024": 34.906886160714315, "kmeans_cluster": 4, "predicted": 34.884794579028402, "residual": 0.022091581685913297, "abs_error": 0.022091581685913297, "split": "test" }, "geometry": { "type": "Polygon", "coordinates": [ [ [ 106.835020271549965, -6.302493535017081 ], [ 106.835052076492431, -6.311535082609757 ], [ 106.844088570010598, -6.311503158397971 ], [ 106.844056608671451, -6.302461656897852 ], [ 106.835020271549965, -6.302493535017081 ] ] ] } },
{ "type": "Feature", "properties": { "grid_id": "93025000704", "lst_2024": 35.034268907563074, "kmeans_cluster": 4, "predicted": 35.030670258475986, "residual": 0.0035986490870882903, "abs_error": 0.0035986490870882903, "split": "train" }, "geometry": { "type": "Polygon", "coordinates": [ [ [ 106.844056608671451, -6.302461656897852 ], [ 106.844088570010598, -6.311503158397971 ], [ 106.853125016789434, -6.311471077582882 ], [ 106.853092899053593, -6.302429622399898 ], [ 106.844056608671451, -6.302461656897852 ] ] ] } },
{ "type": "Feature", "properties": { "grid_id": "93025000705", "lst_2024": 35.163772321428603, "kmeans_cluster": 4, "predicted": 35.075301998456951, "residual": 0.088470322971652138, "abs_error": 0.088470322971652138, "split": "train" }, "geometry": { "type": "Polygon", "coordinates": [ [ [ 106.853092899053593, -6.302429622399898 ], [ 106.853125016789434, -6.311471077582882 ], [ 106.862161416595356, -6.311438840164489 ], [ 106.86212914246282, -6.30239743152322 ], [ 106.853092899053593, -6.302429622399898 ] ] ] } },
{ "type": "Feature", "properties": { "grid_id": "93025000706", "lst_2024": 35.550056022409009, "kmeans_cluster": 4, "predicted": 35.462451694735044, "residual": 0.087604327673965088, "abs_error": 0.087604327673965088, "split": "train" }, "geometry": { "type": "Polygon", "coordinates": [ [ [ 106.86212914246282, -6.30239743152322 ], [ 106.862161416595356, -6.311438840164489 ], [ 106.871197769203803, -6.311406446151776 ], [ 106.871165338674572, -6.3023650842768 ], [ 106.86212914246282, -6.30239743152322 ] ] ] } },
{ "type": "Feature", "properties": { "grid_id": "93025000707", "lst_2024": 35.812991596638675, "kmeans_cluster": 4, "predicted": 35.741532851038265, "residual": 0.071458745600409657, "abs_error": 0.071458745600409657, "split": "train" }, "geometry": { "type": "Polygon", "coordinates": [ [ [ 106.871165338674572, -6.3023650842768 ], [ 106.871197769203803, -6.311406446151776 ], [ 106.880234074381192, -6.311373895544742 ], [ 106.880201487464248, -6.302332580660639 ], [ 106.871165338674572, -6.3023650842768 ] ] ] } },
{ "type": "Feature", "properties": { "grid_id": "93025000708", "lst_2024": 35.664363839285762, "kmeans_cluster": 4, "predicted": 35.645662394823866, "residual": 0.018701444461896699, "abs_error": 0.018701444461896699, "split": "train" }, "geometry": { "type": "Polygon", "coordinates": [ [ [ 106.880201487464248, -6.302332580660639 ], [ 106.880234074381192, -6.311373895544742 ], [ 106.889270331893968, -6.311341188343389 ], [ 106.88923758859832, -6.302299920683719 ], [ 106.880201487464248, -6.302332580660639 ] ] ] } },
{ "type": "Feature", "properties": { "grid_id": "93025000709", "lst_2024": 35.159165266106484, "kmeans_cluster": 4, "predicted": 35.197037012619596, "residual": -0.037871746513111759, "abs_error": 0.037871746513111759, "split": "train" }, "geometry": { "type": "Polygon", "coordinates": [ [ [ 106.88923758859832, -6.302299920683719 ], [ 106.889270331893968, -6.311341188343389 ], [ 106.898306541526551, -6.31130832456568 ], [ 106.898273641852171, -6.302267104355025 ], [ 106.88923758859832, -6.302299920683719 ] ] ] } },
{ "type": "Feature", "properties": { "grid_id": "93025000710", "lst_2024": 34.675326145552582, "kmeans_cluster": 4, "predicted": 34.729045692476504, "residual": -0.053719546923922223, "abs_error": 0.053719546923922223, "split": "train" }, "geometry": { "type": "Polygon", "coordinates": [ [ [ 106.898273641852171, -6.302267104355025 ], [ 106.898306541526551, -6.31130832456568 ], [ 106.907342703045373, -6.311275304202635 ], [ 106.90730964699226, -6.302234131656588 ], [ 106.898273641852171, -6.302267104355025 ] ] ] } },
{ "type": "Feature", "properties": { "grid_id": "93025000711", "lst_2024": 34.523489298158303, "kmeans_cluster": 4, "predicted": 34.539040765212704, "residual": -0.015551467054400803, "abs_error": 0.015551467054400803, "split": "train" }, "geometry": { "type": "Polygon", "coordinates": [ [ [ 106.90730964699226, -6.302234131656588 ], [ 106.907342703045373, -6.311275304202635 ], [ 106.916378816216849, -6.311242127263236 ], [ 106.916345603793999, -6.302201002615361 ], [ 106.90730964699226, -6.302234131656588 ] ] ] } },
{ "type": "Feature", "properties": { "grid_id": "93025000712", "lst_2024": 34.673151260504241, "kmeans_cluster": 4, "predicted": 34.663400072133889, "residual": 0.0097511883703518265, "abs_error": 0.0097511883703518265, "split": "train" }, "geometry": { "type": "Polygon", "coordinates": [ [ [ 106.916345603793999, -6.302201002615361 ], [ 106.916378816216849, -6.311242127263236 ], [ 106.925414880816433, -6.311208793747483 ], [ 106.925381512023833, -6.30216771723134 ], [ 106.916345603793999, -6.302201002615361 ] ] ] } },
{ "type": "Feature", "properties": { "grid_id": "93035000696", "lst_2024": 34.505663865546246, "kmeans_cluster": 2, "predicted": 34.663745453188803, "residual": -0.15808158764255609, "abs_error": 0.15808158764255609, "split": "test" }, "geometry": { "type": "Polygon", "coordinates": [ [ [ 106.771733957160663, -6.293670435764642 ], [ 106.771764622248824, -6.302712302923998 ], [ 106.780801280131755, -6.30268151956364 ], [ 106.780770458844515, -6.293639696915806 ], [ 106.771733957160663, -6.293670435764642 ] ] ] } },
{ "type": "Feature", "properties": { "grid_id": "93035000697", "lst_2024": 34.668571428571475, "kmeans_cluster": 2, "predicted": 34.751888381572357, "residual": -0.083316953000881711, "abs_error": 0.083316953000881711, "split": "train" }, "geometry": { "type": "Polygon", "coordinates": [ [ [ 106.780770458844515, -6.293639696915806 ], [ 106.780801280131755, -6.30268151956364 ], [ 106.789837892883313, -6.302650579797607 ], [ 106.789806915397023, -6.293608801876891 ], [ 106.780770458844515, -6.293639696915806 ] ] ] } },
{ "type": "Feature", "properties": { "grid_id": "93035000698", "lst_2024": 34.788984375000055, "kmeans_cluster": 2, "predicted": 34.779228887805658, "residual": 0.0097554871943970056, "abs_error": 0.0097554871943970056, "split": "train" }, "geometry": { "type": "Polygon", "coordinates": [ [ [ 106.789806915397023, -6.293608801876891 ], [ 106.789837892883313, -6.302650579797607 ], [ 106.798874460269957, -6.302619483634884 ], [ 106.798843326584603, -6.293577750665865 ], [ 106.789806915397023, -6.293608801876891 ] ] ] } },
{ "type": "Feature", "properties": { "grid_id": "93035000699", "lst_2024": 34.829025210084069, "kmeans_cluster": 2, "predicted": 34.815400077980314, "residual": 0.013625132103754822, "abs_error": 0.013625132103754822, "split": "train" }, "geometry": { "type": "Polygon", "coordinates": [ [ [ 106.798843326584603, -6.293577750665865 ], [ 106.798874460269957, -6.302619483634884 ], [ 106.807910982058118, -6.302588231066486 ], [ 106.807879692173699, -6.293546543291709 ], [ 106.798843326584603, -6.293577750665865 ] ] ] } },
{ "type": "Feature", "properties": { "grid_id": "93035000700", "lst_2024": 34.805736607142869, "kmeans_cluster": 2, "predicted": 34.701612252182443, "residual": 0.10412435496042605, "abs_error": 0.10412435496042605, "split": "test" }, "geometry": { "type": "Polygon", "coordinates": [ [ [ 106.807879692173699, -6.293546543291709 ], [ 106.807910982058118, -6.302588231066486 ], [ 106.816947458014226, -6.302556822110381 ], [ 106.81691601194872, -6.293515179736458 ], [ 106.807879692173699, -6.293546543291709 ] ] ] } },
{ "type": "Feature", "properties": { "grid_id": "93035000701", "lst_2024": 34.574240719910037, "kmeans_cluster": 4, "predicted": 34.501258497108076, "residual": 0.072982222801961427, "abs_error": 0.072982222801961427, "split": "train" }, "geometry": { "type": "Polygon", "coordinates": [ [ [ 106.81691601194872, -6.293515179736458 ], [ 106.816947458014226, -6.302556822110381 ], [ 106.825983887922689, -6.302525256757584 ], [ 106.825952285676095, -6.293483660027061 ], [ 106.81691601194872, -6.293515179736458 ] ] ] } },
{ "type": "Feature", "properties": { "grid_id": "93035000702", "lst_2024": 34.656272321428609, "kmeans_cluster": 4, "predicted": 34.614915181467438, "residual": 0.041357139961171185, "abs_error": 0.041357139961171185, "split": "test" }, "geometry": { "type": "Polygon", "coordinates": [ [ [ 106.825952285676095, -6.293483660027061 ], [ 106.825983887922689, -6.302525256757584 ], [ 106.835020271549965, -6.302493535017081 ], [ 106.83498851313125, -6.293451984145552 ], [ 106.825952285676095, -6.293483660027061 ] ] ] } },
{ "type": "Feature", "properties": { "grid_id": "93035000703", "lst_2024": 34.961082589285752, "kmeans_cluster": 4, "predicted": 34.899717210893861, "residual": 0.061365378391890602, "abs_error": 0.061365378391890602, "split": "train" }, "geometry": { "type": "Polygon", "coordinates": [ [ [ 106.83498851313125, -6.293451984145552 ], [ 106.835020271549965, -6.302493535017081 ], [ 106.844056608671451, -6.302461656897852 ], [ 106.844024694071635, -6.293420152109897 ], [ 106.83498851313125, -6.293451984145552 ] ] ] } },
{ "type": "Feature", "properties": { "grid_id": "93035000704", "lst_2024": 35.312377232142879, "kmeans_cluster": 4, "predicted": 35.223393531450817, "residual": 0.088983700692061518, "abs_error": 0.088983700692061518, "split": "train" }, "geometry": { "type": "Polygon", "coordinates": [ [ [ 106.844024694071635, -6.293420152109897 ], [ 106.844056608671451, -6.302461656897852 ], [ 106.853092899053593, -6.302429622399898 ], [ 106.853060828281656, -6.29338816392908 ], [ 106.844024694071635, -6.293420152109897 ] ] ] } },
{ "type": "Feature", "properties": { "grid_id": "93035000705", "lst_2024": 35.398337053571439, "kmeans_cluster": 4, "predicted": 35.248469425667629, "residual": 0.14986762790380936, "abs_error": 0.14986762790380936, "split": "train" }, "geometry": { "type": "Polygon", "coordinates": [ [ [ 106.853060828281656, -6.29338816392908 ], [ 106.853092899053593, -6.302429622399898 ], [ 106.86212914246282, -6.30239743152322 ], [ 106.862096915518777, -6.293356019594117 ], [ 106.853060828281656, -6.29338816392908 ] ] ] } },
{ "type": "Feature", "properties": { "grid_id": "93035000706", "lst_2024": 35.763299719887996, "kmeans_cluster": 3, "predicted": 35.634392587322822, "residual": 0.12890713256517472, "abs_error": 0.12890713256517472, "split": "train" }, "geometry": { "type": "Polygon", "coordinates": [ [ [ 106.862096915518777, -6.293356019594117 ], [ 106.86212914246282, -6.30239743152322 ], [ 106.871165338674572, -6.3023650842768 ], [ 106.871132955576385, -6.293323719113991 ], [ 106.862096915518777, -6.293356019594117 ] ] ] } },
{ "type": "Feature", "properties": { "grid_id": "93035000707", "lst_2024": 36.007991071428599, "kmeans_cluster": 4, "predicted": 35.821777941888222, "residual": 0.18621312954037705, "abs_error": 0.18621312954037705, "split": "test" }, "geometry": { "type": "Polygon", "coordinates": [ [ [ 106.871132955576385, -6.293323719113991 ], [ 106.871165338674572, -6.3023650842768 ], [ 106.880201487464248, -6.302332580660639 ], [ 106.880168948202936, -6.293291262488702 ], [ 106.871132955576385, -6.293323719113991 ] ] ] } },
{ "type": "Feature", "properties": { "grid_id": "93035000708", "lst_2024": 35.557292940522558, "kmeans_cluster": 2, "predicted": 35.537305171435825, "residual": 0.019987769086732499, "abs_error": 0.019987769086732499, "split": "train" }, "geometry": { "type": "Polygon", "coordinates": [ [ [ 106.880168948202936, -6.293291262488702 ], [ 106.880201487464248, -6.302332580660639 ], [ 106.88923758859832, -6.302299920683719 ], [ 106.88920489318285, -6.293258649736217 ], [ 106.880168948202936, -6.293291262488702 ] ] ] } },
{ "type": "Feature", "properties": { "grid_id": "93035000709", "lst_2024": 35.150178571428611, "kmeans_cluster": 4, "predicted": 35.122058543867404, "residual": 0.028120027561207905, "abs_error": 0.028120027561207905, "split": "test" }, "geometry": { "type": "Polygon", "coordinates": [ [ [ 106.88920489318285, -6.293258649736217 ], [ 106.88923758859832, -6.302299920683719 ], [ 106.898273641852171, -6.302267104355025 ], [ 106.898240790282571, -6.29322588083857 ], [ 106.88920489318285, -6.293258649736217 ] ] ] } },
{ "type": "Feature", "properties": { "grid_id": "93035000710", "lst_2024": 34.823046594982124, "kmeans_cluster": 4, "predicted": 35.091532357755057, "residual": -0.2684857627729329, "abs_error": 0.2684857627729329, "split": "test" }, "geometry": { "type": "Polygon", "coordinates": [ [ [ 106.898240790282571, -6.29322588083857 ], [ 106.898273641852171, -6.302267104355025 ], [ 106.90730964699226, -6.302234131656588 ], [ 106.907276639277484, -6.293192955822708 ], [ 106.898240790282571, -6.29322588083857 ] ] ] } },
{ "type": "Feature", "properties": { "grid_id": "93045000695", "lst_2024": 34.779118303571444, "kmeans_cluster": 2, "predicted": 34.832376881453307, "residual": -0.053258577881862834, "abs_error": 0.053258577881862834, "split": "train" }, "geometry": { "type": "Polygon", "coordinates": [ [ [ 106.762666946363112, -6.284659103725198 ], [ 106.762697410570013, -6.293701018432382 ], [ 106.771733957160663, -6.293670435764642 ], [ 106.77170333697029, -6.284628565335417 ], [ 106.762666946363112, -6.284659103725198 ] ] ] } },
{ "type": "Feature", "properties": { "grid_id": "93045000696", "lst_2024": 34.608352941176484, "kmeans_cluster": 2, "predicted": 34.727248737867114, "residual": -0.11889579669063011, "abs_error": 0.11889579669063011, "split": "test" }, "geometry": { "type": "Polygon", "coordinates": [ [ [ 106.77170333697029, -6.284628565335417 ], [ 106.771733957160663, -6.293670435764642 ], [ 106.780770458844515, -6.293639696915806 ], [ 106.780739682679666, -6.284597870989121 ], [ 106.77170333697029, -6.284628565335417 ] ] ] } },
{ "type": "Feature", "properties": { "grid_id": "93045000697", "lst_2024": 34.459642857142903, "kmeans_cluster": 2, "predicted": 34.547371180224921, "residual": -0.087728323082018278, "abs_error": 0.087728323082018278, "split": "train" }, "geometry": { "type": "Polygon", "coordinates": [ [ [ 106.780739682679666, -6.284597870989121 ], [ 106.780770458844515, -6.293639696915806 ], [ 106.789806915397023, -6.293608801876891 ], [ 106.789775983266665, -6.284567020686307 ], [ 106.780739682679666, -6.284597870989121 ] ] ] } },
{ "type": "Feature", "properties": { "grid_id": "93045000698", "lst_2024": 34.573271708683521, "kmeans_cluster": 2, "predicted": 34.637388833382808, "residual": -0.064117124699286876, "abs_error": 0.064117124699286876, "split": "train" }, "geometry": { "type": "Polygon", "coordinates": [ [ [ 106.789775983266665, -6.284567020686307 ], [ 106.789806915397023, -6.293608801876891 ], [ 106.798843326584603, -6.293577750665865 ], [ 106.79881223848875, -6.284536014426977 ], [ 106.789775983266665, -6.284567020686307 ] ] ] } },
{ "type": "Feature", "properties": { "grid_id": "93045000699", "lst_2024": 34.742466517857153, "kmeans_cluster": 2, "predicted": 34.756860459391334, "residual": -0.014393941534180499, "abs_error": 0.014393941534180499, "split": "test" }, "geometry": { "type": "Polygon", "coordinates": [ [ [ 106.79881223848875, -6.284536014426977 ], [ 106.798843326584603, -6.293577750665865 ], [ 106.807879692173699, -6.293546543291709 ], [ 106.807848448121334, -6.284504852229097 ], [ 106.79881223848875, -6.284536014426977 ] ] ] } },
{ "type": "Feature", "properties": { "grid_id": "93045000700", "lst_2024": 34.822997198879563, "kmeans_cluster": 2, "predicted": 34.804656084232285, "residual": 0.018341114647277834, "abs_error": 0.018341114647277834, "split": "train" }, "geometry": { "type": "Polygon", "coordinates": [ [ [ 106.807848448121334, -6.284504852229097 ], [ 106.807879692173699, -6.293546543291709 ], [ 106.81691601194872, -6.293515179736458 ], [ 106.816884611939827, -6.284473534092667 ], [ 106.807848448121334, -6.284504852229097 ] ] ] } },
{ "type": "Feature", "properties": { "grid_id": "93045000701", "lst_2024": 34.8246875, "kmeans_cluster": 4, "predicted": 34.83766697141224, "residual": -0.012979471412208454, "abs_error": 0.012979471412208454, "split": "train" }, "geometry": { "type": "Polygon", "coordinates": [ [ [ 106.816884611939827, -6.284473534092667 ], [ 106.81691601194872, -6.293515179736458 ], [ 106.825952285676095, -6.293483660027061 ], [ 106.825920729710688, -6.284442060008703 ], [ 106.816884611939827, -6.284473534092667 ] ] ] } },
{ "type": "Feature", "properties": { "grid_id": "93045000702", "lst_2024": 34.952341736694713, "kmeans_cluster": 4, "predicted": 34.925373720157808, "residual": 0.026968016536905282, "abs_error": 0.026968016536905282, "split": "train" }, "geometry": { "type": "Polygon", "coordinates": [ [ [ 106.825920729710688, -6.284442060008703 ], [ 106.825952285676095, -6.293483660027061 ], [ 106.83498851313125, -6.293451984145552 ], [ 106.83495680120933, -6.284410429995173 ], [ 106.825920729710688, -6.284442060008703 ] ] ] } },
{ "type": "Feature", "properties": { "grid_id": "93045000703", "lst_2024": 35.270446428571454, "kmeans_cluster": 4, "predicted": 35.181624137904421, "residual": 0.088822290667032178, "abs_error": 0.088822290667032178, "split": "train" }, "geometry": { "type": "Polygon", "coordinates": [ [ [ 106.83495680120933, -6.284410429995173 ], [ 106.83498851313125, -6.293451984145552 ], [ 106.844024694071635, -6.293420152109897 ], [ 106.843992826202182, -6.284378644043092 ], [ 106.83495680120933, -6.284410429995173 ] ] ] } },
{ "type": "Feature", "properties": { "grid_id": "93045000704", "lst_2024": 35.654531250000019, "kmeans_cluster": 4, "predicted": 35.434627125426935, "residual": 0.21990412457308395, "abs_error": 0.21990412457308395, "split": "train" }, "geometry": { "type": "Polygon", "coordinates": [ [ [ 106.843992826202182, -6.284378644043092 ], [ 106.844024694071635, -6.293420152109897 ], [ 106.853060828281656, -6.29338816392908 ], [ 106.853028804473666, -6.284346702170428 ], [ 106.843992826202182, -6.284378644043092 ] ] ] } },
{ "type": "Feature", "properties": { "grid_id": "93045000705", "lst_2024": 35.790997198879595, "kmeans_cluster": 4, "predicted": 35.606702414521997, "residual": 0.18429478435759705, "abs_error": 0.18429478435759705, "split": "train" }, "geometry": { "type": "Polygon", "coordinates": [ [ [ 106.853028804473666, -6.284346702170428 ], [ 106.853060828281656, -6.29338816392908 ], [ 106.862096915518777, -6.293356019594117 ], [ 106.862064735772236, -6.28431460437718 ], [ 106.853028804473666, -6.284346702170428 ] ] ] } },
{ "type": "Feature", "properties": { "grid_id": "93045000706", "lst_2024": 36.08941964285718, "kmeans_cluster": 3, "predicted": 35.895558854314785, "residual": 0.19386078854239486, "abs_error": 0.19386078854239486, "split": "train" }, "geometry": { "type": "Polygon", "coordinates": [ [ [ 106.862064735772236, -6.28431460437718 ], [ 106.862096915518777, -6.293356019594117 ], [ 106.871132955576385, -6.293323719113991 ], [ 106.87110061989128, -6.284282350663347 ], [ 106.862064735772236, -6.28431460437718 ] ] ] } },
{ "type": "Feature", "properties": { "grid_id": "93045000707", "lst_2024": 36.001936959837352, "kmeans_cluster": 2, "predicted": 35.930103722284343, "residual": 0.071833237553008189, "abs_error": 0.071833237553008189, "split": "train" }, "geometry": { "type": "Polygon", "coordinates": [ [ [ 106.87110061989128, -6.284282350663347 ], [ 106.871132955576385, -6.293323719113991 ], [ 106.880168948202936, -6.293291262488702 ], [ 106.880136456588275, -6.284249941028931 ], [ 106.87110061989128, -6.284282350663347 ] ] ] } },
{ "type": "Feature", "properties": { "grid_id": "93045000708", "lst_2024": 35.267312095569984, "kmeans_cluster": 2, "predicted": 35.296575773648144, "residual": -0.029263678078159217, "abs_error": 0.029263678078159217, "split": "train" }, "geometry": { "type": "Polygon", "coordinates": [ [ [ 106.880136456588275, -6.284249941028931 ], [ 106.880168948202936, -6.293291262488702 ], [ 106.88920489318285, -6.293258649736217 ], [ 106.8891722456476, -6.284217375482914 ], [ 106.880136456588275, -6.284249941028931 ] ] ] } },
{ "type": "Feature", "properties": { "grid_id": "93045000709", "lst_2024": 34.940904017857186, "kmeans_cluster": 3, "predicted": 35.002673135802574, "residual": -0.06176911794538853, "abs_error": 0.06176911794538853, "split": "train" }, "geometry": { "type": "Polygon", "coordinates": [ [ [ 106.8891722456476, -6.284217375482914 ], [ 106.88920489318285, -6.293258649736217 ], [ 106.898240790282571, -6.29322588083857 ], [ 106.898207986826733, -6.28418465403428 ], [ 106.8891722456476, -6.284217375482914 ] ] ] } },
{ "type": "Feature", "properties": { "grid_id": "93045000710", "lst_2024": 34.946257703081272, "kmeans_cluster": 3, "predicted": 35.063280217669437, "residual": -0.11702251458816448, "abs_error": 0.11702251458816448, "split": "train" }, "geometry": { "type": "Polygon", "coordinates": [ [ [ 106.898207986826733, -6.28418465403428 ], [ 106.898240790282571, -6.29322588083857 ], [ 106.907276639277484, -6.293192955822708 ], [ 106.907243679901072, -6.284151776683028 ], [ 106.898207986826733, -6.28418465403428 ] ] ] } },
{ "type": "Feature", "properties": { "grid_id": "93055000695", "lst_2024": 34.959162946428613, "kmeans_cluster": 2, "predicted": 35.028519022849025, "residual": -0.069356076420412194, "abs_error": 0.069356076420412194, "split": "train" }, "geometry": { "type": "Polygon", "coordinates": [ [ [ 106.762636526820444, -6.275617185757128 ], [ 106.762666946363112, -6.284659103725198 ], [ 106.77170333697029, -6.284628565335417 ], [ 106.771672761686702, -6.275586691636326 ], [ 106.762636526820444, -6.275617185757128 ] ] ] } },
{ "type": "Feature", "properties": { "grid_id": "93055000696", "lst_2024": 34.729598214285758, "kmeans_cluster": 2, "predicted": 34.84489159302769, "residual": -0.11529337874193146, "abs_error": 0.11529337874193146, "split": "train" }, "geometry": { "type": "Polygon", "coordinates": [ [ [ 106.771672761686702, -6.275586691636326 ], [ 106.77170333697029, -6.284628565335417 ], [ 106.780739682679666, -6.284597870989121 ], [ 106.780708951655157, -6.275556041792568 ], [ 106.771672761686702, -6.275586691636326 ] ] ] } },
{ "type": "Feature", "properties": { "grid_id": "93055000697", "lst_2024": 34.387997750281265, "kmeans_cluster": 2, "predicted": 34.573062190324322, "residual": -0.18506444004305678, "abs_error": 0.18506444004305678, "split": "train" }, "geometry": { "type": "Polygon", "coordinates": [ [ [ 106.780708951655157, -6.275556041792568 ], [ 106.780739682679666, -6.284597870989121 ], [ 106.789775983266665, -6.284567020686307 ], [ 106.789745096492254, -6.275525236216873 ], [ 106.780708951655157, -6.275556041792568 ] ] ] } },
{ "type": "Feature", "properties": { "grid_id": "93055000698", "lst_2024": 34.474196428571467, "kmeans_cluster": 2, "predicted": 34.56792743509601, "residual": -0.093731006524542693, "abs_error": 0.093731006524542693, "split": "train" }, "geometry": { "type": "Polygon", "coordinates": [ [ [ 106.789745096492254, -6.275525236216873 ], [ 106.789775983266665, -6.284567020686307 ], [ 106.79881223848875, -6.284536014426977 ], [ 106.7987811959824, -6.275494274918223 ], [ 106.789745096492254, -6.275525236216873 ] ] ] } },
{ "type": "Feature", "properties": { "grid_id": "93055000699", "lst_2024": 34.801081232493011, "kmeans_cluster": 2, "predicted": 34.834060072855223, "residual": -0.03297884036221177, "abs_error": 0.03297884036221177, "split": "train" }, "geometry": { "type": "Polygon", "coordinates": [ [ [ 106.7987811959824, -6.275494274918223 ], [ 106.79881223848875, -6.284536014426977 ], [ 106.807848448121334, -6.284504852229097 ], [ 106.807817249883044, -6.275463157896618 ], [ 106.7987811959824, -6.275494274918223 ] ] ] } },
{ "type": "Feature", "properties": { "grid_id": "93055000700", "lst_2024": 34.930714285714309, "kmeans_cluster": 2, "predicted": 34.886444009841561, "residual": 0.044270275872747789, "abs_error": 0.044270275872747789, "split": "train" }, "geometry": { "type": "Polygon", "coordinates": [ [ [ 106.807817249883044, -6.275463157896618 ], [ 106.807848448121334, -6.284504852229097 ], [ 106.816884611939827, -6.284473534092667 ], [ 106.816853257969598, -6.275431885161042 ], [ 106.807817249883044, -6.275463157896618 ] ] ] } },
{ "type": "Feature", "properties": { "grid_id": "93055000701", "lst_2024": 34.907979910714296, "kmeans_cluster": 2, "predicted": 34.884919228709094, "residual": 0.023060682005201727, "abs_error": 0.023060682005201727, "split": "train" }, "geometry": { "type": "Polygon", "coordinates": [ [ [ 106.816853257969598, -6.275431885161042 ], [ 106.816884611939827, -6.284473534092667 ], [ 106.825920729710688, -6.284442060008703 ], [ 106.825889220017501, -6.275400456720479 ], [ 106.816853257969598, -6.275431885161042 ] ] ] } },
{ "type": "Feature", "properties": { "grid_id": "93055000702", "lst_2024": 35.179154061624658, "kmeans_cluster": 2, "predicted": 35.130436753289707, "residual": 0.04871730833495036, "abs_error": 0.04871730833495036, "split": "train" }, "geometry": { "type": "Polygon", "coordinates": [ [ [ 106.825889220017501, -6.275400456720479 ], [ 106.825920729710688, -6.284442060008703 ], [ 106.83495680120933, -6.284410429995173 ], [ 106.834925135793185, -6.27536887255696 ], [ 106.825889220017501, -6.275400456720479 ] ] ] } },
{ "type": "Feature", "properties": { "grid_id": "93055000703", "lst_2024": 35.577678571428592, "kmeans_cluster": 2, "predicted": 35.481176082784074, "residual": 0.096502488644517825, "abs_error": 0.096502488644517825, "split": "test" }, "geometry": { "type": "Polygon", "coordinates": [ [ [ 106.834925135793185, -6.27536887255696 ], [ 106.83495680120933, -6.284410429995173 ], [ 106.843992826202182, -6.284378644043092 ], [ 106.843961005072074, -6.275337132697437 ], [ 106.834925135793185, -6.27536887255696 ] ] ] } },
{ "type": "Feature", "properties": { "grid_id": "93055000704", "lst_2024": 35.750436974789935, "kmeans_cluster": 2, "predicted": 35.614807953999033, "residual": 0.13562902079090122, "abs_error": 0.13562902079090122, "split": "test" }, "geometry": { "type": "Polygon", "coordinates": [ [ [ 106.843961005072074, -6.275337132697437 ], [ 106.843992826202182, -6.284378644043092 ], [ 106.853028804473666, -6.284346702170428 ], [ 106.852996827620601, -6.275305237132925 ], [ 106.843961005072074, -6.275337132697437 ] ] ] } },
{ "type": "Feature", "properties": { "grid_id": "93055000705", "lst_2024": 35.868664596273334, "kmeans_cluster": 3, "predicted": 35.694757014076266, "residual": 0.17390758219706726, "abs_error": 0.17390758219706726, "split": "test" }, "geometry": { "type": "Polygon", "coordinates": [ [ [ 106.852996827620601, -6.275305237132925 ], [ 106.853028804473666, -6.284346702170428 ], [ 106.862064735772236, -6.28431460437718 ], [ 106.862032603214175, -6.275273185872408 ], [ 106.852996827620601, -6.275305237132925 ] ] ] } },
{ "type": "Feature", "properties": { "grid_id": "93055000706", "lst_2024": 36.161934523809542, "kmeans_cluster": 2, "predicted": 36.038098105253823, "residual": 0.12383641855571881, "abs_error": 0.12383641855571881, "split": "train" }, "geometry": { "type": "Polygon", "coordinates": [ [ [ 106.862032603214175, -6.275273185872408 ], [ 106.862064735772236, -6.28431460437718 ], [ 106.87110061989128, -6.284282350663347 ], [ 106.871068331628251, -6.27524097892487 ], [ 106.862032603214175, -6.275273185872408 ] ] ] } },
{ "type": "Feature", "properties": { "grid_id": "93055000707", "lst_2024": 35.970394088669984, "kmeans_cluster": 2, "predicted": 35.932021907220367, "residual": 0.03837218144961696, "abs_error": 0.03837218144961696, "split": "train" }, "geometry": { "type": "Polygon", "coordinates": [ [ [ 106.871068331628251, -6.27524097892487 ], [ 106.87110061989128, -6.284282350663347 ], [ 106.880136456588275, -6.284249941028931 ], [ 106.880104012629232, -6.275208616281327 ], [ 106.871068331628251, -6.27524097892487 ] ] ] } },
{ "type": "Feature", "properties": { "grid_id": "93055000708", "lst_2024": 35.351759103641498, "kmeans_cluster": 2, "predicted": 35.357742006653559, "residual": -0.0059829030120610582, "abs_error": 0.0059829030120610582, "split": "train" }, "geometry": { "type": "Polygon", "coordinates": [ [ [ 106.880104012629232, -6.275208616281327 ], [ 106.880136456588275, -6.284249941028931 ], [ 106.8891722456476, -6.284217375482914 ], [ 106.889139645983576, -6.27517609795076 ], [ 106.880104012629232, -6.275208616281327 ] ] ] } },
{ "type": "Feature", "properties": { "grid_id": "93055000709", "lst_2024": 34.678873949579881, "kmeans_cluster": 3, "predicted": 34.785586252578426, "residual": -0.10671230299854528, "abs_error": 0.10671230299854528, "split": "train" }, "geometry": { "type": "Polygon", "coordinates": [ [ [ 106.889139645983576, -6.27517609795076 ], [ 106.8891722456476, -6.284217375482914 ], [ 106.898207986826733, -6.28418465403428 ], [ 106.898175231466695, -6.275143423942156 ], [ 106.889139645983576, -6.27517609795076 ] ] ] } },
{ "type": "Feature", "properties": { "grid_id": "93055000710", "lst_2024": 34.407622767857177, "kmeans_cluster": 3, "predicted": 34.533918388678082, "residual": -0.12629562082090473, "abs_error": 0.12629562082090473, "split": "train" }, "geometry": { "type": "Polygon", "coordinates": [ [ [ 106.898175231466695, -6.275143423942156 ], [ 106.898207986826733, -6.28418465403428 ], [ 106.907243679901072, -6.284151776683028 ], [ 106.907210768854014, -6.275110594264497 ], [ 106.898175231466695, -6.275143423942156 ] ] ] } },
{ "type": "Feature", "properties": { "grid_id": "93065000694", "lst_2024": 35.546974789915986, "kmeans_cluster": 2, "predicted": 35.415639161585972, "residual": 0.13133562833001378, "abs_error": 0.13133562833001378, "split": "train" }, "geometry": { "type": "Polygon", "coordinates": [ [ [ 106.753570027945827, -6.266605558854676 ], [ 106.753600247289953, -6.275647524137011 ], [ 106.762636526820444, -6.275617185757128 ], [ 106.762606151959986, -6.266575264519192 ], [ 106.753570027945827, -6.266605558854676 ] ] ] } },
{ "type": "Feature", "properties": { "grid_id": "93065000695", "lst_2024": 35.238281250000043, "kmeans_cluster": 2, "predicted": 35.100832419167496, "residual": 0.13744883083254678, "abs_error": 0.13744883083254678, "split": "test" }, "geometry": { "type": "Polygon", "coordinates": [ [ [ 106.762606151959986, -6.266575264519192 ], [ 106.762636526820444, -6.275617185757128 ], [ 106.771672761686702, -6.275586691636326 ], [ 106.771642231300916, -6.266544814685332 ], [ 106.762606151959986, -6.266575264519192 ] ] ] } },
{ "type": "Feature", "properties": { "grid_id": "93065000696", "lst_2024": 34.824843750000035, "kmeans_cluster": 2, "predicted": 34.987854040475078, "residual": -0.16301029047504301, "abs_error": 0.16301029047504301, "split": "train" }, "geometry": { "type": "Polygon", "coordinates": [ [ [ 106.771642231300916, -6.266544814685332 ], [ 106.771672761686702, -6.275586691636326 ], [ 106.780708951655157, -6.275556041792568 ], [ 106.780678265753025, -6.26651420933513 ], [ 106.771642231300916, -6.266544814685332 ] ] ] } },
{ "type": "Feature", "properties": { "grid_id": "93065000697", "lst_2024": 34.638303571428608, "kmeans_cluster": 2, "predicted": 35.122736785385847, "residual": -0.48443321395723871, "abs_error": 0.48443321395723871, "split": "test" }, "geometry": { "type": "Polygon", "coordinates": [ [ [ 106.780678265753025, -6.26651420933513 ], [ 106.780708951655157, -6.275556041792568 ], [ 106.789745096492254, -6.275525236216873 ], [ 106.789714255082771, -6.266483448486553 ], [ 106.780678265753025, -6.26651420933513 ] ] ] } },
{ "type": "Feature", "properties": { "grid_id": "93065000698", "lst_2024": 34.660290178571451, "kmeans_cluster": 2, "predicted": 34.6669714553002, "residual": -0.0066812767287487418, "abs_error": 0.0066812767287487418, "split": "train" }, "geometry": { "type": "Polygon", "coordinates": [ [ [ 106.789714255082771, -6.266483448486553 ], [ 106.789745096492254, -6.275525236216873 ], [ 106.7987811959824, -6.275494274918223 ], [ 106.79875019905657, -6.2664525321396 ], [ 106.789714255082771, -6.266483448486553 ] ] ] } },
{ "type": "Feature", "properties": { "grid_id": "93065000699", "lst_2024": 34.946112044817937, "kmeans_cluster": 2, "predicted": 35.111669401239176, "residual": -0.16555735642123892, "abs_error": 0.16555735642123892, "split": "test" }, "geometry": { "type": "Polygon", "coordinates": [ [ [ 106.79875019905657, -6.2664525321396 ], [ 106.7987811959824, -6.275494274918223 ], [ 106.807817249883044, -6.275463157896618 ], [ 106.807786097449849, -6.266421460303254 ], [ 106.79875019905657, -6.2664525321396 ] ] ] } },
{ "type": "Feature", "properties": { "grid_id": "93065000700", "lst_2024": 35.02254464285717, "kmeans_cluster": 2, "predicted": 34.977759077395689, "residual": 0.044785565461481269, "abs_error": 0.044785565461481269, "split": "train" }, "geometry": { "type": "Polygon", "coordinates": [ [ [ 106.807786097449849, -6.266421460303254 ], [ 106.807817249883044, -6.275463157896618 ], [ 106.816853257969598, -6.275431885161042 ], [ 106.816821950038033, -6.266390232968534 ], [ 106.807786097449849, -6.266421460303254 ] ] ] } },
{ "type": "Feature", "properties": { "grid_id": "93065000701", "lst_2024": 34.867523809523838, "kmeans_cluster": 2, "predicted": 34.840247767421026, "residual": 0.027276042102812426, "abs_error": 0.027276042102812426, "split": "train" }, "geometry": { "type": "Polygon", "coordinates": [ [ [ 106.816821950038033, -6.266390232968534 ], [ 106.816853257969598, -6.275431885161042 ], [ 106.825889220017501, -6.275400456720479 ], [ 106.825857756587567, -6.266358850153403 ], [ 106.816821950038033, -6.266390232968534 ] ] ] } },
{ "type": "Feature", "properties": { "grid_id": "93065000702", "lst_2024": 35.201886160714324, "kmeans_cluster": 3, "predicted": 35.19591198606954, "residual": 0.0059741746447841138, "abs_error": 0.0059741746447841138, "split": "train" }, "geometry": { "type": "Polygon", "coordinates": [ [ [ 106.825857756587567, -6.266358850153403 ], [ 106.825889220017501, -6.275400456720479 ], [ 106.834925135793185, -6.27536887255696 ], [ 106.834893516873848, -6.266327311857863 ], [ 106.825857756587567, -6.266358850153403 ] ] ] } },
{ "type": "Feature", "properties": { "grid_id": "93065000703", "lst_2024": 35.644539682539694, "kmeans_cluster": 2, "predicted": 35.6419541829544, "residual": 0.00258549958529386, "abs_error": 0.00258549958529386, "split": "train" }, "geometry": { "type": "Polygon", "coordinates": [ [ [ 106.834893516873848, -6.266327311857863 ], [ 106.834925135793185, -6.27536887255696 ], [ 106.843961005072074, -6.275337132697437 ], [ 106.843929230663349, -6.26629561807293 ], [ 106.834893516873848, -6.266327311857863 ] ] ] } },
{ "type": "Feature", "properties": { "grid_id": "93065000705", "lst_2024": 35.480882825040148, "kmeans_cluster": 2, "predicted": 35.560957356541785, "residual": -0.080074531501637125, "abs_error": 0.080074531501637125, "split": "test" }, "geometry": { "type": "Polygon", "coordinates": [ [ [ 106.852964897731454, -6.266263768825555 ], [ 106.852996827620601, -6.275305237132925 ], [ 106.862032603214175, -6.275273185872408 ], [ 106.862000517844635, -6.266231764097769 ], [ 106.852964897731454, -6.266263768825555 ] ] ] } },
{ "type": "Feature", "properties": { "grid_id": "93065000706", "lst_2024": 35.756607142857163, "kmeans_cluster": 2, "predicted": 35.83799895072395, "residual": -0.081391807866786792, "abs_error": 0.081391807866786792, "split": "test" }, "geometry": { "type": "Polygon", "coordinates": [ [ [ 106.862000517844635, -6.266231764097769 ], [ 106.862032603214175, -6.275273185872408 ], [ 106.871068331628251, -6.27524097892487 ], [ 106.87103609077829, -6.266199603907541 ], [ 106.862000517844635, -6.266231764097769 ] ] ] } },
{ "type": "Feature", "properties": { "grid_id": "93065000707", "lst_2024": 35.996162464986028, "kmeans_cluster": 2, "predicted": 35.951105538208324, "residual": 0.04505692677770412, "abs_error": 0.04505692677770412, "split": "train" }, "geometry": { "type": "Polygon", "coordinates": [ [ [ 106.87103609077829, -6.266199603907541 ], [ 106.871068331628251, -6.27524097892487 ], [ 106.880104012629232, -6.275208616281327 ], [ 106.880071616298864, -6.266167288254871 ], [ 106.87103609077829, -6.266199603907541 ] ] ] } },
{ "type": "Feature", "properties": { "grid_id": "93065000708", "lst_2024": 35.746549019607876, "kmeans_cluster": 2, "predicted": 35.752320448895617, "residual": -0.0057714292877406592, "abs_error": 0.0057714292877406592, "split": "train" }, "geometry": { "type": "Polygon", "coordinates": [ [ [ 106.880071616298864, -6.266167288254871 ], [ 106.880104012629232, -6.275208616281327 ], [ 106.889139645983576, -6.27517609795076 ], [ 106.889107094190763, -6.266134817139756 ], [ 106.880071616298864, -6.266167288254871 ] ] ] } },
{ "type": "Feature", "properties": { "grid_id": "93065000709", "lst_2024": 34.915401785714316, "kmeans_cluster": 3, "predicted": 35.039381232737838, "residual": -0.12397944702352248, "abs_error": 0.12397944702352248, "split": "train" }, "geometry": { "type": "Polygon", "coordinates": [ [ [ 106.889107094190763, -6.266134817139756 ], [ 106.889139645983576, -6.27517609795076 ], [ 106.898175231466695, -6.275143423942156 ], [ 106.898142524211437, -6.266102190571182 ], [ 106.889107094190763, -6.266134817139756 ] ] ] } },
{ "type": "Feature", "properties": { "grid_id": "93065000710", "lst_2024": 34.373627232142901, "kmeans_cluster": 3, "predicted": 34.505819092429796, "residual": -0.13219186028689478, "abs_error": 0.13219186028689478, "split": "train" }, "geometry": { "type": "Polygon", "coordinates": [ [ [ 106.898142524211437, -6.266102190571182 ], [ 106.898175231466695, -6.275143423942156 ], [ 106.907210768854014, -6.275110594264497 ], [ 106.907177906136312, -6.266069408549148 ], [ 106.898142524211437, -6.266102190571182 ] ] ] } },
{ "type": "Feature", "properties": { "grid_id": "93075000694", "lst_2024": 35.703058035714321, "kmeans_cluster": 2, "predicted": 35.559848595431397, "residual": 0.14320944028292359, "abs_error": 0.14320944028292359, "split": "train" }, "geometry": { "type": "Polygon", "coordinates": [ [ [ 106.75353985304136, -6.25756359032044 ], [ 106.753570027945827, -6.266605558854676 ], [ 106.762606151959986, -6.266575264519192 ], [ 106.762575821754766, -6.257533340038337 ], [ 106.75353985304136, -6.25756359032044 ] ] ] } },
{ "type": "Feature", "properties": { "grid_id": "93075000695", "lst_2024": 35.355647321428599, "kmeans_cluster": 2, "predicted": 35.31994627297933, "residual": 0.035701048449269024, "abs_error": 0.035701048449269024, "split": "train" }, "geometry": { "type": "Polygon", "coordinates": [ [ [ 106.762575821754766, -6.257533340038337 ], [ 106.762606151959986, -6.266575264519192 ], [ 106.771642231300916, -6.266544814685332 ], [ 106.771611745812919, -6.257502934464472 ], [ 106.762575821754766, -6.257533340038337 ] ] ] } },
{ "type": "Feature", "properties": { "grid_id": "93075000696", "lst_2024": 34.880095238095265, "kmeans_cluster": 2, "predicted": 35.024400895584364, "residual": -0.14430565748909885, "abs_error": 0.14430565748909885, "split": "train" }, "geometry": { "type": "Polygon", "coordinates": [ [ [ 106.771611745812919, -6.257502934464472 ], [ 106.771642231300916, -6.266544814685332 ], [ 106.780678265753025, -6.26651420933513 ], [ 106.78064762497327, -6.257472373616809 ], [ 106.771611745812919, -6.257502934464472 ] ] ] } },
{ "type": "Feature", "properties": { "grid_id": "93075000697", "lst_2024": 35.007154061624682, "kmeans_cluster": 2, "predicted": 35.458249326160697, "residual": -0.45109526453601489, "abs_error": 0.45109526453601489, "split": "test" }, "geometry": { "type": "Polygon", "coordinates": [ [ [ 106.78064762497327, -6.257472373616809 ], [ 106.780678265753025, -6.26651420933513 ], [ 106.789714255082771, -6.266483448486553 ], [ 106.789683459020225, -6.25744165749535 ], [ 106.78064762497327, -6.257472373616809 ] ] ] } },
{ "type": "Feature", "properties": { "grid_id": "93075000698", "lst_2024": 35.242395950506214, "kmeans_cluster": 2, "predicted": 35.252272126812201, "residual": -0.0098761763059869168, "abs_error": 0.0098761763059869168, "split": "train" }, "geometry": { "type": "Polygon", "coordinates": [ [ [ 106.789683459020225, -6.25744165749535 ], [ 106.789714255082771, -6.266483448486553 ], [ 106.79875019905657, -6.2664525321396 ], [ 106.798719247711247, -6.257410786100094 ], [ 106.789683459020225, -6.25744165749535 ] ] ] } },
{ "type": "Feature", "properties": { "grid_id": "93075000699", "lst_2024": 35.135747767857161, "kmeans_cluster": 2, "predicted": 35.139264070644465, "residual": -0.0035163027873039709, "abs_error": 0.0035163027873039709, "split": "train" }, "geometry": { "type": "Polygon", "coordinates": [ [ [ 106.798719247711247, -6.257410786100094 ], [ 106.79875019905657, -6.2664525321396 ], [ 106.807786097449849, -6.266421460303254 ], [ 106.80775499083073, -6.257379759440023 ], [ 106.798719247711247, -6.257410786100094 ] ] ] } },
{ "type": "Feature", "properties": { "grid_id": "93075000700", "lst_2024": 34.832455357142891, "kmeans_cluster": 2, "predicted": 34.803807375032164, "residual": 0.028647982110726389, "abs_error": 0.028647982110726389, "split": "test" }, "geometry": { "type": "Polygon", "coordinates": [ [ [ 106.80775499083073, -6.257379759440023 ], [ 106.807786097449849, -6.266421460303254 ], [ 106.816821950038033, -6.266390232968534 ], [ 106.816790688145119, -6.25734857751514 ], [ 106.80775499083073, -6.257379759440023 ] ] ] } },
{ "type": "Feature", "properties": { "grid_id": "93075000701", "lst_2024": 34.868711063372757, "kmeans_cluster": 2, "predicted": 34.88425038919717, "residual": -0.015539325824413197, "abs_error": 0.015539325824413197, "split": "train" }, "geometry": { "type": "Polygon", "coordinates": [ [ [ 106.816790688145119, -6.25734857751514 ], [ 106.816821950038033, -6.266390232968534 ], [ 106.825857756587567, -6.266358850153403 ], [ 106.825826339429838, -6.257317240325443 ], [ 106.816790688145119, -6.25734857751514 ] ] ] } },
{ "type": "Feature", "properties": { "grid_id": "93075000702", "lst_2024": 35.321170634920684, "kmeans_cluster": 2, "predicted": 35.361312372739327, "residual": -0.040141737818643719, "abs_error": 0.040141737818643719, "split": "train" }, "geometry": { "type": "Polygon", "coordinates": [ [ [ 106.825826339429838, -6.257317240325443 ], [ 106.825857756587567, -6.266358850153403 ], [ 106.834893516873848, -6.266327311857863 ], [ 106.834861944451319, -6.257285747879915 ], [ 106.825826339429838, -6.257317240325443 ] ] ] } },
{ "type": "Feature", "properties": { "grid_id": "93075000703", "lst_2024": 35.599806384092119, "kmeans_cluster": 2, "predicted": 35.61423806441136, "residual": -0.014431680319241025, "abs_error": 0.014431680319241025, "split": "train" }, "geometry": { "type": "Polygon", "coordinates": [ [ [ 106.834861944451319, -6.257285747879915 ], [ 106.834893516873848, -6.266327311857863 ], [ 106.843929230663349, -6.26629561807293 ], [ 106.843897502975992, -6.257254100187539 ], [ 106.834861944451319, -6.257285747879915 ] ] ] } },
{ "type": "Feature", "properties": { "grid_id": "93075000704", "lst_2024": 35.436517857142881, "kmeans_cluster": 2, "predicted": 35.510077716923995, "residual": -0.073559859781113346, "abs_error": 0.073559859781113346, "split": "train" }, "geometry": { "type": "Polygon", "coordinates": [ [ [ 106.843897502975992, -6.257254100187539 ], [ 106.843929230663349, -6.26629561807293 ], [ 106.852964897731454, -6.266263768825555 ], [ 106.852933014788277, -6.257222297239333 ], [ 106.843897502975992, -6.257254100187539 ] ] ] } },
{ "type": "Feature", "properties": { "grid_id": "93075000705", "lst_2024": 35.255434173669485, "kmeans_cluster": 2, "predicted": 35.292282256951204, "residual": -0.036848083281718402, "abs_error": 0.036848083281718402, "split": "train" }, "geometry": { "type": "Polygon", "coordinates": [ [ [ 106.852933014788277, -6.257222297239333 ], [ 106.852964897731454, -6.266263768825555 ], [ 106.862000517844635, -6.266231764097769 ], [ 106.861968479654607, -6.257190339053263 ], [ 106.852933014788277, -6.257222297239333 ] ] ] } },
{ "type": "Feature", "properties": { "grid_id": "93075000706", "lst_2024": 35.331254901960804, "kmeans_cluster": 2, "predicted": 35.352736251035317, "residual": -0.021481349074512934, "abs_error": 0.021481349074512934, "split": "train" }, "geometry": { "type": "Polygon", "coordinates": [ [ [ 106.861968479654607, -6.257190339053263 ], [ 106.862000517844635, -6.266231764097769 ], [ 106.87103609077829, -6.266199603907541 ], [ 106.871003897332429, -6.257158225620346 ], [ 106.861968479654607, -6.257190339053263 ] ] ] } },
{ "type": "Feature", "properties": { "grid_id": "93075000707", "lst_2024": 35.541205357142871, "kmeans_cluster": 2, "predicted": 35.613074906921796, "residual": -0.071869549778924124, "abs_error": 0.071869549778924124, "split": "train" }, "geometry": { "type": "Polygon", "coordinates": [ [ [ 106.871003897332429, -6.257158225620346 ], [ 106.87103609077829, -6.266199603907541 ], [ 106.880071616298864, -6.266167288254871 ], [ 106.880039267615146, -6.257125956949564 ], [ 106.871003897332429, -6.257158225620346 ] ] ] } },
{ "type": "Feature", "properties": { "grid_id": "93075000708", "lst_2024": 35.503571428571448, "kmeans_cluster": 2, "predicted": 35.535121136582639, "residual": -0.031549708011191058, "abs_error": 0.031549708011191058, "split": "train" }, "geometry": { "type": "Polygon", "coordinates": [ [ [ 106.880039267615146, -6.257125956949564 ], [ 106.880071616298864, -6.266167288254871 ], [ 106.889107094190763, -6.266134817139756 ], [ 106.889074590260194, -6.257093533049901 ], [ 106.880039267615146, -6.257125956949564 ] ] ] } },
{ "type": "Feature", "properties": { "grid_id": "93075000709", "lst_2024": 34.906224089635856, "kmeans_cluster": 3, "predicted": 34.965906002171934, "residual": -0.05968191253607813, "abs_error": 0.05968191253607813, "split": "train" }, "geometry": { "type": "Polygon", "coordinates": [ [ [ 106.889074590260194, -6.257093533049901 ], [ 106.889107094190763, -6.266134817139756 ], [ 106.898142524211437, -6.266102190571182 ], [ 106.898109865042997, -6.257060953921357 ], [ 106.889074590260194, -6.257093533049901 ] ] ] } },
{ "type": "Feature", "properties": { "grid_id": "93075000710", "lst_2024": 34.652521008403397, "kmeans_cluster": 3, "predicted": 34.778617543730732, "residual": -0.12609653532733489, "abs_error": 0.12609653532733489, "split": "train" }, "geometry": { "type": "Polygon", "coordinates": [ [ [ 106.898109865042997, -6.257060953921357 ], [ 106.898142524211437, -6.266102190571182 ], [ 106.907177906136312, -6.266069408549148 ], [ 106.907145091738997, -6.257028219563932 ], [ 106.898109865042997, -6.257060953921357 ] ] ] } },
{ "type": "Feature", "properties": { "grid_id": "93085000694", "lst_2024": 35.544285714285735, "kmeans_cluster": 2, "predicted": 35.511540903642874, "residual": 0.0327448106428605, "abs_error": 0.0327448106428605, "split": "train" }, "geometry": { "type": "Polygon", "coordinates": [ [ [ 106.753509722567571, -6.248521618534301 ], [ 106.75353985304136, -6.25756359032044 ], [ 106.762575821754766, -6.257533340038337 ], [ 106.762545536222774, -6.248491412296597 ], [ 106.753509722567571, -6.248521618534301 ] ] ] } },
{ "type": "Feature", "properties": { "grid_id": "93085000695", "lst_2024": 35.169619047619058, "kmeans_cluster": 2, "predicted": 35.181944521845722, "residual": -0.012325474226663857, "abs_error": 0.012325474226663857, "split": "train" }, "geometry": { "type": "Polygon", "coordinates": [ [ [ 106.762545536222774, -6.248491412296597 ], [ 106.762575821754766, -6.257533340038337 ], [ 106.771611745812919, -6.257502934464472 ], [ 106.771581305213743, -6.248461051000692 ], [ 106.762545536222774, -6.248491412296597 ] ] ] } },
{ "type": "Feature", "properties": { "grid_id": "93085000696", "lst_2024": 34.858381696428587, "kmeans_cluster": 2, "predicted": 35.339313704321341, "residual": -0.48093200789275414, "abs_error": 0.48093200789275414, "split": "test" }, "geometry": { "type": "Polygon", "coordinates": [ [ [ 106.771581305213743, -6.248461051000692 ], [ 106.771611745812919, -6.257502934464472 ], [ 106.78064762497327, -6.257472373616809 ], [ 106.780617029315891, -6.248430534646586 ], [ 106.771581305213743, -6.248461051000692 ] ] ] } },
{ "type": "Feature", "properties": { "grid_id": "93085000697", "lst_2024": 35.189484593837591, "kmeans_cluster": 2, "predicted": 35.431539944370833, "residual": -0.24205535053324212, "abs_error": 0.24205535053324212, "split": "test" }, "geometry": { "type": "Polygon", "coordinates": [ [ [ 106.780617029315891, -6.248430534646586 ], [ 106.78064762497327, -6.257472373616809 ], [ 106.789683459020225, -6.25744165749535 ], [ 106.789652708304644, -6.248399863252245 ], [ 106.780617029315891, -6.248430534646586 ] ] ] } },
{ "type": "Feature", "properties": { "grid_id": "93085000698", "lst_2024": 35.355424107142888, "kmeans_cluster": 2, "predicted": 35.373749598292811, "residual": -0.018325491149923323, "abs_error": 0.018325491149923323, "split": "train" }, "geometry": { "type": "Polygon", "coordinates": [ [ [ 106.789652708304644, -6.248399863252245 ], [ 106.789683459020225, -6.25744165749535 ], [ 106.798719247711247, -6.257410786100094 ], [ 106.798688341946445, -6.248369036808685 ], [ 106.789652708304644, -6.248399863252245 ] ] ] } },
{ "type": "Feature", "properties": { "grid_id": "93085000699", "lst_2024": 34.89309705561616, "kmeans_cluster": 2, "predicted": 34.995761654340512, "residual": -0.10266459872435263, "abs_error": 0.10266459872435263, "split": "train" }, "geometry": { "type": "Polygon", "coordinates": [ [ [ 106.798688341946445, -6.248369036808685 ], [ 106.798719247711247, -6.257410786100094 ], [ 106.80775499083073, -6.257379759440023 ], [ 106.807723930016721, -6.248338055324891 ], [ 106.798688341946445, -6.248369036808685 ] ] ] } },
{ "type": "Feature", "properties": { "grid_id": "93085000700", "lst_2024": 34.669265873015881, "kmeans_cluster": 2, "predicted": 34.694179707458062, "residual": -0.024913834442180871, "abs_error": 0.024913834442180871, "split": "train" }, "geometry": { "type": "Polygon", "coordinates": [ [ [ 106.807723930016721, -6.248338055324891 ], [ 106.80775499083073, -6.257379759440023 ], [ 106.816790688145119, -6.25734857751514 ], [ 106.816759472290869, -6.248306918791878 ], [ 106.807723930016721, -6.248338055324891 ] ] ] } },
{ "type": "Feature", "properties": { "grid_id": "93085000701", "lst_2024": 34.940985043837067, "kmeans_cluster": 2, "predicted": 34.959475893017107, "residual": -0.018490849180039959, "abs_error": 0.018490849180039959, "split": "train" }, "geometry": { "type": "Polygon", "coordinates": [ [ [ 106.816759472290869, -6.248306918791878 ], [ 106.816790688145119, -6.25734857751514 ], [ 106.825826339429838, -6.257317240325443 ], [ 106.825794968535348, -6.248275627236597 ], [ 106.816759472290869, -6.248306918791878 ] ] ] } },
{ "type": "Feature", "properties": { "grid_id": "93085000702", "lst_2024": 35.431830357142907, "kmeans_cluster": 2, "predicted": 35.457553757657344, "residual": -0.025723400514436889, "abs_error": 0.025723400514436889, "split": "train" }, "geometry": { "type": "Polygon", "coordinates": [ [ [ 106.825794968535348, -6.248275627236597 ], [ 106.825826339429838, -6.257317240325443 ], [ 106.834861944451319, -6.257285747879915 ], [ 106.834830418516589, -6.248244180650065 ], [ 106.825794968535348, -6.248275627236597 ] ] ] } },
{ "type": "Feature", "properties": { "grid_id": "93085000703", "lst_2024": 35.538425770308159, "kmeans_cluster": 2, "predicted": 35.541657547938968, "residual": -0.0032317776308090629, "abs_error": 0.0032317776308090629, "split": "train" }, "geometry": { "type": "Polygon", "coordinates": [ [ [ 106.834830418516589, -6.248244180650065 ], [ 106.834861944451319, -6.257285747879915 ], [ 106.843897502975992, -6.257254100187539 ], [ 106.843865822010017, -6.24821257903228 ], [ 106.834830418516589, -6.248244180650065 ] ] ] } },
{ "type": "Feature", "properties": { "grid_id": "93085000704", "lst_2024": 35.275030812324971, "kmeans_cluster": 2, "predicted": 35.274085924531036, "residual": 0.00094488779393486766, "abs_error": 0.00094488779393486766, "split": "train" }, "geometry": { "type": "Polygon", "coordinates": [ [ [ 106.843865822010017, -6.24821257903228 ], [ 106.843897502975992, -6.257254100187539 ], [ 106.852933014788277, -6.257222297239333 ], [ 106.852901178800039, -6.248180822392228 ], [ 106.843865822010017, -6.24821257903228 ] ] ] } },
{ "type": "Feature", "properties": { "grid_id": "93085000705", "lst_2024": 35.182678571428582, "kmeans_cluster": 2, "predicted": 35.200154121545374, "residual": -0.017475550116792249, "abs_error": 0.017475550116792249, "split": "train" }, "geometry": { "type": "Polygon", "coordinates": [ [ [ 106.852901178800039, -6.248180822392228 ], [ 106.852933014788277, -6.257222297239333 ], [ 106.861968479654607, -6.257190339053263 ], [ 106.861936488635109, -6.248148910729906 ], [ 106.852901178800039, -6.248180822392228 ] ] ] } },
{ "type": "Feature", "properties": { "grid_id": "93085000706", "lst_2024": 35.063214285714309, "kmeans_cluster": 2, "predicted": 35.274975448069128, "residual": -0.21176116235481857, "abs_error": 0.21176116235481857, "split": "test" }, "geometry": { "type": "Polygon", "coordinates": [ [ [ 106.861936488635109, -6.248148910729906 ], [ 106.861968479654607, -6.257190339053263 ], [ 106.871003897332429, -6.257158225620346 ], [ 106.870971751299649, -6.248116844063282 ], [ 106.861936488635109, -6.248148910729906 ] ] ] } },
{ "type": "Feature", "properties": { "grid_id": "93085000707", "lst_2024": 35.113563025210112, "kmeans_cluster": 2, "predicted": 35.244134485804459, "residual": -0.13057146059434643, "abs_error": 0.13057146059434643, "split": "train" }, "geometry": { "type": "Polygon", "coordinates": [ [ [ 106.870971751299649, -6.248116844063282 ], [ 106.871003897332429, -6.257158225620346 ], [ 106.880039267615146, -6.257125956949564 ], [ 106.880006966560089, -6.24808462237439 ], [ 106.870971751299649, -6.248116844063282 ] ] ] } },
{ "type": "Feature", "properties": { "grid_id": "93085000708", "lst_2024": 35.012845938375392, "kmeans_cluster": 2, "predicted": 35.137515020613719, "residual": -0.12466908223832718, "abs_error": 0.12466908223832718, "split": "train" }, "geometry": { "type": "Polygon", "coordinates": [ [ [ 106.880006966560089, -6.24808462237439 ], [ 106.880039267615146, -6.257125956949564 ], [ 106.889074590260194, -6.257093533049901 ], [ 106.889042134200835, -6.248052245681195 ], [ 106.880006966560089, -6.24808462237439 ] ] ] } },
{ "type": "Feature", "properties": { "grid_id": "93085000709", "lst_2024": 34.698616071428582, "kmeans_cluster": 3, "predicted": 34.803427652792308, "residual": -0.1048115813637267, "abs_error": 0.1048115813637267, "split": "train" }, "geometry": { "type": "Polygon", "coordinates": [ [ [ 106.889042134200835, -6.248052245681195 ], [ 106.889074590260194, -6.257093533049901 ], [ 106.898109865042997, -6.257060953921357 ], [ 106.898077253979352, -6.248019713992681 ], [ 106.889042134200835, -6.248052245681195 ] ] ] } },
{ "type": "Feature", "properties": { "grid_id": "93085000710", "lst_2024": 34.733035714285741, "kmeans_cluster": 4, "predicted": 34.91249453286521, "residual": -0.17945881857946944, "abs_error": 0.17945881857946944, "split": "train" }, "geometry": { "type": "Polygon", "coordinates": [ [ [ 106.898077253979352, -6.248019713992681 ], [ 106.898109865042997, -6.257060953921357 ], [ 106.907145091738997, -6.257028219563932 ], [ 106.907112325662055, -6.247987027299866 ], [ 106.898077253979352, -6.248019713992681 ] ] ] } },
{ "type": "Feature", "properties": { "grid_id": "93085000711", "lst_2024": 35.123938375350164, "kmeans_cluster": 4, "predicted": 35.214165949571402, "residual": -0.090227574221238172, "abs_error": 0.090227574221238172, "split": "train" }, "geometry": { "type": "Polygon", "coordinates": [ [ [ 106.907112325662055, -6.247987027299866 ], [ 106.907145091738997, -6.257028219563932 ], [ 106.916180270114609, -6.256995329986609 ], [ 106.916147349042362, -6.24795418561173 ], [ 106.907112325662055, -6.247987027299866 ] ] ] } },
{ "type": "Feature", "properties": { "grid_id": "93085000712", "lst_2024": 35.451848739495823, "kmeans_cluster": 2, "predicted": 35.444382647125856, "residual": 0.0074660923699667592, "abs_error": 0.0074660923699667592, "split": "train" }, "geometry": { "type": "Polygon", "coordinates": [ [ [ 106.916147349042362, -6.24795418561173 ], [ 106.916180270114609, -6.256995329986609 ], [ 106.925215399945273, -6.256962285189388 ], [ 106.925182323868711, -6.247921188928276 ], [ 106.916147349042362, -6.24795418561173 ] ] ] } },
{ "type": "Feature", "properties": { "grid_id": "93085000713", "lst_2024": 35.485892857142879, "kmeans_cluster": 3, "predicted": 35.532056012279632, "residual": -0.046163155136753176, "abs_error": 0.046163155136753176, "split": "train" }, "geometry": { "type": "Polygon", "coordinates": [ [ [ 106.925182323868711, -6.247921188928276 ], [ 106.925215399945273, -6.256962285189388 ], [ 106.934250480988425, -6.256929085190236 ], [ 106.934217249925538, -6.247888037267469 ], [ 106.925182323868711, -6.247921188928276 ] ] ] } },
{ "type": "Feature", "properties": { "grid_id": "93085000714", "lst_2024": 35.598258928571461, "kmeans_cluster": 4, "predicted": 35.509039970983494, "residual": 0.089218957587966941, "abs_error": 0.089218957587966941, "split": "test" }, "geometry": { "type": "Polygon", "coordinates": [ [ [ 106.934217249925538, -6.247888037267469 ], [ 106.934250480988425, -6.256929085190236 ], [ 106.943285513037466, -6.256895729971185 ], [ 106.943252126988241, -6.247854730620325 ], [ 106.934217249925538, -6.247888037267469 ] ] ] } },
{ "type": "Feature", "properties": { "grid_id": "93095000693", "lst_2024": 35.754944196428625, "kmeans_cluster": 2, "predicted": 35.668388158905415, "residual": 0.086556037523209284, "abs_error": 0.086556037523209284, "split": "train" }, "geometry": { "type": "Polygon", "coordinates": [ [ [ 106.744443933290157, -6.239509650855946 ], [ 106.744473864490672, -6.248551669704821 ], [ 106.753509722567571, -6.248521618534301 ], [ 106.753479636524446, -6.239479643505246 ], [ 106.744443933290157, -6.239509650855946 ] ] ] } },
{ "type": "Feature", "properties": { "grid_id": "93095000694", "lst_2024": 35.37634420697416, "kmeans_cluster": 2, "predicted": 35.57905867843624, "residual": -0.20271447146208033, "abs_error": 0.20271447146208033, "split": "test" }, "geometry": { "type": "Polygon", "coordinates": [ [ [ 106.753479636524446, -6.239479643505246 ], [ 106.753509722567571, -6.248521618534301 ], [ 106.762545536222774, -6.248491412296597 ], [ 106.762515295337053, -6.23944948131194 ], [ 106.753479636524446, -6.239479643505246 ] ] ] } },
{ "type": "Feature", "properties": { "grid_id": "93095000695", "lst_2024": 35.032410714285739, "kmeans_cluster": 2, "predicted": 35.195720589638256, "residual": -0.16330987535251751, "abs_error": 0.16330987535251751, "split": "train" }, "geometry": { "type": "Polygon", "coordinates": [ [ [ 106.762515295337053, -6.23944948131194 ], [ 106.762545536222774, -6.248491412296597 ], [ 106.771581305213743, -6.248461051000692 ], [ 106.771550909494394, -6.239419164285012 ], [ 106.762515295337053, -6.23944948131194 ] ] ] } },
{ "type": "Feature", "properties": { "grid_id": "93095000696", "lst_2024": 35.036420168067252, "kmeans_cluster": 2, "predicted": 35.466376334657284, "residual": -0.42995616659003133, "abs_error": 0.42995616659003133, "split": "test" }, "geometry": { "type": "Polygon", "coordinates": [ [ [ 106.771550909494394, -6.239419164285012 ], [ 106.771581305213743, -6.248461051000692 ], [ 106.780617029315891, -6.248430534646586 ], [ 106.780586478771909, -6.239388692433445 ], [ 106.771550909494394, -6.239419164285012 ] ] ] } },
{ "type": "Feature", "properties": { "grid_id": "93095000697", "lst_2024": 35.129569773855529, "kmeans_cluster": 2, "predicted": 35.328536443909798, "residual": -0.19896667005426849, "abs_error": 0.19896667005426849, "split": "train" }, "geometry": { "type": "Polygon", "coordinates": [ [ [ 106.780586478771909, -6.239388692433445 ], [ 106.780617029315891, -6.248430534646586 ], [ 106.789652708304644, -6.248399863252245 ], [ 106.789622002927032, -6.239358065757238 ], [ 106.780586478771909, -6.239388692433445 ] ] ] } },
{ "type": "Feature", "properties": { "grid_id": "93095000698", "lst_2024": 35.072906918865115, "kmeans_cluster": 2, "predicted": 35.102220137384485, "residual": -0.029313218519369855, "abs_error": 0.029313218519369855, "split": "train" }, "geometry": { "type": "Polygon", "coordinates": [ [ [ 106.789622002927032, -6.239358065757238 ], [ 106.789652708304644, -6.248399863252245 ], [ 106.798688341946445, -6.248369036808685 ], [ 106.798657481753182, -6.239327284256392 ], [ 106.789622002927032, -6.239358065757238 ] ] ] } },
{ "type": "Feature", "properties": { "grid_id": "93095000699", "lst_2024": 34.709523809523837, "kmeans_cluster": 2, "predicted": 34.789177633425204, "residual": -0.079653823901367105, "abs_error": 0.079653823901367105, "split": "train" }, "geometry": { "type": "Polygon", "coordinates": [ [ [ 106.798657481753182, -6.239327284256392 ], [ 106.798688341946445, -6.248369036808685 ], [ 106.807723930016721, -6.248338055324891 ], [ 106.807692915007792, -6.239296347948874 ], [ 106.798657481753182, -6.239327284256392 ] ] ] } },
{ "type": "Feature", "properties": { "grid_id": "93095000700", "lst_2024": 34.556964285714301, "kmeans_cluster": 2, "predicted": 34.645972664320759, "residual": -0.089008378606457939, "abs_error": 0.089008378606457939, "split": "train" }, "geometry": { "type": "Polygon", "coordinates": [ [ [ 106.807692915007792, -6.239296347948874 ], [ 106.807723930016721, -6.248338055324891 ], [ 106.816759472290869, -6.248306918791878 ], [ 106.816728302466302, -6.239265256825699 ], [ 106.807692915007792, -6.239296347948874 ] ] ] } },
{ "type": "Feature", "properties": { "grid_id": "93095000701", "lst_2024": 34.822179271708713, "kmeans_cluster": 2, "predicted": 34.881621324235361, "residual": -0.059442052526648581, "abs_error": 0.059442052526648581, "split": "train" }, "geometry": { "type": "Polygon", "coordinates": [ [ [ 106.816728302466302, -6.239265256825699 ], [ 106.816759472290869, -6.248306918791878 ], [ 106.825794968535348, -6.248275627236597 ], [ 106.825763643895115, -6.239234010886868 ], [ 106.816728302466302, -6.239265256825699 ] ] ] } },
{ "type": "Feature", "properties": { "grid_id": "93095000702", "lst_2024": 35.055826330532241, "kmeans_cluster": 2, "predicted": 35.06434470957727, "residual": -0.0085183790450287233, "abs_error": 0.0085183790450287233, "split": "train" }, "geometry": { "type": "Polygon", "coordinates": [ [ [ 106.825763643895115, -6.239234010886868 ], [ 106.825794968535348, -6.248275627236597 ], [ 106.834830418516589, -6.248244180650065 ], [ 106.834798939069685, -6.239202610150348 ], [ 106.825763643895115, -6.239234010886868 ] ] ] } },
{ "type": "Feature", "properties": { "grid_id": "93095000703", "lst_2024": 35.029129464285759, "kmeans_cluster": 2, "predicted": 35.055865086437279, "residual": -0.026735622151520033, "abs_error": 0.026735622151520033, "split": "train" }, "geometry": { "type": "Polygon", "coordinates": [ [ [ 106.834798939069685, -6.239202610150348 ], [ 106.834830418516589, -6.248244180650065 ], [ 106.843865822010017, -6.24821257903228 ], [ 106.843834187765424, -6.239171054616137 ], [ 106.834798939069685, -6.239202610150348 ] ] ] } },
{ "type": "Feature", "properties": { "grid_id": "93095000704", "lst_2024": 35.04591517857147, "kmeans_cluster": 2, "predicted": 35.101414074211561, "residual": -0.055498895640091916, "abs_error": 0.055498895640091916, "split": "train" }, "geometry": { "type": "Polygon", "coordinates": [ [ [ 106.843834187765424, -6.239171054616137 ], [ 106.843865822010017, -6.24821257903228 ], [ 106.852901178800039, -6.248180822392228 ], [ 106.852869389748761, -6.239139344275254 ], [ 106.843834187765424, -6.239171054616137 ] ] ] } },
{ "type": "Feature", "properties": { "grid_id": "93095000705", "lst_2024": 35.275333333333364, "kmeans_cluster": 2, "predicted": 35.329408509065892, "residual": -0.05407517573252818, "abs_error": 0.05407517573252818, "split": "train" }, "geometry": { "type": "Polygon", "coordinates": [ [ [ 106.852869389748761, -6.239139344275254 ], [ 106.852901178800039, -6.248180822392228 ], [ 106.861936488635109, -6.248148910729906 ], [ 106.861904544786157, -6.239107479154647 ], [ 106.852869389748761, -6.239139344275254 ] ] ] } },
{ "type": "Feature", "properties": { "grid_id": "93095000706", "lst_2024": 35.283310924369772, "kmeans_cluster": 2, "predicted": 35.415323549220368, "residual": -0.13201262485059573, "abs_error": 0.13201262485059573, "split": "train" }, "geometry": { "type": "Polygon", "coordinates": [ [ [ 106.861904544786157, -6.239107479154647 ], [ 106.861936488635109, -6.248148910729906 ], [ 106.870971751299649, -6.248116844063282 ], [ 106.870939652661988, -6.239075459236351 ], [ 106.861904544786157, -6.239107479154647 ] ] ] } },
{ "type": "Feature", "properties": { "grid_id": "93095000707", "lst_2024": 35.352544642857175, "kmeans_cluster": 2, "predicted": 35.618800563398388, "residual": -0.26625592054121228, "abs_error": 0.26625592054121228, "split": "test" }, "geometry": { "type": "Polygon", "coordinates": [ [ [ 106.870939652661988, -6.239075459236351 ], [ 106.870971751299649, -6.248116844063282 ], [ 106.880006966560089, -6.24808462237439 ], [ 106.879974713142701, -6.239043284538331 ], [ 106.870939652661988, -6.239075459236351 ] ] ] } },
{ "type": "Feature", "properties": { "grid_id": "93095000708", "lst_2024": 35.294285714285749, "kmeans_cluster": 2, "predicted": 35.335091230855305, "residual": -0.040805516569555778, "abs_error": 0.040805516569555778, "split": "train" }, "geometry": { "type": "Polygon", "coordinates": [ [ [ 106.879974713142701, -6.239043284538331 ], [ 106.880006966560089, -6.24808462237439 ], [ 106.889042134200835, -6.248052245681195 ], [ 106.88900972599474, -6.239010955051604 ], [ 106.879974713142701, -6.239043284538331 ] ] ] } },
{ "type": "Feature", "properties": { "grid_id": "93095000709", "lst_2024": 35.075366946778729, "kmeans_cluster": 3, "predicted": 35.222511640227445, "residual": -0.14714469344871617, "abs_error": 0.14714469344871617, "split": "train" }, "geometry": { "type": "Polygon", "coordinates": [ [ [ 106.88900972599474, -6.239010955051604 ], [ 106.889042134200835, -6.248052245681195 ], [ 106.898077253979352, -6.248019713992681 ], [ 106.89804469099353, -6.238978470794138 ], [ 106.88900972599474, -6.239010955051604 ] ] ] } },
{ "type": "Feature", "properties": { "grid_id": "93095000710", "lst_2024": 35.147781512605079, "kmeans_cluster": 3, "predicted": 35.228174613323553, "residual": -0.080393100718474386, "abs_error": 0.080393100718474386, "split": "train" }, "geometry": { "type": "Polygon", "coordinates": [ [ [ 106.89804469099353, -6.238978470794138 ], [ 106.898077253979352, -6.248019713992681 ], [ 106.907112325662055, -6.247987027299866 ], [ 106.907079607905501, -6.238945831756948 ], [ 106.89804469099353, -6.238978470794138 ] ] ] } },
{ "type": "Feature", "properties": { "grid_id": "93095000711", "lst_2024": 35.367232142857176, "kmeans_cluster": 3, "predicted": 35.398674142342543, "residual": -0.031441999485366523, "abs_error": 0.031441999485366523, "split": "train" }, "geometry": { "type": "Polygon", "coordinates": [ [ [ 106.907079607905501, -6.238945831756948 ], [ 106.907112325662055, -6.247987027299866 ], [ 106.916147349042362, -6.24795418561173 ], [ 106.916114476506081, -6.238913037958 ], [ 106.907079607905501, -6.238945831756948 ] ] ] } },
{ "type": "Feature", "properties": { "grid_id": "93095000712", "lst_2024": 35.396986607142885, "kmeans_cluster": 2, "predicted": 35.423274174474571, "residual": -0.02628756733168558, "abs_error": 0.02628756733168558, "split": "train" }, "geometry": { "type": "Polygon", "coordinates": [ [ [ 106.916114476506081, -6.238913037958 ], [ 106.916147349042362, -6.24795418561173 ], [ 106.925182323868711, -6.247921188928276 ], [ 106.92514929657068, -6.238880089397296 ], [ 106.916114476506081, -6.238913037958 ] ] ] } },
{ "type": "Feature", "properties": { "grid_id": "93095000713", "lst_2024": 35.32985434173672, "kmeans_cluster": 4, "predicted": 35.416298472092372, "residual": -0.086444130355651794, "abs_error": 0.086444130355651794, "split": "train" }, "geometry": { "type": "Polygon", "coordinates": [ [ [ 106.92514929657068, -6.238880089397296 ], [ 106.925182323868711, -6.247921188928276 ], [ 106.934217249925538, -6.247888037267469 ], [ 106.934184067865743, -6.238846986065851 ], [ 106.92514929657068, -6.238880089397296 ] ] ] } },
{ "type": "Feature", "properties": { "grid_id": "93095000714", "lst_2024": 35.467310924369777, "kmeans_cluster": 4, "predicted": 35.602628915328225, "residual": -0.13531799095844832, "abs_error": 0.13531799095844832, "split": "test" }, "geometry": { "type": "Polygon", "coordinates": [ [ [ 106.934184067865743, -6.238846986065851 ], [ 106.934217249925538, -6.247888037267469 ], [ 106.943252126988241, -6.247854730620325 ], [ 106.943218790166682, -6.238813727981632 ], [ 106.934184067865743, -6.238846986065851 ] ] ] } },
{ "type": "Feature", "properties": { "grid_id": "93105000693", "lst_2024": 35.8804241071429, "kmeans_cluster": 2, "predicted": 35.817265730418733, "residual": 0.063158376724167908, "abs_error": 0.063158376724167908, "split": "train" }, "geometry": { "type": "Polygon", "coordinates": [ [ [ 106.744414046286764, -6.230467628773136 ], [ 106.744443933290157, -6.239509650855946 ], [ 106.753479636524446, -6.239479643505246 ], [ 106.753449594911999, -6.230437665233271 ], [ 106.744414046286764, -6.230467628773136 ] ] ] } },
{ "type": "Feature", "properties": { "grid_id": "93105000694", "lst_2024": 35.580859375000024, "kmeans_cluster": 2, "predicted": 35.553442481876402, "residual": 0.027416893123621833, "abs_error": 0.027416893123621833, "split": "train" }, "geometry": { "type": "Polygon", "coordinates": [ [ [ 106.753449594911999, -6.230437665233271 ], [ 106.753479636524446, -6.239479643505246 ], [ 106.762515295337053, -6.23944948131194 ], [ 106.762485099115565, -6.230407547075381 ], [ 106.753449594911999, -6.230437665233271 ] ] ] } },
{ "type": "Feature", "properties": { "grid_id": "93105000695", "lst_2024": 35.389553571428614, "kmeans_cluster": 2, "predicted": 35.488361404383447, "residual": -0.098807832954832975, "abs_error": 0.098807832954832975, "split": "train" }, "geometry": { "type": "Polygon", "coordinates": [ [ [ 106.762485099115565, -6.230407547075381 ], [ 106.762515295337053, -6.23944948131194 ], [ 106.771550909494394, -6.239419164285012 ], [ 106.771520558663852, -6.230377274326414 ], [ 106.762485099115565, -6.230407547075381 ] ] ] } },
{ "type": "Feature", "properties": { "grid_id": "93105000696", "lst_2024": 35.435594823295212, "kmeans_cluster": 2, "predicted": 35.789223196142238, "residual": -0.35362837284702664, "abs_error": 0.35362837284702664, "split": "test" }, "geometry": { "type": "Polygon", "coordinates": [ [ [ 106.771520558663852, -6.230377274326414 ], [ 106.771550909494394, -6.239419164285012 ], [ 106.780586478771909, -6.239388692433445 ], [ 106.780555973332326, -6.230346846968402 ], [ 106.771520558663852, -6.230377274326414 ] ] ] } },
{ "type": "Feature", "properties": { "grid_id": "93105000697", "lst_2024": 35.339614035087756, "kmeans_cluster": 2, "predicted": 35.484735586533169, "residual": -0.14512155144541339, "abs_error": 0.14512155144541339, "split": "train" }, "geometry": { "type": "Polygon", "coordinates": [ [ [ 106.780555973332326, -6.230346846968402 ], [ 106.780586478771909, -6.239388692433445 ], [ 106.789622002927032, -6.239358065757238 ], [ 106.789591342896387, -6.23031626501033 ], [ 106.780555973332326, -6.230346846968402 ] ] ] } },
{ "type": "Feature", "properties": { "grid_id": "93105000698", "lst_2024": 34.929955357142887, "kmeans_cluster": 2, "predicted": 34.984151951859388, "residual": -0.054196594716501068, "abs_error": 0.054196594716501068, "split": "train" }, "geometry": { "type": "Polygon", "coordinates": [ [ [ 106.789591342896387, -6.23031626501033 ], [ 106.789622002927032, -6.239358065757238 ], [ 106.798657481753182, -6.239327284256392 ], [ 106.798626667122477, -6.230285528461182 ], [ 106.789591342896387, -6.23031626501033 ] ] ] } },
{ "type": "Feature", "properties": { "grid_id": "93105000699", "lst_2024": 34.425814732142889, "kmeans_cluster": 2, "predicted": 34.623179621666111, "residual": -0.19736488952322162, "abs_error": 0.19736488952322162, "split": "test" }, "geometry": { "type": "Polygon", "coordinates": [ [ [ 106.798626667122477, -6.230285528461182 ], [ 106.798657481753182, -6.239327284256392 ], [ 106.807692915007792, -6.239296347948874 ], [ 106.807661945786009, -6.230254637320956 ], [ 106.798626667122477, -6.230285528461182 ] ] ] } },
{ "type": "Feature", "properties": { "grid_id": "93105000700", "lst_2024": 34.158065241844788, "kmeans_cluster": 2, "predicted": 34.317477789820977, "residual": -0.15941254797618853, "abs_error": 0.15941254797618853, "split": "train" }, "geometry": { "type": "Polygon", "coordinates": [ [ [ 106.807661945786009, -6.230254637320956 ], [ 106.807692915007792, -6.239296347948874 ], [ 106.816728302466302, -6.239265256825699 ], [ 106.816697178662409, -6.230223591598635 ], [ 106.807661945786009, -6.230254637320956 ] ] ] } },
{ "type": "Feature", "properties": { "grid_id": "93105000701", "lst_2024": 34.263839285714312, "kmeans_cluster": 2, "predicted": 34.573108538165208, "residual": -0.3092692524508962, "abs_error": 0.3092692524508962, "split": "test" }, "geometry": { "type": "Polygon", "coordinates": [ [ [ 106.816697178662409, -6.230223591598635 ], [ 106.816728302466302, -6.239265256825699 ], [ 106.825763643895115, -6.239234010886868 ], [ 106.82573236550914, -6.230192391294221 ], [ 106.816697178662409, -6.230223591598635 ] ] ] } },
{ "type": "Feature", "properties": { "grid_id": "93105000702", "lst_2024": 34.417310267857182, "kmeans_cluster": 2, "predicted": 34.43782101813477, "residual": -0.02051075027758742, "abs_error": 0.02051075027758742, "split": "train" }, "geometry": { "type": "Polygon", "coordinates": [ [ [ 106.82573236550914, -6.230192391294221 ], [ 106.825763643895115, -6.239234010886868 ], [ 106.834798939069685, -6.239202610150348 ], [ 106.834767506110595, -6.230161036407712 ], [ 106.82573236550914, -6.230192391294221 ] ] ] } },
{ "type": "Feature", "properties": { "grid_id": "93105000703", "lst_2024": 34.559736694677909, "kmeans_cluster": 2, "predicted": 34.84110659960681, "residual": -0.28136990492890135, "abs_error": 0.28136990492890135, "split": "test" }, "geometry": { "type": "Polygon", "coordinates": [ [ [ 106.834767506110595, -6.230161036407712 ], [ 106.834798939069685, -6.239202610150348 ], [ 106.843834187765424, -6.239171054616137 ], [ 106.843802600224237, -6.23012952693911 ], [ 106.834767506110595, -6.230161036407712 ] ] ] } },
{ "type": "Feature", "properties": { "grid_id": "93105000704", "lst_2024": 34.915422969187695, "kmeans_cluster": 2, "predicted": 35.200901374040626, "residual": -0.28547840485293108, "abs_error": 0.28547840485293108, "split": "test" }, "geometry": { "type": "Polygon", "coordinates": [ [ [ 106.843802600224237, -6.23012952693911 ], [ 106.843834187765424, -6.239171054616137 ], [ 106.852869389748761, -6.239139344275254 ], [ 106.852837647634473, -6.230097862915363 ], [ 106.843802600224237, -6.23012952693911 ] ] ] } },
{ "type": "Feature", "properties": { "grid_id": "93105000705", "lst_2024": 35.378794642857187, "kmeans_cluster": 2, "predicted": 35.435150990492318, "residual": -0.056356347635130533, "abs_error": 0.056356347635130533, "split": "train" }, "geometry": { "type": "Polygon", "coordinates": [ [ [ 106.852837647634473, -6.230097862915363 ], [ 106.852869389748761, -6.239139344275254 ], [ 106.861904544786157, -6.239107479154647 ], [ 106.861872648116716, -6.230066044309521 ], [ 106.852837647634473, -6.230097862915363 ] ] ] } },
{ "type": "Feature", "properties": { "grid_id": "93105000706", "lst_2024": 35.7175, "kmeans_cluster": 2, "predicted": 35.797991269210215, "residual": -0.080491269210170913, "abs_error": 0.080491269210170913, "split": "train" }, "geometry": { "type": "Polygon", "coordinates": [ [ [ 106.861872648116716, -6.230066044309521 ], [ 106.861904544786157, -6.239107479154647 ], [ 106.870939652661988, -6.239075459236351 ], [ 106.870907601428414, -6.230034071148536 ], [ 106.861872648116716, -6.230066044309521 ] ] ] } },
{ "type": "Feature", "properties": { "grid_id": "93105000707", "lst_2024": 35.798638655462227, "kmeans_cluster": 3, "predicted": 35.844735632164202, "residual": -0.046096976701974768, "abs_error": 0.046096976701974768, "split": "train" }, "geometry": { "type": "Polygon", "coordinates": [ [ [ 106.870907601428414, -6.230034071148536 ], [ 106.870939652661988, -6.239075459236351 ], [ 106.879974713142701, -6.239043284538331 ], [ 106.879942507345007, -6.230001943432405 ], [ 106.870907601428414, -6.230034071148536 ] ] ] } },
{ "type": "Feature", "properties": { "grid_id": "93105000708", "lst_2024": 35.733932773109281, "kmeans_cluster": 3, "predicted": 35.781138639405796, "residual": -0.047205866296515353, "abs_error": 0.047205866296515353, "split": "train" }, "geometry": { "type": "Polygon", "coordinates": [ [ [ 106.879942507345007, -6.230001943432405 ], [ 106.879974713142701, -6.239043284538331 ], [ 106.88900972599474, -6.239010955051604 ], [ 106.888977365641907, -6.22996966116113 ], [ 106.879942507345007, -6.230001943432405 ] ] ] } },
{ "type": "Feature", "properties": { "grid_id": "93105000709", "lst_2024": 35.465401785714292, "kmeans_cluster": 3, "predicted": 35.642011668464463, "residual": -0.17660988275017075, "abs_error": 0.17660988275017075, "split": "train" }, "geometry": { "type": "Polygon", "coordinates": [ [ [ 106.888977365641907, -6.22996966116113 ], [ 106.88900972599474, -6.239010955051604 ], [ 106.89804469099353, -6.238978470794138 ], [ 106.898012176085544, -6.22993722433471 ], [ 106.888977365641907, -6.22996966116113 ] ] ] } },
{ "type": "Feature", "properties": { "grid_id": "93105000710", "lst_2024": 35.388973214285755, "kmeans_cluster": 3, "predicted": 35.5084357277224, "residual": -0.11946251343664471, "abs_error": 0.11946251343664471, "split": "train" }, "geometry": { "type": "Polygon", "coordinates": [ [ [ 106.898012176085544, -6.22993722433471 ], [ 106.89804469099353, -6.238978470794138 ], [ 106.907079607905501, -6.238945831756948 ], [ 106.907046938451359, -6.229904632962129 ], [ 106.898012176085544, -6.22993722433471 ] ] ] } },
{ "type": "Feature", "properties": { "grid_id": "93105000711", "lst_2024": 35.485417366946812, "kmeans_cluster": 2, "predicted": 35.575282762175306, "residual": -0.089865395228493128, "abs_error": 0.089865395228493128, "split": "train" }, "geometry": { "type": "Polygon", "coordinates": [ [ [ 106.907046938451359, -6.229904632962129 ], [ 106.907079607905501, -6.238945831756948 ], [ 106.916114476506081, -6.238913037958 ], [ 106.916081652514748, -6.229871887043386 ], [ 106.907046938451359, -6.229904632962129 ] ] ] } },
{ "type": "Feature", "properties": { "grid_id": "93105000712", "lst_2024": 35.442616246498631, "kmeans_cluster": 2, "predicted": 35.469658647700506, "residual": -0.027042401201875066, "abs_error": 0.027042401201875066, "split": "train" }, "geometry": { "type": "Polygon", "coordinates": [ [ [ 106.916081652514748, -6.229871887043386 ], [ 106.916114476506081, -6.238913037958 ], [ 106.92514929657068, -6.238880089397296 ], [ 106.925116318042171, -6.229838986587465 ], [ 106.916081652514748, -6.229871887043386 ] ] ] } },
{ "type": "Feature", "properties": { "grid_id": "93105000713", "lst_2024": 35.369386160714306, "kmeans_cluster": 2, "predicted": 35.473356744944148, "residual": -0.10397058422984173, "abs_error": 0.10397058422984173, "split": "train" }, "geometry": { "type": "Polygon", "coordinates": [ [ [ 106.925116318042171, -6.229838986587465 ], [ 106.92514929657068, -6.238880089397296 ], [ 106.934184067865743, -6.238846986065851 ], [ 106.934150934800059, -6.229805931603349 ], [ 106.925116318042171, -6.229838986587465 ] ] ] } },
{ "type": "Feature", "properties": { "grid_id": "93105000714", "lst_2024": 35.6789955357143, "kmeans_cluster": 2, "predicted": 35.690098087888671, "residual": -0.011102552174371283, "abs_error": 0.011102552174371283, "split": "train" }, "geometry": { "type": "Polygon", "coordinates": [ [ [ 106.934150934800059, -6.229805931603349 ], [ 106.934184067865743, -6.238846986065851 ], [ 106.943218790166682, -6.238813727981632 ], [ 106.943185502572803, -6.229772722082054 ], [ 106.934150934800059, -6.229805931603349 ] ] ] } },
{ "type": "Feature", "properties": { "grid_id": "93115000692", "lst_2024": 35.799877232142876, "kmeans_cluster": 2, "predicted": 35.673537248841114, "residual": 0.12633998330176155, "abs_error": 0.12633998330176155, "split": "train" }, "geometry": { "type": "Polygon", "coordinates": [ [ [ 106.735348765051569, -6.221455368791969 ], [ 106.735378453473388, -6.230497437703955 ], [ 106.744414046286764, -6.230467628773136 ], [ 106.744384203480479, -6.221425603447407 ], [ 106.735348765051569, -6.221455368791969 ] ] ] } },
{ "type": "Feature", "properties": { "grid_id": "93115000693", "lst_2024": 35.612823529411806, "kmeans_cluster": 2, "predicted": 35.532300381168099, "residual": 0.080523148243706544, "abs_error": 0.080523148243706544, "split": "train" }, "geometry": { "type": "Polygon", "coordinates": [ [ [ 106.744384203480479, -6.221425603447407 ], [ 106.744414046286764, -6.230467628773136 ], [ 106.753449594911999, -6.230437665233271 ], [ 106.753419597712266, -6.221395683727363 ], [ 106.744384203480479, -6.221425603447407 ] ] ] } },
{ "type": "Feature", "properties": { "grid_id": "93115000694", "lst_2024": 35.366793206793247, "kmeans_cluster": 2, "predicted": 35.372939440395442, "residual": -0.006146233602194684, "abs_error": 0.006146233602194684, "split": "test" }, "geometry": { "type": "Polygon", "coordinates": [ [ [ 106.753419597712266, -6.221395683727363 ], [ 106.753449594911999, -6.230437665233271 ], [ 106.762485099115565, -6.230407547075381 ], [ 106.762454947531353, -6.22136560961387 ], [ 106.753419597712266, -6.221395683727363 ] ] ] } },
{ "type": "Feature", "properties": { "grid_id": "93115000695", "lst_2024": 35.341488302638176, "kmeans_cluster": 2, "predicted": 35.417040444161806, "residual": -0.075552141523630212, "abs_error": 0.075552141523630212, "split": "train" }, "geometry": { "type": "Polygon", "coordinates": [ [ [ 106.762454947531353, -6.22136560961387 ], [ 106.762485099115565, -6.230407547075381 ], [ 106.771520558663852, -6.230377274326414 ], [ 106.771490252704169, -6.221335381124897 ], [ 106.762454947531353, -6.22136560961387 ] ] ] } },
{ "type": "Feature", "properties": { "grid_id": "93115000696", "lst_2024": 35.521071428571481, "kmeans_cluster": 2, "predicted": 35.597993069304209, "residual": -0.076921640732727781, "abs_error": 0.076921640732727781, "split": "train" }, "geometry": { "type": "Polygon", "coordinates": [ [ [ 106.771490252704169, -6.221335381124897 ], [ 106.771520558663852, -6.230377274326414 ], [ 106.780555973332326, -6.230346846968402 ], [ 106.78052551300614, -6.221304998260441 ], [ 106.771490252704169, -6.221335381124897 ] ] ] } },
{ "type": "Feature", "properties": { "grid_id": "93115000697", "lst_2024": 35.276875, "kmeans_cluster": 2, "predicted": 35.365084523470415, "residual": -0.088209523470382578, "abs_error": 0.088209523470382578, "split": "train" }, "geometry": { "type": "Polygon", "coordinates": [ [ [ 106.78052551300614, -6.221304998260441 ], [ 106.780555973332326, -6.230346846968402 ], [ 106.789591342896387, -6.23031626501033 ], [ 106.78956072820371, -6.221274461029488 ], [ 106.78052551300614, -6.221304998260441 ] ] ] } },
{ "type": "Feature", "properties": { "grid_id": "93115000698", "lst_2024": 34.633719887955216, "kmeans_cluster": 2, "predicted": 34.669223276958967, "residual": -0.035503389003750385, "abs_error": 0.035503389003750385, "split": "train" }, "geometry": { "type": "Polygon", "coordinates": [ [ [ 106.78956072820371, -6.221274461029488 ], [ 106.789591342896387, -6.23031626501033 ], [ 106.798626667122477, -6.230285528461182 ], [ 106.798595898063297, -6.221243769423053 ], [ 106.78956072820371, -6.221274461029488 ] ] ] } },
{ "type": "Feature", "properties": { "grid_id": "93115000699", "lst_2024": 33.965843137254943, "kmeans_cluster": 2, "predicted": 34.017345816811137, "residual": -0.051502679556193698, "abs_error": 0.051502679556193698, "split": "train" }, "geometry": { "type": "Polygon", "coordinates": [ [ [ 106.798595898063297, -6.221243769423053 ], [ 106.798626667122477, -6.230285528461182 ], [ 106.807661945786009, -6.230254637320956 ], [ 106.807631022369307, -6.221212923450119 ], [ 106.798595898063297, -6.221243769423053 ] ] ] } },
{ "type": "Feature", "properties": { "grid_id": "93115000700", "lst_2024": 33.716595982142884, "kmeans_cluster": 2, "predicted": 33.867999025972154, "residual": -0.15140304382926928, "abs_error": 0.15140304382926928, "split": "train" }, "geometry": { "type": "Polygon", "coordinates": [ [ [ 106.807631022369307, -6.221212923450119 ], [ 106.807661945786009, -6.230254637320956 ], [ 106.816697178662409, -6.230223591598635 ], [ 106.816666100879218, -6.221181923128653 ], [ 106.807631022369307, -6.221212923450119 ] ] ] } },
{ "type": "Feature", "properties": { "grid_id": "93115000701", "lst_2024": 33.843392857142881, "kmeans_cluster": 2, "predicted": 33.945971032386986, "residual": -0.10257817524410484, "abs_error": 0.10257817524410484, "split": "train" }, "geometry": { "type": "Polygon", "coordinates": [ [ [ 106.816666100879218, -6.221181923128653 ], [ 106.816697178662409, -6.230223591598635 ], [ 106.82573236550914, -6.230192391294221 ], [ 106.825701133377422, -6.221150768440689 ], [ 106.816666100879218, -6.221181923128653 ] ] ] } },
{ "type": "Feature", "properties": { "grid_id": "93115000702", "lst_2024": 34.087680672268938, "kmeans_cluster": 2, "predicted": 34.102240035654468, "residual": -0.014559363385529878, "abs_error": 0.014559363385529878, "split": "train" }, "geometry": { "type": "Polygon", "coordinates": [ [ [ 106.825701133377422, -6.221150768440689 ], [ 106.82573236550914, -6.230192391294221 ], [ 106.834767506110595, -6.230161036407712 ], [ 106.834736119621354, -6.221119459404193 ], [ 106.825701133377422, -6.221150768440689 ] ] ] } },
{ "type": "Feature", "properties": { "grid_id": "93115000703", "lst_2024": 34.49100840336137, "kmeans_cluster": 2, "predicted": 34.544664965768732, "residual": -0.053656562407361719, "abs_error": 0.053656562407361719, "split": "train" }, "geometry": { "type": "Polygon", "coordinates": [ [ [ 106.834736119621354, -6.221119459404193 ], [ 106.834767506110595, -6.230161036407712 ], [ 106.843802600224237, -6.23012952693911 ], [ 106.843771059395451, -6.221087996019164 ], [ 106.834736119621354, -6.221119459404193 ] ] ] } },
{ "type": "Feature", "properties": { "grid_id": "93115000704", "lst_2024": 35.008616071428598, "kmeans_cluster": 2, "predicted": 35.147604489555384, "residual": -0.13898841812678597, "abs_error": 0.13898841812678597, "split": "train" }, "geometry": { "type": "Polygon", "coordinates": [ [ [ 106.843771059395451, -6.221087996019164 ], [ 106.843802600224237, -6.23012952693911 ], [ 106.852837647634473, -6.230097862915363 ], [ 106.852805952466127, -6.221056378294587 ], [ 106.843771059395451, -6.221087996019164 ] ] ] } },
{ "type": "Feature", "properties": { "grid_id": "93115000705", "lst_2024": 35.516037946428618, "kmeans_cluster": 2, "predicted": 35.595309945032319, "residual": -0.079271998603701377, "abs_error": 0.079271998603701377, "split": "train" }, "geometry": { "type": "Polygon", "coordinates": [ [ [ 106.852805952466127, -6.221056378294587 ], [ 106.852837647634473, -6.230097862915363 ], [ 106.861872648116716, -6.230066044309521 ], [ 106.861840798599843, -6.221024606221477 ], [ 106.852805952466127, -6.221056378294587 ] ] ] } },
{ "type": "Feature", "properties": { "grid_id": "93115000706", "lst_2024": 35.82372328458947, "kmeans_cluster": 3, "predicted": 35.860199974564338, "residual": -0.036476689974868748, "abs_error": 0.036476689974868748, "split": "train" }, "geometry": { "type": "Polygon", "coordinates": [ [ [ 106.861840798599843, -6.221024606221477 ], [ 106.861872648116716, -6.230066044309521 ], [ 106.870907601428414, -6.230034071148536 ], [ 106.870875597580977, -6.220992679817802 ], [ 106.861840798599843, -6.221024606221477 ] ] ] } },
{ "type": "Feature", "properties": { "grid_id": "93115000707", "lst_2024": 35.836875, "kmeans_cluster": 3, "predicted": 35.912589946394682, "residual": -0.075714946394661808, "abs_error": 0.075714946394661808, "split": "train" }, "geometry": { "type": "Polygon", "coordinates": [ [ [ 106.870875597580977, -6.220992679817802 ], [ 106.870907601428414, -6.230034071148536 ], [ 106.879942507345007, -6.230001943432405 ], [ 106.879910349167005, -6.220960599074577 ], [ 106.870875597580977, -6.220992679817802 ] ] ] } },
{ "type": "Feature", "properties": { "grid_id": "93115000708", "lst_2024": 35.772321428571473, "kmeans_cluster": 3, "predicted": 35.803396950686754, "residual": -0.031075522115280307, "abs_error": 0.031075522115280307, "split": "train" }, "geometry": { "type": "Polygon", "coordinates": [ [ [ 106.879910349167005, -6.220960599074577 ], [ 106.879942507345007, -6.230001943432405 ], [ 106.888977365641907, -6.22996966116113 ], [ 106.888945053142322, -6.220928364000788 ], [ 106.879910349167005, -6.220960599074577 ] ] ] } },
{ "type": "Feature", "properties": { "grid_id": "93115000709", "lst_2024": 35.68445378151263, "kmeans_cluster": 3, "predicted": 35.777441492479255, "residual": -0.092987710966625059, "abs_error": 0.092987710966625059, "split": "train" }, "geometry": { "type": "Polygon", "coordinates": [ [ [ 106.888945053142322, -6.220928364000788 ], [ 106.888977365641907, -6.22996966116113 ], [ 106.898012176085544, -6.22993722433471 ], [ 106.897979709264376, -6.220895974614398 ], [ 106.888945053142322, -6.220928364000788 ] ] ] } },
{ "type": "Feature", "properties": { "grid_id": "93115000710", "lst_2024": 35.7031428571429, "kmeans_cluster": 2, "predicted": 35.796105196927641, "residual": -0.092962339784740777, "abs_error": 0.092962339784740777, "split": "train" }, "geometry": { "type": "Polygon", "coordinates": [ [ [ 106.897979709264376, -6.220895974614398 ], [ 106.898012176085544, -6.22993722433471 ], [ 106.907046938451359, -6.229904632962129 ], [ 106.907014317317589, -6.220863430897443 ], [ 106.897979709264376, -6.220895974614398 ] ] ] } },
{ "type": "Feature", "properties": { "grid_id": "93115000711", "lst_2024": 35.875758928571472, "kmeans_cluster": 2, "predicted": 35.907425157553554, "residual": -0.0316662289820826, "abs_error": 0.0316662289820826, "split": "train" }, "geometry": { "type": "Polygon", "coordinates": [ [ [ 106.907014317317589, -6.220863430897443 ], [ 106.907046938451359, -6.229904632962129 ], [ 106.916081652514748, -6.229871887043386 ], [ 106.916048877059396, -6.220830732858905 ], [ 106.907014317317589, -6.220863430897443 ] ] ] } },
{ "type": "Feature", "properties": { "grid_id": "93115000712", "lst_2024": 35.75790178571431, "kmeans_cluster": 2, "predicted": 35.822584877752163, "residual": -0.064683092037853385, "abs_error": 0.064683092037853385, "split": "train" }, "geometry": { "type": "Polygon", "coordinates": [ [ [ 106.916048877059396, -6.220830732858905 ], [ 106.916081652514748, -6.229871887043386 ], [ 106.925116318042171, -6.229838986587465 ], [ 106.925083388274217, -6.220797880516749 ], [ 106.916048877059396, -6.220830732858905 ] ] ] } },
{ "type": "Feature", "properties": { "grid_id": "93115000713", "lst_2024": 35.800487394958012, "kmeans_cluster": 2, "predicted": 35.882091073149674, "residual": -0.081603678191662254, "abs_error": 0.081603678191662254, "split": "train" }, "geometry": { "type": "Polygon", "coordinates": [ [ [ 106.925083388274217, -6.220797880516749 ], [ 106.925116318042171, -6.229838986587465 ], [ 106.934150934800059, -6.229805931603349 ], [ 106.934117850728484, -6.220764873861996 ], [ 106.925083388274217, -6.220797880516749 ] ] ] } },
{ "type": "Feature", "properties": { "grid_id": "93115000714", "lst_2024": 36.192901960784333, "kmeans_cluster": 2, "predicted": 36.136325211277374, "residual": 0.056576749506959345, "abs_error": 0.056576749506959345, "split": "train" }, "geometry": { "type": "Polygon", "coordinates": [ [ [ 106.934117850728484, -6.220764873861996 ], [ 106.934150934800059, -6.229805931603349 ], [ 106.943185502572803, -6.229772722082054 ], [ 106.943152264197622, -6.220731712903626 ], [ 106.934117850728484, -6.220764873861996 ] ] ] } },
{ "type": "Feature", "properties": { "grid_id": "93125000690", "lst_2024": 35.552162464986054, "kmeans_cluster": 2, "predicted": 35.034889306170172, "residual": 0.51727315881588254, "abs_error": 0.51727315881588254, "split": "test" }, "geometry": { "type": "Polygon", "coordinates": [ [ [ 106.717248420407145, -6.212472277656051 ], [ 106.717277756545641, -6.221514436300751 ], [ 106.726313282659106, -6.221484979743084 ], [ 106.726283792360718, -6.212442864235484 ], [ 106.717248420407145, -6.212472277656051 ] ] ] } },
{ "type": "Feature", "properties": { "grid_id": "93125000691", "lst_2024": 35.278270089285755, "kmeans_cluster": 2, "predicted": 34.961745374431629, "residual": 0.31652471485412548, "abs_error": 0.31652471485412548, "split": "test" }, "geometry": { "type": "Polygon", "coordinates": [ [ [ 106.726283792360718, -6.212442864235484 ], [ 106.726313282659106, -6.221484979743084 ], [ 106.735348765051569, -6.221455368791969 ], [ 106.735319120584307, -6.212413296655031 ], [ 106.726283792360718, -6.212442864235484 ] ] ] } },
{ "type": "Feature", "properties": { "grid_id": "93125000692", "lst_2024": 35.073528822055152, "kmeans_cluster": 3, "predicted": 34.973763882056531, "residual": 0.099764939998621571, "abs_error": 0.099764939998621571, "split": "train" }, "geometry": { "type": "Polygon", "coordinates": [ [ [ 106.735319120584307, -6.212413296655031 ], [ 106.735348765051569, -6.221455368791969 ], [ 106.744384203480479, -6.221425603447407 ], [ 106.744354404853325, -6.212383574896727 ], [ 106.735319120584307, -6.212413296655031 ] ] ] } },
{ "type": "Feature", "properties": { "grid_id": "93125000693", "lst_2024": 34.842767857142888, "kmeans_cluster": 2, "predicted": 34.769334403700192, "residual": 0.073433453442696361, "abs_error": 0.073433453442696361, "split": "train" }, "geometry": { "type": "Polygon", "coordinates": [ [ [ 106.744354404853325, -6.212383574896727 ], [ 106.744384203480479, -6.221425603447407 ], [ 106.753419597712266, -6.221395683727363 ], [ 106.753389644934217, -6.212353698987519 ], [ 106.744354404853325, -6.212383574896727 ] ] ] } },
{ "type": "Feature", "properties": { "grid_id": "93125000694", "lst_2024": 34.991912173429711, "kmeans_cluster": 2, "predicted": 34.904205940882441, "residual": 0.087706232547269281, "abs_error": 0.087706232547269281, "split": "train" }, "geometry": { "type": "Polygon", "coordinates": [ [ [ 106.753389644934217, -6.212353698987519 ], [ 106.753419597712266, -6.221395683727363 ], [ 106.762454947531353, -6.22136560961387 ], [ 106.762424840602407, -6.212323668918425 ], [ 106.753389644934217, -6.212353698987519 ] ] ] } },
{ "type": "Feature", "properties": { "grid_id": "93125000695", "lst_2024": 35.285368303571474, "kmeans_cluster": 2, "predicted": 35.284863974727081, "residual": 0.00050432884439288728, "abs_error": 0.00050432884439288728, "split": "train" }, "geometry": { "type": "Polygon", "coordinates": [ [ [ 106.762424840602407, -6.212323668918425 ], [ 106.762454947531353, -6.22136560961387 ], [ 106.771490252704169, -6.221335381124897 ], [ 106.771459991633307, -6.212293484689445 ], [ 106.762424840602407, -6.212323668918425 ] ] ] } },
{ "type": "Feature", "properties": { "grid_id": "93125000696", "lst_2024": 35.573932773109291, "kmeans_cluster": 2, "predicted": 35.671345061640451, "residual": -0.097412288531160129, "abs_error": 0.097412288531160129, "split": "test" }, "geometry": { "type": "Polygon", "coordinates": [ [ [ 106.771459991633307, -6.212293484689445 ], [ 106.771490252704169, -6.221335381124897 ], [ 106.78052551300614, -6.221304998260441 ], [ 106.780495097784367, -6.212263146318546 ], [ 106.771459991633307, -6.212293484689445 ] ] ] } },
{ "type": "Feature", "properties": { "grid_id": "93125000697", "lst_2024": 35.335277310924404, "kmeans_cluster": 2, "predicted": 35.400019798341233, "residual": -0.06474248741682942, "abs_error": 0.06474248741682942, "split": "train" }, "geometry": { "type": "Polygon", "coordinates": [ [ [ 106.780495097784367, -6.212263146318546 ], [ 106.78052551300614, -6.221304998260441 ], [ 106.78956072820371, -6.221274461029488 ], [ 106.789530158840009, -6.212232653805727 ], [ 106.780495097784367, -6.212263146318546 ] ] ] } },
{ "type": "Feature", "properties": { "grid_id": "93125000698", "lst_2024": 34.791160714285745, "kmeans_cluster": 2, "predicted": 34.82051128318092, "residual": -0.0293505688951754, "abs_error": 0.0293505688951754, "split": "train" }, "geometry": { "type": "Polygon", "coordinates": [ [ [ 106.789530158840009, -6.212232653805727 ], [ 106.78956072820371, -6.221274461029488 ], [ 106.798595898063297, -6.221243769423053 ], [ 106.798565174566662, -6.212202007142006 ], [ 106.789530158840009, -6.212232653805727 ] ] ] } },
{ "type": "Feature", "properties": { "grid_id": "93125000699", "lst_2024": 34.150156250000045, "kmeans_cluster": 2, "predicted": 34.120597741700564, "residual": 0.029558508299480479, "abs_error": 0.029558508299480479, "split": "train" }, "geometry": { "type": "Polygon", "coordinates": [ [ [ 106.798565174566662, -6.212202007142006 ], [ 106.798595898063297, -6.221243769423053 ], [ 106.807631022369307, -6.221212923450119 ], [ 106.80760014473077, -6.212171206345348 ], [ 106.798565174566662, -6.212202007142006 ] ] ] } },
{ "type": "Feature", "properties": { "grid_id": "93125000700", "lst_2024": 33.93731652661068, "kmeans_cluster": 2, "predicted": 34.015125949359096, "residual": -0.077809422748416068, "abs_error": 0.077809422748416068, "split": "train" }, "geometry": { "type": "Polygon", "coordinates": [ [ [ 106.80760014473077, -6.212171206345348 ], [ 106.807631022369307, -6.221212923450119 ], [ 106.816666100879218, -6.221181923128653 ], [ 106.816635069116714, -6.212140251415753 ], [ 106.80760014473077, -6.212171206345348 ] ] ] } },
{ "type": "Feature", "properties": { "grid_id": "93125000701", "lst_2024": 33.991535014005628, "kmeans_cluster": 3, "predicted": 34.055594009751651, "residual": -0.064058995746023584, "abs_error": 0.064058995746023584, "split": "train" }, "geometry": { "type": "Polygon", "coordinates": [ [ [ 106.816635069116714, -6.212140251415753 ], [ 106.816666100879218, -6.221181923128653 ], [ 106.825701133377422, -6.221150768440689 ], [ 106.825669947481984, -6.212109142353222 ], [ 106.816635069116714, -6.212140251415753 ] ] ] } },
{ "type": "Feature", "properties": { "grid_id": "93125000702", "lst_2024": 34.162901785714318, "kmeans_cluster": 3, "predicted": 34.202154361810805, "residual": -0.039252576096487246, "abs_error": 0.039252576096487246, "split": "train" }, "geometry": { "type": "Polygon", "coordinates": [ [ [ 106.825669947481984, -6.212109142353222 ], [ 106.825701133377422, -6.221150768440689 ], [ 106.834736119621354, -6.221119459404193 ], [ 106.834704779610945, -6.212077879166737 ], [ 106.825669947481984, -6.212109142353222 ] ] ] } },
{ "type": "Feature", "properties": { "grid_id": "93125000703", "lst_2024": 34.495412946428587, "kmeans_cluster": 3, "predicted": 34.559851938480932, "residual": -0.064438992052345156, "abs_error": 0.064438992052345156, "split": "train" }, "geometry": { "type": "Polygon", "coordinates": [ [ [ 106.834704779610945, -6.212077879166737 ], [ 106.834736119621354, -6.221119459404193 ], [ 106.843771059395451, -6.221087996019164 ], [ 106.84373956527007, -6.2120464618563 ], [ 106.834704779610945, -6.212077879166737 ] ] ] } },
{ "type": "Feature", "properties": { "grid_id": "93125000704", "lst_2024": 35.133394957983214, "kmeans_cluster": 3, "predicted": 35.172955418459239, "residual": -0.039560460476025128, "abs_error": 0.039560460476025128, "split": "train" }, "geometry": { "type": "Polygon", "coordinates": [ [ [ 106.84373956527007, -6.2120464618563 ], [ 106.843771059395451, -6.221087996019164 ], [ 106.852805952466127, -6.221056378294587 ], [ 106.85277430422579, -6.212014890421909 ], [ 106.84373956527007, -6.2120464618563 ] ] ] } },
{ "type": "Feature", "properties": { "grid_id": "93125000705", "lst_2024": 35.564128851540652, "kmeans_cluster": 3, "predicted": 35.682729779102146, "residual": -0.11860092756149498, "abs_error": 0.11860092756149498, "split": "train" }, "geometry": { "type": "Polygon", "coordinates": [ [ [ 106.85277430422579, -6.212014890421909 ], [ 106.852805952466127, -6.221056378294587 ], [ 106.861840798599843, -6.221024606221477 ], [ 106.861808996253501, -6.211983164881532 ], [ 106.85277430422579, -6.212014890421909 ] ] ] } },
{ "type": "Feature", "properties": { "grid_id": "93125000706", "lst_2024": 35.742622767857171, "kmeans_cluster": 3, "predicted": 35.813982364156409, "residual": -0.071359596299238603, "abs_error": 0.071359596299238603, "split": "train" }, "geometry": { "type": "Polygon", "coordinates": [ [ [ 106.861808996253501, -6.211983164881532 ], [ 106.861840798599843, -6.221024606221477 ], [ 106.870875597580977, -6.220992679817802 ], [ 106.870843641119677, -6.211951285226184 ], [ 106.861808996253501, -6.211983164881532 ] ] ] } },
{ "type": "Feature", "properties": { "grid_id": "93125000707", "lst_2024": 35.855625, "kmeans_cluster": 3, "predicted": 36.000566643610071, "residual": -0.14494164361006767, "abs_error": 0.14494164361006767, "split": "test" }, "geometry": { "type": "Polygon", "coordinates": [ [ [ 106.870843641119677, -6.211951285226184 ], [ 106.870875597580977, -6.220992679817802 ], [ 106.879910349167005, -6.220960599074577 ], [ 106.879878238608697, -6.211919251464849 ], [ 106.870843641119677, -6.211951285226184 ] ] ] } },
{ "type": "Feature", "properties": { "grid_id": "93125000708", "lst_2024": 36.059381327334123, "kmeans_cluster": 3, "predicted": 35.999080022393784, "residual": 0.060301304940338696, "abs_error": 0.060301304940338696, "split": "train" }, "geometry": { "type": "Polygon", "coordinates": [ [ [ 106.879878238608697, -6.211919251464849 ], [ 106.879910349167005, -6.220960599074577 ], [ 106.888945053142322, -6.220928364000788 ], [ 106.888912788487005, -6.211887063597526 ], [ 106.879878238608697, -6.211919251464849 ] ] ] } },
{ "type": "Feature", "properties": { "grid_id": "93125000709", "lst_2024": 36.026171875000017, "kmeans_cluster": 4, "predicted": 36.024750314976771, "residual": 0.0014215600232461156, "abs_error": 0.0014215600232461156, "split": "train" }, "geometry": { "type": "Polygon", "coordinates": [ [ [ 106.888912788487005, -6.211887063597526 ], [ 106.888945053142322, -6.220928364000788 ], [ 106.897979709264376, -6.220895974614398 ], [ 106.897947290512064, -6.211854721633201 ], [ 106.888912788487005, -6.211887063597526 ] ] ] } },
{ "type": "Feature", "properties": { "grid_id": "93125000710", "lst_2024": 36.07625, "kmeans_cluster": 2, "predicted": 36.057018872408364, "residual": 0.019231127591666564, "abs_error": 0.019231127591666564, "split": "train" }, "geometry": { "type": "Polygon", "coordinates": [ [ [ 106.897947290512064, -6.211854721633201 ], [ 106.897979709264376, -6.220895974614398 ], [ 106.907014317317589, -6.220863430897443 ], [ 106.90698174447725, -6.211822225571871 ], [ 106.897947290512064, -6.211854721633201 ] ] ] } },
{ "type": "Feature", "properties": { "grid_id": "93125000711", "lst_2024": 36.23097478991599, "kmeans_cluster": 2, "predicted": 36.118149959036167, "residual": 0.11282483087982342, "abs_error": 0.11282483087982342, "split": "train" }, "geometry": { "type": "Polygon", "coordinates": [ [ [ 106.90698174447725, -6.211822225571871 ], [ 106.907014317317589, -6.220863430897443 ], [ 106.916048877059396, -6.220830732858905 ], [ 106.916016150131043, -6.211789575422521 ], [ 106.90698174447725, -6.211822225571871 ] ] ] } },
{ "type": "Feature", "properties": { "grid_id": "93125000712", "lst_2024": 36.110941176470611, "kmeans_cluster": 2, "predicted": 36.045563228625099, "residual": 0.065377947845512097, "abs_error": 0.065377947845512097, "split": "train" }, "geometry": { "type": "Polygon", "coordinates": [ [ [ 106.916016150131043, -6.211789575422521 ], [ 106.916048877059396, -6.220830732858905 ], [ 106.925083388274217, -6.220797880516749 ], [ 106.925050507266832, -6.21175677118515 ], [ 106.916016150131043, -6.211789575422521 ] ] ] } },
{ "type": "Feature", "properties": { "grid_id": "93125000713", "lst_2024": 36.229910714285751, "kmeans_cluster": 1, "predicted": 36.151654301238004, "residual": 0.078256413047746776, "abs_error": 0.078256413047746776, "split": "train" }, "geometry": { "type": "Polygon", "coordinates": [ [ [ 106.925050507266832, -6.21175677118515 ], [ 106.925083388274217, -6.220797880516749 ], [ 106.934117850728484, -6.220764873861996 ], [ 106.934084815651048, -6.211723812868741 ], [ 106.925050507266832, -6.21175677118515 ] ] ] } },
{ "type": "Feature", "properties": { "grid_id": "93125000714", "lst_2024": 36.444486607142892, "kmeans_cluster": 1, "predicted": 36.11209717701437, "residual": 0.33238943012852218, "abs_error": 0.33238943012852218, "split": "test" }, "geometry": { "type": "Polygon", "coordinates": [ [ [ 106.934084815651048, -6.211723812868741 ], [ 106.934117850728484, -6.220764873861996 ], [ 106.943152264197622, -6.220731712903626 ], [ 106.943119075041139, -6.211690700473295 ], [ 106.934084815651048, -6.211723812868741 ] ] ] } },
{ "type": "Feature", "properties": { "grid_id": "93125000715", "lst_2024": 36.102044817927194, "kmeans_cluster": 1, "predicted": 35.787021246690379, "residual": 0.31502357123681435, "abs_error": 0.31502357123681435, "split": "test" }, "geometry": { "type": "Polygon", "coordinates": [ [ [ 106.943119075041139, -6.211690700473295 ], [ 106.943152264197622, -6.220731712903626 ], [ 106.952186628448061, -6.220698397650622 ], [ 106.952153285221527, -6.211657433998812 ], [ 106.943119075041139, -6.211690700473295 ] ] ] } },
{ "type": "Feature", "properties": { "grid_id": "93125000716", "lst_2024": 35.80796078431375, "kmeans_cluster": 3, "predicted": 35.668535864596841, "residual": 0.13942491971690885, "abs_error": 0.13942491971690885, "split": "train" }, "geometry": { "type": "Polygon", "coordinates": [ [ [ 106.952153285221527, -6.211657433998812 ], [ 106.952186628448061, -6.220698397650622 ], [ 106.961220943255228, -6.220664928094002 ], [ 106.961187445958643, -6.211624013454274 ], [ 106.952153285221527, -6.211657433998812 ] ] ] } },
{ "type": "Feature", "properties": { "grid_id": "93135000691", "lst_2024": 34.837665505226504, "kmeans_cluster": 2, "predicted": 34.748190335614716, "residual": 0.089475169611787919, "abs_error": 0.089475169611787919, "split": "train" }, "geometry": { "type": "Polygon", "coordinates": [ [ [ 106.726254345792313, -6.203400745511916 ], [ 106.726283792360718, -6.212442864235484 ], [ 106.735319120584307, -6.212413296655031 ], [ 106.735289520080599, -6.203371221284158 ], [ 106.726254345792313, -6.203400745511916 ] ] ] } },
{ "type": "Feature", "properties": { "grid_id": "93135000692", "lst_2024": 34.707042801556447, "kmeans_cluster": 3, "predicted": 34.654555634910814, "residual": 0.052487166645633465, "abs_error": 0.052487166645633465, "split": "train" }, "geometry": { "type": "Polygon", "coordinates": [ [ [ 106.735289520080599, -6.203371221284158 ], [ 106.735319120584307, -6.212413296655031 ], [ 106.744354404853325, -6.212383574896727 ], [ 106.744324650414313, -6.203341543121094 ], [ 106.735289520080599, -6.203371221284158 ] ] ] } },
{ "type": "Feature", "properties": { "grid_id": "93135000693", "lst_2024": 34.638738839285729, "kmeans_cluster": 3, "predicted": 34.645403409393417, "residual": -0.0066645701076879504, "abs_error": 0.0066645701076879504, "split": "train" }, "geometry": { "type": "Polygon", "coordinates": [ [ [ 106.744324650414313, -6.203341543121094 ], [ 106.744354404853325, -6.212383574896727 ], [ 106.753389644934217, -6.212353698987519 ], [ 106.753359736568882, -6.203311711022723 ], [ 106.744324650414313, -6.203341543121094 ] ] ] } },
{ "type": "Feature", "properties": { "grid_id": "93135000694", "lst_2024": 34.932723214285737, "kmeans_cluster": 3, "predicted": 34.927089378291946, "residual": 0.0056338359937910809, "abs_error": 0.0056338359937910809, "split": "train" }, "geometry": { "type": "Polygon", "coordinates": [ [ [ 106.753359736568882, -6.203311711022723 ], [ 106.753389644934217, -6.212353698987519 ], [ 106.762424840602407, -6.212323668918425 ], [ 106.762394778319731, -6.203281724989044 ], [ 106.753359736568882, -6.203311711022723 ] ] ] } },
{ "type": "Feature", "properties": { "grid_id": "93135000695", "lst_2024": 35.304812324930005, "kmeans_cluster": 3, "predicted": 35.328289774304224, "residual": -0.023477449374219361, "abs_error": 0.023477449374219361, "split": "train" }, "geometry": { "type": "Polygon", "coordinates": [ [ [ 106.762394778319731, -6.203281724989044 ], [ 106.762424840602407, -6.212323668918425 ], [ 106.771459991633307, -6.212293484689445 ], [ 106.771429775424309, -6.203251585029041 ], [ 106.762394778319731, -6.203281724989044 ] ] ] } },
{ "type": "Feature", "properties": { "grid_id": "93135000696", "lst_2024": 35.619187675070073, "kmeans_cluster": 3, "predicted": 35.648860454924758, "residual": -0.029672779854685416, "abs_error": 0.029672779854685416, "split": "train" }, "geometry": { "type": "Polygon", "coordinates": [ [ [ 106.771429775424309, -6.203251585029041 ], [ 106.771459991633307, -6.212293484689445 ], [ 106.780495097784367, -6.212263146318546 ], [ 106.780464727658028, -6.203221291151698 ], [ 106.771429775424309, -6.203251585029041 ] ] ] } },
{ "type": "Feature", "properties": { "grid_id": "93135000697", "lst_2024": 35.712857142857182, "kmeans_cluster": 3, "predicted": 35.74666934227573, "residual": -0.033812199418548516, "abs_error": 0.033812199418548516, "split": "train" }, "geometry": { "type": "Polygon", "coordinates": [ [ [ 106.780464727658028, -6.203221291151698 ], [ 106.780495097784367, -6.212263146318546 ], [ 106.789530158840009, -6.212232653805727 ], [ 106.78949963480531, -6.203190843348031 ], [ 106.780464727658028, -6.203221291151698 ] ] ] } },
{ "type": "Feature", "properties": { "grid_id": "93135000698", "lst_2024": 35.449383753501444, "kmeans_cluster": 2, "predicted": 35.504401104021269, "residual": -0.055017350519825925, "abs_error": 0.055017350519825925, "split": "train" }, "geometry": { "type": "Polygon", "coordinates": [ [ [ 106.78949963480531, -6.203190843348031 ], [ 106.789530158840009, -6.212232653805727 ], [ 106.798565174566662, -6.212202007142006 ], [ 106.798534496623603, -6.203160241627023 ], [ 106.78949963480531, -6.203190843348031 ] ] ] } },
{ "type": "Feature", "properties": { "grid_id": "93135000699", "lst_2024": 34.946896358543448, "kmeans_cluster": 3, "predicted": 35.007474817313813, "residual": -0.060578458770365273, "abs_error": 0.060578458770365273, "split": "train" }, "geometry": { "type": "Polygon", "coordinates": [ [ [ 106.798534496623603, -6.203160241627023 ], [ 106.798565174566662, -6.212202007142006 ], [ 106.80760014473077, -6.212171206345348 ], [ 106.807569312888333, -6.203129485997658 ], [ 106.798534496623603, -6.203160241627023 ] ] ] } },
{ "type": "Feature", "properties": { "grid_id": "93135000700", "lst_2024": 34.620691964285761, "kmeans_cluster": 3, "predicted": 34.744524310641744, "residual": -0.12383234635598228, "abs_error": 0.12383234635598228, "split": "train" }, "geometry": { "type": "Polygon", "coordinates": [ [ [ 106.807569312888333, -6.203129485997658 ], [ 106.80760014473077, -6.212171206345348 ], [ 106.816635069116714, -6.212140251415753 ], [ 106.816604083365931, -6.203098576459935 ], [ 106.807569312888333, -6.203129485997658 ] ] ] } },
{ "type": "Feature", "properties": { "grid_id": "93135000701", "lst_2024": 34.243214285714323, "kmeans_cluster": 3, "predicted": 34.431797578691658, "residual": -0.18858329297733434, "abs_error": 0.18858329297733434, "split": "test" }, "geometry": { "type": "Polygon", "coordinates": [ [ [ 106.816604083365931, -6.203098576459935 ], [ 106.816635069116714, -6.212140251415753 ], [ 106.825669947481984, -6.212109142353222 ], [ 106.825638807840789, -6.203067513022837 ], [ 106.816604083365931, -6.203098576459935 ] ] ] } },
{ "type": "Feature", "properties": { "grid_id": "93135000702", "lst_2024": 34.119512605042061, "kmeans_cluster": 3, "predicted": 34.110725840449149, "residual": 0.0087867645929122773, "abs_error": 0.0087867645929122773, "split": "train" }, "geometry": { "type": "Polygon", "coordinates": [ [ [ 106.825638807840789, -6.203067513022837 ], [ 106.825669947481984, -6.212109142353222 ], [ 106.834704779610945, -6.212077879166737 ], [ 106.834673486070386, -6.203036295677381 ], [ 106.825638807840789, -6.203067513022837 ] ] ] } },
{ "type": "Feature", "properties": { "grid_id": "93135000703", "lst_2024": 34.405070028011238, "kmeans_cluster": 3, "predicted": 34.463399478105408, "residual": -0.058329450094170454, "abs_error": 0.058329450094170454, "split": "train" }, "geometry": { "type": "Polygon", "coordinates": [ [ [ 106.834673486070386, -6.203036295677381 ], [ 106.834704779610945, -6.212077879166737 ], [ 106.84373956527007, -6.2120464618563 ], [ 106.843708117839128, -6.203004924441535 ], [ 106.834673486070386, -6.203036295677381 ] ] ] } },
{ "type": "Feature", "properties": { "grid_id": "93135000704", "lst_2024": 35.030468750000033, "kmeans_cluster": 3, "predicted": 35.07140006098939, "residual": -0.040931310989357428, "abs_error": 0.040931310989357428, "split": "train" }, "geometry": { "type": "Polygon", "coordinates": [ [ [ 106.843708117839128, -6.203004924441535 ], [ 106.84373956527007, -6.2120464618563 ], [ 106.85277430422579, -6.212014890421909 ], [ 106.852742702913432, -6.202973399315297 ], [ 106.843708117839128, -6.203004924441535 ] ] ] } },
{ "type": "Feature", "properties": { "grid_id": "93135000705", "lst_2024": 35.648147321428588, "kmeans_cluster": 3, "predicted": 35.658842816356639, "residual": -0.010695494928050664, "abs_error": 0.010695494928050664, "split": "train" }, "geometry": { "type": "Polygon", "coordinates": [ [ [ 106.852742702913432, -6.202973399315297 ], [ 106.85277430422579, -6.212014890421909 ], [ 106.861808996253501, -6.211983164881532 ], [ 106.861777241059741, -6.202941720289685 ], [ 106.852742702913432, -6.202973399315297 ] ] ] } },
{ "type": "Feature", "properties": { "grid_id": "93135000706", "lst_2024": 35.943445378151289, "kmeans_cluster": 3, "predicted": 35.914518317077487, "residual": 0.028927061073801497, "abs_error": 0.028927061073801497, "split": "train" }, "geometry": { "type": "Polygon", "coordinates": [ [ [ 106.861777241059741, -6.202941720289685 ], [ 106.861808996253501, -6.211983164881532 ], [ 106.870843641119677, -6.211951285226184 ], [ 106.870811732053483, -6.202909887391647 ], [ 106.861777241059741, -6.202941720289685 ] ] ] } },
{ "type": "Feature", "properties": { "grid_id": "93135000707", "lst_2024": 35.900274509803936, "kmeans_cluster": 3, "predicted": 35.857699956306149, "residual": 0.042574553497786383, "abs_error": 0.042574553497786383, "split": "test" }, "geometry": { "type": "Polygon", "coordinates": [ [ [ 106.870811732053483, -6.202909887391647 ], [ 106.870843641119677, -6.211951285226184 ], [ 106.879878238608697, -6.211919251464849 ], [ 106.8798461756611, -6.202877900603219 ], [ 106.870811732053483, -6.202909887391647 ] ] ] } },
{ "type": "Feature", "properties": { "grid_id": "93135000708", "lst_2024": 35.92732142857146, "kmeans_cluster": 3, "predicted": 35.921409169149662, "residual": 0.0059122594217981828, "abs_error": 0.0059122594217981828, "split": "train" }, "geometry": { "type": "Polygon", "coordinates": [ [ [ 106.8798461756611, -6.202877900603219 ], [ 106.879878238608697, -6.211919251464849 ], [ 106.888912788487005, -6.211887063597526 ], [ 106.888880571666988, -6.202845759942365 ], [ 106.8798461756611, -6.202877900603219 ] ] ] } },
{ "type": "Feature", "properties": { "grid_id": "93135000709", "lst_2024": 36.003024553571429, "kmeans_cluster": 3, "predicted": 36.010466987909297, "residual": -0.0074424343378680646, "abs_error": 0.0074424343378680646, "split": "train" }, "geometry": { "type": "Polygon", "coordinates": [ [ [ 106.888880571666988, -6.202845759942365 ], [ 106.888912788487005, -6.211887063597526 ], [ 106.897947290512064, -6.211854721633201 ], [ 106.897914919837575, -6.202813465409086 ], [ 106.888880571666988, -6.202845759942365 ] ] ] } },
{ "type": "Feature", "properties": { "grid_id": "93135000710", "lst_2024": 36.052857142857171, "kmeans_cluster": 2, "predicted": 36.036238406507657, "residual": 0.016618736349514052, "abs_error": 0.016618736349514052, "split": "train" }, "geometry": { "type": "Polygon", "coordinates": [ [ [ 106.897914919837575, -6.202813465409086 ], [ 106.897947290512064, -6.211854721633201 ], [ 106.90698174447725, -6.211822225571871 ], [ 106.90694921993034, -6.202781017003382 ], [ 106.897914919837575, -6.202813465409086 ] ] ] } },
{ "type": "Feature", "properties": { "grid_id": "93135000711", "lst_2024": 35.950481792717106, "kmeans_cluster": 2, "predicted": 35.991490707682757, "residual": -0.0410089149656514, "abs_error": 0.0410089149656514, "split": "train" }, "geometry": { "type": "Polygon", "coordinates": [ [ [ 106.90694921993034, -6.202781017003382 ], [ 106.90698174447725, -6.211822225571871 ], [ 106.916016150131043, -6.211789575422521 ], [ 106.915983471738656, -6.202748414734237 ], [ 106.90694921993034, -6.202781017003382 ] ] ] } },
{ "type": "Feature", "properties": { "grid_id": "93135000712", "lst_2024": 36.126808035714305, "kmeans_cluster": 4, "predicted": 36.118426414739915, "residual": 0.0083816209743901027, "abs_error": 0.0083816209743901027, "split": "train" }, "geometry": { "type": "Polygon", "coordinates": [ [ [ 106.915983471738656, -6.202748414734237 ], [ 106.916016150131043, -6.211789575422521 ], [ 106.925050507266832, -6.21175677118515 ], [ 106.925017675019987, -6.202715658601649 ], [ 106.915983471738656, -6.202748414734237 ] ] ] } },
{ "type": "Feature", "properties": { "grid_id": "93135000713", "lst_2024": 36.347602240896371, "kmeans_cluster": 1, "predicted": 36.238633438395496, "residual": 0.10896880250087548, "abs_error": 0.10896880250087548, "split": "train" }, "geometry": { "type": "Polygon", "coordinates": [ [ [ 106.925017675019987, -6.202715658601649 ], [ 106.925050507266832, -6.21175677118515 ], [ 106.934084815651048, -6.211723812868741 ], [ 106.934051829549745, -6.202682748614603 ], [ 106.925017675019987, -6.202715658601649 ] ] ] } },
{ "type": "Feature", "properties": { "grid_id": "93135000714", "lst_2024": 36.198694677871167, "kmeans_cluster": 1, "predicted": 36.144207333918985, "residual": 0.054487343952182243, "abs_error": 0.054487343952182243, "split": "train" }, "geometry": { "type": "Polygon", "coordinates": [ [ [ 106.934051829549745, -6.202682748614603 ], [ 106.934084815651048, -6.211723812868741 ], [ 106.943119075041139, -6.211690700473295 ], [ 106.943085935094359, -6.202649684773098 ], [ 106.934051829549745, -6.202682748614603 ] ] ] } },
{ "type": "Feature", "properties": { "grid_id": "93135000715", "lst_2024": 35.941875, "kmeans_cluster": 1, "predicted": 35.86561110869502, "residual": 0.076263891304989784, "abs_error": 0.076263891304989784, "split": "train" }, "geometry": { "type": "Polygon", "coordinates": [ [ [ 106.943085935094359, -6.202649684773098 ], [ 106.943119075041139, -6.211690700473295 ], [ 106.952153285221527, -6.211657433998812 ], [ 106.952119991438252, -6.202616467086117 ], [ 106.943085935094359, -6.202649684773098 ] ] ] } },
{ "type": "Feature", "properties": { "grid_id": "93135000716", "lst_2024": 35.675736607142909, "kmeans_cluster": 1, "predicted": 35.617467747641953, "residual": 0.058268859500955728, "abs_error": 0.058268859500955728, "split": "train" }, "geometry": { "type": "Polygon", "coordinates": [ [ [ 106.952119991438252, -6.202616467086117 ], [ 106.952153285221527, -6.211657433998812 ], [ 106.961187445958643, -6.211624013454274 ], [ 106.961153998338872, -6.202583095553662 ], [ 106.952119991438252, -6.202616467086117 ] ] ] } },
{ "type": "Feature", "properties": { "grid_id": "93135000717", "lst_2024": 35.750257703081267, "kmeans_cluster": 1, "predicted": 35.651047205814372, "residual": 0.099210497266895459, "abs_error": 0.099210497266895459, "split": "train" }, "geometry": { "type": "Polygon", "coordinates": [ [ [ 106.961153998338872, -6.202583095553662 ], [ 106.961187445958643, -6.211624013454274 ], [ 106.970221557027898, -6.211590438848665 ], [ 106.970187955580627, -6.202549570184713 ], [ 106.961153998338872, -6.202583095553662 ] ] ] } },
{ "type": "Feature", "properties": { "grid_id": "93145000691", "lst_2024": 34.603359375000039, "kmeans_cluster": 3, "predicted": 34.588207564869663, "residual": 0.015151810130376475, "abs_error": 0.015151810130376475, "split": "train" }, "geometry": { "type": "Polygon", "coordinates": [ [ [ 106.726224942944924, -6.194358623572378 ], [ 106.726254345792313, -6.203400745511916 ], [ 106.735289520080599, -6.203371221284158 ], [ 106.735259963531462, -6.1943291427063 ], [ 106.726224942944924, -6.194358623572378 ] ] ] } },
{ "type": "Feature", "properties": { "grid_id": "93145000692", "lst_2024": 34.747857142857178, "kmeans_cluster": 3, "predicted": 34.772329357313417, "residual": -0.024472214456238817, "abs_error": 0.024472214456238817, "split": "train" }, "geometry": { "type": "Polygon", "coordinates": [ [ [ 106.735259963531462, -6.1943291427063 ], [ 106.735289520080599, -6.203371221284158 ], [ 106.744324650414313, -6.203341543121094 ], [ 106.744294940163428, -6.194299508120509 ], [ 106.735259963531462, -6.1943291427063 ] ] ] } },
{ "type": "Feature", "properties": { "grid_id": "93145000693", "lst_2024": 34.869731092436986, "kmeans_cluster": 3, "predicted": 34.892216306399007, "residual": -0.022485213962021078, "abs_error": 0.022485213962021078, "split": "train" }, "geometry": { "type": "Polygon", "coordinates": [ [ [ 106.744294940163428, -6.194299508120509 ], [ 106.744324650414313, -6.203341543121094 ], [ 106.753359736568882, -6.203311711022723 ], [ 106.753329872616249, -6.194269719832975 ], [ 106.744294940163428, -6.194299508120509 ] ] ] } },
{ "type": "Feature", "properties": { "grid_id": "93145000694", "lst_2024": 34.950571428571443, "kmeans_cluster": 3, "predicted": 35.020908113737306, "residual": -0.070336685165862889, "abs_error": 0.070336685165862889, "split": "test" }, "geometry": { "type": "Polygon", "coordinates": [ [ [ 106.753329872616249, -6.194269719832975 ], [ 106.753359736568882, -6.203311711022723 ], [ 106.762394778319731, -6.203281724989044 ], [ 106.762364760665349, -6.194239777834711 ], [ 106.753329872616249, -6.194269719832975 ] ] ] } },
{ "type": "Feature", "properties": { "grid_id": "93145000695", "lst_2024": 35.19794642857147, "kmeans_cluster": 3, "predicted": 35.201451771439366, "residual": -0.0035053428678963883, "abs_error": 0.0035053428678963883, "split": "train" }, "geometry": { "type": "Polygon", "coordinates": [ [ [ 106.762364760665349, -6.194239777834711 ], [ 106.762394778319731, -6.203281724989044 ], [ 106.771429775424309, -6.203251585029041 ], [ 106.771399604086142, -6.194209682143686 ], [ 106.762364760665349, -6.194239777834711 ] ] ] } },
{ "type": "Feature", "properties": { "grid_id": "93145000696", "lst_2024": 35.550736607142909, "kmeans_cluster": 3, "predicted": 35.500615459159413, "residual": 0.050121147983496428, "abs_error": 0.050121147983496428, "split": "train" }, "geometry": { "type": "Polygon", "coordinates": [ [ [ 106.771399604086142, -6.194209682143686 ], [ 106.771429775424309, -6.203251585029041 ], [ 106.780464727658028, -6.203221291151698 ], [ 106.780434402636089, -6.194179432750916 ], [ 106.771399604086142, -6.194209682143686 ] ] ] } },
{ "type": "Feature", "properties": { "grid_id": "93145000697", "lst_2024": 35.734504201680693, "kmeans_cluster": 3, "predicted": 35.693336717946707, "residual": 0.041167483733985932, "abs_error": 0.041167483733985932, "split": "train" }, "geometry": { "type": "Polygon", "coordinates": [ [ [ 106.780434402636089, -6.194179432750916 ], [ 106.780464727658028, -6.203221291151698 ], [ 106.78949963480531, -6.203190843348031 ], [ 106.789469156090618, -6.194149029665383 ], [ 106.780434402636089, -6.194179432750916 ] ] ] } },
{ "type": "Feature", "properties": { "grid_id": "93145000698", "lst_2024": 35.709092436974828, "kmeans_cluster": 3, "predicted": 35.810283025969511, "residual": -0.10119058899468314, "abs_error": 0.10119058899468314, "split": "train" }, "geometry": { "type": "Polygon", "coordinates": [ [ [ 106.789469156090618, -6.194149029665383 ], [ 106.78949963480531, -6.203190843348031 ], [ 106.798534496623603, -6.203160241627023 ], [ 106.798503864225125, -6.194118472887089 ], [ 106.789469156090618, -6.194149029665383 ] ] ] } },
{ "type": "Feature", "properties": { "grid_id": "93145000699", "lst_2024": 35.454341517857152, "kmeans_cluster": 3, "predicted": 35.546302592122771, "residual": -0.091961074265618947, "abs_error": 0.091961074265618947, "split": "train" }, "geometry": { "type": "Polygon", "coordinates": [ [ [ 106.798503864225125, -6.194118472887089 ], [ 106.798534496623603, -6.203160241627023 ], [ 106.807569312888333, -6.203129485997658 ], [ 106.807538526815065, -6.194087762425016 ], [ 106.798503864225125, -6.194118472887089 ] ] ] } },
{ "type": "Feature", "properties": { "grid_id": "93145000700", "lst_2024": 35.214605042016842, "kmeans_cluster": 3, "predicted": 35.325372099862328, "residual": -0.11076705784548579, "abs_error": 0.11076705784548579, "split": "train" }, "geometry": { "type": "Polygon", "coordinates": [ [ [ 106.807538526815065, -6.194087762425016 ], [ 106.807569312888333, -6.203129485997658 ], [ 106.816604083365931, -6.203098576459935 ], [ 106.81657314362684, -6.194056898279165 ], [ 106.807538526815065, -6.194087762425016 ] ] ] } },
{ "type": "Feature", "properties": { "grid_id": "93145000701", "lst_2024": 34.723299719887997, "kmeans_cluster": 3, "predicted": 34.835061424520134, "residual": -0.11176170463213708, "abs_error": 0.11176170463213708, "split": "train" }, "geometry": { "type": "Polygon", "coordinates": [ [ [ 106.81657314362684, -6.194056898279165 ], [ 106.816604083365931, -6.203098576459935 ], [ 106.825638807840789, -6.203067513022837 ], [ 106.825607714435904, -6.194025880458517 ], [ 106.81657314362684, -6.194056898279165 ] ] ] } },
{ "type": "Feature", "properties": { "grid_id": "93145000702", "lst_2024": 34.342176339285757, "kmeans_cluster": 3, "predicted": 34.378429627940562, "residual": -0.03625328865480526, "abs_error": 0.03625328865480526, "split": "test" }, "geometry": { "type": "Polygon", "coordinates": [ [ [ 106.825607714435904, -6.194025880458517 ], [ 106.825638807840789, -6.203067513022837 ], [ 106.834673486070386, -6.203036295677381 ], [ 106.834642238999692, -6.193994708963073 ], [ 106.825607714435904, -6.194025880458517 ] ] ] } },
{ "type": "Feature", "properties": { "grid_id": "93145000703", "lst_2024": 34.537857142857163, "kmeans_cluster": 3, "predicted": 34.560667588579797, "residual": -0.022810445722633688, "abs_error": 0.022810445722633688, "split": "train" }, "geometry": { "type": "Polygon", "coordinates": [ [ [ 106.834642238999692, -6.193994708963073 ], [ 106.834673486070386, -6.203036295677381 ], [ 106.843708117839128, -6.203004924441535 ], [ 106.843676717111592, -6.193963383792835 ], [ 106.834642238999692, -6.193994708963073 ] ] ] } },
{ "type": "Feature", "properties": { "grid_id": "93145000704", "lst_2024": 35.054873949579871, "kmeans_cluster": 3, "predicted": 35.036840815234697, "residual": 0.018033134345174062, "abs_error": 0.018033134345174062, "split": "train" }, "geometry": { "type": "Polygon", "coordinates": [ [ [ 106.843676717111592, -6.193963383792835 ], [ 106.843708117839128, -6.203004924441535 ], [ 106.852742702913432, -6.202973399315297 ], [ 106.852711148520086, -6.193931904965766 ], [ 106.843676717111592, -6.193963383792835 ] ] ] } },
{ "type": "Feature", "properties": { "grid_id": "93145000705", "lst_2024": 35.80740056022411, "kmeans_cluster": 3, "predicted": 35.738985710541996, "residual": 0.068414849682113754, "abs_error": 0.068414849682113754, "split": "train" }, "geometry": { "type": "Polygon", "coordinates": [ [ [ 106.852711148520086, -6.193931904965766 ], [ 106.852742702913432, -6.202973399315297 ], [ 106.861777241059741, -6.202941720289685 ], [ 106.861745533018549, -6.193900272463902 ], [ 106.852711148520086, -6.193931904965766 ] ] ] } },
{ "type": "Feature", "properties": { "grid_id": "93145000706", "lst_2024": 36.095803571428611, "kmeans_cluster": 3, "predicted": 35.983531755464377, "residual": 0.11227181596423463, "abs_error": 0.11227181596423463, "split": "train" }, "geometry": { "type": "Polygon", "coordinates": [ [ [ 106.861745533018549, -6.193900272463902 ], [ 106.861777241059741, -6.202941720289685 ], [ 106.870811732053483, -6.202909887391647 ], [ 106.870779870364444, -6.193868486314193 ], [ 106.861745533018549, -6.193900272463902 ] ] ] } },
{ "type": "Feature", "properties": { "grid_id": "93145000707", "lst_2024": 35.733995535714314, "kmeans_cluster": 3, "predicted": 35.724204104191763, "residual": 0.0097914315225509085, "abs_error": 0.0097914315225509085, "split": "train" }, "geometry": { "type": "Polygon", "coordinates": [ [ [ 106.870779870364444, -6.193868486314193 ], [ 106.870811732053483, -6.202909887391647 ], [ 106.8798461756611, -6.202877900603219 ], [ 106.879814160333197, -6.19383654649867 ], [ 106.870779870364444, -6.193868486314193 ] ] ] } },
{ "type": "Feature", "properties": { "grid_id": "93145000708", "lst_2024": 35.445495798319357, "kmeans_cluster": 3, "predicted": 35.454718719429827, "residual": -0.0092229211104708497, "abs_error": 0.0092229211104708497, "split": "train" }, "geometry": { "type": "Polygon", "coordinates": [ [ [ 106.879814160333197, -6.19383654649867 ], [ 106.8798461756611, -6.202877900603219 ], [ 106.888880571666988, -6.202845759942365 ], [ 106.888848402691238, -6.193804453044285 ], [ 106.879814160333197, -6.19383654649867 ] ] ] } },
{ "type": "Feature", "properties": { "grid_id": "93145000709", "lst_2024": 35.832890756302547, "kmeans_cluster": 3, "predicted": 35.806417189243781, "residual": 0.026473567058765468, "abs_error": 0.026473567058765468, "split": "test" }, "geometry": { "type": "Polygon", "coordinates": [ [ [ 106.888848402691238, -6.193804453044285 ], [ 106.888880571666988, -6.202845759942365 ], [ 106.897914919837575, -6.202813465409086 ], [ 106.897882597222974, -6.19377220593307 ], [ 106.888848402691238, -6.193804453044285 ] ] ] } },
{ "type": "Feature", "properties": { "grid_id": "93145000710", "lst_2024": 35.974787946428592, "kmeans_cluster": 3, "predicted": 35.974734541001062, "residual": 5.340542752918509e-05, "abs_error": 5.340542752918509e-05, "split": "train" }, "geometry": { "type": "Polygon", "coordinates": [ [ [ 106.897882597222974, -6.19377220593307 ], [ 106.897914919837575, -6.202813465409086 ], [ 106.90694921993034, -6.202781017003382 ], [ 106.906916743685855, -6.193739805182991 ], [ 106.897882597222974, -6.19377220593307 ] ] ] } },
{ "type": "Feature", "properties": { "grid_id": "93145000711", "lst_2024": 35.832857142857172, "kmeans_cluster": 3, "predicted": 35.916884163058313, "residual": -0.084027020201141056, "abs_error": 0.084027020201141056, "split": "train" }, "geometry": { "type": "Polygon", "coordinates": [ [ [ 106.906916743685855, -6.193739805182991 ], [ 106.90694921993034, -6.202781017003382 ], [ 106.915983471738656, -6.202748414734237 ], [ 106.915950841864287, -6.19370725079405 ], [ 106.906916743685855, -6.193739805182991 ] ] ] } },
{ "type": "Feature", "properties": { "grid_id": "93145000712", "lst_2024": 36.157686274509828, "kmeans_cluster": 4, "predicted": 36.133309853848608, "residual": 0.024376420661219811, "abs_error": 0.024376420661219811, "split": "train" }, "geometry": { "type": "Polygon", "coordinates": [ [ [ 106.915950841864287, -6.19370725079405 ], [ 106.915983471738656, -6.202748414734237 ], [ 106.925017675019987, -6.202715658601649 ], [ 106.924984891524716, -6.193674542766247 ], [ 106.915950841864287, -6.19370725079405 ] ] ] } },
{ "type": "Feature", "properties": { "grid_id": "93145000713", "lst_2024": 36.292644257703103, "kmeans_cluster": 3, "predicted": 36.208373889879397, "residual": 0.084270367823705783, "abs_error": 0.084270367823705783, "split": "train" }, "geometry": { "type": "Polygon", "coordinates": [ [ [ 106.924984891524716, -6.193674542766247 ], [ 106.925017675019987, -6.202715658601649 ], [ 106.934051829549745, -6.202682748614603 ], [ 106.934018892433571, -6.193641681108563 ], [ 106.924984891524716, -6.193674542766247 ] ] ] } },
{ "type": "Feature", "properties": { "grid_id": "93145000714", "lst_2024": 35.895669642857165, "kmeans_cluster": 1, "predicted": 35.881762420879717, "residual": 0.013907221977447648, "abs_error": 0.013907221977447648, "split": "train" }, "geometry": { "type": "Polygon", "coordinates": [ [ [ 106.934018892433571, -6.193641681108563 ], [ 106.934051829549745, -6.202682748614603 ], [ 106.943085935094359, -6.202649684773098 ], [ 106.943052844357297, -6.193608665829982 ], [ 106.934018892433571, -6.193641681108563 ] ] ] } },
{ "type": "Feature", "properties": { "grid_id": "93145000715", "lst_2024": 35.88062184873953, "kmeans_cluster": 1, "predicted": 35.780887283834005, "residual": 0.099734564905524792, "abs_error": 0.099734564905524792, "split": "train" }, "geometry": { "type": "Polygon", "coordinates": [ [ [ 106.943052844357297, -6.193608665829982 ], [ 106.943085935094359, -6.202649684773098 ], [ 106.952119991438252, -6.202616467086117 ], [ 106.952086747089282, -6.193575496921521 ], [ 106.943052844357297, -6.193608665829982 ] ] ] } },
{ "type": "Feature", "properties": { "grid_id": "93145000716", "lst_2024": 35.552072829131689, "kmeans_cluster": 1, "predicted": 35.537510010833309, "residual": 0.014562818298379909, "abs_error": 0.014562818298379909, "split": "train" }, "geometry": { "type": "Polygon", "coordinates": [ [ [ 106.952086747089282, -6.193575496921521 ], [ 106.952119991438252, -6.202616467086117 ], [ 106.961153998338872, -6.202583095553662 ], [ 106.961120600386963, -6.193542174401147 ], [ 106.952086747089282, -6.193575496921521 ] ] ] } },
{ "type": "Feature", "properties": { "grid_id": "93145000717", "lst_2024": 35.346964285714321, "kmeans_cluster": 1, "predicted": 35.334085152888697, "residual": 0.01287913282562414, "abs_error": 0.01287913282562414, "split": "train" }, "geometry": { "type": "Polygon", "coordinates": [ [ [ 106.961120600386963, -6.193542174401147 ], [ 106.961153998338872, -6.202583095553662 ], [ 106.970187955580627, -6.202549570184713 ], [ 106.97015440401681, -6.193508698259876 ], [ 106.961120600386963, -6.193542174401147 ] ] ] } },
{ "type": "Feature", "properties": { "grid_id": "93155000690", "lst_2024": 34.3271875, "kmeans_cluster": 3, "predicted": 34.366265868822786, "residual": -0.039078368822785592, "abs_error": 0.039078368822785592, "split": "train" }, "geometry": { "type": "Polygon", "coordinates": [ [ [ 106.717160672997139, -6.185345782444105 ], [ 106.717189878637384, -6.194387950727728 ], [ 106.726224942944924, -6.194358623572378 ], [ 106.726195583818523, -6.185316498416872 ], [ 106.717160672997139, -6.185345782444105 ] ] ] } },
{ "type": "Feature", "properties": { "grid_id": "93155000691", "lst_2024": 34.497943977591078, "kmeans_cluster": 3, "predicted": 34.523611854286266, "residual": -0.025667876695187886, "abs_error": 0.025667876695187886, "split": "train" }, "geometry": { "type": "Polygon", "coordinates": [ [ [ 106.726195583818523, -6.185316498416872 ], [ 106.726224942944924, -6.194358623572378 ], [ 106.735259963531462, -6.1943291427063 ], [ 106.735230450927901, -6.185287060903489 ], [ 106.726195583818523, -6.185316498416872 ] ] ] } },
{ "type": "Feature", "properties": { "grid_id": "93155000692", "lst_2024": 34.729652661064449, "kmeans_cluster": 3, "predicted": 34.799103393842934, "residual": -0.069450732778484792, "abs_error": 0.069450732778484792, "split": "train" }, "geometry": { "type": "Polygon", "coordinates": [ [ [ 106.735230450927901, -6.185287060903489 ], [ 106.735259963531462, -6.1943291427063 ], [ 106.744294940163428, -6.194299508120509 ], [ 106.744265274082707, -6.185257469903957 ], [ 106.735230450927901, -6.185287060903489 ] ] ] } },
{ "type": "Feature", "properties": { "grid_id": "93155000693", "lst_2024": 34.892232142857175, "kmeans_cluster": 3, "predicted": 34.965126215090692, "residual": -0.072894072233516738, "abs_error": 0.072894072233516738, "split": "test" }, "geometry": { "type": "Polygon", "coordinates": [ [ [ 106.744265274082707, -6.185257469903957 ], [ 106.744294940163428, -6.194299508120509 ], [ 106.753329872616249, -6.194269719832975 ], [ 106.753300053067349, -6.185227725427258 ], [ 106.744265274082707, -6.185257469903957 ] ] ] } },
{ "type": "Feature", "properties": { "grid_id": "93155000694", "lst_2024": 34.921696428571458, "kmeans_cluster": 3, "predicted": 34.924645367948671, "residual": -0.0029489393772124117, "abs_error": 0.0029489393772124117, "split": "train" }, "geometry": { "type": "Polygon", "coordinates": [ [ [ 106.753300053067349, -6.185227725427258 ], [ 106.753329872616249, -6.194269719832975 ], [ 106.762364760665349, -6.194239777834711 ], [ 106.762334787657238, -6.185197827464409 ], [ 106.753300053067349, -6.185227725427258 ] ] ] } },
{ "type": "Feature", "properties": { "grid_id": "93155000695", "lst_2024": 35.086324929972037, "kmeans_cluster": 3, "predicted": 34.954587987563031, "residual": 0.13173694240900602, "abs_error": 0.13173694240900602, "split": "test" }, "geometry": { "type": "Polygon", "coordinates": [ [ [ 106.762334787657238, -6.185197827464409 ], [ 106.762364760665349, -6.194239777834711 ], [ 106.771399604086142, -6.194209682143686 ], [ 106.771369477609852, -6.185167776033379 ], [ 106.762334787657238, -6.185197827464409 ] ] ] } },
{ "type": "Feature", "properties": { "grid_id": "93155000696", "lst_2024": 35.361865546218532, "kmeans_cluster": 3, "predicted": 35.241159857997012, "residual": 0.12070568822151984, "abs_error": 0.12070568822151984, "split": "train" }, "geometry": { "type": "Polygon", "coordinates": [ [ [ 106.771369477609852, -6.185167776033379 ], [ 106.771399604086142, -6.194209682143686 ], [ 106.780434402636089, -6.194179432750916 ], [ 106.780404122700602, -6.185137571125181 ], [ 106.771369477609852, -6.185167776033379 ] ] ] } },
{ "type": "Feature", "properties": { "grid_id": "93155000697", "lst_2024": 35.545658482142883, "kmeans_cluster": 3, "predicted": 35.520553792548313, "residual": 0.025104689594570573, "abs_error": 0.025104689594570573, "split": "train" }, "geometry": { "type": "Polygon", "coordinates": [ [ [ 106.780404122700602, -6.185137571125181 ], [ 106.780434402636089, -6.194179432750916 ], [ 106.789469156090618, -6.194149029665383 ], [ 106.789438722704915, -6.185107212757784 ], [ 106.780404122700602, -6.185137571125181 ] ] ] } },
{ "type": "Feature", "properties": { "grid_id": "93155000698", "lst_2024": 35.628928571428588, "kmeans_cluster": 3, "predicted": 35.63130316366545, "residual": -0.0023745922368618722, "abs_error": 0.0023745922368618722, "split": "train" }, "geometry": { "type": "Polygon", "coordinates": [ [ [ 106.789438722704915, -6.185107212757784 ], [ 106.789469156090618, -6.194149029665383 ], [ 106.798503864225125, -6.194118472887089 ], [ 106.798473277389206, -6.185076700922203 ], [ 106.789438722704915, -6.185107212757784 ] ] ] } },
{ "type": "Feature", "properties": { "grid_id": "93155000699", "lst_2024": 35.780868347338945, "kmeans_cluster": 3, "predicted": 35.749521014599296, "residual": 0.031347332739649403, "abs_error": 0.031347332739649403, "split": "train" }, "geometry": { "type": "Polygon", "coordinates": [ [ [ 106.798473277389206, -6.185076700922203 ], [ 106.798503864225125, -6.194118472887089 ], [ 106.807538526815065, -6.194087762425016 ], [ 106.807507786528916, -6.185046035627423 ], [ 106.798473277389206, -6.185076700922203 ] ] ] } },
{ "type": "Feature", "properties": { "grid_id": "93155000700", "lst_2024": 35.604733893557444, "kmeans_cluster": 3, "predicted": 35.582517272442928, "residual": 0.022216621114516499, "abs_error": 0.022216621114516499, "split": "train" }, "geometry": { "type": "Polygon", "coordinates": [ [ [ 106.807507786528916, -6.185046035627423 ], [ 106.807538526815065, -6.194087762425016 ], [ 106.81657314362684, -6.194056898279165 ], [ 106.81654224989947, -6.185015216873442 ], [ 106.807507786528916, -6.185046035627423 ] ] ] } },
{ "type": "Feature", "properties": { "grid_id": "93155000701", "lst_2024": 35.033348214285738, "kmeans_cluster": 3, "predicted": 35.047523845297775, "residual": -0.014175631012037115, "abs_error": 0.014175631012037115, "split": "test" }, "geometry": { "type": "Polygon", "coordinates": [ [ [ 106.81654224989947, -6.185015216873442 ], [ 106.81657314362684, -6.194056898279165 ], [ 106.825607714435904, -6.194025880458517 ], [ 106.825576667258304, -6.184984244669245 ], [ 106.81654224989947, -6.185015216873442 ] ] ] } },
{ "type": "Feature", "properties": { "grid_id": "93155000702", "lst_2024": 34.654598214285755, "kmeans_cluster": 3, "predicted": 34.661862234402314, "residual": -0.0072640201165583562, "abs_error": 0.0072640201165583562, "split": "train" }, "geometry": { "type": "Polygon", "coordinates": [ [ [ 106.825576667258304, -6.184984244669245 ], [ 106.825607714435904, -6.194025880458517 ], [ 106.834642238999692, -6.193994708963073 ], [ 106.834611038389838, -6.18495311901483 ], [ 106.825576667258304, -6.184984244669245 ] ] ] } },
{ "type": "Feature", "properties": { "grid_id": "93155000703", "lst_2024": 34.812407199100143, "kmeans_cluster": 3, "predicted": 34.771912538305656, "residual": 0.040494660794486492, "abs_error": 0.040494660794486492, "split": "train" }, "geometry": { "type": "Polygon", "coordinates": [ [ [ 106.834611038389838, -6.18495311901483 ], [ 106.834642238999692, -6.193994708963073 ], [ 106.843676717111592, -6.193963383792835 ], [ 106.843645363069498, -6.184921839919182 ], [ 106.834611038389838, -6.18495311901483 ] ] ] } },
{ "type": "Feature", "properties": { "grid_id": "93155000704", "lst_2024": 35.353392857142879, "kmeans_cluster": 3, "predicted": 35.356525649215158, "residual": -0.0031327920722787894, "abs_error": 0.0031327920722787894, "split": "test" }, "geometry": { "type": "Polygon", "coordinates": [ [ [ 106.843645363069498, -6.184921839919182 ], [ 106.843676717111592, -6.193963383792835 ], [ 106.852711148520086, -6.193931904965766 ], [ 106.852679641054721, -6.184890407382301 ], [ 106.843645363069498, -6.184921839919182 ] ] ] } },
{ "type": "Feature", "properties": { "grid_id": "93155000705", "lst_2024": 35.882801339285734, "kmeans_cluster": 3, "predicted": 35.836852508415944, "residual": 0.045948830869789958, "abs_error": 0.045948830869789958, "split": "train" }, "geometry": { "type": "Polygon", "coordinates": [ [ [ 106.852679641054721, -6.184890407382301 ], [ 106.852711148520086, -6.193931904965766 ], [ 106.861745533018549, -6.193900272463902 ], [ 106.86171387212093, -6.184858821404186 ], [ 106.852679641054721, -6.184890407382301 ] ] ] } },
{ "type": "Feature", "properties": { "grid_id": "93155000706", "lst_2024": 35.992218487394993, "kmeans_cluster": 3, "predicted": 35.921460810771215, "residual": 0.070757676623777854, "abs_error": 0.070757676623777854, "split": "train" }, "geometry": { "type": "Polygon", "coordinates": [ [ [ 106.86171387212093, -6.184858821404186 ], [ 106.861745533018549, -6.193900272463902 ], [ 106.870779870364444, -6.193868486314193 ], [ 106.870748056052548, -6.18482708199382 ], [ 106.86171387212093, -6.184858821404186 ] ] ] } },
{ "type": "Feature", "properties": { "grid_id": "93155000707", "lst_2024": 35.574336134453816, "kmeans_cluster": 3, "predicted": 35.537873922036177, "residual": 0.03646221241763925, "abs_error": 0.03646221241763925, "split": "train" }, "geometry": { "type": "Polygon", "coordinates": [ [ [ 106.870748056052548, -6.18482708199382 ], [ 106.870779870364444, -6.193868486314193 ], [ 106.879814160333197, -6.19383654649867 ], [ 106.879782192598029, -6.184795189160186 ], [ 106.870748056052548, -6.18482708199382 ] ] ] } },
{ "type": "Feature", "properties": { "grid_id": "93155000708", "lst_2024": 35.388381696428617, "kmeans_cluster": 3, "predicted": 35.414688503062628, "residual": -0.026306806634011082, "abs_error": 0.026306806634011082, "split": "train" }, "geometry": { "type": "Polygon", "coordinates": [ [ [ 106.879782192598029, -6.184795189160186 ], [ 106.879814160333197, -6.19383654649867 ], [ 106.888848402691238, -6.193804453044285 ], [ 106.888816281550774, -6.184763142903286 ], [ 106.879782192598029, -6.184795189160186 ] ] ] } },
{ "type": "Feature", "properties": { "grid_id": "93155000709", "lst_2024": 35.616964285714324, "kmeans_cluster": 3, "predicted": 35.577824924429699, "residual": 0.039139361284625807, "abs_error": 0.039139361284625807, "split": "train" }, "geometry": { "type": "Polygon", "coordinates": [ [ [ 106.888816281550774, -6.184763142903286 ], [ 106.888848402691238, -6.193804453044285 ], [ 106.897882597222974, -6.19377220593307 ], [ 106.897850322668219, -6.184730943214135 ], [ 106.888816281550774, -6.184763142903286 ] ] ] } },
{ "type": "Feature", "properties": { "grid_id": "93155000710", "lst_2024": 35.760521008403373, "kmeans_cluster": 3, "predicted": 35.538218284313338, "residual": 0.22230272409003504, "abs_error": 0.22230272409003504, "split": "test" }, "geometry": { "type": "Polygon", "coordinates": [ [ [ 106.897850322668219, -6.184730943214135 ], [ 106.897882597222974, -6.19377220593307 ], [ 106.906916743685855, -6.193739805182991 ], [ 106.906884315734786, -6.184698590119683 ], [ 106.897850322668219, -6.184730943214135 ] ] ] } },
{ "type": "Feature", "properties": { "grid_id": "93155000711", "lst_2024": 36.021338935574249, "kmeans_cluster": 3, "predicted": 35.980132243666191, "residual": 0.041206691908058701, "abs_error": 0.041206691908058701, "split": "train" }, "geometry": { "type": "Polygon", "coordinates": [ [ [ 106.906884315734786, -6.184698590119683 ], [ 106.906916743685855, -6.193739805182991 ], [ 106.915950841864287, -6.19370725079405 ], [ 106.915918260507922, -6.184666083601964 ], [ 106.906884315734786, -6.184698590119683 ] ] ] } },
{ "type": "Feature", "properties": { "grid_id": "93155000712", "lst_2024": 36.354665178571466, "kmeans_cluster": 4, "predicted": 36.105097567238104, "residual": 0.24956761133336158, "abs_error": 0.24956761133336158, "split": "test" }, "geometry": { "type": "Polygon", "coordinates": [ [ [ 106.915918260507922, -6.184666083601964 ], [ 106.915950841864287, -6.19370725079405 ], [ 106.924984891524716, -6.193674542766247 ], [ 106.924952156772036, -6.184633423678942 ], [ 106.915918260507922, -6.184666083601964 ] ] ] } },
{ "type": "Feature", "properties": { "grid_id": "93155000713", "lst_2024": 36.077287946428591, "kmeans_cluster": 1, "predicted": 36.040305950309772, "residual": 0.036981996118818472, "abs_error": 0.036981996118818472, "split": "train" }, "geometry": { "type": "Polygon", "coordinates": [ [ [ 106.924952156772036, -6.184633423678942 ], [ 106.924984891524716, -6.193674542766247 ], [ 106.934018892433571, -6.193641681108563 ], [ 106.933986004284577, -6.184600610359604 ], [ 106.924952156772036, -6.184633423678942 ] ] ] } },
{ "type": "Feature", "properties": { "grid_id": "93155000714", "lst_2024": 35.84894263217101, "kmeans_cluster": 1, "predicted": 35.806471528819216, "residual": 0.042471103351793715, "abs_error": 0.042471103351793715, "split": "train" }, "geometry": { "type": "Polygon", "coordinates": [ [ [ 106.933986004284577, -6.184600610359604 ], [ 106.934018892433571, -6.193641681108563 ], [ 106.943052844357297, -6.193608665829982 ], [ 106.943019802829951, -6.184567643625981 ], [ 106.933986004284577, -6.184600610359604 ] ] ] } },
{ "type": "Feature", "properties": { "grid_id": "93155000715", "lst_2024": 35.875223214285754, "kmeans_cluster": 1, "predicted": 35.673345306849093, "residual": 0.20187790743666056, "abs_error": 0.20187790743666056, "split": "test" }, "geometry": { "type": "Polygon", "coordinates": [ [ [ 106.943019802829951, -6.184567643625981 ], [ 106.943052844357297, -6.193608665829982 ], [ 106.952086747089282, -6.193575496921521 ], [ 106.95205355217459, -6.184534523505024 ], [ 106.943019802829951, -6.184567643625981 ] ] ] } },
{ "type": "Feature", "properties": { "grid_id": "93155000716", "lst_2024": 35.301785714285735, "kmeans_cluster": 1, "predicted": 35.351219127260698, "residual": -0.049433412974963176, "abs_error": 0.049433412974963176, "split": "train" }, "geometry": { "type": "Polygon", "coordinates": [ [ [ 106.95205355217459, -6.184534523505024 ], [ 106.952086747089282, -6.193575496921521 ], [ 106.961120600386963, -6.193542174401147 ], [ 106.961087252093932, -6.184501249987749 ], [ 106.95205355217459, -6.184534523505024 ] ] ] } },
{ "type": "Feature", "properties": { "grid_id": "93155000717", "lst_2024": 34.931535014005632, "kmeans_cluster": 1, "predicted": 35.078964614411269, "residual": -0.14742960040563702, "abs_error": 0.14742960040563702, "split": "train" }, "geometry": { "type": "Polygon", "coordinates": [ [ [ 106.961087252093932, -6.184501249987749 ], [ 106.961120600386963, -6.193542174401147 ], [ 106.97015440401681, -6.193508698259876 ], [ 106.970120902345414, -6.184467823083138 ], [ 106.961087252093932, -6.184501249987749 ] ] ] } },
{ "type": "Feature", "properties": { "grid_id": "93165000689", "lst_2024": 34.646294642857193, "kmeans_cluster": 3, "predicted": 34.662201201649708, "residual": -0.015906558792515568, "abs_error": 0.015906558792515568, "split": "train" }, "geometry": { "type": "Polygon", "coordinates": [ [ [ 106.708096709779113, -6.176332698573076 ], [ 106.708125718679312, -6.185374912967223 ], [ 106.717160672997139, -6.185345782444105 ], [ 106.717131510835358, -6.176303610944514 ], [ 106.708096709779113, -6.176332698573076 ] ] ] } },
{ "type": "Feature", "properties": { "grid_id": "93165000690", "lst_2024": 34.607837535014042, "kmeans_cluster": 3, "predicted": 34.673458056777278, "residual": -0.065620521763236184, "abs_error": 0.065620521763236184, "split": "train" }, "geometry": { "type": "Polygon", "coordinates": [ [ [ 106.717131510835358, -6.176303610944514 ], [ 106.717160672997139, -6.185345782444105 ], [ 106.726195583818523, -6.185316498416872 ], [ 106.726166268413138, -6.17627437005438 ], [ 106.717131510835358, -6.176303610944514 ] ] ] } },
{ "type": "Feature", "properties": { "grid_id": "93165000691", "lst_2024": 34.589047619047662, "kmeans_cluster": 3, "predicted": 34.631688969748851, "residual": -0.042641350701188685, "abs_error": 0.042641350701188685, "split": "train" }, "geometry": { "type": "Polygon", "coordinates": [ [ [ 106.726166268413138, -6.17627437005438 ], [ 106.726195583818523, -6.185316498416872 ], [ 106.735230450927901, -6.185287060903489 ], [ 106.73520098226993, -6.176244975893693 ], [ 106.726166268413138, -6.17627437005438 ] ] ] } },
{ "type": "Feature", "properties": { "grid_id": "93165000692", "lst_2024": 34.727935267857163, "kmeans_cluster": 3, "predicted": 34.823682900044268, "residual": -0.09574763218710558, "abs_error": 0.09574763218710558, "split": "test" }, "geometry": { "type": "Polygon", "coordinates": [ [ [ 106.73520098226993, -6.176244975893693 ], [ 106.735230450927901, -6.185287060903489 ], [ 106.744265274082707, -6.185257469903957 ], [ 106.744235652181132, -6.176215428480418 ], [ 106.73520098226993, -6.176244975893693 ] ] ] } },
{ "type": "Feature", "properties": { "grid_id": "93165000693", "lst_2024": 34.869107142857175, "kmeans_cluster": 4, "predicted": 34.818669973364173, "residual": 0.050437169493001477, "abs_error": 0.050437169493001477, "split": "test" }, "geometry": { "type": "Polygon", "coordinates": [ [ [ 106.744235652181132, -6.176215428480418 ], [ 106.744265274082707, -6.185257469903957 ], [ 106.753300053067349, -6.185227725427258 ], [ 106.753270277931151, -6.176185727805573 ], [ 106.744235652181132, -6.176215428480418 ] ] ] } },
{ "type": "Feature", "properties": { "grid_id": "93165000694", "lst_2024": 34.997030371203621, "kmeans_cluster": 3, "predicted": 35.007096510669044, "residual": -0.010066139465422452, "abs_error": 0.010066139465422452, "split": "train" }, "geometry": { "type": "Polygon", "coordinates": [ [ [ 106.753270277931151, -6.176185727805573 ], [ 106.753300053067349, -6.185227725427258 ], [ 106.762334787657238, -6.185197827464409 ], [ 106.762304859268454, -6.176155873887123 ], [ 106.753270277931151, -6.176185727805573 ] ] ] } },
{ "type": "Feature", "properties": { "grid_id": "93165000695", "lst_2024": 35.175055803571475, "kmeans_cluster": 3, "predicted": 35.13261725282424, "residual": 0.042438550747235126, "abs_error": 0.042438550747235126, "split": "train" }, "geometry": { "type": "Polygon", "coordinates": [ [ [ 106.762304859268454, -6.176155873887123 ], [ 106.762334787657238, -6.185197827464409 ], [ 106.771369477609852, -6.185167776033379 ], [ 106.771339395986445, -6.176125866707102 ], [ 106.762304859268454, -6.176155873887123 ] ] ] } },
{ "type": "Feature", "properties": { "grid_id": "93165000696", "lst_2024": 35.44049107142861, "kmeans_cluster": 3, "predicted": 35.469137297482391, "residual": -0.02864622605378031, "abs_error": 0.02864622605378031, "split": "train" }, "geometry": { "type": "Polygon", "coordinates": [ [ [ 106.771339395986445, -6.176125866707102 ], [ 106.771369477609852, -6.185167776033379 ], [ 106.780404122700602, -6.185137571125181 ], [ 106.780373887851553, -6.176095706292461 ], [ 106.771339395986445, -6.176125866707102 ] ] ] } },
{ "type": "Feature", "properties": { "grid_id": "93165000697", "lst_2024": 35.387478991596666, "kmeans_cluster": 3, "predicted": 35.45194174968475, "residual": -0.06446275808808366, "abs_error": 0.06446275808808366, "split": "train" }, "geometry": { "type": "Polygon", "coordinates": [ [ [ 106.780373887851553, -6.176095706292461 ], [ 106.780404122700602, -6.185137571125181 ], [ 106.789438722704915, -6.185107212757784 ], [ 106.789408334630224, -6.176065392634215 ], [ 106.780373887851553, -6.176095706292461 ] ] ] } },
{ "type": "Feature", "properties": { "grid_id": "93165000698", "lst_2024": 35.364274509803941, "kmeans_cluster": 3, "predicted": 35.414069775755465, "residual": -0.049795265951523504, "abs_error": 0.049795265951523504, "split": "train" }, "geometry": { "type": "Polygon", "coordinates": [ [ [ 106.789408334630224, -6.176065392634215 ], [ 106.789438722704915, -6.185107212757784 ], [ 106.798473277389206, -6.185076700922203 ], [ 106.798442736088887, -6.176034925732365 ], [ 106.789408334630224, -6.176065392634215 ] ] ] } },
{ "type": "Feature", "properties": { "grid_id": "93165000699", "lst_2024": 35.828214285714303, "kmeans_cluster": 3, "predicted": 35.743799717309983, "residual": 0.084414568404319823, "abs_error": 0.084414568404319823, "split": "test" }, "geometry": { "type": "Polygon", "coordinates": [ [ [ 106.798442736088887, -6.176034925732365 ], [ 106.798473277389206, -6.185076700922203 ], [ 106.807507786528916, -6.185046035627423 ], [ 106.807477092011936, -6.176004305604877 ], [ 106.798442736088887, -6.176034925732365 ] ] ] } },
{ "type": "Feature", "properties": { "grid_id": "93165000700", "lst_2024": 35.635736607142881, "kmeans_cluster": 3, "predicted": 35.546438249610517, "residual": 0.089298357532364037, "abs_error": 0.089298357532364037, "split": "train" }, "geometry": { "type": "Polygon", "coordinates": [ [ [ 106.807477092011936, -6.176004305604877 ], [ 106.807507786528916, -6.185046035627423 ], [ 106.81654224989947, -6.185015216873442 ], [ 106.81651140216583, -6.175973532242768 ], [ 106.807477092011936, -6.176004305604877 ] ] ] } },
{ "type": "Feature", "properties": { "grid_id": "93165000701", "lst_2024": 34.868487394958002, "kmeans_cluster": 3, "predicted": 34.74645769817996, "residual": 0.12202969677804276, "abs_error": 0.12202969677804276, "split": "test" }, "geometry": { "type": "Polygon", "coordinates": [ [ [ 106.81651140216583, -6.175973532242768 ], [ 106.81654224989947, -6.185015216873442 ], [ 106.825576667258304, -6.184984244669245 ], [ 106.825545666316998, -6.17594260565502 ], [ 106.81651140216583, -6.175973532242768 ] ] ] } },
{ "type": "Feature", "properties": { "grid_id": "93165000702", "lst_2024": 34.475333333333353, "kmeans_cluster": 3, "predicted": 34.458947716688009, "residual": 0.016385616645344214, "abs_error": 0.016385616645344214, "split": "test" }, "geometry": { "type": "Polygon", "coordinates": [ [ [ 106.825545666316998, -6.17594260565502 ], [ 106.825576667258304, -6.184984244669245 ], [ 106.834611038389838, -6.18495311901483 ], [ 106.834579884240867, -6.175911525841635 ], [ 106.825545666316998, -6.17594260565502 ] ] ] } },
{ "type": "Feature", "properties": { "grid_id": "93165000703", "lst_2024": 34.773247767857178, "kmeans_cluster": 3, "predicted": 34.727618507541543, "residual": 0.045629260315635634, "abs_error": 0.045629260315635634, "split": "train" }, "geometry": { "type": "Polygon", "coordinates": [ [ [ 106.834579884240867, -6.175911525841635 ], [ 106.834611038389838, -6.18495311901483 ], [ 106.843645363069498, -6.184921839919182 ], [ 106.843614055712848, -6.175880292811596 ], [ 106.834579884240867, -6.175911525841635 ] ] ] } },
{ "type": "Feature", "properties": { "grid_id": "93165000704", "lst_2024": 35.513303571428594, "kmeans_cluster": 3, "predicted": 35.480749330646788, "residual": 0.032554240781806243, "abs_error": 0.032554240781806243, "split": "train" }, "geometry": { "type": "Polygon", "coordinates": [ [ [ 106.843614055712848, -6.175880292811596 ], [ 106.843645363069498, -6.184921839919182 ], [ 106.852679641054721, -6.184890407382301 ], [ 106.852648180499386, -6.175848906564901 ], [ 106.843614055712848, -6.175880292811596 ] ] ] } },
{ "type": "Feature", "properties": { "grid_id": "93165000705", "lst_2024": 36.039010123734563, "kmeans_cluster": 3, "predicted": 35.877444344206133, "residual": 0.16156577952843065, "abs_error": 0.16156577952843065, "split": "test" }, "geometry": { "type": "Polygon", "coordinates": [ [ [ 106.852648180499386, -6.175848906564901 ], [ 106.852679641054721, -6.184890407382301 ], [ 106.86171387212093, -6.184858821404186 ], [ 106.861682258375893, -6.175817367110533 ], [ 106.852648180499386, -6.175848906564901 ] ] ] } },
{ "type": "Feature", "properties": { "grid_id": "93165000706", "lst_2024": 36.020133928571461, "kmeans_cluster": 3, "predicted": 35.966738436507036, "residual": 0.053395492064424843, "abs_error": 0.053395492064424843, "split": "train" }, "geometry": { "type": "Polygon", "coordinates": [ [ [ 106.861682258375893, -6.175817367110533 ], [ 106.86171387212093, -6.184858821404186 ], [ 106.870748056052548, -6.18482708199382 ], [ 106.870716289108827, -6.175785674448496 ], [ 106.861682258375893, -6.175817367110533 ] ] ] } },
{ "type": "Feature", "properties": { "grid_id": "93165000707", "lst_2024": 35.650758928571463, "kmeans_cluster": 3, "predicted": 35.602039854157006, "residual": 0.048719074414456998, "abs_error": 0.048719074414456998, "split": "train" }, "geometry": { "type": "Polygon", "coordinates": [ [ [ 106.870716289108827, -6.175785674448496 ], [ 106.870748056052548, -6.18482708199382 ], [ 106.879782192598029, -6.184795189160186 ], [ 106.879750272473586, -6.175753828587768 ], [ 106.870716289108827, -6.175785674448496 ] ] ] } },
{ "type": "Feature", "properties": { "grid_id": "93165000708", "lst_2024": 35.443983193277333, "kmeans_cluster": 3, "predicted": 35.459741128891672, "residual": -0.015757935614338692, "abs_error": 0.015757935614338692, "split": "train" }, "geometry": { "type": "Polygon", "coordinates": [ [ [ 106.879750272473586, -6.175753828587768 ], [ 106.879782192598029, -6.184795189160186 ], [ 106.888816281550774, -6.184763142903286 ], [ 106.888784208236615, -6.175721829528353 ], [ 106.879750272473586, -6.175753828587768 ] ] ] } },
{ "type": "Feature", "properties": { "grid_id": "93165000709", "lst_2024": 35.284745098039245, "kmeans_cluster": 3, "predicted": 35.219302669204794, "residual": 0.065442428834451505, "abs_error": 0.065442428834451505, "split": "test" }, "geometry": { "type": "Polygon", "coordinates": [ [ [ 106.888784208236615, -6.175721829528353 ], [ 106.888816281550774, -6.184763142903286 ], [ 106.897850322668219, -6.184730943214135 ], [ 106.89781809618232, -6.175689677261265 ], [ 106.888784208236615, -6.175721829528353 ] ] ] } },
{ "type": "Feature", "properties": { "grid_id": "93165000710", "lst_2024": 35.520089285714292, "kmeans_cluster": 3, "predicted": 35.477380603104265, "residual": 0.042708682610026472, "abs_error": 0.042708682610026472, "split": "train" }, "geometry": { "type": "Polygon", "coordinates": [ [ [ 106.89781809618232, -6.175689677261265 ], [ 106.897850322668219, -6.184730943214135 ], [ 106.906884315734786, -6.184698590119683 ], [ 106.906851936068165, -6.175657371813456 ], [ 106.89781809618232, -6.175689677261265 ] ] ] } },
{ "type": "Feature", "properties": { "grid_id": "93165000711", "lst_2024": 35.903694196428596, "kmeans_cluster": 4, "predicted": 35.833888300902544, "residual": 0.069805895526052097, "abs_error": 0.069805895526052097, "split": "train" }, "geometry": { "type": "Polygon", "coordinates": [ [ [ 106.906851936068165, -6.175657371813456 ], [ 106.906884315734786, -6.184698590119683 ], [ 106.915918260507922, -6.184666083601964 ], [ 106.915885727669561, -6.175624913175941 ], [ 106.906851936068165, -6.175657371813456 ] ] ] } },
{ "type": "Feature", "properties": { "grid_id": "93165000712", "lst_2024": 36.110313725490229, "kmeans_cluster": 1, "predicted": 36.045544462355089, "residual": 0.06476926313514042, "abs_error": 0.06476926313514042, "split": "train" }, "geometry": { "type": "Polygon", "coordinates": [ [ [ 106.915885727669561, -6.175624913175941 ], [ 106.915918260507922, -6.184666083601964 ], [ 106.924952156772036, -6.184633423678942 ], [ 106.924919470761935, -6.175592301357704 ], [ 106.915885727669561, -6.175624913175941 ] ] ] } },
{ "type": "Feature", "properties": { "grid_id": "93165000713", "lst_2024": 35.799759103641463, "kmeans_cluster": 1, "predicted": 35.808864051829424, "residual": -0.0091049481879608152, "abs_error": 0.0091049481879608152, "split": "train" }, "geometry": { "type": "Polygon", "coordinates": [ [ [ 106.924919470761935, -6.175592301357704 ], [ 106.924952156772036, -6.184633423678942 ], [ 106.933986004284577, -6.184600610359604 ], [ 106.933953165111717, -6.175559536358745 ], [ 106.924919470761935, -6.175592301357704 ] ] ] } },
{ "type": "Feature", "properties": { "grid_id": "93165000714", "lst_2024": 35.860636160714321, "kmeans_cluster": 1, "predicted": 35.862802522838088, "residual": -0.0021663621237664188, "abs_error": 0.0021663621237664188, "split": "train" }, "geometry": { "type": "Polygon", "coordinates": [ [ [ 106.933953165111717, -6.175559536358745 ], [ 106.933986004284577, -6.184600610359604 ], [ 106.943019802829951, -6.184567643625981 ], [ 106.942986810503314, -6.175526618188046 ], [ 106.933953165111717, -6.175559536358745 ] ] ] } },
{ "type": "Feature", "properties": { "grid_id": "93165000715", "lst_2024": 35.7953125, "kmeans_cluster": 1, "predicted": 35.650949913428256, "residual": 0.14436258657178058, "abs_error": 0.14436258657178058, "split": "test" }, "geometry": { "type": "Polygon", "coordinates": [ [ [ 106.942986810503314, -6.175526618188046 ], [ 106.943019802829951, -6.184567643625981 ], [ 106.95205355217459, -6.184534523505024 ], [ 106.952020406685207, -6.175493546845608 ], [ 106.942986810503314, -6.175526618188046 ] ] ] } },
{ "type": "Feature", "properties": { "grid_id": "93165000716", "lst_2024": 35.154139482564702, "kmeans_cluster": 1, "predicted": 35.430233122149588, "residual": -0.27609363958488586, "abs_error": 0.27609363958488586, "split": "test" }, "geometry": { "type": "Polygon", "coordinates": [ [ [ 106.952020406685207, -6.175493546845608 ], [ 106.95205355217459, -6.184534523505024 ], [ 106.961087252093932, -6.184501249987749 ], [ 106.961053953450772, -6.175460322331432 ], [ 106.952020406685207, -6.175493546845608 ] ] ] } },
{ "type": "Feature", "properties": { "grid_id": "93165000717", "lst_2024": 34.605122767857175, "kmeans_cluster": 1, "predicted": 34.740418831872098, "residual": -0.13529606401492345, "abs_error": 0.13529606401492345, "split": "train" }, "geometry": { "type": "Polygon", "coordinates": [ [ [ 106.961053953450772, -6.175460322331432 ], [ 106.961087252093932, -6.184501249987749 ], [ 106.970120902345414, -6.184467823083138 ], [ 106.970087450566453, -6.175426944654499 ], [ 106.961053953450772, -6.175460322331432 ] ] ] } },
{ "type": "Feature", "properties": { "grid_id": "93175000687", "lst_2024": 35.200178571428609, "kmeans_cluster": 4, "predicted": 35.167550845013224, "residual": 0.032627726415384473, "abs_error": 0.032627726415384473, "split": "train" }, "geometry": { "type": "Polygon", "coordinates": [ [ [ 106.68999831854822, -6.167348111284069 ], [ 106.690026978129552, -6.176390414009558 ], [ 106.699061865468977, -6.176361632931085 ], [ 106.699033052859647, -6.167319372650995 ], [ 106.68999831854822, -6.167348111284069 ] ] ] } },
{ "type": "Feature", "properties": { "grid_id": "93175000688", "lst_2024": 35.053865546218518, "kmeans_cluster": 4, "predicted": 35.016480557249956, "residual": 0.037384988968561572, "abs_error": 0.037384988968561572, "split": "train" }, "geometry": { "type": "Polygon", "coordinates": [ [ [ 106.699033052859647, -6.167319372650995 ], [ 106.699061865468977, -6.176361632931085 ], [ 106.708096709779113, -6.176332698573076 ], [ 106.708067744141758, -6.167290480971944 ], [ 106.699033052859647, -6.167319372650995 ] ] ] } },
{ "type": "Feature", "properties": { "grid_id": "93175000689", "lst_2024": 34.929081232493033, "kmeans_cluster": 4, "predicted": 34.946181142177274, "residual": -0.017099909684240799, "abs_error": 0.017099909684240799, "split": "train" }, "geometry": { "type": "Polygon", "coordinates": [ [ [ 106.708067744141758, -6.167290480971944 ], [ 106.708096709779113, -6.176332698573076 ], [ 106.717131510835358, -6.176303610944514 ], [ 106.717102392170005, -6.167261436246919 ], [ 106.708067744141758, -6.167290480971944 ] ] ] } },
{ "type": "Feature", "properties": { "grid_id": "93175000690", "lst_2024": 34.808616071428617, "kmeans_cluster": 4, "predicted": 34.893975114226784, "residual": -0.085359042798167195, "abs_error": 0.085359042798167195, "split": "train" }, "geometry": { "type": "Polygon", "coordinates": [ [ [ 106.717102392170005, -6.167261436246919 ], [ 106.717131510835358, -6.176303610944514 ], [ 106.726166268413138, -6.17627437005438 ], [ 106.726136996719774, -6.167232238484902 ], [ 106.717102392170005, -6.167261436246919 ] ] ] } },
{ "type": "Feature", "properties": { "grid_id": "93175000691", "lst_2024": 34.747477678571471, "kmeans_cluster": 3, "predicted": 34.850010587722046, "residual": -0.10253290915057534, "abs_error": 0.10253290915057534, "split": "train" }, "geometry": { "type": "Polygon", "coordinates": [ [ [ 106.726136996719774, -6.167232238484902 ], [ 106.726166268413138, -6.17627437005438 ], [ 106.73520098226993, -6.176244975893693 ], [ 106.735171557548554, -6.167202887685894 ], [ 106.726136996719774, -6.167232238484902 ] ] ] } },
{ "type": "Feature", "properties": { "grid_id": "93175000692", "lst_2024": 34.84691876750702, "kmeans_cluster": 3, "predicted": 34.895309140710715, "residual": -0.048390373203694992, "abs_error": 0.048390373203694992, "split": "train" }, "geometry": { "type": "Polygon", "coordinates": [ [ [ 106.735171557548554, -6.167202887685894 ], [ 106.73520098226993, -6.176244975893693 ], [ 106.744235652181132, -6.176215428480418 ], [ 106.744206074449707, -6.167173383849894 ], [ 106.735171557548554, -6.167202887685894 ] ] ] } },
{ "type": "Feature", "properties": { "grid_id": "93175000693", "lst_2024": 35.058795518207305, "kmeans_cluster": 3, "predicted": 35.022263450797979, "residual": 0.036532067409325464, "abs_error": 0.036532067409325464, "split": "train" }, "geometry": { "type": "Polygon", "coordinates": [ [ [ 106.744206074449707, -6.167173383849894 ], [ 106.744235652181132, -6.176215428480418 ], [ 106.753270277931151, -6.176185727805573 ], [ 106.75324054718071, -6.167143726985885 ], [ 106.744206074449707, -6.167173383849894 ] ] ] } },
{ "type": "Feature", "properties": { "grid_id": "93175000694", "lst_2024": 35.262276785714285, "kmeans_cluster": 3, "predicted": 35.19011638854596, "residual": 0.072160397168325119, "abs_error": 0.072160397168325119, "split": "train" }, "geometry": { "type": "Polygon", "coordinates": [ [ [ 106.75324054718071, -6.167143726985885 ], [ 106.753270277931151, -6.176185727805573 ], [ 106.762304859268454, -6.176155873887123 ], [ 106.762274975516959, -6.167113917093867 ], [ 106.75324054718071, -6.167143726985885 ] ] ] } },
{ "type": "Feature", "properties": { "grid_id": "93175000695", "lst_2024": 35.381104910714321, "kmeans_cluster": 3, "predicted": 35.336806470745167, "residual": 0.044298439969153947, "abs_error": 0.044298439969153947, "split": "train" }, "geometry": { "type": "Polygon", "coordinates": [ [ [ 106.762274975516959, -6.167113917093867 ], [ 106.762304859268454, -6.176155873887123 ], [ 106.771339395986445, -6.176125866707102 ], [ 106.771309359233896, -6.167083954173841 ], [ 106.762274975516959, -6.167113917093867 ] ] ] } },
{ "type": "Feature", "properties": { "grid_id": "93175000696", "lst_2024": 35.455915966386598, "kmeans_cluster": 3, "predicted": 35.417588247057061, "residual": 0.038327719329537047, "abs_error": 0.038327719329537047, "split": "train" }, "geometry": { "type": "Polygon", "coordinates": [ [ [ 106.771309359233896, -6.167083954173841 ], [ 106.771339395986445, -6.176125866707102 ], [ 106.780373887851553, -6.176095706292461 ], [ 106.780343698088956, -6.167053838243772 ], [ 106.771309359233896, -6.167083954173841 ] ] ] } },
{ "type": "Feature", "properties": { "grid_id": "93175000697", "lst_2024": 35.206481792717113, "kmeans_cluster": 3, "predicted": 35.344941876117588, "residual": -0.13846008340047433, "abs_error": 0.13846008340047433, "split": "test" }, "geometry": { "type": "Polygon", "coordinates": [ [ [ 106.780343698088956, -6.167053838243772 ], [ 106.780373887851553, -6.176095706292461 ], [ 106.789408334630224, -6.176065392634215 ], [ 106.789377991866559, -6.167023569294678 ], [ 106.780343698088956, -6.167053838243772 ] ] ] } },
{ "type": "Feature", "properties": { "grid_id": "93175000698", "lst_2024": 35.207220982142893, "kmeans_cluster": 3, "predicted": 35.318679026220451, "residual": -0.11145804407755833, "abs_error": 0.11145804407755833, "split": "test" }, "geometry": { "type": "Polygon", "coordinates": [ [ [ 106.789377991866559, -6.167023569294678 ], [ 106.789408334630224, -6.176065392634215 ], [ 106.798442736088887, -6.176034925732365 ], [ 106.79841224033315, -6.166993147326559 ], [ 106.789377991866559, -6.167023569294678 ] ] ] } },
{ "type": "Feature", "properties": { "grid_id": "93175000699", "lst_2024": 35.666414565826351, "kmeans_cluster": 3, "predicted": 35.635689671727242, "residual": 0.030724894099108724, "abs_error": 0.030724894099108724, "split": "train" }, "geometry": { "type": "Polygon", "coordinates": [ [ [ 106.79841224033315, -6.166993147326559 ], [ 106.798442736088887, -6.176034925732365 ], [ 106.807477092011936, -6.176004305604877 ], [ 106.807446443273108, -6.16696257235738 ], [ 106.79841224033315, -6.166993147326559 ] ] ] } },
{ "type": "Feature", "properties": { "grid_id": "93175000700", "lst_2024": 35.470280112044854, "kmeans_cluster": 3, "predicted": 35.492677052067286, "residual": -0.022396940022431977, "abs_error": 0.022396940022431977, "split": "test" }, "geometry": { "type": "Polygon", "coordinates": [ [ [ 106.807446443273108, -6.16696257235738 ], [ 106.807477092011936, -6.176004305604877 ], [ 106.81651140216583, -6.175973532242768 ], [ 106.816480600434929, -6.166931844387142 ], [ 106.807446443273108, -6.16696257235738 ] ] ] } },
{ "type": "Feature", "properties": { "grid_id": "93175000701", "lst_2024": 34.841439732142874, "kmeans_cluster": 4, "predicted": 34.823605054074513, "residual": 0.017834678068361143, "abs_error": 0.017834678068361143, "split": "train" }, "geometry": { "type": "Polygon", "coordinates": [ [ [ 106.816480600434929, -6.166931844387142 ], [ 106.81651140216583, -6.175973532242768 ], [ 106.825545666316998, -6.17594260565502 ], [ 106.825514711603006, -6.166900963415845 ], [ 106.816480600434929, -6.166931844387142 ] ] ] } },
{ "type": "Feature", "properties": { "grid_id": "93175000702", "lst_2024": 34.456964285714299, "kmeans_cluster": 4, "predicted": 34.454084535629882, "residual": 0.0028797500844177648, "abs_error": 0.0028797500844177648, "split": "train" }, "geometry": { "type": "Polygon", "coordinates": [ [ [ 106.825514711603006, -6.166900963415845 ], [ 106.825545666316998, -6.17594260565502 ], [ 106.834579884240867, -6.175911525841635 ], [ 106.834548776552765, -6.166869929443489 ], [ 106.825514711603006, -6.166900963415845 ] ] ] } },
{ "type": "Feature", "properties": { "grid_id": "93175000703", "lst_2024": 34.651927170868376, "kmeans_cluster": 3, "predicted": 34.592620007150067, "residual": 0.059307163718308686, "abs_error": 0.059307163718308686, "split": "train" }, "geometry": { "type": "Polygon", "coordinates": [ [ [ 106.834548776552765, -6.166869929443489 ], [ 106.834579884240867, -6.175911525841635 ], [ 106.843614055712848, -6.175880292811596 ], [ 106.843582795041641, -6.166838742479056 ], [ 106.834548776552765, -6.166869929443489 ] ] ] } },
{ "type": "Feature", "properties": { "grid_id": "93175000704", "lst_2024": 35.356039215686295, "kmeans_cluster": 3, "predicted": 35.347324018149941, "residual": 0.0087151975363539691, "abs_error": 0.0087151975363539691, "split": "train" }, "geometry": { "type": "Polygon", "coordinates": [ [ [ 106.843582795041641, -6.166838742479056 ], [ 106.843614055712848, -6.175880292811596 ], [ 106.852648180499386, -6.175848906564901 ], [ 106.852616766863051, -6.166807402531531 ], [ 106.843582795041641, -6.166838742479056 ] ] ] } },
{ "type": "Feature", "properties": { "grid_id": "93175000705", "lst_2024": 36.158794642857188, "kmeans_cluster": 3, "predicted": 36.070928887216603, "residual": 0.087865755640585519, "abs_error": 0.087865755640585519, "split": "train" }, "geometry": { "type": "Polygon", "coordinates": [ [ [ 106.852616766863051, -6.166807402531531 ], [ 106.852648180499386, -6.175848906564901 ], [ 106.861682258375893, -6.175817367110533 ], [ 106.861650691765462, -6.16677590959193 ], [ 106.852616766863051, -6.166807402531531 ] ] ] } },
{ "type": "Feature", "properties": { "grid_id": "93175000706", "lst_2024": 36.283258928571477, "kmeans_cluster": 3, "predicted": 36.199522035165913, "residual": 0.083736893405564672, "abs_error": 0.083736893405564672, "split": "train" }, "geometry": { "type": "Polygon", "coordinates": [ [ [ 106.861650691765462, -6.16677590959193 ], [ 106.861682258375893, -6.175817367110533 ], [ 106.870716289108827, -6.175785674448496 ], [ 106.870684569542234, -6.166744263678218 ], [ 106.861650691765462, -6.16677590959193 ] ] ] } },
{ "type": "Feature", "properties": { "grid_id": "93175000707", "lst_2024": 35.640596175478088, "kmeans_cluster": 3, "predicted": 35.494577175981064, "residual": 0.14601899949702357, "abs_error": 0.14601899949702357, "split": "train" }, "geometry": { "type": "Polygon", "coordinates": [ [ [ 106.870684569542234, -6.166744263678218 ], [ 106.870716289108827, -6.175785674448496 ], [ 106.879750272473586, -6.175753828587768 ], [ 106.879718399941879, -6.166712464781415 ], [ 106.870684569542234, -6.166744263678218 ] ] ] } },
{ "type": "Feature", "properties": { "grid_id": "93175000708", "lst_2024": 35.282767857142886, "kmeans_cluster": 3, "predicted": 35.145487757189024, "residual": 0.13728009995386259, "abs_error": 0.13728009995386259, "split": "train" }, "geometry": { "type": "Polygon", "coordinates": [ [ [ 106.879718399941879, -6.166712464781415 ], [ 106.879750272473586, -6.175753828587768 ], [ 106.888784208236615, -6.175721829528353 ], [ 106.888752182757742, -6.166680512919484 ], [ 106.879718399941879, -6.166712464781415 ] ] ] } },
{ "type": "Feature", "properties": { "grid_id": "93175000709", "lst_2024": 35.193772321428604, "kmeans_cluster": 1, "predicted": 34.8933135159496, "residual": 0.30045880547900339, "abs_error": 0.30045880547900339, "split": "test" }, "geometry": { "type": "Polygon", "coordinates": [ [ [ 106.888752182757742, -6.166680512919484 ], [ 106.888784208236615, -6.175721829528353 ], [ 106.89781809618232, -6.175689677261265 ], [ 106.897785917747314, -6.166648408083444 ], [ 106.888752182757742, -6.166680512919484 ] ] ] } },
{ "type": "Feature", "properties": { "grid_id": "93175000710", "lst_2024": 35.369327731092454, "kmeans_cluster": 4, "predicted": 35.369803224075078, "residual": -0.00047549298262339335, "abs_error": 0.00047549298262339335, "split": "train" }, "geometry": { "type": "Polygon", "coordinates": [ [ [ 106.897785917747314, -6.166648408083444 ], [ 106.89781809618232, -6.175689677261265 ], [ 106.906851936068165, -6.175657371813456 ], [ 106.906819604685992, -6.166616150282278 ], [ 106.897785917747314, -6.166648408083444 ] ] ] } },
{ "type": "Feature", "properties": { "grid_id": "93175000711", "lst_2024": 35.524969187675097, "kmeans_cluster": 1, "predicted": 35.541099624931206, "residual": -0.016130437256109076, "abs_error": 0.016130437256109076, "split": "train" }, "geometry": { "type": "Polygon", "coordinates": [ [ [ 106.906819604685992, -6.166616150282278 ], [ 106.906851936068165, -6.175657371813456 ], [ 106.915885727669561, -6.175624913175941 ], [ 106.915853243340237, -6.166583739515984 ], [ 106.906819604685992, -6.166616150282278 ] ] ] } },
{ "type": "Feature", "properties": { "grid_id": "93175000712", "lst_2024": 35.569006696428602, "kmeans_cluster": 1, "predicted": 35.622904274067736, "residual": -0.053897577639133942, "abs_error": 0.053897577639133942, "split": "train" }, "geometry": { "type": "Polygon", "coordinates": [ [ [ 106.915853243340237, -6.166583739515984 ], [ 106.915885727669561, -6.175624913175941 ], [ 106.924919470761935, -6.175592301357704 ], [ 106.924886833494426, -6.16655117580253 ], [ 106.915853243340237, -6.166583739515984 ] ] ] } },
{ "type": "Feature", "properties": { "grid_id": "93175000713", "lst_2024": 35.620178571428596, "kmeans_cluster": 1, "predicted": 35.698873661381533, "residual": -0.07869508995293728, "abs_error": 0.07869508995293728, "split": "train" }, "geometry": { "type": "Polygon", "coordinates": [ [ [ 106.924886833494426, -6.16655117580253 ], [ 106.924919470761935, -6.175592301357704 ], [ 106.933953165111717, -6.175559536358745 ], [ 106.933920374915019, -6.16651845912395 ], [ 106.924886833494426, -6.16655117580253 ] ] ] } },
{ "type": "Feature", "properties": { "grid_id": "93175000714", "lst_2024": 35.781910364145709, "kmeans_cluster": 1, "predicted": 35.807514966867139, "residual": -0.025604602721429615, "abs_error": 0.025604602721429615, "split": "train" }, "geometry": { "type": "Polygon", "coordinates": [ [ [ 106.933920374915019, -6.16651845912395 ], [ 106.933953165111717, -6.175559536358745 ], [ 106.942986810503314, -6.175526618188046 ], [ 106.942953867368445, -6.166485589507192 ], [ 106.933920374915019, -6.16651845912395 ] ] ] } },
{ "type": "Feature", "properties": { "grid_id": "93175000715", "lst_2024": 35.663602240896402, "kmeans_cluster": 1, "predicted": 35.632170675029592, "residual": 0.031431565866810729, "abs_error": 0.031431565866810729, "split": "train" }, "geometry": { "type": "Polygon", "coordinates": [ [ [ 106.942953867368445, -6.166485589507192 ], [ 106.942986810503314, -6.175526618188046 ], [ 106.952020406685207, -6.175493546845608 ], [ 106.951987310630116, -6.166452566934292 ], [ 106.942953867368445, -6.166485589507192 ] ] ] } },
{ "type": "Feature", "properties": { "grid_id": "93175000716", "lst_2024": 34.818482142857178, "kmeans_cluster": 1, "predicted": 35.227300960276665, "residual": -0.40881881741948689, "abs_error": 0.40881881741948689, "split": "test" }, "geometry": { "type": "Polygon", "coordinates": [ [ [ 106.951987310630116, -6.166452566934292 ], [ 106.952020406685207, -6.175493546845608 ], [ 106.961053953450772, -6.175460322331432 ], [ 106.961020704466492, -6.166419391432197 ], [ 106.951987310630116, -6.166452566934292 ] ] ] } },
{ "type": "Feature", "properties": { "grid_id": "93175000717", "lst_2024": 34.074896358543441, "kmeans_cluster": 1, "predicted": 34.205703022786672, "residual": -0.13080666424323084, "abs_error": 0.13080666424323084, "split": "train" }, "geometry": { "type": "Polygon", "coordinates": [ [ [ 106.961020704466492, -6.166419391432197 ], [ 106.961053953450772, -6.175460322331432 ], [ 106.970087450566453, -6.175426944654499 ], [ 106.970054048661964, -6.166386062982942 ], [ 106.961020704466492, -6.166419391432197 ] ] ] } },
{ "type": "Feature", "properties": { "grid_id": "93185000687", "lst_2024": 35.004789915966427, "kmeans_cluster": 4, "predicted": 35.019117982046282, "residual": -0.014328066079855262, "abs_error": 0.014328066079855262, "split": "train" }, "geometry": { "type": "Polygon", "coordinates": [ [ [ 106.689969701771616, -6.158305805360579 ], [ 106.68999831854822, -6.167348111284069 ], [ 106.699033052859647, -6.167319372650995 ], [ 106.699004283270625, -6.158277109181884 ], [ 106.689969701771616, -6.158305805360579 ] ] ] } },
{ "type": "Feature", "properties": { "grid_id": "93185000688", "lst_2024": 35.033204481792744, "kmeans_cluster": 4, "predicted": 35.040587145213664, "residual": -0.007382663420919755, "abs_error": 0.007382663420919755, "split": "train" }, "geometry": { "type": "Polygon", "coordinates": [ [ [ 106.699004283270625, -6.158277109181884 ], [ 106.699033052859647, -6.167319372650995 ], [ 106.708067744141758, -6.167290480971944 ], [ 106.708038821749312, -6.158248260181793 ], [ 106.699004283270625, -6.158277109181884 ] ] ] } },
{ "type": "Feature", "properties": { "grid_id": "93185000689", "lst_2024": 34.884285714285731, "kmeans_cluster": 4, "predicted": 34.929244151948843, "residual": -0.04495843766311225, "abs_error": 0.04495843766311225, "split": "train" }, "geometry": { "type": "Polygon", "coordinates": [ [ [ 106.708038821749312, -6.158248260181793 ], [ 106.708067744141758, -6.167290480971944 ], [ 106.717102392170005, -6.167261436246919 ], [ 106.717073316983104, -6.158219258351322 ], [ 106.708038821749312, -6.158248260181793 ] ] ] } },
{ "type": "Feature", "properties": { "grid_id": "93185000690", "lst_2024": 34.842656250000012, "kmeans_cluster": 4, "predicted": 34.843678236247648, "residual": -0.0010219862476361641, "abs_error": 0.0010219862476361641, "split": "train" }, "geometry": { "type": "Polygon", "coordinates": [ [ [ 106.717073316983104, -6.158219258351322 ], [ 106.717102392170005, -6.167261436246919 ], [ 106.726136996719774, -6.167232238484902 ], [ 106.726107768729449, -6.158190103717422 ], [ 106.717073316983104, -6.158219258351322 ] ] ] } },
{ "type": "Feature", "properties": { "grid_id": "93185000691", "lst_2024": 35.020899887514098, "kmeans_cluster": 3, "predicted": 35.055881194508714, "residual": -0.034981306994616546, "abs_error": 0.034981306994616546, "split": "train" }, "geometry": { "type": "Polygon", "coordinates": [ [ [ 106.726107768729449, -6.158190103717422 ], [ 106.726136996719774, -6.167232238484902 ], [ 106.735171557548554, -6.167202887685894 ], [ 106.735142176772769, -6.15816079627111 ], [ 106.726107768729449, -6.158190103717422 ] ] ] } },
{ "type": "Feature", "properties": { "grid_id": "93185000692", "lst_2024": 35.140647321428595, "kmeans_cluster": 3, "predicted": 35.232945308240794, "residual": -0.092297986812198474, "abs_error": 0.092297986812198474, "split": "train" }, "geometry": { "type": "Polygon", "coordinates": [ [ [ 106.735142176772769, -6.15816079627111 ], [ 106.735171557548554, -6.167202887685894 ], [ 106.744206074449707, -6.167173383849894 ], [ 106.744176540888461, -6.158131336012384 ], [ 106.735142176772769, -6.15816079627111 ] ] ] } },
{ "type": "Feature", "properties": { "grid_id": "93185000693", "lst_2024": 35.134006696428592, "kmeans_cluster": 3, "predicted": 35.151343742193866, "residual": -0.017337045765273729, "abs_error": 0.017337045765273729, "split": "test" }, "geometry": { "type": "Polygon", "coordinates": [ [ [ 106.744176540888461, -6.158131336012384 ], [ 106.744206074449707, -6.167173383849894 ], [ 106.75324054718071, -6.167143726985885 ], [ 106.753210860833988, -6.158101722950229 ], [ 106.744176540888461, -6.158131336012384 ] ] ] } },
{ "type": "Feature", "properties": { "grid_id": "93185000694", "lst_2024": 35.175154061624653, "kmeans_cluster": 3, "predicted": 35.132431010980149, "residual": 0.042723050644504212, "abs_error": 0.042723050644504212, "split": "train" }, "geometry": { "type": "Polygon", "coordinates": [ [ [ 106.753210860833988, -6.158101722950229 ], [ 106.75324054718071, -6.167143726985885 ], [ 106.762274975516959, -6.167113917093867 ], [ 106.762245136384777, -6.158071957093626 ], [ 106.753210860833988, -6.158101722950229 ] ] ] } },
{ "type": "Feature", "properties": { "grid_id": "93185000695", "lst_2024": 35.16850980392158, "kmeans_cluster": 3, "predicted": 35.152788420601098, "residual": 0.015721383320482119, "abs_error": 0.015721383320482119, "split": "train" }, "geometry": { "type": "Polygon", "coordinates": [ [ [ 106.762245136384777, -6.158071957093626 ], [ 106.762274975516959, -6.167113917093867 ], [ 106.771309359233896, -6.167083954173841 ], [ 106.771279367325235, -6.158042038433594 ], [ 106.762245136384777, -6.158071957093626 ] ] ] } },
{ "type": "Feature", "properties": { "grid_id": "93185000696", "lst_2024": 35.089419642857159, "kmeans_cluster": 3, "predicted": 35.090216533981703, "residual": -0.00079689112454417455, "abs_error": 0.00079689112454417455, "split": "train" }, "geometry": { "type": "Polygon", "coordinates": [ [ [ 106.771279367325235, -6.158042038433594 ], [ 106.771309359233896, -6.167083954173841 ], [ 106.780343698088956, -6.167053838243772 ], [ 106.780313553412796, -6.158011966979115 ], [ 106.771279367325235, -6.158042038433594 ] ] ] } },
{ "type": "Feature", "properties": { "grid_id": "93185000697", "lst_2024": 35.141540178571447, "kmeans_cluster": 3, "predicted": 35.232056375733542, "residual": -0.09051619716209558, "abs_error": 0.09051619716209558, "split": "test" }, "geometry": { "type": "Polygon", "coordinates": [ [ [ 106.780313553412796, -6.158011966979115 ], [ 106.780343698088956, -6.167053838243772 ], [ 106.789377991866559, -6.167023569294678 ], [ 106.789347694413919, -6.157981742739173 ], [ 106.780313553412796, -6.158011966979115 ] ] ] } },
{ "type": "Feature", "properties": { "grid_id": "93185000698", "lst_2024": 35.298885154061658, "kmeans_cluster": 3, "predicted": 35.361408277043147, "residual": -0.062523122981488655, "abs_error": 0.062523122981488655, "split": "train" }, "geometry": { "type": "Polygon", "coordinates": [ [ [ 106.789347694413919, -6.157981742739173 ], [ 106.789377991866559, -6.167023569294678 ], [ 106.79841224033315, -6.166993147326559 ], [ 106.798381790121994, -6.157951365713767 ], [ 106.789347694413919, -6.157981742739173 ] ] ] } },
{ "type": "Feature", "properties": { "grid_id": "93185000699", "lst_2024": 35.672420168067234, "kmeans_cluster": 3, "predicted": 35.707788412767592, "residual": -0.03536824470035782, "abs_error": 0.03536824470035782, "split": "test" }, "geometry": { "type": "Polygon", "coordinates": [ [ [ 106.798381790121994, -6.157951365713767 ], [ 106.79841224033315, -6.166993147326559 ], [ 106.807446443273108, -6.16696257235738 ], [ 106.807415840294468, -6.157920835911881 ], [ 106.798381790121994, -6.157951365713767 ] ] ] } },
{ "type": "Feature", "properties": { "grid_id": "93185000700", "lst_2024": 35.696428571428598, "kmeans_cluster": 3, "predicted": 35.809003625093716, "residual": -0.11257505366511822, "abs_error": 0.11257505366511822, "split": "test" }, "geometry": { "type": "Polygon", "coordinates": [ [ [ 106.807415840294468, -6.157920835911881 ], [ 106.807446443273108, -6.16696257235738 ], [ 106.816480600434929, -6.166931844387142 ], [ 106.816449844697772, -6.157890153324531 ], [ 106.807415840294468, -6.157920835911881 ] ] ] } },
{ "type": "Feature", "properties": { "grid_id": "93185000701", "lst_2024": 35.308756302521026, "kmeans_cluster": 4, "predicted": 35.349812821387722, "residual": -0.041056518866696479, "abs_error": 0.041056518866696479, "split": "train" }, "geometry": { "type": "Polygon", "coordinates": [ [ [ 106.816449844697772, -6.157890153324531 ], [ 106.816480600434929, -6.166931844387142 ], [ 106.825514711603006, -6.166900963415845 ], [ 106.825483803116313, -6.157859317960701 ], [ 106.816449844697772, -6.157890153324531 ] ] ] } },
{ "type": "Feature", "properties": { "grid_id": "93185000702", "lst_2024": 34.964711484593849, "kmeans_cluster": 1, "predicted": 35.017714610914346, "residual": -0.053003126320497529, "abs_error": 0.053003126320497529, "split": "train" }, "geometry": { "type": "Polygon", "coordinates": [ [ [ 106.825483803116313, -6.157859317960701 ], [ 106.825514711603006, -6.166900963415845 ], [ 106.834548776552765, -6.166869929443489 ], [ 106.834517715307555, -6.157828329829373 ], [ 106.825483803116313, -6.157859317960701 ] ] ] } },
{ "type": "Feature", "properties": { "grid_id": "93185000703", "lst_2024": 34.926093750000021, "kmeans_cluster": 1, "predicted": 34.980584386459498, "residual": -0.054490636459476605, "abs_error": 0.054490636459476605, "split": "train" }, "geometry": { "type": "Polygon", "coordinates": [ [ [ 106.834517715307555, -6.157828329829373 ], [ 106.834548776552765, -6.166869929443489 ], [ 106.843582795041641, -6.166838742479056 ], [ 106.843551581055891, -6.157797188939532 ], [ 106.834517715307555, -6.157828329829373 ] ] ] } },
{ "type": "Feature", "properties": { "grid_id": "93185000704", "lst_2024": 35.057578125000042, "kmeans_cluster": 1, "predicted": 35.106573327399886, "residual": -0.048995202399844118, "abs_error": 0.048995202399844118, "split": "train" }, "geometry": { "type": "Polygon", "coordinates": [ [ [ 106.843551581055891, -6.157797188939532 ], [ 106.843582795041641, -6.166838742479056 ], [ 106.852616766863051, -6.166807402531531 ], [ 106.852585400127765, -6.15776589527321 ], [ 106.843551581055891, -6.157797188939532 ] ] ] } },
{ "type": "Feature", "properties": { "grid_id": "93185000705", "lst_2024": 35.684857142857176, "kmeans_cluster": 1, "predicted": 35.629762797150079, "residual": 0.055094345707097148, "abs_error": 0.055094345707097148, "split": "train" }, "geometry": { "type": "Polygon", "coordinates": [ [ [ 106.852585400127765, -6.15776589527321 ], [ 106.852616766863051, -6.166807402531531 ], [ 106.861650691765462, -6.16677590959193 ], [ 106.861619172298603, -6.157734448857357 ], [ 106.852585400127765, -6.15776589527321 ] ] ] } },
{ "type": "Feature", "properties": { "grid_id": "93185000706", "lst_2024": 36.097305322128896, "kmeans_cluster": 1, "predicted": 35.981018095287318, "residual": 0.11628722684157822, "abs_error": 0.11628722684157822, "split": "train" }, "geometry": { "type": "Polygon", "coordinates": [ [ [ 106.861619172298603, -6.157734448857357 ], [ 106.861650691765462, -6.16677590959193 ], [ 106.870684569542234, -6.166744263678218 ], [ 106.870652897334836, -6.15770284968299 ], [ 106.861619172298603, -6.157734448857357 ] ] ] } },
{ "type": "Feature", "properties": { "grid_id": "93185000707", "lst_2024": 35.646662946428613, "kmeans_cluster": 1, "predicted": 35.47249830361995, "residual": 0.17416464280866251, "abs_error": 0.17416464280866251, "split": "train" }, "geometry": { "type": "Polygon", "coordinates": [ [ [ 106.870652897334836, -6.15770284968299 ], [ 106.870684569542234, -6.166744263678218 ], [ 106.879718399941879, -6.166712464781415 ], [ 106.879686575002907, -6.157671097759093 ], [ 106.870652897334836, -6.15770284968299 ] ] ] } },
{ "type": "Feature", "properties": { "grid_id": "93185000708", "lst_2024": 35.204330357142901, "kmeans_cluster": 4, "predicted": 35.138070010434646, "residual": 0.066260346708254758, "abs_error": 0.066260346708254758, "split": "train" }, "geometry": { "type": "Polygon", "coordinates": [ [ [ 106.879686575002907, -6.157671097759093 ], [ 106.879718399941879, -6.166712464781415 ], [ 106.888752182757742, -6.166680512919484 ], [ 106.888720205087211, -6.157639193085664 ], [ 106.879686575002907, -6.157671097759093 ] ] ] } },
{ "type": "Feature", "properties": { "grid_id": "93185000709", "lst_2024": 34.916029246344252, "kmeans_cluster": 4, "predicted": 34.870164925168162, "residual": 0.045864321176090073, "abs_error": 0.045864321176090073, "split": "train" }, "geometry": { "type": "Polygon", "coordinates": [ [ [ 106.888720205087211, -6.157639193085664 ], [ 106.888752182757742, -6.166680512919484 ], [ 106.897785917747314, -6.166648408083444 ], [ 106.897753787354205, -6.157607135671688 ], [ 106.888720205087211, -6.157639193085664 ] ] ] } },
{ "type": "Feature", "properties": { "grid_id": "93185000710", "lst_2024": 34.807957589285763, "kmeans_cluster": 4, "predicted": 34.891509079877942, "residual": -0.083551490592178368, "abs_error": 0.083551490592178368, "split": "train" }, "geometry": { "type": "Polygon", "coordinates": [ [ [ 106.897753787354205, -6.157607135671688 ], [ 106.897785917747314, -6.166648408083444 ], [ 106.906819604685992, -6.166616150282278 ], [ 106.906787321579287, -6.157574925517164 ], [ 106.897753787354205, -6.157607135671688 ] ] ] } },
{ "type": "Feature", "properties": { "grid_id": "93185000711", "lst_2024": 34.884821428571456, "kmeans_cluster": 4, "predicted": 34.970694880437591, "residual": -0.085873451866135042, "abs_error": 0.085873451866135042, "split": "train" }, "geometry": { "type": "Polygon", "coordinates": [ [ [ 106.906787321579287, -6.157574925517164 ], [ 106.906819604685992, -6.166616150282278 ], [ 106.915853243340237, -6.166583739515984 ], [ 106.915820807519921, -6.157542562631074 ], [ 106.906787321579287, -6.157574925517164 ] ] ] } },
{ "type": "Feature", "properties": { "grid_id": "93185000712", "lst_2024": 35.028577030812336, "kmeans_cluster": 1, "predicted": 35.360016271764515, "residual": -0.33143924095217869, "abs_error": 0.33143924095217869, "split": "test" }, "geometry": { "type": "Polygon", "coordinates": [ [ [ 106.915820807519921, -6.157542562631074 ], [ 106.915853243340237, -6.166583739515984 ], [ 106.924886833494426, -6.16655117580253 ], [ 106.924854244960514, -6.157510047004438 ], [ 106.915820807519921, -6.157542562631074 ] ] ] } },
{ "type": "Feature", "properties": { "grid_id": "93185000713", "lst_2024": 35.495546218487412, "kmeans_cluster": 1, "predicted": 35.541541782704009, "residual": -0.045995564216596563, "abs_error": 0.045995564216596563, "split": "train" }, "geometry": { "type": "Polygon", "coordinates": [ [ [ 106.924854244960514, -6.157510047004438 ], [ 106.924886833494426, -6.16655117580253 ], [ 106.933920374915019, -6.16651845912395 ], [ 106.933887633676491, -6.15747737865522 ], [ 106.924854244960514, -6.157510047004438 ] ] ] } },
{ "type": "Feature", "properties": { "grid_id": "93185000714", "lst_2024": 35.8871875, "kmeans_cluster": 1, "predicted": 35.815148653248016, "residual": 0.072038846752008112, "abs_error": 0.072038846752008112, "split": "train" }, "geometry": { "type": "Polygon", "coordinates": [ [ [ 106.933887633676491, -6.15747737865522 ], [ 106.933920374915019, -6.16651845912395 ], [ 106.942953867368445, -6.166485589507192 ], [ 106.942920973425302, -6.157444557583421 ], [ 106.933887633676491, -6.15747737865522 ] ] ] } },
{ "type": "Feature", "properties": { "grid_id": "93185000715", "lst_2024": 35.737198660714327, "kmeans_cluster": 1, "predicted": 35.652959914870344, "residual": 0.084238745843983054, "abs_error": 0.084238745843983054, "split": "train" }, "geometry": { "type": "Polygon", "coordinates": [ [ [ 106.942920973425302, -6.157444557583421 ], [ 106.942953867368445, -6.166485589507192 ], [ 106.951987310630116, -6.166452566934292 ], [ 106.951954263991354, -6.157411583798023 ], [ 106.942920973425302, -6.157444557583421 ] ] ] } },
{ "type": "Feature", "properties": { "grid_id": "93185000716", "lst_2024": 34.794532760472649, "kmeans_cluster": 1, "predicted": 34.928101987880773, "residual": -0.13356922740812394, "abs_error": 0.13356922740812394, "split": "train" }, "geometry": { "type": "Polygon", "coordinates": [ [ [ 106.951954263991354, -6.157411583798023 ], [ 106.951987310630116, -6.166452566934292 ], [ 106.961020704466492, -6.166419391432197 ], [ 106.960987505132096, -6.157378457290044 ], [ 106.951954263991354, -6.157411583798023 ] ] ] } },
{ "type": "Feature", "properties": { "grid_id": "93185000717", "lst_2024": 33.92620706819315, "kmeans_cluster": 1, "predicted": 33.992438667064256, "residual": -0.066231598871105746, "abs_error": 0.066231598871105746, "split": "train" }, "geometry": { "type": "Polygon", "coordinates": [ [ [ 106.960987505132096, -6.157378457290044 ], [ 106.961020704466492, -6.166419391432197 ], [ 106.970054048661964, -6.166386062982942 ], [ 106.970020696631934, -6.15734517807745 ], [ 106.960987505132096, -6.157378457290044 ] ] ] } },
{ "type": "Feature", "properties": { "grid_id": "93195000687", "lst_2024": 35.015022321428617, "kmeans_cluster": 4, "predicted": 35.005503082895601, "residual": 0.0095192385330165052, "abs_error": 0.0095192385330165052, "split": "train" }, "geometry": { "type": "Polygon", "coordinates": [ [ [ 106.689941127781765, -6.149263496257051 ], [ 106.689969701771616, -6.158305805360579 ], [ 106.699004283270625, -6.158277109181884 ], [ 106.698975556701924, -6.149234842523754 ], [ 106.689941127781765, -6.149263496257051 ] ] ] } },
{ "type": "Feature", "properties": { "grid_id": "93195000688", "lst_2024": 34.941227678571451, "kmeans_cluster": 4, "predicted": 35.011084327042084, "residual": -0.069856648470633331, "abs_error": 0.069856648470633331, "split": "train" }, "geometry": { "type": "Polygon", "coordinates": [ [ [ 106.698975556701924, -6.149234842523754 ], [ 106.699004283270625, -6.158277109181884 ], [ 106.708038821749312, -6.158248260181793 ], [ 106.708009942610744, -6.149206036193639 ], [ 106.698975556701924, -6.149234842523754 ] ] ] } },
{ "type": "Feature", "properties": { "grid_id": "93195000689", "lst_2024": 34.815333333333356, "kmeans_cluster": 4, "predicted": 34.797424516559474, "residual": 0.017908816773882563, "abs_error": 0.017908816773882563, "split": "train" }, "geometry": { "type": "Polygon", "coordinates": [ [ [ 106.708009942610744, -6.149206036193639 ], [ 106.708038821749312, -6.158248260181793 ], [ 106.717073316983104, -6.158219258351322 ], [ 106.717044285265686, -6.149177077266707 ], [ 106.708009942610744, -6.149206036193639 ] ] ] } },
{ "type": "Feature", "properties": { "grid_id": "93195000691", "lst_2024": 35.302165178571464, "kmeans_cluster": 3, "predicted": 35.374127163359042, "residual": -0.071961984787577649, "abs_error": 0.071961984787577649, "split": "test" }, "geometry": { "type": "Polygon", "coordinates": [ [ [ 106.726078584451145, -6.149147965751941 ], [ 106.726107768729449, -6.158190103717422 ], [ 106.735142176772769, -6.15816079627111 ], [ 106.735112839933578, -6.149118701658323 ], [ 106.726078584451145, -6.149147965751941 ] ] ] } },
{ "type": "Feature", "properties": { "grid_id": "93195000692", "lst_2024": 35.599218750000027, "kmeans_cluster": 3, "predicted": 35.674142026796645, "residual": -0.074923276796617699, "abs_error": 0.074923276796617699, "split": "train" }, "geometry": { "type": "Polygon", "coordinates": [ [ [ 106.735112839933578, -6.149118701658323 ], [ 106.735142176772769, -6.15816079627111 ], [ 106.744176540888461, -6.158131336012384 ], [ 106.744147051488383, -6.149089284976872 ], [ 106.735112839933578, -6.149118701658323 ] ] ] } },
{ "type": "Feature", "properties": { "grid_id": "93195000693", "lst_2024": 35.493070866141757, "kmeans_cluster": 3, "predicted": 35.553899002989866, "residual": -0.060828136848108727, "abs_error": 0.060828136848108727, "split": "train" }, "geometry": { "type": "Polygon", "coordinates": [ [ [ 106.744147051488383, -6.149089284976872 ], [ 106.744176540888461, -6.158131336012384 ], [ 106.753210860833988, -6.158101722950229 ], [ 106.753181218873024, -6.149059715725553 ], [ 106.744147051488383, -6.149089284976872 ] ] ] } },
{ "type": "Feature", "properties": { "grid_id": "93195000697", "lst_2024": 35.134571428571455, "kmeans_cluster": 3, "predicted": 35.187776571736741, "residual": -0.053205143165286017, "abs_error": 0.053205143165286017, "split": "train" }, "geometry": { "type": "Polygon", "coordinates": [ [ [ 106.780283453805126, -6.148970092525438 ], [ 106.780313553412796, -6.158011966979115 ], [ 106.789347694413919, -6.157981742739173 ], [ 106.789317442272306, -6.148939912985664 ], [ 106.780283453805126, -6.148970092525438 ] ] ] } },
{ "type": "Feature", "properties": { "grid_id": "93195000698", "lst_2024": 35.311450892857167, "kmeans_cluster": 3, "predicted": 35.408139518371826, "residual": -0.096688625514659066, "abs_error": 0.096688625514659066, "split": "test" }, "geometry": { "type": "Polygon", "coordinates": [ [ [ 106.789317442272306, -6.148939912985664 ], [ 106.789347694413919, -6.157981742739173 ], [ 106.798381790121994, -6.157951365713767 ], [ 106.798351385437456, -6.148909580893989 ], [ 106.789317442272306, -6.148939912985664 ] ] ] } },
{ "type": "Feature", "properties": { "grid_id": "93195000699", "lst_2024": 35.731607142857143, "kmeans_cluster": 3, "predicted": 35.55566635793835, "residual": 0.17594078491879372, "abs_error": 0.17594078491879372, "split": "test" }, "geometry": { "type": "Polygon", "coordinates": [ [ [ 106.798351385437456, -6.148909580893989 ], [ 106.798381790121994, -6.157951365713767 ], [ 106.807415840294468, -6.157920835911881 ], [ 106.807385283075988, -6.148879096250412 ], [ 106.798351385437456, -6.148909580893989 ] ] ] } },
{ "type": "Feature", "properties": { "grid_id": "93195000700", "lst_2024": 36.014817927170888, "kmeans_cluster": 3, "predicted": 35.978202792537246, "residual": 0.036615134633642299, "abs_error": 0.036615134633642299, "split": "train" }, "geometry": { "type": "Polygon", "coordinates": [ [ [ 106.807385283075988, -6.148879096250412 ], [ 106.807415840294468, -6.157920835911881 ], [ 106.816449844697772, -6.157890153324531 ], [ 106.816419134954344, -6.148848459045951 ], [ 106.807385283075988, -6.148879096250412 ] ] ] } },
{ "type": "Feature", "properties": { "grid_id": "93195000701", "lst_2024": 35.768476190476221, "kmeans_cluster": 3, "predicted": 35.693151205909665, "residual": 0.075324984566556452, "abs_error": 0.075324984566556452, "split": "train" }, "geometry": { "type": "Polygon", "coordinates": [ [ [ 106.816419134954344, -6.148848459045951 ], [ 106.816449844697772, -6.157890153324531 ], [ 106.825483803116313, -6.157859317960701 ], [ 106.825452940838957, -6.148817669298571 ], [ 106.816419134954344, -6.148848459045951 ] ] ] } },
{ "type": "Feature", "properties": { "grid_id": "93195000702", "lst_2024": 35.384542410714296, "kmeans_cluster": 1, "predicted": 35.388970757256317, "residual": -0.0044283465420207335, "abs_error": 0.0044283465420207335, "split": "train" }, "geometry": { "type": "Polygon", "coordinates": [ [ [ 106.825452940838957, -6.148817669298571 ], [ 106.825483803116313, -6.157859317960701 ], [ 106.834517715307555, -6.157828329829373 ], [ 106.834486700514233, -6.148786727008272 ], [ 106.825452940838957, -6.148817669298571 ] ] ] } },
{ "type": "Feature", "properties": { "grid_id": "93195000703", "lst_2024": 35.246997198879569, "kmeans_cluster": 1, "predicted": 35.210009252639068, "residual": 0.036987946240500946, "abs_error": 0.036987946240500946, "split": "train" }, "geometry": { "type": "Polygon", "coordinates": [ [ [ 106.834486700514233, -6.148786727008272 ], [ 106.834517715307555, -6.157828329829373 ], [ 106.843551581055891, -6.157797188939532 ], [ 106.843520413746603, -6.148755632175055 ], [ 106.834486700514233, -6.148786727008272 ] ] ] } },
{ "type": "Feature", "properties": { "grid_id": "93195000704", "lst_2024": 34.982481792717124, "kmeans_cluster": 1, "predicted": 35.068305688404195, "residual": -0.085823895687070717, "abs_error": 0.085823895687070717, "split": "train" }, "geometry": { "type": "Polygon", "coordinates": [ [ [ 106.843520413746603, -6.148755632175055 ], [ 106.843551581055891, -6.157797188939532 ], [ 106.852585400127765, -6.15776589527321 ], [ 106.852554080302511, -6.148724384807903 ], [ 106.843520413746603, -6.148755632175055 ] ] ] } },
{ "type": "Feature", "properties": { "grid_id": "93195000705", "lst_2024": 34.890569196428594, "kmeans_cluster": 1, "predicted": 34.872473184505239, "residual": 0.018096011923354638, "abs_error": 0.018096011923354638, "split": "train" }, "geometry": { "type": "Polygon", "coordinates": [ [ [ 106.852554080302511, -6.148724384807903 ], [ 106.852585400127765, -6.15776589527321 ], [ 106.861619172298603, -6.157734448857357 ], [ 106.861587699957369, -6.148692984897832 ], [ 106.852554080302511, -6.148724384807903 ] ] ] } },
{ "type": "Feature", "properties": { "grid_id": "93195000706", "lst_2024": 35.285267857142905, "kmeans_cluster": 1, "predicted": 35.157183534118744, "residual": 0.12808432302416151, "abs_error": 0.12808432302416151, "split": "train" }, "geometry": { "type": "Polygon", "coordinates": [ [ [ 106.861587699957369, -6.148692984897832 ], [ 106.861619172298603, -6.157734448857357 ], [ 106.870652897334836, -6.15770284968299 ], [ 106.870621272486616, -6.148661432471793 ], [ 106.861587699957369, -6.148692984897832 ] ] ] } },
{ "type": "Feature", "properties": { "grid_id": "93195000707", "lst_2024": 35.401787114845973, "kmeans_cluster": 1, "predicted": 35.336942046122886, "residual": 0.064845068723087707, "abs_error": 0.064845068723087707, "split": "train" }, "geometry": { "type": "Polygon", "coordinates": [ [ [ 106.870621272486616, -6.148661432471793 ], [ 106.870652897334836, -6.15770284968299 ], [ 106.879686575002907, -6.157671097759093 ], [ 106.879654797656684, -6.148629727511818 ], [ 106.870621272486616, -6.148661432471793 ] ] ] } },
{ "type": "Feature", "properties": { "grid_id": "93195000708", "lst_2024": 35.057271708683501, "kmeans_cluster": 1, "predicted": 35.132461668412141, "residual": -0.075189959728639622, "abs_error": 0.075189959728639622, "split": "train" }, "geometry": { "type": "Polygon", "coordinates": [ [ [ 106.879654797656684, -6.148629727511818 ], [ 106.879686575002907, -6.157671097759093 ], [ 106.888720205087211, -6.157639193085664 ], [ 106.888688275242998, -6.148597870035875 ], [ 106.879654797656684, -6.148629727511818 ] ] ] } },
{ "type": "Feature", "properties": { "grid_id": "93195000709", "lst_2024": 34.564441964285741, "kmeans_cluster": 4, "predicted": 34.674924594141821, "residual": -0.11048262985607948, "abs_error": 0.11048262985607948, "split": "train" }, "geometry": { "type": "Polygon", "coordinates": [ [ [ 106.888688275242998, -6.148597870035875 ], [ 106.888720205087211, -6.157639193085664 ], [ 106.897753787354205, -6.157607135671688 ], [ 106.897721705020956, -6.148565860034979 ], [ 106.888688275242998, -6.148597870035875 ] ] ] } },
{ "type": "Feature", "properties": { "grid_id": "93195000710", "lst_2024": 34.484419642857183, "kmeans_cluster": 4, "predicted": 34.55118450109039, "residual": -0.066764858233206326, "abs_error": 0.066764858233206326, "split": "train" }, "geometry": { "type": "Polygon", "coordinates": [ [ [ 106.897721705020956, -6.148565860034979 ], [ 106.897753787354205, -6.157607135671688 ], [ 106.906787321579287, -6.157574925517164 ], [ 106.906755086748049, -6.148533697527098 ], [ 106.897721705020956, -6.148565860034979 ] ] ] } },
{ "type": "Feature", "properties": { "grid_id": "93195000711", "lst_2024": 34.595433070866171, "kmeans_cluster": 4, "predicted": 34.923641967592744, "residual": -0.32820889672657216, "abs_error": 0.32820889672657216, "split": "test" }, "geometry": { "type": "Polygon", "coordinates": [ [ [ 106.906755086748049, -6.148533697527098 ], [ 106.906787321579287, -6.157574925517164 ], [ 106.915820807519921, -6.157542562631074 ], [ 106.915788420208642, -6.14850138251223 ], [ 106.906755086748049, -6.148533697527098 ] ] ] } },
{ "type": "Feature", "properties": { "grid_id": "93195000712", "lst_2024": 34.933392857142877, "kmeans_cluster": 4, "predicted": 34.936109211851601, "residual": -0.0027163547087241113, "abs_error": 0.0027163547087241113, "split": "train" }, "geometry": { "type": "Polygon", "coordinates": [ [ [ 106.915788420208642, -6.14850138251223 ], [ 106.915820807519921, -6.157542562631074 ], [ 106.924854244960514, -6.157510047004438 ], [ 106.924821705160227, -6.148468914990377 ], [ 106.915788420208642, -6.14850138251223 ] ] ] } },
{ "type": "Feature", "properties": { "grid_id": "93195000713", "lst_2024": 35.632667410714298, "kmeans_cluster": 1, "predicted": 35.60225462741144, "residual": 0.030412783302857349, "abs_error": 0.030412783302857349, "split": "train" }, "geometry": { "type": "Polygon", "coordinates": [ [ [ 106.924821705160227, -6.148468914990377 ], [ 106.924854244960514, -6.157510047004438 ], [ 106.933887633676491, -6.15747737865522 ], [ 106.933854941396163, -6.148436294961539 ], [ 106.924821705160227, -6.148468914990377 ] ] ] } },
{ "type": "Feature", "properties": { "grid_id": "93195000714", "lst_2024": 36.295470653377656, "kmeans_cluster": 1, "predicted": 35.980411062194996, "residual": 0.31505959118265991, "abs_error": 0.31505959118265991, "split": "test" }, "geometry": { "type": "Polygon", "coordinates": [ [ [ 106.933854941396163, -6.148436294961539 ], [ 106.933887633676491, -6.15747737865522 ], [ 106.942920973425302, -6.157444557583421 ], [ 106.942888128673914, -6.14840352244368 ], [ 106.933854941396163, -6.148436294961539 ] ] ] } },
{ "type": "Feature", "properties": { "grid_id": "93195000715", "lst_2024": 34.992000995520186, "kmeans_cluster": 1, "predicted": 35.312870320812287, "residual": -0.32086932529210088, "abs_error": 0.32086932529210088, "split": "test" }, "geometry": { "type": "Polygon", "coordinates": [ [ [ 106.942888128673914, -6.14840352244368 ], [ 106.942920973425302, -6.157444557583421 ], [ 106.951954263991354, -6.157411583798023 ], [ 106.951921266759925, -6.148370597427819 ], [ 106.942888128673914, -6.14840352244368 ] ] ] } },
{ "type": "Feature", "properties": { "grid_id": "93195000716", "lst_2024": 33.776230015471917, "kmeans_cluster": 1, "predicted": 33.841132153892445, "residual": -0.064902138420528388, "abs_error": 0.064902138420528388, "split": "train" }, "geometry": { "type": "Polygon", "coordinates": [ [ [ 106.951921266759925, -6.148370597427819 ], [ 106.951954263991354, -6.157411583798023 ], [ 106.960987505132096, -6.157378457290044 ], [ 106.960954355447583, -6.148337519922939 ], [ 106.951921266759925, -6.148370597427819 ] ] ] } },
{ "type": "Feature", "properties": { "grid_id": "93195000717", "lst_2024": 32.637507002801144, "kmeans_cluster": 4, "predicted": 32.606372264046946, "residual": 0.031134738754197144, "abs_error": 0.031134738754197144, "split": "train" }, "geometry": { "type": "Polygon", "coordinates": [ [ [ 106.960954355447583, -6.148337519922939 ], [ 106.960987505132096, -6.157378457290044 ], [ 106.970020696631934, -6.15734517807745 ], [ 106.969987394485344, -6.148304289929039 ], [ 106.960954355447583, -6.148337519922939 ] ] ] } },
{ "type": "Feature", "properties": { "grid_id": "93205000687", "lst_2024": 35.079467787114879, "kmeans_cluster": 4, "predicted": 35.09322983331144, "residual": -0.013762046196561073, "abs_error": 0.013762046196561073, "split": "train" }, "geometry": { "type": "Polygon", "coordinates": [ [ [ 106.689912596587646, -6.140221183964505 ], [ 106.689941127781765, -6.149263496257051 ], [ 106.698975556701924, -6.149234842523754 ], [ 106.698946873153545, -6.140192572676605 ], [ 106.689912596587646, -6.140221183964505 ] ] ] } },
{ "type": "Feature", "properties": { "grid_id": "93205000688", "lst_2024": 35.039120448179297, "kmeans_cluster": 4, "predicted": 35.24056264229808, "residual": -0.20144219411878339, "abs_error": 0.20144219411878339, "split": "test" }, "geometry": { "type": "Polygon", "coordinates": [ [ [ 106.698946873153545, -6.140192572676605 ], [ 106.698975556701924, -6.149234842523754 ], [ 106.708009942610744, -6.149206036193639 ], [ 106.707981106717071, -6.140163809016466 ], [ 106.698946873153545, -6.140192572676605 ] ] ] } },
{ "type": "Feature", "properties": { "grid_id": "93205000689", "lst_2024": 34.9572209821429, "kmeans_cluster": 4, "predicted": 34.914408173950612, "residual": 0.042812808192287832, "abs_error": 0.042812808192287832, "split": "train" }, "geometry": { "type": "Polygon", "coordinates": [ [ [ 106.707981106717071, -6.140163809016466 ], [ 106.708009942610744, -6.149206036193639 ], [ 106.717044285265686, -6.149177077266707 ], [ 106.717015297035701, -6.140134892993072 ], [ 106.707981106717071, -6.140163809016466 ] ] ] } },
{ "type": "Feature", "properties": { "grid_id": "93205000690", "lst_2024": 35.017232142857189, "kmeans_cluster": 3, "predicted": 34.90338847514991, "residual": 0.11384366770727894, "abs_error": 0.11384366770727894, "split": "train" }, "geometry": { "type": "Polygon", "coordinates": [ [ [ 106.717015297035701, -6.140134892993072 ], [ 106.717044285265686, -6.149177077266707 ], [ 106.726078584451145, -6.149147965751941 ], [ 106.72604944387588, -6.140105824606422 ], [ 106.717015297035701, -6.140134892993072 ] ] ] } },
{ "type": "Feature", "properties": { "grid_id": "93205000691", "lst_2024": 35.176173669467822, "kmeans_cluster": 3, "predicted": 35.114309075904004, "residual": 0.06186459356381846, "abs_error": 0.06186459356381846, "split": "train" }, "geometry": { "type": "Polygon", "coordinates": [ [ [ 106.72604944387588, -6.140105824606422 ], [ 106.726078584451145, -6.149147965751941 ], [ 106.735112839933578, -6.149118701658323 ], [ 106.735083547022001, -6.140076603856517 ], [ 106.72604944387588, -6.140105824606422 ] ] ] } },
{ "type": "Feature", "properties": { "grid_id": "93205000692", "lst_2024": 35.568700280112068, "kmeans_cluster": 3, "predicted": 35.514481607053767, "residual": 0.054218673058301192, "abs_error": 0.054218673058301192, "split": "train" }, "geometry": { "type": "Polygon", "coordinates": [ [ [ 106.735083547022001, -6.140076603856517 ], [ 106.735112839933578, -6.149118701658323 ], [ 106.744147051488383, -6.149089284976872 ], [ 106.744117606240508, -6.140047230752341 ], [ 106.735083547022001, -6.140076603856517 ] ] ] } },
{ "type": "Feature", "properties": { "grid_id": "93205000693", "lst_2024": 35.83466517857147, "kmeans_cluster": 3, "predicted": 35.829108854858951, "residual": 0.0055563237125184628, "abs_error": 0.0055563237125184628, "split": "train" }, "geometry": { "type": "Polygon", "coordinates": [ [ [ 106.744117606240508, -6.140047230752341 ], [ 106.744147051488383, -6.149089284976872 ], [ 106.753181218873024, -6.149059715725553 ], [ 106.753151621306813, -6.140017705302875 ], [ 106.744117606240508, -6.140047230752341 ] ] ] } },
{ "type": "Feature", "properties": { "grid_id": "93205000694", "lst_2024": 35.473973214285749, "kmeans_cluster": 3, "predicted": 35.270658182217502, "residual": 0.20331503206824664, "abs_error": 0.20331503206824664, "split": "test" }, "geometry": { "type": "Polygon", "coordinates": [ [ [ 106.753151621306813, -6.140017705302875 ], [ 106.753181218873024, -6.149059715725553 ], [ 106.762215341880903, -6.149029993895383 ], [ 106.762185591987361, -6.139988027499136 ], [ 106.753151621306813, -6.140017705302875 ] ] ] } },
{ "type": "Feature", "properties": { "grid_id": "93205000697", "lst_2024": 35.035535714285757, "kmeans_cluster": 3, "predicted": 34.736532025898875, "residual": 0.29900368838688252, "abs_error": 0.29900368838688252, "split": "test" }, "geometry": { "type": "Polygon", "coordinates": [ [ [ 106.780253399274898, -6.139928214864776 ], [ 106.780283453805126, -6.148970092525438 ], [ 106.789317442272306, -6.148939912985664 ], [ 106.789287235432738, -6.139898080034154 ], [ 106.780253399274898, -6.139928214864776 ] ] ] } },
{ "type": "Feature", "properties": { "grid_id": "93205000698", "lst_2024": 35.32582072829134, "kmeans_cluster": 3, "predicted": 35.278866024973908, "residual": 0.046954703317432234, "abs_error": 0.046954703317432234, "split": "train" }, "geometry": { "type": "Polygon", "coordinates": [ [ [ 106.789287235432738, -6.139898080034154 ], [ 106.789317442272306, -6.148939912985664 ], [ 106.798351385437456, -6.148909580893989 ], [ 106.798321026288534, -6.139867792876209 ], [ 106.789287235432738, -6.139898080034154 ] ] ] } },
{ "type": "Feature", "properties": { "grid_id": "93205000699", "lst_2024": 35.70787114845939, "kmeans_cluster": 3, "predicted": 35.514666083530521, "residual": 0.19320506492886835, "abs_error": 0.19320506492886835, "split": "train" }, "geometry": { "type": "Polygon", "coordinates": [ [ [ 106.798321026288534, -6.139867792876209 ], [ 106.798351385437456, -6.148909580893989 ], [ 106.807385283075988, -6.148879096250412 ], [ 106.80735477161771, -6.139837353390941 ], [ 106.798321026288534, -6.139867792876209 ] ] ] } },
{ "type": "Feature", "properties": { "grid_id": "93205000700", "lst_2024": 35.74536830357146, "kmeans_cluster": 3, "predicted": 35.55628899441281, "residual": 0.18907930915865023, "abs_error": 0.18907930915865023, "split": "test" }, "geometry": { "type": "Polygon", "coordinates": [ [ [ 106.80735477161771, -6.139837353390941 ], [ 106.807385283075988, -6.148879096250412 ], [ 106.816419134954344, -6.148848459045951 ], [ 106.81638847119568, -6.139806761569368 ], [ 106.80735477161771, -6.139837353390941 ] ] ] } },
{ "type": "Feature", "properties": { "grid_id": "93205000701", "lst_2024": 35.4975, "kmeans_cluster": 1, "predicted": 35.365834393543558, "residual": 0.13166560645649383, "abs_error": 0.13166560645649383, "split": "train" }, "geometry": { "type": "Polygon", "coordinates": [ [ [ 106.81638847119568, -6.139806761569368 ], [ 106.816419134954344, -6.148848459045951 ], [ 106.825452940838957, -6.148817669298571 ], [ 106.825422124779919, -6.139776017429455 ], [ 106.81638847119568, -6.139806761569368 ] ] ] } },
{ "type": "Feature", "properties": { "grid_id": "93205000702", "lst_2024": 35.352498599439798, "kmeans_cluster": 1, "predicted": 35.176046702466188, "residual": 0.17645189697361019, "abs_error": 0.17645189697361019, "split": "train" }, "geometry": { "type": "Polygon", "coordinates": [ [ [ 106.825422124779919, -6.139776017429455 ], [ 106.825452940838957, -6.148817669298571 ], [ 106.834486700514233, -6.148786727008272 ], [ 106.834455732163804, -6.139745120980185 ], [ 106.825422124779919, -6.139776017429455 ] ] ] } },
{ "type": "Feature", "properties": { "grid_id": "93205000703", "lst_2024": 35.365943977591073, "kmeans_cluster": 1, "predicted": 35.23760520829007, "residual": 0.12833876930100274, "abs_error": 0.12833876930100274, "split": "train" }, "geometry": { "type": "Polygon", "coordinates": [ [ [ 106.834455732163804, -6.139745120980185 ], [ 106.834486700514233, -6.148786727008272 ], [ 106.843520413746603, -6.148755632175055 ], [ 106.843489293104781, -6.139714072203593 ], [ 106.834455732163804, -6.139745120980185 ] ] ] } },
{ "type": "Feature", "properties": { "grid_id": "93205000704", "lst_2024": 35.08620535714288, "kmeans_cluster": 1, "predicted": 34.984448205813742, "residual": 0.10175715132913865, "abs_error": 0.10175715132913865, "split": "train" }, "geometry": { "type": "Polygon", "coordinates": [ [ [ 106.843489293104781, -6.139714072203593 ], [ 106.843520413746603, -6.148755632175055 ], [ 106.852554080302511, -6.148724384807903 ], [ 106.852522807378278, -6.139682871126627 ], [ 106.843489293104781, -6.139714072203593 ] ] ] } },
{ "type": "Feature", "properties": { "grid_id": "93205000705", "lst_2024": 34.681137254901998, "kmeans_cluster": 1, "predicted": 34.702896000574533, "residual": -0.02175874567253544, "abs_error": 0.02175874567253544, "split": "train" }, "geometry": { "type": "Polygon", "coordinates": [ [ [ 106.852522807378278, -6.139682871126627 ], [ 106.852554080302511, -6.148724384807903 ], [ 106.861587699957369, -6.148692984897832 ], [ 106.86155627475074, -6.139651517731322 ], [ 106.852522807378278, -6.139682871126627 ] ] ] } },
{ "type": "Feature", "properties": { "grid_id": "93205000706", "lst_2024": 34.859591036414606, "kmeans_cluster": 1, "predicted": 34.790498134051433, "residual": 0.069092902363173891, "abs_error": 0.069092902363173891, "split": "train" }, "geometry": { "type": "Polygon", "coordinates": [ [ [ 106.86155627475074, -6.139651517731322 ], [ 106.861587699957369, -6.148692984897832 ], [ 106.870621272486616, -6.148661432471793 ], [ 106.870589695006572, -6.139620012044627 ], [ 106.86155627475074, -6.139651517731322 ] ] ] } },
{ "type": "Feature", "properties": { "grid_id": "93205000708", "lst_2024": 35.079441964285735, "kmeans_cluster": 1, "predicted": 35.145068633824565, "residual": -0.065626669538829674, "abs_error": 0.065626669538829674, "split": "test" }, "geometry": { "type": "Polygon", "coordinates": [ [ [ 106.879623067903211, -6.139588354048576 ], [ 106.879654797656684, -6.148629727511818 ], [ 106.888688275242998, -6.148597870035875 ], [ 106.888656393216095, -6.139556543761134 ], [ 106.879623067903211, -6.139588354048576 ] ] ] } },
{ "type": "Feature", "properties": { "grid_id": "93205000709", "lst_2024": 34.970022408963608, "kmeans_cluster": 1, "predicted": 35.023768109367431, "residual": -0.053745700403823093, "abs_error": 0.053745700403823093, "split": "train" }, "geometry": { "type": "Polygon", "coordinates": [ [ [ 106.888656393216095, -6.139556543761134 ], [ 106.888688275242998, -6.148597870035875 ], [ 106.897721705020956, -6.148565860034979 ], [ 106.897689670720638, -6.139524581182302 ], [ 106.888656393216095, -6.139556543761134 ] ] ] } },
{ "type": "Feature", "properties": { "grid_id": "93205000710", "lst_2024": 34.976016806722718, "kmeans_cluster": 1, "predicted": 34.882327655796594, "residual": 0.093689150926124398, "abs_error": 0.093689150926124398, "split": "train" }, "geometry": { "type": "Polygon", "coordinates": [ [ [ 106.897689670720638, -6.139524581182302 ], [ 106.897721705020956, -6.148565860034979 ], [ 106.906755086748049, -6.148533697527098 ], [ 106.906722900183283, -6.139492466321063 ], [ 106.897689670720638, -6.139524581182302 ] ] ] } },
{ "type": "Feature", "properties": { "grid_id": "93205000711", "lst_2024": 35.243805803571469, "kmeans_cluster": 1, "predicted": 35.212978396984596, "residual": 0.030827406586872996, "abs_error": 0.030827406586872996, "split": "train" }, "geometry": { "type": "Polygon", "coordinates": [ [ [ 106.906722900183283, -6.139492466321063 ], [ 106.906755086748049, -6.148533697527098 ], [ 106.915788420208642, -6.14850138251223 ], [ 106.915756081388423, -6.139460199168434 ], [ 106.906722900183283, -6.139492466321063 ] ] ] } },
{ "type": "Feature", "properties": { "grid_id": "93205000712", "lst_2024": 35.646156862745144, "kmeans_cluster": 1, "predicted": 35.578638298668487, "residual": 0.067518564076657128, "abs_error": 0.067518564076657128, "split": "train" }, "geometry": { "type": "Polygon", "coordinates": [ [ [ 106.915756081388423, -6.139460199168434 ], [ 106.915788420208642, -6.14850138251223 ], [ 106.924821705160227, -6.148468914990377 ], [ 106.924789214093522, -6.139427779742382 ], [ 106.915756081388423, -6.139460199168434 ] ] ] } },
{ "type": "Feature", "properties": { "grid_id": "93205000713", "lst_2024": 36.196626139817653, "kmeans_cluster": 1, "predicted": 36.133825018274443, "residual": 0.062801121543209604, "abs_error": 0.062801121543209604, "split": "train" }, "geometry": { "type": "Polygon", "coordinates": [ [ [ 106.924789214093522, -6.139427779742382 ], [ 106.924821705160227, -6.148468914990377 ], [ 106.933854941396163, -6.148436294961539 ], [ 106.933822298074006, -6.139395208042905 ], [ 106.924789214093522, -6.139427779742382 ] ] ] } },
{ "type": "Feature", "properties": { "grid_id": "93205000714", "lst_2024": 36.04799798792758, "kmeans_cluster": 1, "predicted": 35.979419631790755, "residual": 0.068578356136825391, "abs_error": 0.068578356136825391, "split": "train" }, "geometry": { "type": "Polygon", "coordinates": [ [ [ 106.933822298074006, -6.139395208042905 ], [ 106.933854941396163, -6.148436294961539 ], [ 106.942888128673914, -6.14840352244368 ], [ 106.942855333105285, -6.139362484070005 ], [ 106.933822298074006, -6.139395208042905 ] ] ] } },
{ "type": "Feature", "properties": { "grid_id": "93205000715", "lst_2024": 33.938672268907595, "kmeans_cluster": 1, "predicted": 34.135162921614082, "residual": -0.19649065270648691, "abs_error": 0.19649065270648691, "split": "train" }, "geometry": { "type": "Polygon", "coordinates": [ [ [ 106.942855333105285, -6.139362484070005 ], [ 106.942888128673914, -6.14840352244368 ], [ 106.951921266759925, -6.148370597427819 ], [ 106.951888318953806, -6.13932960782368 ], [ 106.942855333105285, -6.139362484070005 ] ] ] } },
{ "type": "Feature", "properties": { "grid_id": "93205000716", "lst_2024": 32.536774553571441, "kmeans_cluster": 1, "predicted": 32.640795768580787, "residual": -0.10402121500934669, "abs_error": 0.10402121500934669, "split": "train" }, "geometry": { "type": "Polygon", "coordinates": [ [ [ 106.951888318953806, -6.13932960782368 ], [ 106.951921266759925, -6.148370597427819 ], [ 106.960954355447583, -6.148337519922939 ], [ 106.960921255394979, -6.139296579321899 ], [ 106.951888318953806, -6.13932960782368 ] ] ] } },
{ "type": "Feature", "properties": { "grid_id": "93205000717", "lst_2024": 31.466582633053221, "kmeans_cluster": 1, "predicted": 31.660928945061805, "residual": -0.19434631200858377, "abs_error": 0.19434631200858377, "split": "train" }, "geometry": { "type": "Polygon", "coordinates": [ [ [ 106.960921255394979, -6.139296579321899 ], [ 106.960954355447583, -6.148337519922939 ], [ 106.969987394485344, -6.148304289929039 ], [ 106.969954142195263, -6.139263398555677 ], [ 106.960921255394979, -6.139296579321899 ] ] ] } },
{ "type": "Feature", "properties": { "grid_id": "93215000687", "lst_2024": 34.830625583566771, "kmeans_cluster": 3, "predicted": 34.844284846711439, "residual": -0.013659263144667477, "abs_error": 0.013659263144667477, "split": "train" }, "geometry": { "type": "Polygon", "coordinates": [ [ [ 106.689884108171313, -6.131178868491923 ], [ 106.689912596587646, -6.140221183964505 ], [ 106.698946873153545, -6.140192572676605 ], [ 106.698918232625473, -6.131150299640437 ], [ 106.689884108171313, -6.131178868491923 ] ] ] } },
{ "type": "Feature", "properties": { "grid_id": "93215000688", "lst_2024": 35.058478422619075, "kmeans_cluster": 4, "predicted": 35.031240668260715, "residual": 0.027237754358360178, "abs_error": 0.027237754358360178, "split": "train" }, "geometry": { "type": "Polygon", "coordinates": [ [ [ 106.698918232625473, -6.131150299640437 ], [ 106.698946873153545, -6.140192572676605 ], [ 106.707981106717071, -6.140163809016466 ], [ 106.707952314068294, -6.131121578659257 ], [ 106.698918232625473, -6.131150299640437 ] ] ] } },
{ "type": "Feature", "properties": { "grid_id": "93215000689", "lst_2024": 35.021218377976233, "kmeans_cluster": 4, "predicted": 35.011618081157586, "residual": 0.0096002968186468252, "abs_error": 0.0096002968186468252, "split": "train" }, "geometry": { "type": "Polygon", "coordinates": [ [ [ 106.707952314068294, -6.131121578659257 ], [ 106.707981106717071, -6.140163809016466 ], [ 106.717015297035701, -6.140134892993072 ], [ 106.716986352266218, -6.131092705530418 ], [ 106.707952314068294, -6.131121578659257 ] ] ] } },
{ "type": "Feature", "properties": { "grid_id": "93215000690", "lst_2024": 35.097356580427466, "kmeans_cluster": 4, "predicted": 35.054676213484257, "residual": 0.042680366943208981, "abs_error": 0.042680366943208981, "split": "train" }, "geometry": { "type": "Polygon", "coordinates": [ [ [ 106.716986352266218, -6.131092705530418 ], [ 106.717015297035701, -6.140134892993072 ], [ 106.72604944387588, -6.140105824606422 ], [ 106.726020347003654, -6.131063680262902 ], [ 106.716986352266218, -6.131092705530418 ] ] ] } },
{ "type": "Feature", "properties": { "grid_id": "93215000691", "lst_2024": 35.106785714285735, "kmeans_cluster": 3, "predicted": 35.074412348946737, "residual": 0.032373365338997928, "abs_error": 0.032373365338997928, "split": "test" }, "geometry": { "type": "Polygon", "coordinates": [ [ [ 106.726020347003654, -6.131063680262902 ], [ 106.72604944387588, -6.140105824606422 ], [ 106.735083547022001, -6.140076603856517 ], [ 106.735054298038051, -6.131034502865693 ], [ 106.726020347003654, -6.131063680262902 ] ] ] } },
{ "type": "Feature", "properties": { "grid_id": "93215000692", "lst_2024": 35.276863839285753, "kmeans_cluster": 3, "predicted": 35.159842304102348, "residual": 0.11702153518340452, "abs_error": 0.11702153518340452, "split": "train" }, "geometry": { "type": "Polygon", "coordinates": [ [ [ 106.735054298038051, -6.131034502865693 ], [ 106.735083547022001, -6.140076603856517 ], [ 106.744117606240508, -6.140047230752341 ], [ 106.744088205162797, -6.13100517333879 ], [ 106.735054298038051, -6.131034502865693 ] ] ] } },
{ "type": "Feature", "properties": { "grid_id": "93215000693", "lst_2024": 35.467770308123292, "kmeans_cluster": 3, "predicted": 35.296952614785432, "residual": 0.17081769333785957, "abs_error": 0.17081769333785957, "split": "train" }, "geometry": { "type": "Polygon", "coordinates": [ [ [ 106.744088205162797, -6.13100517333879 ], [ 106.744117606240508, -6.140047230752341 ], [ 106.753151621306813, -6.140017705302875 ], [ 106.753122068126359, -6.130975691691178 ], [ 106.744088205162797, -6.13100517333879 ] ] ] } },
{ "type": "Feature", "properties": { "grid_id": "93215000695", "lst_2024": 34.277403738839311, "kmeans_cluster": 3, "predicted": 34.144648196424882, "residual": 0.13275554241442933, "abs_error": 0.13275554241442933, "split": "train" }, "geometry": { "type": "Polygon", "coordinates": [ [ [ 106.762155886704164, -6.130946057913871 ], [ 106.762185591987361, -6.139988027499136 ], [ 106.771219518048582, -6.13995819735011 ], [ 106.771189660680605, -6.130916272015855 ], [ 106.762155886704164, -6.130946057913871 ] ] ] } },
{ "type": "Feature", "properties": { "grid_id": "93215000697", "lst_2024": 34.51499159663868, "kmeans_cluster": 3, "predicted": 34.489696036686205, "residual": 0.025295559952475344, "abs_error": 0.025295559952475344, "split": "train" }, "geometry": { "type": "Polygon", "coordinates": [ [ [ 106.780223389813159, -6.130886334006111 ], [ 106.780253399274898, -6.139928214864776 ], [ 106.789287235432738, -6.139898080034154 ], [ 106.789257073886219, -6.130856243884641 ], [ 106.780223389813159, -6.130886334006111 ] ] ] } },
{ "type": "Feature", "properties": { "grid_id": "93215000698", "lst_2024": 34.882504201680703, "kmeans_cluster": 3, "predicted": 34.908060710124936, "residual": -0.025556508444232406, "abs_error": 0.025556508444232406, "split": "train" }, "geometry": { "type": "Polygon", "coordinates": [ [ [ 106.789257073886219, -6.130856243884641 ], [ 106.789287235432738, -6.139898080034154 ], [ 106.798321026288534, -6.139867792876209 ], [ 106.798290712657234, -6.130826001660426 ], [ 106.789257073886219, -6.130856243884641 ] ] ] } },
{ "type": "Feature", "properties": { "grid_id": "93215000699", "lst_2024": 35.224946986607158, "kmeans_cluster": 3, "predicted": 35.170669000966114, "residual": 0.054277985641043358, "abs_error": 0.054277985641043358, "split": "train" }, "geometry": { "type": "Polygon", "coordinates": [ [ [ 106.798290712657234, -6.130826001660426 ], [ 106.798321026288534, -6.139867792876209 ], [ 106.80735477161771, -6.139837353390941 ], [ 106.807324305910612, -6.130795607324485 ], [ 106.798290712657234, -6.130826001660426 ] ] ] } },
{ "type": "Feature", "properties": { "grid_id": "93215000700", "lst_2024": 35.131915966386586, "kmeans_cluster": 4, "predicted": 35.141506539943947, "residual": -0.0095905735573609263, "abs_error": 0.0095905735573609263, "split": "train" }, "geometry": { "type": "Polygon", "coordinates": [ [ [ 106.807324305910612, -6.130795607324485 ], [ 106.80735477161771, -6.139837353390941 ], [ 106.81638847119568, -6.139806761569368 ], [ 106.816357853412796, -6.130765060894783 ], [ 106.807324305910612, -6.130795607324485 ] ] ] } },
{ "type": "Feature", "properties": { "grid_id": "93215000701", "lst_2024": 34.854459383753564, "kmeans_cluster": 1, "predicted": 34.800386913714213, "residual": 0.054072470039351117, "abs_error": 0.054072470039351117, "split": "train" }, "geometry": { "type": "Polygon", "coordinates": [ [ [ 106.816357853412796, -6.130765060894783 ], [ 106.81638847119568, -6.139806761569368 ], [ 106.825422124779919, -6.139776017429455 ], [ 106.825391354939214, -6.130734362362337 ], [ 106.816357853412796, -6.130765060894783 ] ] ] } },
{ "type": "Feature", "properties": { "grid_id": "93215000702", "lst_2024": 34.490357142857178, "kmeans_cluster": 1, "predicted": 34.155751276284668, "residual": 0.33460586657250957, "abs_error": 0.33460586657250957, "split": "test" }, "geometry": { "type": "Polygon", "coordinates": [ [ [ 106.825391354939214, -6.130734362362337 ], [ 106.825422124779919, -6.139776017429455 ], [ 106.834455732163804, -6.139745120980185 ], [ 106.83442481025628, -6.130703511745113 ], [ 106.825391354939214, -6.130734362362337 ] ] ] } },
{ "type": "Feature", "properties": { "grid_id": "93215000703", "lst_2024": 34.509776785714308, "kmeans_cluster": 1, "predicted": 34.328001580700345, "residual": 0.18177520501396316, "abs_error": 0.18177520501396316, "split": "train" }, "geometry": { "type": "Polygon", "coordinates": [ [ [ 106.83442481025628, -6.130703511745113 ], [ 106.834455732163804, -6.139745120980185 ], [ 106.843489293104781, -6.139714072203593 ], [ 106.84345821913044, -6.130672509034128 ], [ 106.83442481025628, -6.130703511745113 ] ] ] } },
{ "type": "Feature", "properties": { "grid_id": "93215000704", "lst_2024": 34.381574229691907, "kmeans_cluster": 1, "predicted": 34.357782719451677, "residual": 0.023791510240229741, "abs_error": 0.023791510240229741, "split": "train" }, "geometry": { "type": "Polygon", "coordinates": [ [ [ 106.84345821913044, -6.130672509034128 ], [ 106.843489293104781, -6.139714072203593 ], [ 106.852522807378278, -6.139682871126627 ], [ 106.852491581346115, -6.130641354238366 ], [ 106.84345821913044, -6.130672509034128 ] ] ] } },
{ "type": "Feature", "properties": { "grid_id": "93215000705", "lst_2024": 34.291535014005653, "kmeans_cluster": 1, "predicted": 34.332532547039271, "residual": -0.040997533033618083, "abs_error": 0.040997533033618083, "split": "test" }, "geometry": { "type": "Polygon", "coordinates": [ [ [ 106.852491581346115, -6.130641354238366 ], [ 106.852522807378278, -6.139682871126627 ], [ 106.86155627475074, -6.139651517731322 ], [ 106.861524896669735, -6.130610047357827 ], [ 106.852491581346115, -6.130641354238366 ] ] ] } },
{ "type": "Feature", "properties": { "grid_id": "93215000706", "lst_2024": 34.516316964285757, "kmeans_cluster": 1, "predicted": 34.417999643091733, "residual": 0.098317321194024032, "abs_error": 0.098317321194024032, "split": "train" }, "geometry": { "type": "Polygon", "coordinates": [ [ [ 106.861524896669735, -6.130610047357827 ], [ 106.86155627475074, -6.139651517731322 ], [ 106.870589695006572, -6.139620012044627 ], [ 106.870558164867731, -6.130578588401493 ], [ 106.861524896669735, -6.130610047357827 ] ] ] } },
{ "type": "Feature", "properties": { "grid_id": "93215000707", "lst_2024": 34.637887955182102, "kmeans_cluster": 1, "predicted": 34.605157997867444, "residual": 0.032729957314657554, "abs_error": 0.032729957314657554, "split": "train" }, "geometry": { "type": "Polygon", "coordinates": [ [ [ 106.870558164867731, -6.130578588401493 ], [ 106.870589695006572, -6.139620012044627 ], [ 106.879623067903211, -6.139588354048576 ], [ 106.879591385715528, -6.130546977378348 ], [ 106.870558164867731, -6.130578588401493 ] ] ] } },
{ "type": "Feature", "properties": { "grid_id": "93215000708", "lst_2024": 35.220532212885189, "kmeans_cluster": 1, "predicted": 35.066724444724535, "residual": 0.15380776816065378, "abs_error": 0.15380776816065378, "split": "train" }, "geometry": { "type": "Polygon", "coordinates": [ [ [ 106.879591385715528, -6.130546977378348 ], [ 106.879623067903211, -6.139588354048576 ], [ 106.888656393216095, -6.139556543761134 ], [ 106.888624558988553, -6.130515214279407 ], [ 106.879591385715528, -6.130546977378348 ] ] ] } },
{ "type": "Feature", "properties": { "grid_id": "93215000709", "lst_2024": 35.565691964285747, "kmeans_cluster": 1, "predicted": 35.467516674373634, "residual": 0.098175289912113328, "abs_error": 0.098175289912113328, "split": "train" }, "geometry": { "type": "Polygon", "coordinates": [ [ [ 106.888624558988553, -6.130515214279407 ], [ 106.888656393216095, -6.139556543761134 ], [ 106.897689670720638, -6.139524581182302 ], [ 106.897657684462217, -6.130483299122639 ], [ 106.888624558988553, -6.130515214279407 ] ] ] } },
{ "type": "Feature", "properties": { "grid_id": "93215000710", "lst_2024": 35.717031250000019, "kmeans_cluster": 1, "predicted": 35.613730323782931, "residual": 0.10330092621708786, "abs_error": 0.10330092621708786, "split": "train" }, "geometry": { "type": "Polygon", "coordinates": [ [ [ 106.897657684462217, -6.130483299122639 ], [ 106.897689670720638, -6.139524581182302 ], [ 106.906722900183283, -6.139492466321063 ], [ 106.906690761893969, -6.130451231899061 ], [ 106.897657684462217, -6.130483299122639 ] ] ] } },
{ "type": "Feature", "properties": { "grid_id": "93215000711", "lst_2024": 36.008875709128461, "kmeans_cluster": 1, "predicted": 35.830416113487679, "residual": 0.17845959564078129, "abs_error": 0.17845959564078129, "split": "train" }, "geometry": { "type": "Polygon", "coordinates": [ [ [ 106.906690761893969, -6.130451231899061 ], [ 106.906722900183283, -6.139492466321063 ], [ 106.915756081388423, -6.139460199168434 ], [ 106.915723791059264, -6.130419012617653 ], [ 106.906690761893969, -6.130451231899061 ] ] ] } },
{ "type": "Feature", "properties": { "grid_id": "93215000712", "lst_2024": 36.179417620706857, "kmeans_cluster": 1, "predicted": 36.090605550495624, "residual": 0.088812070211233163, "abs_error": 0.088812070211233163, "split": "train" }, "geometry": { "type": "Polygon", "coordinates": [ [ [ 106.915723791059264, -6.130419012617653 ], [ 106.915756081388423, -6.139460199168434 ], [ 106.924789214093522, -6.139427779742382 ], [ 106.924756771742466, -6.130386641287401 ], [ 106.915723791059264, -6.130419012617653 ] ] ] } },
{ "type": "Feature", "properties": { "grid_id": "93215000713", "lst_2024": 36.252175824175843, "kmeans_cluster": 1, "predicted": 35.690089131490645, "residual": 0.56208669268519884, "abs_error": 0.56208669268519884, "split": "test" }, "geometry": { "type": "Polygon", "coordinates": [ [ [ 106.924756771742466, -6.130386641287401 ], [ 106.924789214093522, -6.139427779742382 ], [ 106.933822298074006, -6.139395208042905 ], [ 106.933789703701052, -6.13035411789932 ], [ 106.924756771742466, -6.130386641287401 ] ] ] } },
{ "type": "Feature", "properties": { "grid_id": "93215000714", "lst_2024": 35.549151785714308, "kmeans_cluster": 1, "predicted": 35.481196265865222, "residual": 0.067955519849085988, "abs_error": 0.067955519849085988, "split": "train" }, "geometry": { "type": "Polygon", "coordinates": [ [ [ 106.933789703701052, -6.13035411789932 ], [ 106.933822298074006, -6.139395208042905 ], [ 106.942855333105285, -6.139362484070005 ], [ 106.942822586710435, -6.130321442471377 ], [ 106.933789703701052, -6.13035411789932 ] ] ] } },
{ "type": "Feature", "properties": { "grid_id": "93215000715", "lst_2024": 34.06569196428574, "kmeans_cluster": 1, "predicted": 34.146042297942287, "residual": -0.080350333656546979, "abs_error": 0.080350333656546979, "split": "train" }, "geometry": { "type": "Polygon", "coordinates": [ [ [ 106.942822586710435, -6.130321442471377 ], [ 106.942855333105285, -6.139362484070005 ], [ 106.951888318953806, -6.13932960782368 ], [ 106.951855420546039, -6.130288615003574 ], [ 106.942822586710435, -6.130321442471377 ] ] ] } },
{ "type": "Feature", "properties": { "grid_id": "93215000716", "lst_2024": 32.668957983193287, "kmeans_cluster": 1, "predicted": 32.743041672622766, "residual": -0.074083689429478738, "abs_error": 0.074083689429478738, "split": "train" }, "geometry": { "type": "Polygon", "coordinates": [ [ [ 106.951855420546039, -6.130288615003574 ], [ 106.951888318953806, -6.13932960782368 ], [ 106.960921255394979, -6.139296579321899 ], [ 106.960888204983291, -6.130255635495907 ], [ 106.951855420546039, -6.130288615003574 ] ] ] } },
{ "type": "Feature", "properties": { "grid_id": "93215000717", "lst_2024": 31.614832589285733, "kmeans_cluster": 1, "predicted": 32.03870034606657, "residual": -0.42386775678083666, "abs_error": 0.42386775678083666, "split": "test" }, "geometry": { "type": "Polygon", "coordinates": [ [ [ 106.960888204983291, -6.130255635495907 ], [ 106.960921255394979, -6.139296579321899 ], [ 106.969954142195263, -6.139263398555677 ], [ 106.969920939779641, -6.13022250394838 ], [ 106.960888204983291, -6.130255635495907 ] ] ] } },
{ "type": "Feature", "properties": { "grid_id": "93225000687", "lst_2024": 34.246067708333342, "kmeans_cluster": 1, "predicted": 34.084506486573957, "residual": 0.16156122175938492, "abs_error": 0.16156122175938492, "split": "test" }, "geometry": { "type": "Polygon", "coordinates": [ [ [ 106.689855662541731, -6.122136549839304 ], [ 106.689884108171313, -6.131178868491923 ], [ 106.698918232625473, -6.131150299640437 ], [ 106.698889635099761, -6.122108023442198 ], [ 106.689855662541731, -6.122136549839304 ] ] ] } },
{ "type": "Feature", "properties": { "grid_id": "93225000688", "lst_2024": 34.597869281045789, "kmeans_cluster": 1, "predicted": 34.469380187539954, "residual": 0.12848909350583426, "abs_error": 0.12848909350583426, "split": "train" }, "geometry": { "type": "Polygon", "coordinates": [ [ [ 106.698889635099761, -6.122108023442198 ], [ 106.698918232625473, -6.131150299640437 ], [ 106.707952314068294, -6.131121578659257 ], [ 106.707923564655445, -6.122079345122011 ], [ 106.698889635099761, -6.122108023442198 ] ] ] } },
{ "type": "Feature", "properties": { "grid_id": "93225000689", "lst_2024": 34.893732959850666, "kmeans_cluster": 4, "predicted": 34.868833394392325, "residual": 0.024899565458341044, "abs_error": 0.024899565458341044, "split": "train" }, "geometry": { "type": "Polygon", "coordinates": [ [ [ 106.707923564655445, -6.122079345122011 ], [ 106.707952314068294, -6.131121578659257 ], [ 106.716986352266218, -6.131092705530418 ], [ 106.71695745096622, -6.122050514887727 ], [ 106.707923564655445, -6.122079345122011 ] ] ] } },
{ "type": "Feature", "properties": { "grid_id": "93225000690", "lst_2024": 35.304313616071447, "kmeans_cluster": 4, "predicted": 35.340325730930886, "residual": -0.036012114859438782, "abs_error": 0.036012114859438782, "split": "train" }, "geometry": { "type": "Polygon", "coordinates": [ [ [ 106.71695745096622, -6.122050514887727 ], [ 106.716986352266218, -6.131092705530418 ], [ 106.726020347003654, -6.131063680262902 ], [ 106.725991293825487, -6.122021532748328 ], [ 106.71695745096622, -6.122050514887727 ] ] ] } },
{ "type": "Feature", "properties": { "grid_id": "93225000691", "lst_2024": 35.333080357142883, "kmeans_cluster": 4, "predicted": 35.349027027929317, "residual": -0.01594667078643397, "abs_error": 0.01594667078643397, "split": "train" }, "geometry": { "type": "Polygon", "coordinates": [ [ [ 106.725991293825487, -6.122021532748328 ], [ 106.726020347003654, -6.131063680262902 ], [ 106.735054298038051, -6.131034502865693 ], [ 106.735025092981715, -6.121992398694831 ], [ 106.725991293825487, -6.122021532748328 ] ] ] } },
{ "type": "Feature", "properties": { "grid_id": "93225000692", "lst_2024": 34.552952380952419, "kmeans_cluster": 3, "predicted": 34.488532380249957, "residual": 0.064420000702462232, "abs_error": 0.064420000702462232, "split": "train" }, "geometry": { "type": "Polygon", "coordinates": [ [ [ 106.735025092981715, -6.121992398694831 ], [ 106.735054298038051, -6.131034502865693 ], [ 106.744088205162797, -6.13100517333879 ], [ 106.744058848228292, -6.121963112745203 ], [ 106.735025092981715, -6.121992398694831 ] ] ] } },
{ "type": "Feature", "properties": { "grid_id": "93225000693", "lst_2024": 33.895585434173704, "kmeans_cluster": 3, "predicted": 33.88352935099104, "residual": 0.012056083182663713, "abs_error": 0.012056083182663713, "split": "train" }, "geometry": { "type": "Polygon", "coordinates": [ [ [ 106.744058848228292, -6.121963112745203 ], [ 106.744088205162797, -6.13100517333879 ], [ 106.753122068126359, -6.130975691691178 ], [ 106.753092559313686, -6.12193367489046 ], [ 106.744058848228292, -6.121963112745203 ] ] ] } },
{ "type": "Feature", "properties": { "grid_id": "93225000694", "lst_2024": 33.302207031250028, "kmeans_cluster": 3, "predicted": 33.303965381406172, "residual": -0.0017583501561446724, "abs_error": 0.0017583501561446724, "split": "train" }, "geometry": { "type": "Polygon", "coordinates": [ [ [ 106.753092559313686, -6.12193367489046 ], [ 106.753122068126359, -6.130975691691178 ], [ 106.762155886704164, -6.130946057913871 ], [ 106.762126226031285, -6.121904085139587 ], [ 106.753092559313686, -6.12193367489046 ] ] ] } },
{ "type": "Feature", "properties": { "grid_id": "93225000695", "lst_2024": 32.917408963585473, "kmeans_cluster": 3, "predicted": 32.976593342998065, "residual": -0.059184379412592136, "abs_error": 0.059184379412592136, "split": "train" }, "geometry": { "type": "Polygon", "coordinates": [ [ [ 106.762126226031285, -6.121904085139587 ], [ 106.762155886704164, -6.130946057913871 ], [ 106.771189660680605, -6.130916272015855 ], [ 106.771159848147548, -6.121874343492581 ], [ 106.762126226031285, -6.121904085139587 ] ] ] } },
{ "type": "Feature", "properties": { "grid_id": "93225000696", "lst_2024": 33.242705882352972, "kmeans_cluster": 3, "predicted": 33.222682808282741, "residual": 0.020023074070230962, "abs_error": 0.020023074070230962, "split": "train" }, "geometry": { "type": "Polygon", "coordinates": [ [ [ 106.771159848147548, -6.121874343492581 ], [ 106.771189660680605, -6.130916272015855 ], [ 106.780223389813159, -6.130886334006111 ], [ 106.780193425419895, -6.12184444996741 ], [ 106.771159848147548, -6.121874343492581 ] ] ] } },
{ "type": "Feature", "properties": { "grid_id": "93225000697", "lst_2024": 33.757193080357155, "kmeans_cluster": 3, "predicted": 33.832998111232136, "residual": -0.075805030874981583, "abs_error": 0.075805030874981583, "split": "train" }, "geometry": { "type": "Polygon", "coordinates": [ [ [ 106.780193425419895, -6.12184444996741 ], [ 106.780223389813159, -6.130886334006111 ], [ 106.789257073886219, -6.130856243884641 ], [ 106.789226957632749, -6.121814404546108 ], [ 106.780193425419895, -6.12184444996741 ] ] ] } },
{ "type": "Feature", "properties": { "grid_id": "93225000698", "lst_2024": 34.041787109375043, "kmeans_cluster": 3, "predicted": 34.042268319919565, "residual": -0.00048121054452110457, "abs_error": 0.00048121054452110457, "split": "train" }, "geometry": { "type": "Polygon", "coordinates": [ [ [ 106.789226957632749, -6.121814404546108 ], [ 106.789257073886219, -6.130856243884641 ], [ 106.798290712657234, -6.130826001660426 ], [ 106.798260444561535, -6.121784207246642 ], [ 106.789226957632749, -6.121814404546108 ] ] ] } },
{ "type": "Feature", "properties": { "grid_id": "93225000699", "lst_2024": 33.941442577030834, "kmeans_cluster": 3, "predicted": 33.962668796310652, "residual": -0.021226219279817826, "abs_error": 0.021226219279817826, "split": "test" }, "geometry": { "type": "Polygon", "coordinates": [ [ [ 106.798260444561535, -6.121784207246642 ], [ 106.798290712657234, -6.130826001660426 ], [ 106.807324305910612, -6.130795607324485 ], [ 106.807293885963702, -6.12175385806901 ], [ 106.798260444561535, -6.121784207246642 ] ] ] } },
{ "type": "Feature", "properties": { "grid_id": "93225000700", "lst_2024": 33.849739495798332, "kmeans_cluster": 3, "predicted": 33.834412889079744, "residual": 0.015326606718588209, "abs_error": 0.015326606718588209, "split": "train" }, "geometry": { "type": "Polygon", "coordinates": [ [ [ 106.807293885963702, -6.12175385806901 ], [ 106.807324305910612, -6.130795607324485 ], [ 106.816357853412796, -6.130765060894783 ], [ 106.816327281623657, -6.121723357022195 ], [ 106.807293885963702, -6.12175385806901 ] ] ] } },
{ "type": "Feature", "properties": { "grid_id": "93225000701", "lst_2024": 33.655246930803614, "kmeans_cluster": 3, "predicted": 33.839325934642005, "residual": -0.18407900383839149, "abs_error": 0.18407900383839149, "split": "test" }, "geometry": { "type": "Polygon", "coordinates": [ [ [ 106.816327281623657, -6.121723357022195 ], [ 106.816357853412796, -6.130765060894783 ], [ 106.825391354939214, -6.130734362362337 ], [ 106.82536063129885, -6.121692704097216 ], [ 106.816327281623657, -6.121723357022195 ] ] ] } },
{ "type": "Feature", "properties": { "grid_id": "93225000702", "lst_2024": 33.1731148459384, "kmeans_cluster": 3, "predicted": 33.305385933722349, "residual": -0.13227108778394836, "abs_error": 0.13227108778394836, "split": "test" }, "geometry": { "type": "Polygon", "coordinates": [ [ [ 106.82536063129885, -6.121692704097216 ], [ 106.825391354939214, -6.130734362362337 ], [ 106.83442481025628, -6.130703511745113 ], [ 106.834393934782668, -6.121661899312039 ], [ 106.82536063129885, -6.121692704097216 ] ] ] } },
{ "type": "Feature", "properties": { "grid_id": "93225000703", "lst_2024": 33.352336028751139, "kmeans_cluster": 1, "predicted": 33.229188741645928, "residual": 0.12314728710521194, "abs_error": 0.12314728710521194, "split": "train" }, "geometry": { "type": "Polygon", "coordinates": [ [ [ 106.834393934782668, -6.121661899312039 ], [ 106.83442481025628, -6.130703511745113 ], [ 106.84345821913044, -6.130672509034128 ], [ 106.843427191823594, -6.121630942657679 ], [ 106.834393934782668, -6.121661899312039 ] ] ] } },
{ "type": "Feature", "properties": { "grid_id": "93225000704", "lst_2024": 33.627767857142899, "kmeans_cluster": 1, "predicted": 33.499499116166412, "residual": 0.12826874097648755, "abs_error": 0.12826874097648755, "split": "train" }, "geometry": { "type": "Polygon", "coordinates": [ [ [ 106.843427191823594, -6.121630942657679 ], [ 106.84345821913044, -6.130672509034128 ], [ 106.852491581346115, -6.130641354238366 ], [ 106.85246040220602, -6.12159983414312 ], [ 106.843427191823594, -6.121630942657679 ] ] ] } },
{ "type": "Feature", "properties": { "grid_id": "93225000705", "lst_2024": 33.007850821744682, "kmeans_cluster": 1, "predicted": 32.944702940412114, "residual": 0.063147881332568545, "abs_error": 0.063147881332568545, "split": "train" }, "geometry": { "type": "Polygon", "coordinates": [ [ [ 106.85246040220602, -6.12159983414312 ], [ 106.852491581346115, -6.130641354238366 ], [ 106.861524896669735, -6.130610047357827 ], [ 106.861493565705359, -6.121568573786329 ], [ 106.85246040220602, -6.12159983414312 ] ] ] } },
{ "type": "Feature", "properties": { "grid_id": "93225000706", "lst_2024": 33.837585434173718, "kmeans_cluster": 1, "predicted": 33.461837040865554, "residual": 0.37574839330816445, "abs_error": 0.37574839330816445, "split": "test" }, "geometry": { "type": "Polygon", "coordinates": [ [ [ 106.861493565705359, -6.121568573786329 ], [ 106.861524896669735, -6.130610047357827 ], [ 106.870558164867731, -6.130578588401493 ], [ 106.870526682088084, -6.121537161569339 ], [ 106.861493565705359, -6.121568573786329 ] ] ] } },
{ "type": "Feature", "properties": { "grid_id": "93225000707", "lst_2024": 34.647456582633097, "kmeans_cluster": 1, "predicted": 34.57444049639944, "residual": 0.073016086233657518, "abs_error": 0.073016086233657518, "split": "train" }, "geometry": { "type": "Polygon", "coordinates": [ [ [ 106.870526682088084, -6.121537161569339 ], [ 106.870558164867731, -6.130578588401493 ], [ 106.879591385715528, -6.130546977378348 ], [ 106.879559751120595, -6.121505597501134 ], [ 106.870526682088084, -6.121537161569339 ] ] ] } },
{ "type": "Feature", "properties": { "grid_id": "93225000708", "lst_2024": 35.440133928571477, "kmeans_cluster": 1, "predicted": 35.336669334776431, "residual": 0.1034645937950458, "abs_error": 0.1034645937950458, "split": "train" }, "geometry": { "type": "Polygon", "coordinates": [ [ [ 106.879559751120595, -6.121505597501134 ], [ 106.879591385715528, -6.130546977378348 ], [ 106.888624558988553, -6.130515214279407 ], [ 106.888592772578335, -6.121473881590695 ], [ 106.879559751120595, -6.121505597501134 ] ] ] } },
{ "type": "Feature", "properties": { "grid_id": "93225000709", "lst_2024": 35.761080653663718, "kmeans_cluster": 1, "predicted": 35.659494857451406, "residual": 0.10158579621231212, "abs_error": 0.10158579621231212, "split": "train" }, "geometry": { "type": "Polygon", "coordinates": [ [ [ 106.888592772578335, -6.121473881590695 ], [ 106.888624558988553, -6.130515214279407 ], [ 106.897657684462217, -6.130483299122639 ], [ 106.897625746236713, -6.121442013847008 ], [ 106.888592772578335, -6.121473881590695 ] ] ] } },
{ "type": "Feature", "properties": { "grid_id": "93225000710", "lst_2024": 35.90436535589847, "kmeans_cluster": 1, "predicted": 35.766832290187445, "residual": 0.13753306571102542, "abs_error": 0.13753306571102542, "split": "train" }, "geometry": { "type": "Polygon", "coordinates": [ [ [ 106.897625746236713, -6.121442013847008 ], [ 106.897657684462217, -6.130483299122639 ], [ 106.906690761893969, -6.130451231899061 ], [ 106.906658671862175, -6.121409994261088 ], [ 106.897625746236713, -6.121442013847008 ] ] ] } },
{ "type": "Feature", "properties": { "grid_id": "93225000711", "lst_2024": 36.077153598281456, "kmeans_cluster": 1, "predicted": 36.018383072824207, "residual": 0.058770525457248368, "abs_error": 0.058770525457248368, "split": "train" }, "geometry": { "type": "Polygon", "coordinates": [ [ [ 106.906658671862175, -6.121409994261088 ], [ 106.906690761893969, -6.130451231899061 ], [ 106.915723791059264, -6.130419012617653 ], [ 106.915691549230132, -6.121377822850903 ], [ 106.906658671862175, -6.121409994261088 ] ] ] } },
{ "type": "Feature", "properties": { "grid_id": "93225000712", "lst_2024": 36.124095982142897, "kmeans_cluster": 1, "predicted": 36.052627275569741, "residual": 0.071468706573156737, "abs_error": 0.071468706573156737, "split": "train" }, "geometry": { "type": "Polygon", "coordinates": [ [ [ 106.915691549230132, -6.121377822850903 ], [ 106.915723791059264, -6.130419012617653 ], [ 106.924756771742466, -6.130386641287401 ], [ 106.924724378107044, -6.121345499607467 ], [ 106.915691549230132, -6.121377822850903 ] ] ] } },
{ "type": "Feature", "properties": { "grid_id": "93225000713", "lst_2024": 36.108102678571463, "kmeans_cluster": 1, "predicted": 35.659852697642656, "residual": 0.44824998092880719, "abs_error": 0.44824998092880719, "split": "test" }, "geometry": { "type": "Polygon", "coordinates": [ [ [ 106.924724378107044, -6.121345499607467 ], [ 106.924756771742466, -6.130386641287401 ], [ 106.933789703701052, -6.13035411789932 ], [ 106.933757158277302, -6.121313024548749 ], [ 106.924724378107044, -6.121345499607467 ] ] ] } },
{ "type": "Feature", "properties": { "grid_id": "93225000714", "lst_2024": 35.403727678571457, "kmeans_cluster": 1, "predicted": 35.298990331958215, "residual": 0.1047373466132413, "abs_error": 0.1047373466132413, "split": "train" }, "geometry": { "type": "Polygon", "coordinates": [ [ [ 106.933757158277302, -6.121313024548749 ], [ 106.933789703701052, -6.13035411789932 ], [ 106.942822586710435, -6.130321442471377 ], [ 106.942789889498343, -6.121280397656782 ], [ 106.933757158277302, -6.121313024548749 ] ] ] } },
{ "type": "Feature", "properties": { "grid_id": "93225000715", "lst_2024": 34.356752232142888, "kmeans_cluster": 1, "predicted": 34.062304039263651, "residual": 0.29444819287923707, "abs_error": 0.29444819287923707, "split": "test" }, "geometry": { "type": "Polygon", "coordinates": [ [ [ 106.942789889498343, -6.121280397656782 ], [ 106.942822586710435, -6.130321442471377 ], [ 106.951855420546039, -6.130288615003574 ], [ 106.95182257154562, -6.121247618958514 ], [ 106.942789889498343, -6.121280397656782 ] ] ] } },
{ "type": "Feature", "properties": { "grid_id": "93225000716", "lst_2024": 33.09004464285718, "kmeans_cluster": 1, "predicted": 33.057591396152993, "residual": 0.032453246704186256, "abs_error": 0.032453246704186256, "split": "test" }, "geometry": { "type": "Polygon", "coordinates": [ [ [ 106.95182257154562, -6.121247618958514 ], [ 106.951855420546039, -6.130288615003574 ], [ 106.960888204983291, -6.130255635495907 ], [ 106.960855204203526, -6.121214688444963 ], [ 106.95182257154562, -6.121247618958514 ] ] ] } },
{ "type": "Feature", "properties": { "grid_id": "93225000717", "lst_2024": 32.206595982142893, "kmeans_cluster": 1, "predicted": 32.572586248750866, "residual": -0.36599026660797307, "abs_error": 0.36599026660797307, "split": "test" }, "geometry": { "type": "Polygon", "coordinates": [ [ [ 106.960855204203526, -6.121214688444963 ], [ 106.960888204983291, -6.130255635495907 ], [ 106.969920939779641, -6.13022250394838 ], [ 106.969887787220514, -6.121181606125114 ], [ 106.960855204203526, -6.121214688444963 ] ] ] } },
{ "type": "Feature", "properties": { "grid_id": "93235000687", "lst_2024": 33.852362204724436, "kmeans_cluster": 4, "predicted": 33.786390475772535, "residual": 0.065971728951900843, "abs_error": 0.065971728951900843, "split": "train" }, "geometry": { "type": "Polygon", "coordinates": [ [ [ 106.689827259689935, -6.113094228015633 ], [ 106.689855662541731, -6.122136549839304 ], [ 106.698889635099761, -6.122108023442198 ], [ 106.698861080585388, -6.113065744063924 ], [ 106.689827259689935, -6.113094228015633 ] ] ] } },
{ "type": "Feature", "properties": { "grid_id": "93235000688", "lst_2024": 34.114019252232183, "kmeans_cluster": 4, "predicted": 34.100141870178739, "residual": 0.01387738205344391, "abs_error": 0.01387738205344391, "split": "test" }, "geometry": { "type": "Polygon", "coordinates": [ [ [ 106.698861080585388, -6.113065744063924 ], [ 106.698889635099761, -6.122108023442198 ], [ 106.707923564655445, -6.122079345122011 ], [ 106.707894858469515, -6.113037108413714 ], [ 106.698861080585388, -6.113065744063924 ] ] ] } },
{ "type": "Feature", "properties": { "grid_id": "93235000689", "lst_2024": 35.048105468750045, "kmeans_cluster": 4, "predicted": 34.987518987397635, "residual": 0.060586481352409294, "abs_error": 0.060586481352409294, "split": "train" }, "geometry": { "type": "Polygon", "coordinates": [ [ [ 106.707894858469515, -6.113037108413714 ], [ 106.707923564655445, -6.122079345122011 ], [ 106.71695745096622, -6.122050514887727 ], [ 106.716928593135691, -6.113008321073984 ], [ 106.707894858469515, -6.113037108413714 ] ] ] } },
{ "type": "Feature", "properties": { "grid_id": "93235000690", "lst_2024": 35.481901960784349, "kmeans_cluster": 4, "predicted": 35.391445808563219, "residual": 0.090456152221129571, "abs_error": 0.090456152221129571, "split": "train" }, "geometry": { "type": "Polygon", "coordinates": [ [ [ 106.716928593135691, -6.113008321073984 ], [ 106.71695745096622, -6.122050514887727 ], [ 106.725991293825487, -6.122021532748328 ], [ 106.725962284332383, -6.112979382053719 ], [ 106.716928593135691, -6.113008321073984 ] ] ] } },
{ "type": "Feature", "properties": { "grid_id": "93235000691", "lst_2024": 34.580427170868383, "kmeans_cluster": 4, "predicted": 34.49272108720065, "residual": 0.087706083667733026, "abs_error": 0.087706083667733026, "split": "train" }, "geometry": { "type": "Polygon", "coordinates": [ [ [ 106.725962284332383, -6.112979382053719 ], [ 106.725991293825487, -6.122021532748328 ], [ 106.735025092981715, -6.121992398694831 ], [ 106.734995931844011, -6.112950291352917 ], [ 106.725962284332383, -6.112979382053719 ] ] ] } },
{ "type": "Feature", "properties": { "grid_id": "93235000692", "lst_2024": 33.1640625, "kmeans_cluster": 3, "predicted": 33.134090323353448, "residual": 0.029972176646566595, "abs_error": 0.029972176646566595, "split": "train" }, "geometry": { "type": "Polygon", "coordinates": [ [ [ 106.734995931844011, -6.112950291352917 ], [ 106.735025092981715, -6.121992398694831 ], [ 106.744058848228292, -6.121963112745203 ], [ 106.744029535436994, -6.112921048971581 ], [ 106.734995931844011, -6.112950291352917 ] ] ] } },
{ "type": "Feature", "properties": { "grid_id": "93235000693", "lst_2024": 32.333229631696462, "kmeans_cluster": 3, "predicted": 32.485885852516276, "residual": -0.15265622081981434, "abs_error": 0.15265622081981434, "split": "train" }, "geometry": { "type": "Polygon", "coordinates": [ [ [ 106.744029535436994, -6.112921048971581 ], [ 106.744058848228292, -6.121963112745203 ], [ 106.753092559313686, -6.12193367489046 ], [ 106.753063094895765, -6.112891654909708 ], [ 106.744029535436994, -6.112921048971581 ] ] ] } },
{ "type": "Feature", "properties": { "grid_id": "93235000694", "lst_2024": 32.043166666666707, "kmeans_cluster": 3, "predicted": 32.078865446161856, "residual": -0.035698779495149324, "abs_error": 0.035698779495149324, "split": "train" }, "geometry": { "type": "Polygon", "coordinates": [ [ [ 106.753063094895765, -6.112891654909708 ], [ 106.753092559313686, -6.12193367489046 ], [ 106.762126226031285, -6.121904085139587 ], [ 106.762096609968765, -6.112862109185266 ], [ 106.753063094895765, -6.112891654909708 ] ] ] } },
{ "type": "Feature", "properties": { "grid_id": "93235000695", "lst_2024": 32.029950980392201, "kmeans_cluster": 3, "predicted": 32.08650501420572, "residual": -0.056554033813519311, "abs_error": 0.056554033813519311, "split": "train" }, "geometry": { "type": "Polygon", "coordinates": [ [ [ 106.762096609968765, -6.112862109185266 ], [ 106.762126226031285, -6.121904085139587 ], [ 106.771159848147548, -6.121874343492581 ], [ 106.771130080440415, -6.112832411789271 ], [ 106.762096609968765, -6.112862109185266 ] ] ] } },
{ "type": "Feature", "properties": { "grid_id": "93235000696", "lst_2024": 32.541601562500041, "kmeans_cluster": 3, "predicted": 32.754116649482192, "residual": -0.21251508698215105, "abs_error": 0.21251508698215105, "split": "test" }, "geometry": { "type": "Polygon", "coordinates": [ [ [ 106.771130080440415, -6.112832411789271 ], [ 106.771159848147548, -6.121874343492581 ], [ 106.780193425419895, -6.12184444996741 ], [ 106.780163506086126, -6.112802562739691 ], [ 106.771130080440415, -6.112832411789271 ] ] ] } },
{ "type": "Feature", "properties": { "grid_id": "93235000697", "lst_2024": 33.038764705882386, "kmeans_cluster": 3, "predicted": 33.008438569167396, "residual": 0.030326136714990071, "abs_error": 0.030326136714990071, "split": "train" }, "geometry": { "type": "Polygon", "coordinates": [ [ [ 106.780163506086126, -6.112802562739691 ], [ 106.780193425419895, -6.12184444996741 ], [ 106.789226957632749, -6.121814404546108 ], [ 106.789196886672343, -6.112772562018558 ], [ 106.780163506086126, -6.112802562739691 ] ] ] } },
{ "type": "Feature", "properties": { "grid_id": "93235000698", "lst_2024": 33.162196078431414, "kmeans_cluster": 3, "predicted": 33.105219037932471, "residual": 0.056977040498942699, "abs_error": 0.056977040498942699, "split": "train" }, "geometry": { "type": "Polygon", "coordinates": [ [ [ 106.789196886672343, -6.112772562018558 ], [ 106.789226957632749, -6.121814404546108 ], [ 106.798260444561535, -6.121784207246642 ], [ 106.798230221974492, -6.112742409652821 ], [ 106.789196886672343, -6.112772562018558 ] ] ] } },
{ "type": "Feature", "properties": { "grid_id": "93235000699", "lst_2024": 32.760058593750024, "kmeans_cluster": 3, "predicted": 32.73310172629288, "residual": 0.02695686745714454, "abs_error": 0.02695686745714454, "split": "train" }, "geometry": { "type": "Polygon", "coordinates": [ [ [ 106.798230221974492, -6.112742409652821 ], [ 106.798260444561535, -6.121784207246642 ], [ 106.807293885963702, -6.12175385806901 ], [ 106.807263511759004, -6.112712105624515 ], [ 106.798230221974492, -6.112742409652821 ] ] ] } },
{ "type": "Feature", "properties": { "grid_id": "93235000701", "lst_2024": 32.77107421875003, "kmeans_cluster": 3, "predicted": 32.828584479016058, "residual": -0.057510260266028013, "abs_error": 0.057510260266028013, "split": "train" }, "geometry": { "type": "Polygon", "coordinates": [ [ [ 106.816296755801304, -6.112681649951606 ], [ 106.816327281623657, -6.121723357022195 ], [ 106.82536063129885, -6.121692704097216 ], [ 106.825329953867822, -6.112651042643077 ], [ 106.816296755801304, -6.112681649951606 ] ] ] } },
{ "type": "Feature", "properties": { "grid_id": "93235000705", "lst_2024": 31.932857142857188, "kmeans_cluster": 3, "predicted": 32.026362161040254, "residual": -0.093505018183066113, "abs_error": 0.093505018183066113, "split": "test" }, "geometry": { "type": "Polygon", "coordinates": [ [ [ 106.852429269957966, -6.112558310858854 ], [ 106.85246040220602, -6.12159983414312 ], [ 106.861493565705359, -6.121568573786329 ], [ 106.861462281857627, -6.112527097007845 ], [ 106.852429269957966, -6.112558310858854 ] ] ] } },
{ "type": "Feature", "properties": { "grid_id": "93235000706", "lst_2024": 33.159405815423561, "kmeans_cluster": 1, "predicted": 32.955983321884041, "residual": 0.20342249353952013, "abs_error": 0.20342249353952013, "split": "train" }, "geometry": { "type": "Polygon", "coordinates": [ [ [ 106.861462281857627, -6.112527097007845 ], [ 106.861493565705359, -6.121568573786329 ], [ 106.870526682088084, -6.121537161569339 ], [ 106.870495246649639, -6.1124957315302 ], [ 106.861462281857627, -6.112527097007845 ] ] ] } },
{ "type": "Feature", "properties": { "grid_id": "93235000707", "lst_2024": 34.225853920515611, "kmeans_cluster": 1, "predicted": 34.043136796326436, "residual": 0.18271712418917474, "abs_error": 0.18271712418917474, "split": "train" }, "geometry": { "type": "Polygon", "coordinates": [ [ [ 106.870495246649639, -6.1124957315302 ], [ 106.870526682088084, -6.121537161569339 ], [ 106.879559751120595, -6.121505597501134 ], [ 106.879528164091454, -6.112464214425917 ], [ 106.870495246649639, -6.1124957315302 ] ] ] } },
{ "type": "Feature", "properties": { "grid_id": "93235000708", "lst_2024": 35.127033349925384, "kmeans_cluster": 1, "predicted": 34.816933938582117, "residual": 0.31009941134326624, "abs_error": 0.31009941134326624, "split": "test" }, "geometry": { "type": "Polygon", "coordinates": [ [ [ 106.879528164091454, -6.112464214425917 ], [ 106.879559751120595, -6.121505597501134 ], [ 106.888592772578335, -6.121473881590695 ], [ 106.888561033967463, -6.112432545703981 ], [ 106.879528164091454, -6.112464214425917 ] ] ] } },
{ "type": "Feature", "properties": { "grid_id": "93235000709", "lst_2024": 35.314548319327756, "kmeans_cluster": 1, "predicted": 35.176207056329474, "residual": 0.13834126299828142, "abs_error": 0.13834126299828142, "split": "train" }, "geometry": { "type": "Polygon", "coordinates": [ [ [ 106.888561033967463, -6.112432545703981 ], [ 106.888592772578335, -6.121473881590695 ], [ 106.897625746236713, -6.121442013847008 ], [ 106.897593856044125, -6.112400725373375 ], [ 106.888561033967463, -6.112432545703981 ] ] ] } },
{ "type": "Feature", "properties": { "grid_id": "93235000710", "lst_2024": 35.404241071428615, "kmeans_cluster": 1, "predicted": 35.051203102616874, "residual": 0.35303796881174065, "abs_error": 0.35303796881174065, "split": "test" }, "geometry": { "type": "Polygon", "coordinates": [ [ [ 106.897593856044125, -6.112400725373375 ], [ 106.897625746236713, -6.121442013847008 ], [ 106.906658671862175, -6.121409994261088 ], [ 106.906626630087871, -6.112368753425114 ], [ 106.897593856044125, -6.112400725373375 ] ] ] } },
{ "type": "Feature", "properties": { "grid_id": "93235000711", "lst_2024": 35.630524553571455, "kmeans_cluster": 1, "predicted": 35.529210887050098, "residual": 0.10131366652135654, "abs_error": 0.10131366652135654, "split": "train" }, "geometry": { "type": "Polygon", "coordinates": [ [ [ 106.906626630087871, -6.112368753425114 ], [ 106.906658671862175, -6.121409994261088 ], [ 106.915691549230132, -6.121377822850903 ], [ 106.915659355883093, -6.112336629877166 ], [ 106.906626630087871, -6.112368753425114 ] ] ] } },
{ "type": "Feature", "properties": { "grid_id": "93235000712", "lst_2024": 35.927544642857157, "kmeans_cluster": 1, "predicted": 35.631696619681406, "residual": 0.29584802317575054, "abs_error": 0.29584802317575054, "split": "test" }, "geometry": { "type": "Polygon", "coordinates": [ [ [ 106.915659355883093, -6.112336629877166 ], [ 106.915691549230132, -6.121377822850903 ], [ 106.924724378107044, -6.121345499607467 ], [ 106.924692033196237, -6.112304354729532 ], [ 106.915659355883093, -6.112336629877166 ] ] ] } },
{ "type": "Feature", "properties": { "grid_id": "93235000713", "lst_2024": 36.092565826330556, "kmeans_cluster": 1, "predicted": 35.869864463415283, "residual": 0.22270136291527365, "abs_error": 0.22270136291527365, "split": "train" }, "geometry": { "type": "Polygon", "coordinates": [ [ [ 106.924692033196237, -6.112304354729532 ], [ 106.924724378107044, -6.121345499607467 ], [ 106.933757158277302, -6.121313024548749 ], [ 106.933724661793761, -6.112271927982209 ], [ 106.924692033196237, -6.112304354729532 ] ] ] } },
{ "type": "Feature", "properties": { "grid_id": "93235000714", "lst_2024": 35.651647058823556, "kmeans_cluster": 1, "predicted": 35.470460442186294, "residual": 0.18118661663726243, "abs_error": 0.18118661663726243, "split": "train" }, "geometry": { "type": "Polygon", "coordinates": [ [ [ 106.933724661793761, -6.112271927982209 ], [ 106.933757158277302, -6.121313024548749 ], [ 106.942789889498343, -6.121280397656782 ], [ 106.942757241460043, -6.1122393496352 ], [ 106.933724661793761, -6.112271927982209 ] ] ] } },
{ "type": "Feature", "properties": { "grid_id": "93235000715", "lst_2024": 35.014668166479218, "kmeans_cluster": 1, "predicted": 34.876366189894206, "residual": 0.1383019765850122, "abs_error": 0.1383019765850122, "split": "train" }, "geometry": { "type": "Polygon", "coordinates": [ [ [ 106.942757241460043, -6.1122393496352 ], [ 106.942789889498343, -6.121280397656782 ], [ 106.95182257154562, -6.121247618958514 ], [ 106.951789771952534, -6.112206619706469 ], [ 106.942757241460043, -6.1122393496352 ] ] ] } },
{ "type": "Feature", "properties": { "grid_id": "93235000716", "lst_2024": 33.931310924369804, "kmeans_cluster": 1, "predicted": 33.96273197625392, "residual": -0.03142105188411648, "abs_error": 0.03142105188411648, "split": "train" }, "geometry": { "type": "Polygon", "coordinates": [ [ [ 106.951789771952534, -6.112206619706469 ], [ 106.95182257154562, -6.121247618958514 ], [ 106.960855204203526, -6.121214688444963 ], [ 106.960822253046686, -6.112173738187034 ], [ 106.951789771952534, -6.112206619706469 ] ] ] } },
{ "type": "Feature", "properties": { "grid_id": "93235000717", "lst_2024": 32.482717086834768, "kmeans_cluster": 1, "predicted": 32.527451057581111, "residual": -0.044733970746342777, "abs_error": 0.044733970746342777, "split": "train" }, "geometry": { "type": "Polygon", "coordinates": [ [ [ 106.960822253046686, -6.112173738187034 ], [ 106.960855204203526, -6.121214688444963 ], [ 106.969887787220514, -6.121181606125114 ], [ 106.969854684517898, -6.112140705085879 ], [ 106.960822253046686, -6.112173738187034 ] ] ] } },
{ "type": "Feature", "properties": { "grid_id": "93245000688", "lst_2024": 34.620025111607177, "kmeans_cluster": 4, "predicted": 34.65166999934781, "residual": -0.03164488774063301, "abs_error": 0.03164488774063301, "split": "train" }, "geometry": { "type": "Polygon", "coordinates": [ [ [ 106.698832569064393, -6.104023461514597 ], [ 106.698861080585388, -6.113065744063924 ], [ 106.707894858469515, -6.113037108413714 ], [ 106.707866195528482, -6.103994868534362 ], [ 106.698832569064393, -6.104023461514597 ] ] ] } },
{ "type": "Feature", "properties": { "grid_id": "93245000689", "lst_2024": 35.465490196078456, "kmeans_cluster": 4, "predicted": 35.345063908783807, "residual": 0.12042628729464866, "abs_error": 0.12042628729464866, "split": "train" }, "geometry": { "type": "Polygon", "coordinates": [ [ [ 106.707866195528482, -6.103994868534362 ], [ 106.707894858469515, -6.113037108413714 ], [ 106.716928593135691, -6.113008321073984 ], [ 106.71689977875667, -6.103966124089188 ], [ 106.707866195528482, -6.103994868534362 ] ] ] } },
{ "type": "Feature", "properties": { "grid_id": "93245000690", "lst_2024": 35.07717647058827, "kmeans_cluster": 4, "predicted": 34.632089247635427, "residual": 0.44508722295284286, "abs_error": 0.44508722295284286, "split": "test" }, "geometry": { "type": "Polygon", "coordinates": [ [ [ 106.71689977875667, -6.103966124089188 ], [ 106.716928593135691, -6.113008321073984 ], [ 106.725962284332383, -6.112979382053719 ], [ 106.725933318533336, -6.103937228188055 ], [ 106.71689977875667, -6.103966124089188 ] ] ] } },
{ "type": "Feature", "properties": { "grid_id": "93245000691", "lst_2024": 32.914893973214312, "kmeans_cluster": 4, "predicted": 32.857336668052845, "residual": 0.057557305161466843, "abs_error": 0.057557305161466843, "split": "train" }, "geometry": { "type": "Polygon", "coordinates": [ [ [ 106.725933318533336, -6.103937228188055 ], [ 106.725962284332383, -6.112979382053719 ], [ 106.734995931844011, -6.112950291352917 ], [ 106.73496681462494, -6.103908180830967 ], [ 106.725933318533336, -6.103937228188055 ] ] ] } },
{ "type": "Feature", "properties": { "grid_id": "93245000692", "lst_2024": 31.705134453781522, "kmeans_cluster": 3, "predicted": 31.712201978568658, "residual": -0.0070675247871356817, "abs_error": 0.0070675247871356817, "split": "train" }, "geometry": { "type": "Polygon", "coordinates": [ [ [ 106.73496681462494, -6.103908180830967 ], [ 106.734995931844011, -6.112950291352917 ], [ 106.744029535436994, -6.112921048971581 ], [ 106.744000266797912, -6.103878982017921 ], [ 106.73496681462494, -6.103908180830967 ] ] ] } },
{ "type": "Feature", "properties": { "grid_id": "93245000693", "lst_2024": 31.480521008403386, "kmeans_cluster": 3, "predicted": 31.500434665239201, "residual": -0.019913656835814919, "abs_error": 0.019913656835814919, "split": "train" }, "geometry": { "type": "Polygon", "coordinates": [ [ [ 106.744000266797912, -6.103878982017921 ], [ 106.744029535436994, -6.112921048971581 ], [ 106.753063094895765, -6.112891654909708 ], [ 106.753033674836644, -6.103849631757902 ], [ 106.744000266797912, -6.103878982017921 ] ] ] } },
{ "type": "Feature", "properties": { "grid_id": "93245000694", "lst_2024": 31.347119140625043, "kmeans_cluster": 3, "predicted": 31.495880451865261, "residual": -0.14876131124021796, "abs_error": 0.14876131124021796, "split": "test" }, "geometry": { "type": "Polygon", "coordinates": [ [ [ 106.753033674836644, -6.103849631757902 ], [ 106.753063094895765, -6.112891654909708 ], [ 106.762096609968765, -6.112862109185266 ], [ 106.762067038507581, -6.103820130050909 ], [ 106.753033674836644, -6.103849631757902 ] ] ] } },
{ "type": "Feature", "properties": { "grid_id": "93245000695", "lst_2024": 31.311054687500032, "kmeans_cluster": 3, "predicted": 31.39276220475093, "residual": -0.081707517250897865, "abs_error": 0.081707517250897865, "split": "train" }, "geometry": { "type": "Polygon", "coordinates": [ [ [ 106.762067038507581, -6.103820130050909 ], [ 106.762096609968765, -6.112862109185266 ], [ 106.771130080440415, -6.112832411789271 ], [ 106.771100357568201, -6.103790476905925 ], [ 106.762067038507581, -6.103820130050909 ] ] ] } },
{ "type": "Feature", "properties": { "grid_id": "93245000698", "lst_2024": 32.06313636363641, "kmeans_cluster": 3, "predicted": 31.965083691688839, "residual": 0.098052671947570502, "abs_error": 0.098052671947570502, "split": "test" }, "geometry": { "type": "Polygon", "coordinates": [ [ [ 106.789166861005, -6.103730716310969 ], [ 106.789196886672343, -6.112772562018558 ], [ 106.798230221974492, -6.112742409652821 ], [ 106.798200044905087, -6.10370060886998 ], [ 106.789166861005, -6.103730716310969 ] ] ] } },
{ "type": "Feature", "properties": { "grid_id": "93245000699", "lst_2024": 32.066176470588282, "kmeans_cluster": 3, "predicted": 32.009803504671275, "residual": 0.056372965917006468, "abs_error": 0.056372965917006468, "split": "train" }, "geometry": { "type": "Polygon", "coordinates": [ [ [ 106.798200044905087, -6.10370060886998 ], [ 106.798230221974492, -6.112742409652821 ], [ 106.807263511759004, -6.112712105624515 ], [ 106.807233183296532, -6.103670349999984 ], [ 106.798200044905087, -6.10370060886998 ] ] ] } },
{ "type": "Feature", "properties": { "grid_id": "93245000707", "lst_2024": 32.648273809523843, "kmeans_cluster": 1, "predicted": 32.482795154293377, "residual": 0.16547865523046568, "abs_error": 0.16547865523046568, "split": "train" }, "geometry": { "type": "Polygon", "coordinates": [ [ [ 106.870463858552412, -6.103454298293058 ], [ 106.870495246649639, -6.1124957315302 ], [ 106.879528164091454, -6.112464214425917 ], [ 106.879496624637085, -6.103422828152699 ], [ 106.870463858552412, -6.103454298293058 ] ] ] } },
{ "type": "Feature", "properties": { "grid_id": "93245000708", "lst_2024": 33.261428571428596, "kmeans_cluster": 4, "predicted": 33.147627667249154, "residual": 0.11380090417944189, "abs_error": 0.11380090417944189, "split": "train" }, "geometry": { "type": "Polygon", "coordinates": [ [ [ 106.879496624637085, -6.103422828152699 ], [ 106.879528164091454, -6.112464214425917 ], [ 106.888561033967463, -6.112432545703981 ], [ 106.888529343146971, -6.103391206619264 ], [ 106.879496624637085, -6.103422828152699 ] ] ] } },
{ "type": "Feature", "properties": { "grid_id": "93245000709", "lst_2024": 33.780066964285737, "kmeans_cluster": 4, "predicted": 33.729209014774653, "residual": 0.050857949511083689, "abs_error": 0.050857949511083689, "split": "train" }, "geometry": { "type": "Polygon", "coordinates": [ [ [ 106.888529343146971, -6.103391206619264 ], [ 106.888561033967463, -6.112432545703981 ], [ 106.897593856044125, -6.112400725373375 ], [ 106.897562013875472, -6.103359433692756 ], [ 106.888529343146971, -6.103391206619264 ] ] ] } },
{ "type": "Feature", "properties": { "grid_id": "93245000710", "lst_2024": 34.125462184873982, "kmeans_cluster": 4, "predicted": 33.955868884064188, "residual": 0.16959330080979385, "abs_error": 0.16959330080979385, "split": "test" }, "geometry": { "type": "Polygon", "coordinates": [ [ [ 106.897562013875472, -6.103359433692756 ], [ 106.897593856044125, -6.112400725373375 ], [ 106.906626630087871, -6.112368753425114 ], [ 106.906594636571057, -6.103327509391137 ], [ 106.897562013875472, -6.103359433692756 ] ] ] } },
{ "type": "Feature", "properties": { "grid_id": "93245000711", "lst_2024": 34.37060504201682, "kmeans_cluster": 4, "predicted": 34.335502629052144, "residual": 0.035102412964675977, "abs_error": 0.035102412964675977, "split": "train" }, "geometry": { "type": "Polygon", "coordinates": [ [ [ 106.906594636571057, -6.103327509391137 ], [ 106.906626630087871, -6.112368753425114 ], [ 106.915659355883093, -6.112336629877166 ], [ 106.915627211018119, -6.103295433705428 ], [ 106.906594636571057, -6.103327509391137 ] ] ] } },
{ "type": "Feature", "properties": { "grid_id": "93245000712", "lst_2024": 34.92700840336137, "kmeans_cluster": 4, "predicted": 34.804751504692064, "residual": 0.12225689866930622, "abs_error": 0.12225689866930622, "split": "train" }, "geometry": { "type": "Polygon", "coordinates": [ [ [ 106.915627211018119, -6.103295433705428 ], [ 106.915659355883093, -6.112336629877166 ], [ 106.924692033196237, -6.112304354729532 ], [ 106.924659736992098, -6.103263206644611 ], [ 106.915627211018119, -6.103295433705428 ] ] ] } },
{ "type": "Feature", "properties": { "grid_id": "93245000713", "lst_2024": 35.139218750000019, "kmeans_cluster": 4, "predicted": 34.723471657881888, "residual": 0.41574709211813143, "abs_error": 0.41574709211813143, "split": "test" }, "geometry": { "type": "Polygon", "coordinates": [ [ [ 106.924659736992098, -6.103263206644611 ], [ 106.924692033196237, -6.112304354729532 ], [ 106.933724661793761, -6.112271927982209 ], [ 106.933692214259423, -6.103230828208685 ], [ 106.924659736992098, -6.103263206644611 ] ] ] } },
{ "type": "Feature", "properties": { "grid_id": "93245000714", "lst_2024": 35.142806722689087, "kmeans_cluster": 4, "predicted": 34.729425671803099, "residual": 0.41338105088598809, "abs_error": 0.41338105088598809, "split": "test" }, "geometry": { "type": "Polygon", "coordinates": [ [ [ 106.933692214259423, -6.103230828208685 ], [ 106.933724661793761, -6.112271927982209 ], [ 106.942757241460043, -6.1122393496352 ], [ 106.942724642586526, -6.103198298406633 ], [ 106.933692214259423, -6.103230828208685 ] ] ] } },
{ "type": "Feature", "properties": { "grid_id": "93245000715", "lst_2024": 34.777879464285725, "kmeans_cluster": 1, "predicted": 34.714100165390498, "residual": 0.063779298895227043, "abs_error": 0.063779298895227043, "split": "train" }, "geometry": { "type": "Polygon", "coordinates": [ [ [ 106.942724642586526, -6.103198298406633 ], [ 106.942757241460043, -6.1122393496352 ], [ 106.951789771952534, -6.112206619706469 ], [ 106.951757021748833, -6.103165617238456 ], [ 106.942724642586526, -6.103198298406633 ] ] ] } },
{ "type": "Feature", "properties": { "grid_id": "93245000716", "lst_2024": 33.552868303571472, "kmeans_cluster": 1, "predicted": 33.707939726590674, "residual": -0.1550714230192014, "abs_error": 0.1550714230192014, "split": "train" }, "geometry": { "type": "Polygon", "coordinates": [ [ [ 106.951757021748833, -6.103165617238456 ], [ 106.951789771952534, -6.112206619706469 ], [ 106.960822253046686, -6.112173738187034 ], [ 106.960789351521768, -6.10313278472212 ], [ 106.951757021748833, -6.103165617238456 ] ] ] } },
{ "type": "Feature", "properties": { "grid_id": "93245000717", "lst_2024": 32.266037946428618, "kmeans_cluster": 1, "predicted": 32.468017407026295, "residual": -0.20197946059767702, "abs_error": 0.20197946059767702, "split": "train" }, "geometry": { "type": "Polygon", "coordinates": [ [ [ 106.960789351521768, -6.10313278472212 ], [ 106.960822253046686, -6.112173738187034 ], [ 106.969854684517898, -6.112140705085879 ], [ 106.969821631671763, -6.103099800839658 ], [ 106.960789351521768, -6.10313278472212 ] ] ] } },
{ "type": "Feature", "properties": { "grid_id": "93255000687", "lst_2024": 34.991508403361379, "kmeans_cluster": 4, "predicted": 35.293385908707748, "residual": -0.30187750534636848, "abs_error": 0.30187750534636848, "split": "test" }, "geometry": { "type": "Polygon", "coordinates": [ [ [ 106.689770582301676, -6.095009574891064 ], [ 106.689798899606913, -6.104051903029892 ], [ 106.698832569064393, -6.104023461514597 ], [ 106.698804100554725, -6.094981175812183 ], [ 106.689770582301676, -6.095009574891064 ] ] ] } },
{ "type": "Feature", "properties": { "grid_id": "93255000688", "lst_2024": 35.380421568627483, "kmeans_cluster": 4, "predicted": 35.419381216177428, "residual": -0.038959647549944521, "abs_error": 0.038959647549944521, "split": "train" }, "geometry": { "type": "Polygon", "coordinates": [ [ [ 106.698804100554725, -6.094981175812183 ], [ 106.698832569064393, -6.104023461514597 ], [ 106.707866195528482, -6.103994868534362 ], [ 106.707837575805399, -6.094952625492941 ], [ 106.698804100554725, -6.094981175812183 ] ] ] } },
{ "type": "Feature", "properties": { "grid_id": "93255000689", "lst_2024": 35.533330078125026, "kmeans_cluster": 4, "predicted": 35.450148449629673, "residual": 0.083181628495353266, "abs_error": 0.083181628495353266, "split": "train" }, "geometry": { "type": "Polygon", "coordinates": [ [ [ 106.707837575805399, -6.094952625492941 ], [ 106.707866195528482, -6.103994868534362 ], [ 106.71689977875667, -6.103966124089188 ], [ 106.716871007838137, -6.094923923942321 ], [ 106.707837575805399, -6.094952625492941 ] ] ] } },
{ "type": "Feature", "properties": { "grid_id": "93255000690", "lst_2024": 34.300019531250044, "kmeans_cluster": 4, "predicted": 34.142289282964875, "residual": 0.15773024828516924, "abs_error": 0.15773024828516924, "split": "train" }, "geometry": { "type": "Polygon", "coordinates": [ [ [ 106.716871007838137, -6.094923923942321 ], [ 106.71689977875667, -6.103966124089188 ], [ 106.725933318533336, -6.103937228188055 ], [ 106.725904396419367, -6.09489507115134 ], [ 106.716871007838137, -6.094923923942321 ] ] ] } },
{ "type": "Feature", "properties": { "grid_id": "93255000691", "lst_2024": 32.40518596787831, "kmeans_cluster": 4, "predicted": 32.32880926950282, "residual": 0.076376698375490548, "abs_error": 0.076376698375490548, "split": "train" }, "geometry": { "type": "Polygon", "coordinates": [ [ [ 106.725904396419367, -6.09489507115134 ], [ 106.725933318533336, -6.103937228188055 ], [ 106.73496681462494, -6.103908180830967 ], [ 106.73493774131552, -6.094866067137964 ], [ 106.725904396419367, -6.09489507115134 ] ] ] } },
{ "type": "Feature", "properties": { "grid_id": "93255000709", "lst_2024": 32.54541984732829, "kmeans_cluster": 4, "predicted": 32.409498087403136, "residual": 0.13592175992515365, "abs_error": 0.13592175992515365, "split": "train" }, "geometry": { "type": "Polygon", "coordinates": [ [ [ 106.888497700125839, -6.094349864336545 ], [ 106.888529343146971, -6.103391206619264 ], [ 106.897562013875472, -6.103359433692756 ], [ 106.897530219730754, -6.094318138823117 ], [ 106.888497700125839, -6.094349864336545 ] ] ] } },
{ "type": "Feature", "properties": { "grid_id": "93255000710", "lst_2024": 33.488214285714299, "kmeans_cluster": 4, "predicted": 33.278404904760123, "residual": 0.20980938095417656, "abs_error": 0.20980938095417656, "split": "test" }, "geometry": { "type": "Polygon", "coordinates": [ [ [ 106.897530219730754, -6.094318138823117 ], [ 106.897562013875472, -6.103359433692756 ], [ 106.906594636571057, -6.103327509391137 ], [ 106.906562691302753, -6.094286262150176 ], [ 106.897530219730754, -6.094318138823117 ] ] ] } },
{ "type": "Feature", "properties": { "grid_id": "93255000713", "lst_2024": 34.574077380952417, "kmeans_cluster": 4, "predicted": 34.489044088347732, "residual": 0.085033292604684618, "abs_error": 0.085033292604684618, "split": "train" }, "geometry": { "type": "Polygon", "coordinates": [ [ [ 106.924627489494611, -6.094222055352704 ], [ 106.924659736992098, -6.103263206644611 ], [ 106.933692214259423, -6.103230828208685 ], [ 106.933659815647331, -6.094189725237157 ], [ 106.924627489494611, -6.094222055352704 ] ] ] } },
{ "type": "Feature", "properties": { "grid_id": "93255000714", "lst_2024": 34.738902255639097, "kmeans_cluster": 4, "predicted": 34.663170188031792, "residual": 0.075732067607304998, "abs_error": 0.075732067607304998, "split": "train" }, "geometry": { "type": "Polygon", "coordinates": [ [ [ 106.933659815647331, -6.094189725237157 ], [ 106.933692214259423, -6.103230828208685 ], [ 106.942724642586526, -6.103198298406633 ], [ 106.942692092868825, -6.09415724397108 ], [ 106.933659815647331, -6.094189725237157 ] ] ] } },
{ "type": "Feature", "properties": { "grid_id": "93255000715", "lst_2024": 34.418214285714292, "kmeans_cluster": 1, "predicted": 34.360758542985437, "residual": 0.057455742728855341, "abs_error": 0.057455742728855341, "split": "train" }, "geometry": { "type": "Polygon", "coordinates": [ [ [ 106.942692092868825, -6.09415724397108 ], [ 106.942724642586526, -6.103198298406633 ], [ 106.951757021748833, -6.103165617238456 ], [ 106.951724320934503, -6.09412461157244 ], [ 106.942692092868825, -6.09415724397108 ] ] ] } },
{ "type": "Feature", "properties": { "grid_id": "93255000716", "lst_2024": 32.15776232616944, "kmeans_cluster": 1, "predicted": 32.430721606024754, "residual": -0.27295927985531421, "abs_error": 0.27295927985531421, "split": "test" }, "geometry": { "type": "Polygon", "coordinates": [ [ [ 106.951724320934503, -6.09412461157244 ], [ 106.951757021748833, -6.103165617238456 ], [ 106.960789351521768, -6.10313278472212 ], [ 106.96075649961081, -6.094091828041236 ], [ 106.951724320934503, -6.09412461157244 ] ] ] } },
{ "type": "Feature", "properties": { "grid_id": "93255000717", "lst_2024": 31.363604910714333, "kmeans_cluster": 3, "predicted": 31.753613540183935, "residual": -0.39000862946960169, "abs_error": 0.39000862946960169, "split": "train" }, "geometry": { "type": "Polygon", "coordinates": [ [ [ 106.96075649961081, -6.094091828041236 ], [ 106.960789351521768, -6.10313278472212 ], [ 106.969821631671763, -6.103099800839658 ], [ 106.969788628673157, -6.094058893377468 ], [ 106.96075649961081, -6.094091828041236 ] ] ] } }
]
}
